order_id,order_date,region,city,store_id,store_format,channel,product_category,private_label,loyalty_segment,promo_type,units,gross_sales,discount_amount,cogs_amount,logistics_cost,shrinkage_loss,net_margin,stockout_flag,complaint_flag,return_flag,on_time_delivery,delivery_minutes
LENTA-00001,2026-01-09,northwest,spb,GIPER-02,Giper Lenta,offline_store,fresh_fruit_veg,0,gold,club_price,2,8000,459,6000,250,542,749,1,1,1,,
LENTA-00002,2026-01-12,northwest,spb,GIPER-02,Giper Lenta,offline_store,fresh_fruit_veg,0,gold,club_price,4,8000,459,6000,250,542,749,1,1,1,,
LENTA-00003,2026-01-15,northwest,spb,GIPER-02,Giper Lenta,offline_store,fresh_fruit_veg,0,gold,club_price,6,8000,459,6000,250,542,749,1,1,0,,
LENTA-00004,2026-01-18,northwest,spb,GIPER-02,Giper Lenta,offline_store,fresh_fruit_veg,0,gold,club_price,2,8000,459,6000,250,542,749,1,1,0,,
LENTA-00005,2026-01-21,northwest,spb,GIPER-02,Giper Lenta,offline_store,fresh_fruit_veg,0,gold,club_price,4,8000,459,6000,250,542,749,1,1,0,,
LENTA-00006,2026-01-24,northwest,spb,GIPER-02,Giper Lenta,offline_store,fresh_fruit_veg,0,gold,club_price,6,8000,459,6000,250,542,749,1,1,0,,
LENTA-00007,2026-01-27,northwest,spb,GIPER-02,Giper Lenta,offline_store,fresh_fruit_veg,0,gold,club_price,2,8000,459,6000,250,542,749,1,1,0,,
LENTA-00008,2026-01-30,northwest,spb,GIPER-02,Giper Lenta,offline_store,fresh_fruit_veg,0,gold,club_price,4,8000,459,6000,250,542,749,1,1,0,,
LENTA-00009,2026-02-02,northwest,spb,GIPER-02,Giper Lenta,offline_store,fresh_fruit_veg,0,gold,club_price,6,8000,459,6000,250,542,749,1,1,0,,
LENTA-00010,2026-02-05,northwest,spb,GIPER-02,Giper Lenta,offline_store,fresh_fruit_veg,0,gold,club_price,2,8000,459,6000,250,542,749,1,1,0,,
LENTA-00011,2026-02-08,northwest,spb,GIPER-02,Giper Lenta,offline_store,fresh_fruit_veg,0,gold,club_price,4,8000,459,6000,250,542,749,1,0,0,,
LENTA-00012,2026-02-11,northwest,spb,GIPER-02,Giper Lenta,offline_store,fresh_fruit_veg,0,gold,club_price,6,8000,459,6000,250,542,749,1,0,0,,
LENTA-00013,2026-02-14,northwest,spb,GIPER-02,Giper Lenta,offline_store,fresh_fruit_veg,0,gold,club_price,2,8000,459,6000,250,542,749,1,0,0,,
LENTA-00014,2026-02-17,northwest,spb,GIPER-02,Giper Lenta,offline_store,fresh_fruit_veg,0,gold,club_price,4,8000,459,6000,250,542,749,1,0,0,,
LENTA-00015,2026-02-20,northwest,spb,GIPER-02,Giper Lenta,offline_store,fresh_fruit_veg,0,gold,club_price,6,8000,459,6000,250,542,749,1,0,0,,
LENTA-00016,2026-02-23,northwest,spb,GIPER-02,Giper Lenta,offline_store,fresh_fruit_veg,0,gold,club_price,2,8000,459,6000,250,542,749,1,0,0,,
LENTA-00017,2026-02-26,northwest,spb,GIPER-02,Giper Lenta,offline_store,fresh_fruit_veg,0,gold,club_price,4,8000,459,6000,250,542,749,1,0,0,,
LENTA-00018,2026-03-01,northwest,spb,GIPER-02,Giper Lenta,offline_store,fresh_fruit_veg,0,gold,club_price,6,8000,459,6000,250,542,749,1,0,0,,
LENTA-00019,2026-03-04,northwest,spb,GIPER-02,Giper Lenta,offline_store,fresh_fruit_veg,0,gold,club_price,2,8000,459,6000,250,542,749,1,0,0,,
LENTA-00020,2026-03-07,northwest,spb,GIPER-02,Giper Lenta,offline_store,fresh_fruit_veg,0,gold,club_price,4,8000,459,6000,250,542,749,1,0,0,,
LENTA-00021,2026-03-10,northwest,spb,GIPER-02,Giper Lenta,offline_store,fresh_fruit_veg,0,gold,club_price,6,8000,459,6000,250,542,749,1,0,0,,
LENTA-00022,2026-03-13,northwest,spb,GIPER-02,Giper Lenta,offline_store,fresh_fruit_veg,0,gold,club_price,2,8000,459,6000,250,542,749,1,0,0,,
LENTA-00023,2026-03-16,northwest,spb,GIPER-02,Giper Lenta,offline_store,fresh_fruit_veg,0,gold,club_price,4,8000,459,6000,250,542,749,0,0,0,,
LENTA-00024,2026-03-19,northwest,spb,GIPER-02,Giper Lenta,offline_store,fresh_fruit_veg,0,gold,club_price,6,8000,459,6000,250,542,749,0,0,0,,
LENTA-00025,2026-03-22,northwest,spb,GIPER-02,Giper Lenta,offline_store,fresh_fruit_veg,0,gold,club_price,2,8000,459,6000,250,542,749,0,0,0,,
LENTA-00026,2026-03-25,northwest,spb,GIPER-02,Giper Lenta,offline_store,fresh_fruit_veg,0,gold,club_price,4,8000,459,6000,250,542,749,0,0,0,,
LENTA-00027,2026-03-28,northwest,spb,GIPER-02,Giper Lenta,offline_store,fresh_fruit_veg,0,gold,club_price,6,8000,459,6000,250,542,749,0,0,0,,
LENTA-00028,2026-03-31,northwest,spb,GIPER-02,Giper Lenta,offline_store,fresh_fruit_veg,0,gold,club_price,2,8000,459,6000,250,542,749,0,0,0,,
LENTA-00029,2026-04-03,northwest,spb,GIPER-02,Giper Lenta,offline_store,fresh_fruit_veg,0,gold,club_price,4,8000,459,6000,250,542,749,0,0,0,,
LENTA-00030,2026-04-06,northwest,spb,GIPER-02,Giper Lenta,offline_store,fresh_fruit_veg,0,gold,club_price,6,8000,459,6000,250,542,749,0,0,0,,
LENTA-00031,2026-04-09,northwest,spb,GIPER-02,Giper Lenta,offline_store,fresh_fruit_veg,0,gold,club_price,2,8000,459,6000,250,542,749,0,0,0,,
LENTA-00032,2026-04-12,northwest,spb,GIPER-02,Giper Lenta,offline_store,fresh_fruit_veg,0,gold,club_price,4,8000,459,6000,250,542,749,0,0,0,,
LENTA-00033,2026-04-15,northwest,spb,GIPER-02,Giper Lenta,offline_store,fresh_fruit_veg,0,gold,club_price,6,8000,459,6000,250,542,749,0,0,0,,
LENTA-00034,2026-04-18,northwest,spb,GIPER-02,Giper Lenta,offline_store,fresh_fruit_veg,0,gold,club_price,2,8000,459,6000,250,542,749,0,0,0,,
LENTA-00035,2026-04-21,northwest,spb,GIPER-02,Giper Lenta,offline_store,fresh_fruit_veg,0,gold,club_price,4,8000,459,6000,250,542,749,0,0,0,,
LENTA-00036,2026-04-24,northwest,spb,GIPER-02,Giper Lenta,offline_store,fresh_fruit_veg,0,gold,club_price,6,8000,459,6000,250,542,749,0,0,0,,
LENTA-00037,2026-04-27,northwest,spb,GIPER-02,Giper Lenta,offline_store,fresh_fruit_veg,0,gold,club_price,2,8000,459,6000,250,542,749,0,0,0,,
LENTA-00038,2026-04-30,northwest,spb,GIPER-02,Giper Lenta,offline_store,fresh_fruit_veg,0,gold,club_price,4,8000,459,6000,250,542,749,0,0,0,,
LENTA-00039,2026-05-03,northwest,spb,GIPER-02,Giper Lenta,offline_store,fresh_fruit_veg,0,gold,club_price,6,8000,459,6000,250,542,749,0,0,0,,
LENTA-00040,2026-05-06,northwest,spb,GIPER-02,Giper Lenta,offline_store,fresh_fruit_veg,0,gold,club_price,2,8000,459,6000,250,542,749,0,0,0,,
LENTA-00041,2026-05-09,northwest,spb,GIPER-02,Giper Lenta,offline_store,fresh_fruit_veg,0,gold,club_price,4,8000,458,6000,250,542,750,0,0,0,,
LENTA-00042,2026-05-12,northwest,spb,GIPER-02,Giper Lenta,offline_store,fresh_fruit_veg,0,gold,club_price,6,8000,458,6000,250,542,750,0,0,0,,
LENTA-00043,2026-05-15,northwest,spb,GIPER-02,Giper Lenta,offline_store,fresh_fruit_veg,0,gold,club_price,2,8000,458,6000,250,542,750,0,0,0,,
LENTA-00044,2026-05-18,northwest,spb,GIPER-02,Giper Lenta,offline_store,fresh_fruit_veg,0,gold,club_price,4,8000,458,6000,250,542,750,0,0,0,,
LENTA-00045,2026-05-21,northwest,spb,GIPER-02,Giper Lenta,offline_store,fresh_fruit_veg,0,gold,club_price,6,8000,458,6000,250,542,750,0,0,0,,
LENTA-00046,2026-05-24,northwest,spb,GIPER-02,Giper Lenta,offline_store,fresh_fruit_veg,0,gold,club_price,2,8000,458,6000,250,542,750,0,0,0,,
LENTA-00047,2026-05-27,northwest,spb,GIPER-02,Giper Lenta,offline_store,fresh_fruit_veg,0,gold,club_price,4,8000,458,6000,250,542,750,0,0,0,,
LENTA-00048,2026-05-30,northwest,spb,GIPER-02,Giper Lenta,offline_store,fresh_fruit_veg,0,gold,club_price,6,8000,458,6000,250,542,750,0,0,0,,
LENTA-00049,2026-01-02,northwest,spb,GIPER-02,Giper Lenta,offline_store,fresh_fruit_veg,0,gold,club_price,2,8000,458,6000,250,542,750,0,0,0,,
LENTA-00050,2026-01-05,northwest,spb,GIPER-02,Giper Lenta,offline_store,fresh_fruit_veg,0,gold,club_price,4,8000,458,6000,250,542,750,0,0,0,,
LENTA-00051,2026-01-08,northwest,spb,GIPER-02,Giper Lenta,offline_store,fresh_fruit_veg,0,gold,club_price,6,8000,458,6000,250,542,750,0,0,0,,
LENTA-00052,2026-01-11,northwest,spb,GIPER-02,Giper Lenta,offline_store,fresh_fruit_veg,0,gold,club_price,2,8000,458,6000,250,542,750,0,0,0,,
LENTA-00053,2026-01-14,northwest,spb,GIPER-02,Giper Lenta,offline_store,fresh_fruit_veg,0,gold,club_price,4,8000,458,6000,250,542,750,0,0,0,,
LENTA-00054,2026-01-17,northwest,spb,GIPER-02,Giper Lenta,offline_store,fresh_fruit_veg,0,gold,club_price,6,8000,458,6000,250,542,750,0,0,0,,
LENTA-00055,2026-01-20,northwest,spb,GIPER-02,Giper Lenta,offline_store,fresh_fruit_veg,0,gold,club_price,2,8000,458,6000,250,542,750,0,0,0,,
LENTA-00056,2026-01-23,northwest,spb,GIPER-02,Giper Lenta,offline_store,fresh_fruit_veg,0,gold,club_price,4,8000,458,6000,250,542,750,0,0,0,,
LENTA-00057,2026-01-26,northwest,spb,GIPER-02,Giper Lenta,offline_store,fresh_fruit_veg,0,gold,club_price,6,8000,458,6000,250,542,750,0,0,0,,
LENTA-00058,2026-01-29,northwest,spb,GIPER-02,Giper Lenta,offline_store,fresh_fruit_veg,0,gold,club_price,2,8000,458,6000,250,542,750,0,0,0,,
LENTA-00059,2026-02-01,northwest,spb,GIPER-02,Giper Lenta,offline_store,fresh_fruit_veg,0,gold,club_price,4,8000,458,6000,250,542,750,0,0,0,,
LENTA-00060,2026-02-04,northwest,spb,GIPER-02,Giper Lenta,offline_store,fresh_fruit_veg,0,gold,club_price,6,8000,458,6000,250,542,750,0,0,0,,
LENTA-00061,2026-02-07,northwest,spb,GIPER-02,Giper Lenta,offline_store,fresh_fruit_veg,0,gold,club_price,2,8000,458,6000,250,542,750,0,0,0,,
LENTA-00062,2026-02-10,northwest,spb,GIPER-02,Giper Lenta,offline_store,fresh_fruit_veg,0,gold,club_price,4,8000,458,6000,250,542,750,0,0,0,,
LENTA-00063,2026-02-13,northwest,spb,GIPER-02,Giper Lenta,offline_store,fresh_fruit_veg,0,gold,club_price,6,8000,458,6000,250,542,750,0,0,0,,
LENTA-00064,2026-02-16,northwest,spb,GIPER-02,Giper Lenta,offline_store,fresh_fruit_veg,0,gold,club_price,2,8000,458,6000,250,542,750,0,0,0,,
LENTA-00065,2026-02-19,northwest,spb,GIPER-02,Giper Lenta,offline_store,fresh_fruit_veg,0,gold,club_price,4,8000,458,6000,250,542,750,0,0,0,,
LENTA-00066,2026-02-22,northwest,spb,GIPER-02,Giper Lenta,offline_store,fresh_fruit_veg,0,gold,club_price,6,8000,458,6000,250,542,750,0,0,0,,
LENTA-00067,2026-02-25,northwest,spb,GIPER-02,Giper Lenta,offline_store,fresh_fruit_veg,0,gold,club_price,2,8000,458,6000,250,542,750,0,0,0,,
LENTA-00068,2026-02-28,northwest,spb,GIPER-02,Giper Lenta,offline_store,fresh_fruit_veg,0,gold,club_price,4,8000,458,6000,250,542,750,0,0,0,,
LENTA-00069,2026-03-03,northwest,spb,GIPER-02,Giper Lenta,offline_store,fresh_fruit_veg,0,gold,club_price,6,8000,458,6000,250,542,750,0,0,0,,
LENTA-00070,2026-03-06,northwest,spb,GIPER-02,Giper Lenta,offline_store,fresh_fruit_veg,0,gold,club_price,2,8000,458,6000,250,542,750,0,0,0,,
LENTA-00071,2026-03-09,northwest,spb,GIPER-02,Giper Lenta,offline_store,fresh_fruit_veg,0,gold,club_price,4,8000,458,6000,250,542,750,0,0,0,,
LENTA-00072,2026-03-12,northwest,spb,GIPER-02,Giper Lenta,offline_store,fresh_fruit_veg,0,gold,club_price,6,8000,458,6000,250,542,750,0,0,0,,
LENTA-00073,2026-03-15,northwest,spb,GIPER-02,Giper Lenta,offline_store,fresh_fruit_veg,0,gold,club_price,2,8000,458,6000,250,542,750,0,0,0,,
LENTA-00074,2026-03-18,northwest,spb,GIPER-02,Giper Lenta,offline_store,fresh_fruit_veg,0,gold,club_price,4,8000,458,6000,250,542,750,0,0,0,,
LENTA-00075,2026-03-21,northwest,spb,GIPER-02,Giper Lenta,offline_store,fresh_fruit_veg,0,gold,club_price,6,8000,458,6000,250,542,750,0,0,0,,
LENTA-00076,2026-03-24,northwest,spb,GIPER-02,Giper Lenta,offline_store,fresh_fruit_veg,0,gold,club_price,2,8000,458,6000,250,542,750,0,0,0,,
LENTA-00077,2026-03-27,northwest,spb,GIPER-02,Giper Lenta,offline_store,fresh_fruit_veg,0,gold,club_price,4,8000,458,6000,250,542,750,0,0,0,,
LENTA-00078,2026-03-30,northwest,spb,GIPER-02,Giper Lenta,offline_store,fresh_fruit_veg,0,gold,club_price,6,8000,458,6000,250,542,750,0,0,0,,
LENTA-00079,2026-04-02,northwest,spb,GIPER-02,Giper Lenta,offline_store,fresh_fruit_veg,0,gold,club_price,2,8000,458,6000,250,542,750,0,0,0,,
LENTA-00080,2026-04-05,northwest,spb,GIPER-02,Giper Lenta,offline_store,fresh_fruit_veg,0,gold,club_price,4,8000,458,6000,250,542,750,0,0,0,,
LENTA-00081,2026-04-08,northwest,spb,GIPER-02,Giper Lenta,offline_store,fresh_fruit_veg,0,gold,club_price,6,8000,458,6000,250,541,751,0,0,0,,
LENTA-00082,2026-04-11,northwest,spb,GIPER-02,Giper Lenta,offline_store,fresh_fruit_veg,0,gold,club_price,2,8000,458,6000,250,541,751,0,0,0,,
LENTA-00083,2026-04-14,northwest,spb,GIPER-02,Giper Lenta,offline_store,fresh_fruit_veg,0,gold,club_price,4,8000,458,6000,250,541,751,0,0,0,,
LENTA-00084,2026-04-17,northwest,spb,GIPER-02,Giper Lenta,offline_store,fresh_fruit_veg,0,gold,club_price,6,8000,458,6000,250,541,751,0,0,0,,
LENTA-00085,2026-04-20,northwest,spb,GIPER-02,Giper Lenta,offline_store,fresh_fruit_veg,0,gold,club_price,2,8000,458,6000,250,541,751,0,0,0,,
LENTA-00086,2026-04-23,northwest,spb,GIPER-02,Giper Lenta,offline_store,fresh_fruit_veg,0,gold,club_price,4,8000,458,6000,250,541,751,0,0,0,,
LENTA-00087,2026-04-26,northwest,spb,GIPER-02,Giper Lenta,offline_store,fresh_fruit_veg,0,gold,club_price,6,8000,458,6000,250,541,751,0,0,0,,
LENTA-00088,2026-04-29,northwest,spb,GIPER-02,Giper Lenta,offline_store,fresh_fruit_veg,0,gold,club_price,2,8000,458,6000,250,541,751,0,0,0,,
LENTA-00089,2026-05-02,northwest,spb,GIPER-02,Giper Lenta,offline_store,fresh_fruit_veg,0,gold,club_price,4,8000,458,6000,250,541,751,0,0,0,,
LENTA-00090,2026-05-05,northwest,spb,GIPER-02,Giper Lenta,offline_store,fresh_fruit_veg,0,gold,club_price,6,8000,458,6000,250,541,751,0,0,0,,
LENTA-00091,2026-05-08,northwest,spb,GIPER-02,Giper Lenta,offline_store,fresh_fruit_veg,0,gold,club_price,2,8000,458,6000,250,541,751,0,0,0,,
LENTA-00092,2026-05-11,northwest,spb,GIPER-02,Giper Lenta,offline_store,fresh_fruit_veg,0,gold,club_price,4,8000,458,6000,250,541,751,0,0,0,,
LENTA-00093,2026-05-14,northwest,spb,GIPER-02,Giper Lenta,offline_store,fresh_fruit_veg,0,gold,club_price,6,8000,458,6000,250,541,751,0,0,0,,
LENTA-00094,2026-05-17,northwest,spb,GIPER-02,Giper Lenta,offline_store,fresh_fruit_veg,0,gold,club_price,2,8000,458,6000,250,541,751,0,0,0,,
LENTA-00095,2026-05-20,northwest,spb,GIPER-02,Giper Lenta,offline_store,fresh_fruit_veg,0,gold,club_price,4,8000,458,6000,250,541,751,0,0,0,,
LENTA-00096,2026-05-23,northwest,spb,GIPER-02,Giper Lenta,offline_store,fresh_fruit_veg,0,gold,club_price,6,8000,458,6000,250,541,751,0,0,0,,
LENTA-00097,2026-05-26,northwest,spb,GIPER-02,Giper Lenta,offline_store,fresh_fruit_veg,0,gold,club_price,2,8000,458,6000,250,541,751,0,0,0,,
LENTA-00098,2026-05-29,northwest,spb,GIPER-02,Giper Lenta,offline_store,fresh_fruit_veg,0,gold,club_price,4,8000,458,6000,250,541,751,0,0,0,,
LENTA-00099,2026-01-01,northwest,spb,GIPER-02,Giper Lenta,offline_store,fresh_fruit_veg,0,gold,club_price,6,8000,458,6000,250,541,751,0,0,0,,
LENTA-00100,2026-01-04,northwest,spb,GIPER-02,Giper Lenta,offline_store,fresh_fruit_veg,0,gold,club_price,2,8000,458,6000,250,541,751,0,0,0,,
LENTA-00101,2026-01-07,northwest,spb,GIPER-02,Giper Lenta,offline_store,fresh_fruit_veg,0,gold,club_price,4,8000,458,6000,250,541,751,0,0,0,,
LENTA-00102,2026-01-10,northwest,spb,GIPER-02,Giper Lenta,offline_store,fresh_fruit_veg,0,gold,club_price,6,8000,458,6000,250,541,751,0,0,0,,
LENTA-00103,2026-01-13,northwest,spb,GIPER-02,Giper Lenta,offline_store,fresh_fruit_veg,0,gold,club_price,2,8000,458,6000,250,541,751,0,0,0,,
LENTA-00104,2026-01-16,northwest,spb,GIPER-02,Giper Lenta,offline_store,fresh_fruit_veg,0,gold,club_price,4,8000,458,6000,250,541,751,0,0,0,,
LENTA-00105,2026-01-19,northwest,spb,GIPER-02,Giper Lenta,offline_store,fresh_fruit_veg,0,gold,club_price,6,8000,458,6000,250,541,751,0,0,0,,
LENTA-00106,2026-01-22,northwest,spb,GIPER-02,Giper Lenta,offline_store,fresh_fruit_veg,0,gold,club_price,2,8000,458,6000,250,541,751,0,0,0,,
LENTA-00107,2026-01-25,northwest,spb,GIPER-02,Giper Lenta,offline_store,fresh_fruit_veg,0,gold,club_price,4,8000,458,6000,250,541,751,0,0,0,,
LENTA-00108,2026-01-28,northwest,spb,GIPER-02,Giper Lenta,offline_store,fresh_fruit_veg,0,gold,club_price,6,8000,458,6000,250,541,751,0,0,0,,
LENTA-00109,2026-01-31,northwest,spb,GIPER-02,Giper Lenta,offline_store,fresh_fruit_veg,0,gold,club_price,2,8000,458,6000,250,541,751,0,0,0,,
LENTA-00110,2026-02-03,northwest,spb,GIPER-02,Giper Lenta,offline_store,fresh_fruit_veg,0,gold,club_price,4,8000,458,6000,250,541,751,0,0,0,,
LENTA-00111,2026-02-06,northwest,spb,GIPER-02,Giper Lenta,offline_store,fresh_fruit_veg,0,gold,club_price,6,8000,458,6000,250,541,751,0,0,0,,
LENTA-00112,2026-02-09,northwest,spb,GIPER-02,Giper Lenta,offline_store,fresh_fruit_veg,0,gold,club_price,2,8000,458,6000,250,541,751,0,0,0,,
LENTA-00113,2026-02-12,northwest,spb,GIPER-02,Giper Lenta,offline_store,fresh_fruit_veg,0,gold,club_price,4,8000,458,6000,250,541,751,0,0,0,,
LENTA-00114,2026-02-15,northwest,spb,GIPER-02,Giper Lenta,offline_store,fresh_fruit_veg,0,gold,club_price,6,8000,458,6000,250,541,751,0,0,0,,
LENTA-00115,2026-02-18,northwest,spb,GIPER-02,Giper Lenta,offline_store,fresh_fruit_veg,0,gold,club_price,2,8000,458,6000,250,541,751,0,0,0,,
LENTA-00116,2026-02-21,northwest,spb,GIPER-02,Giper Lenta,offline_store,fresh_fruit_veg,0,gold,club_price,4,8000,458,6000,250,541,751,0,0,0,,
LENTA-00117,2026-02-24,northwest,spb,GIPER-02,Giper Lenta,offline_store,fresh_fruit_veg,0,gold,club_price,6,8000,458,6000,250,541,751,0,0,0,,
LENTA-00118,2026-02-27,northwest,spb,GIPER-02,Giper Lenta,offline_store,fresh_fruit_veg,0,gold,club_price,2,8000,458,6000,250,541,751,0,0,0,,
LENTA-00119,2026-03-02,northwest,spb,GIPER-02,Giper Lenta,offline_store,fresh_fruit_veg,0,gold,club_price,4,8000,458,6000,250,541,751,0,0,0,,
LENTA-00120,2026-03-05,northwest,spb,GIPER-02,Giper Lenta,offline_store,fresh_fruit_veg,0,gold,club_price,6,8000,458,6000,250,541,751,0,0,0,,
LENTA-00121,2026-03-13,northwest,spb,GIPER-03,Giper Lenta,offline_store,dairy,1,gold,club_price,2,7091,746,4646,228,146,1325,1,1,1,,
LENTA-00122,2026-03-16,northwest,spb,GIPER-03,Giper Lenta,offline_store,dairy,1,gold,club_price,4,7091,746,4646,228,146,1325,1,1,0,,
LENTA-00123,2026-03-19,northwest,spb,GIPER-03,Giper Lenta,offline_store,dairy,1,gold,club_price,6,7091,746,4646,228,146,1325,1,1,0,,
LENTA-00124,2026-03-22,northwest,spb,GIPER-03,Giper Lenta,offline_store,dairy,1,gold,club_price,2,7091,746,4646,228,146,1325,1,1,0,,
LENTA-00125,2026-03-25,northwest,spb,GIPER-03,Giper Lenta,offline_store,dairy,1,gold,club_price,4,7091,746,4646,228,146,1325,1,0,0,,
LENTA-00126,2026-03-28,northwest,spb,GIPER-03,Giper Lenta,offline_store,dairy,1,gold,club_price,6,7091,746,4646,228,146,1325,1,0,0,,
LENTA-00127,2026-03-31,northwest,spb,GIPER-03,Giper Lenta,offline_store,dairy,1,gold,club_price,2,7091,746,4646,228,146,1325,1,0,0,,
LENTA-00128,2026-04-03,northwest,spb,GIPER-03,Giper Lenta,offline_store,dairy,1,gold,club_price,4,7091,746,4646,228,146,1325,1,0,0,,
LENTA-00129,2026-04-06,northwest,spb,GIPER-03,Giper Lenta,offline_store,dairy,1,gold,club_price,6,7091,746,4646,228,146,1325,1,0,0,,
LENTA-00130,2026-04-09,northwest,spb,GIPER-03,Giper Lenta,offline_store,dairy,1,gold,club_price,2,7091,746,4646,228,146,1325,1,0,0,,
LENTA-00131,2026-04-12,northwest,spb,GIPER-03,Giper Lenta,offline_store,dairy,1,gold,club_price,4,7091,746,4646,228,146,1325,0,0,0,,
LENTA-00132,2026-04-15,northwest,spb,GIPER-03,Giper Lenta,offline_store,dairy,1,gold,club_price,6,7091,746,4646,228,146,1325,0,0,0,,
LENTA-00133,2026-04-18,northwest,spb,GIPER-03,Giper Lenta,offline_store,dairy,1,gold,club_price,2,7091,746,4646,228,146,1325,0,0,0,,
LENTA-00134,2026-04-21,northwest,spb,GIPER-03,Giper Lenta,offline_store,dairy,1,gold,club_price,4,7091,746,4646,228,146,1325,0,0,0,,
LENTA-00135,2026-04-24,northwest,spb,GIPER-03,Giper Lenta,offline_store,dairy,1,gold,club_price,6,7091,746,4646,228,146,1325,0,0,0,,
LENTA-00136,2026-04-27,northwest,spb,GIPER-03,Giper Lenta,offline_store,dairy,1,gold,club_price,2,7091,746,4646,228,146,1325,0,0,0,,
LENTA-00137,2026-04-30,northwest,spb,GIPER-03,Giper Lenta,offline_store,dairy,1,gold,club_price,4,7091,746,4646,228,146,1325,0,0,0,,
LENTA-00138,2026-05-03,northwest,spb,GIPER-03,Giper Lenta,offline_store,dairy,1,gold,club_price,6,7091,746,4646,228,146,1325,0,0,0,,
LENTA-00139,2026-05-06,northwest,spb,GIPER-03,Giper Lenta,offline_store,dairy,1,gold,club_price,2,7091,746,4646,228,146,1325,0,0,0,,
LENTA-00140,2026-05-09,northwest,spb,GIPER-03,Giper Lenta,offline_store,dairy,1,gold,club_price,4,7091,746,4646,228,146,1325,0,0,0,,
LENTA-00141,2026-05-12,northwest,spb,GIPER-03,Giper Lenta,offline_store,dairy,1,gold,club_price,6,7091,746,4646,228,146,1325,0,0,0,,
LENTA-00142,2026-05-15,northwest,spb,GIPER-03,Giper Lenta,offline_store,dairy,1,gold,club_price,2,7091,746,4646,228,146,1325,0,0,0,,
LENTA-00143,2026-05-18,northwest,spb,GIPER-03,Giper Lenta,offline_store,dairy,1,gold,club_price,4,7091,746,4646,228,146,1325,0,0,0,,
LENTA-00144,2026-05-21,northwest,spb,GIPER-03,Giper Lenta,offline_store,dairy,1,gold,club_price,6,7091,746,4646,228,146,1325,0,0,0,,
LENTA-00145,2026-05-24,northwest,spb,GIPER-03,Giper Lenta,offline_store,dairy,1,gold,club_price,2,7091,746,4646,228,146,1325,0,0,0,,
LENTA-00146,2026-05-27,northwest,spb,GIPER-03,Giper Lenta,offline_store,dairy,1,gold,club_price,4,7091,746,4646,228,146,1325,0,0,0,,
LENTA-00147,2026-05-30,northwest,spb,GIPER-03,Giper Lenta,offline_store,dairy,1,gold,club_price,6,7091,746,4646,228,146,1325,0,0,0,,
LENTA-00148,2026-01-02,northwest,spb,GIPER-03,Giper Lenta,offline_store,dairy,1,gold,club_price,2,7091,746,4646,228,146,1325,0,0,0,,
LENTA-00149,2026-01-05,northwest,spb,GIPER-03,Giper Lenta,offline_store,dairy,1,gold,club_price,4,7091,746,4646,228,146,1325,0,0,0,,
LENTA-00150,2026-01-08,northwest,spb,GIPER-03,Giper Lenta,offline_store,dairy,1,gold,club_price,6,7091,746,4646,228,146,1325,0,0,0,,
LENTA-00151,2026-01-11,northwest,spb,GIPER-03,Giper Lenta,offline_store,dairy,1,gold,club_price,2,7091,746,4646,227,146,1326,0,0,0,,
LENTA-00152,2026-01-14,northwest,spb,GIPER-03,Giper Lenta,offline_store,dairy,1,gold,club_price,4,7091,746,4646,227,146,1326,0,0,0,,
LENTA-00153,2026-01-17,northwest,spb,GIPER-03,Giper Lenta,offline_store,dairy,1,gold,club_price,6,7091,746,4646,227,146,1326,0,0,0,,
LENTA-00154,2026-01-20,northwest,spb,GIPER-03,Giper Lenta,offline_store,dairy,1,gold,club_price,2,7091,746,4646,227,146,1326,0,0,0,,
LENTA-00155,2026-01-23,northwest,spb,GIPER-03,Giper Lenta,offline_store,dairy,1,gold,club_price,4,7091,746,4646,227,146,1326,0,0,0,,
LENTA-00156,2026-01-26,northwest,spb,GIPER-03,Giper Lenta,offline_store,dairy,1,gold,club_price,6,7091,746,4646,227,146,1326,0,0,0,,
LENTA-00157,2026-01-29,northwest,spb,GIPER-03,Giper Lenta,offline_store,dairy,1,gold,club_price,2,7091,746,4646,227,146,1326,0,0,0,,
LENTA-00158,2026-02-01,northwest,spb,GIPER-03,Giper Lenta,offline_store,dairy,1,gold,club_price,4,7091,746,4646,227,146,1326,0,0,0,,
LENTA-00159,2026-02-04,northwest,spb,GIPER-03,Giper Lenta,offline_store,dairy,1,gold,club_price,6,7091,746,4646,227,146,1326,0,0,0,,
LENTA-00160,2026-02-07,northwest,spb,GIPER-03,Giper Lenta,offline_store,dairy,1,gold,club_price,2,7091,746,4646,227,146,1326,0,0,0,,
LENTA-00161,2026-02-10,northwest,spb,GIPER-03,Giper Lenta,offline_store,dairy,1,gold,club_price,4,7091,746,4646,227,146,1326,0,0,0,,
LENTA-00162,2026-02-13,northwest,spb,GIPER-03,Giper Lenta,offline_store,dairy,1,gold,club_price,6,7091,746,4646,227,146,1326,0,0,0,,
LENTA-00163,2026-02-16,northwest,spb,GIPER-03,Giper Lenta,offline_store,dairy,1,gold,club_price,2,7091,746,4646,227,146,1326,0,0,0,,
LENTA-00164,2026-02-19,northwest,spb,GIPER-03,Giper Lenta,offline_store,dairy,1,gold,club_price,4,7091,746,4646,227,146,1326,0,0,0,,
LENTA-00165,2026-02-22,northwest,spb,GIPER-03,Giper Lenta,offline_store,dairy,1,gold,club_price,6,7091,746,4646,227,146,1326,0,0,0,,
LENTA-00166,2026-02-25,northwest,spb,GIPER-03,Giper Lenta,offline_store,dairy,1,gold,club_price,2,7091,746,4646,227,146,1326,0,0,0,,
LENTA-00167,2026-02-28,northwest,spb,GIPER-03,Giper Lenta,offline_store,dairy,1,gold,club_price,4,7091,746,4646,227,146,1326,0,0,0,,
LENTA-00168,2026-03-03,northwest,spb,GIPER-03,Giper Lenta,offline_store,dairy,1,gold,club_price,6,7091,746,4646,227,146,1326,0,0,0,,
LENTA-00169,2026-03-06,northwest,spb,GIPER-03,Giper Lenta,offline_store,dairy,1,gold,club_price,2,7091,746,4646,227,146,1326,0,0,0,,
LENTA-00170,2026-03-09,northwest,spb,GIPER-03,Giper Lenta,offline_store,dairy,1,gold,club_price,4,7091,746,4646,227,146,1326,0,0,0,,
LENTA-00171,2026-03-12,northwest,spb,GIPER-03,Giper Lenta,offline_store,dairy,1,gold,club_price,6,7091,745,4645,227,145,1329,0,0,0,,
LENTA-00172,2026-03-15,northwest,spb,GIPER-03,Giper Lenta,offline_store,dairy,1,gold,club_price,2,7091,745,4645,227,145,1329,0,0,0,,
LENTA-00173,2026-03-18,northwest,spb,GIPER-03,Giper Lenta,offline_store,dairy,1,gold,club_price,4,7091,745,4645,227,145,1329,0,0,0,,
LENTA-00174,2026-03-21,northwest,spb,GIPER-03,Giper Lenta,offline_store,dairy,1,gold,club_price,6,7091,745,4645,227,145,1329,0,0,0,,
LENTA-00175,2026-03-24,northwest,spb,GIPER-03,Giper Lenta,offline_store,dairy,1,gold,club_price,2,7091,745,4645,227,145,1329,0,0,0,,
LENTA-00176,2026-03-27,northwest,spb,GIPER-03,Giper Lenta,offline_store,dairy,1,gold,club_price,4,7091,745,4645,227,145,1329,0,0,0,,
LENTA-00177,2026-03-30,northwest,spb,GIPER-03,Giper Lenta,offline_store,dairy,1,gold,club_price,6,7091,745,4645,227,145,1329,0,0,0,,
LENTA-00178,2026-04-02,northwest,spb,GIPER-03,Giper Lenta,offline_store,dairy,1,gold,club_price,2,7091,745,4645,227,145,1329,0,0,0,,
LENTA-00179,2026-04-05,northwest,spb,GIPER-03,Giper Lenta,offline_store,dairy,1,gold,club_price,4,7091,745,4645,227,145,1329,0,0,0,,
LENTA-00180,2026-04-08,northwest,spb,GIPER-03,Giper Lenta,offline_store,dairy,1,gold,club_price,6,7091,745,4645,227,145,1329,0,0,0,,
LENTA-00181,2026-04-11,northwest,spb,GIPER-03,Giper Lenta,offline_store,dairy,1,gold,club_price,2,7091,745,4645,227,145,1329,0,0,0,,
LENTA-00182,2026-04-14,northwest,spb,GIPER-03,Giper Lenta,offline_store,dairy,1,gold,club_price,4,7091,745,4645,227,145,1329,0,0,0,,
LENTA-00183,2026-04-17,northwest,spb,GIPER-03,Giper Lenta,offline_store,dairy,1,gold,club_price,6,7091,745,4645,227,145,1329,0,0,0,,
LENTA-00184,2026-04-20,northwest,spb,GIPER-03,Giper Lenta,offline_store,dairy,1,gold,club_price,2,7091,745,4645,227,145,1329,0,0,0,,
LENTA-00185,2026-04-23,northwest,spb,GIPER-03,Giper Lenta,offline_store,dairy,1,gold,club_price,4,7091,745,4645,227,145,1329,0,0,0,,
LENTA-00186,2026-04-26,northwest,spb,GIPER-03,Giper Lenta,offline_store,dairy,1,gold,club_price,6,7091,745,4645,227,145,1329,0,0,0,,
LENTA-00187,2026-04-29,northwest,spb,GIPER-03,Giper Lenta,offline_store,dairy,1,gold,club_price,2,7091,745,4645,227,145,1329,0,0,0,,
LENTA-00188,2026-05-02,northwest,spb,GIPER-03,Giper Lenta,offline_store,dairy,1,gold,club_price,4,7091,745,4645,227,145,1329,0,0,0,,
LENTA-00189,2026-05-05,northwest,spb,GIPER-03,Giper Lenta,offline_store,dairy,1,gold,club_price,6,7091,745,4645,227,145,1329,0,0,0,,
LENTA-00190,2026-05-08,northwest,spb,GIPER-03,Giper Lenta,offline_store,dairy,1,gold,club_price,2,7091,745,4645,227,145,1329,0,0,0,,
LENTA-00191,2026-05-11,northwest,spb,GIPER-03,Giper Lenta,offline_store,dairy,1,gold,club_price,4,7091,745,4645,227,145,1329,0,0,0,,
LENTA-00192,2026-05-14,northwest,spb,GIPER-03,Giper Lenta,offline_store,dairy,1,gold,club_price,6,7091,745,4645,227,145,1329,0,0,0,,
LENTA-00193,2026-05-17,northwest,spb,GIPER-03,Giper Lenta,offline_store,dairy,1,gold,club_price,2,7091,745,4645,227,145,1329,0,0,0,,
LENTA-00194,2026-05-20,northwest,spb,GIPER-03,Giper Lenta,offline_store,dairy,1,gold,club_price,4,7091,745,4645,227,145,1329,0,0,0,,
LENTA-00195,2026-05-23,northwest,spb,GIPER-03,Giper Lenta,offline_store,dairy,1,gold,club_price,6,7091,745,4645,227,145,1329,0,0,0,,
LENTA-00196,2026-05-26,northwest,spb,GIPER-03,Giper Lenta,offline_store,dairy,1,gold,club_price,2,7091,745,4645,227,145,1329,0,0,0,,
LENTA-00197,2026-05-29,northwest,spb,GIPER-03,Giper Lenta,offline_store,dairy,1,gold,club_price,4,7091,745,4645,227,145,1329,0,0,0,,
LENTA-00198,2026-01-01,northwest,spb,GIPER-03,Giper Lenta,offline_store,dairy,1,gold,club_price,6,7091,745,4645,227,145,1329,0,0,0,,
LENTA-00199,2026-01-04,northwest,spb,GIPER-03,Giper Lenta,offline_store,dairy,1,gold,club_price,2,7091,745,4645,227,145,1329,0,0,0,,
LENTA-00200,2026-01-07,northwest,spb,GIPER-03,Giper Lenta,offline_store,dairy,1,gold,club_price,4,7091,745,4645,227,145,1329,0,0,0,,
LENTA-00201,2026-01-10,northwest,spb,GIPER-03,Giper Lenta,offline_store,dairy,1,gold,club_price,6,7091,745,4645,227,145,1329,0,0,0,,
LENTA-00202,2026-01-13,northwest,spb,GIPER-03,Giper Lenta,offline_store,dairy,1,gold,club_price,2,7091,745,4645,227,145,1329,0,0,0,,
LENTA-00203,2026-01-16,northwest,spb,GIPER-03,Giper Lenta,offline_store,dairy,1,gold,club_price,4,7091,745,4645,227,145,1329,0,0,0,,
LENTA-00204,2026-01-19,northwest,spb,GIPER-03,Giper Lenta,offline_store,dairy,1,gold,club_price,6,7091,745,4645,227,145,1329,0,0,0,,
LENTA-00205,2026-01-22,northwest,spb,GIPER-03,Giper Lenta,offline_store,dairy,1,gold,club_price,2,7091,745,4645,227,145,1329,0,0,0,,
LENTA-00206,2026-01-25,northwest,spb,GIPER-03,Giper Lenta,offline_store,dairy,1,gold,club_price,4,7091,745,4645,227,145,1329,0,0,0,,
LENTA-00207,2026-01-28,northwest,spb,GIPER-03,Giper Lenta,offline_store,dairy,1,gold,club_price,6,7091,745,4645,227,145,1329,0,0,0,,
LENTA-00208,2026-01-31,northwest,spb,GIPER-03,Giper Lenta,offline_store,dairy,1,gold,club_price,2,7091,745,4645,227,145,1329,0,0,0,,
LENTA-00209,2026-02-03,northwest,spb,GIPER-03,Giper Lenta,offline_store,dairy,1,gold,club_price,4,7091,745,4645,227,145,1329,0,0,0,,
LENTA-00210,2026-02-06,northwest,spb,GIPER-03,Giper Lenta,offline_store,dairy,1,gold,club_price,6,7091,745,4645,227,145,1329,0,0,0,,
LENTA-00211,2026-02-09,northwest,spb,GIPER-03,Giper Lenta,offline_store,dairy,1,gold,club_price,2,7091,745,4645,227,145,1329,0,0,0,,
LENTA-00212,2026-02-12,northwest,spb,GIPER-03,Giper Lenta,offline_store,dairy,1,gold,club_price,4,7091,745,4645,227,145,1329,0,0,0,,
LENTA-00213,2026-02-15,northwest,spb,GIPER-03,Giper Lenta,offline_store,dairy,1,gold,club_price,6,7091,745,4645,227,145,1329,0,0,0,,
LENTA-00214,2026-02-18,northwest,spb,GIPER-03,Giper Lenta,offline_store,dairy,1,gold,club_price,2,7091,745,4645,227,145,1329,0,0,0,,
LENTA-00215,2026-02-21,northwest,spb,GIPER-03,Giper Lenta,offline_store,dairy,1,gold,club_price,4,7091,745,4645,227,145,1329,0,0,0,,
LENTA-00216,2026-02-24,northwest,spb,GIPER-03,Giper Lenta,offline_store,dairy,1,gold,club_price,6,7091,745,4645,227,145,1329,0,0,0,,
LENTA-00217,2026-02-27,northwest,spb,GIPER-03,Giper Lenta,offline_store,dairy,1,gold,club_price,2,7091,745,4645,227,145,1329,0,0,0,,
LENTA-00218,2026-03-02,northwest,spb,GIPER-03,Giper Lenta,offline_store,dairy,1,gold,club_price,4,7091,745,4645,227,145,1329,0,0,0,,
LENTA-00219,2026-03-05,northwest,spb,GIPER-03,Giper Lenta,offline_store,dairy,1,gold,club_price,6,7091,745,4645,227,145,1329,0,0,0,,
LENTA-00220,2026-03-08,northwest,spb,GIPER-03,Giper Lenta,offline_store,dairy,1,gold,club_price,2,7091,745,4645,227,145,1329,0,0,0,,
LENTA-00221,2026-03-11,northwest,spb,GIPER-03,Giper Lenta,offline_store,dairy,1,gold,club_price,4,7090,745,4645,227,145,1328,0,0,0,,
LENTA-00222,2026-03-14,northwest,spb,GIPER-03,Giper Lenta,offline_store,dairy,1,gold,club_price,6,7090,745,4645,227,145,1328,0,0,0,,
LENTA-00223,2026-03-17,northwest,spb,GIPER-03,Giper Lenta,offline_store,dairy,1,gold,club_price,2,7090,745,4645,227,145,1328,0,0,0,,
LENTA-00224,2026-03-20,northwest,spb,GIPER-03,Giper Lenta,offline_store,dairy,1,gold,club_price,4,7090,745,4645,227,145,1328,0,0,0,,
LENTA-00225,2026-03-23,northwest,spb,GIPER-03,Giper Lenta,offline_store,dairy,1,gold,club_price,6,7090,745,4645,227,145,1328,0,0,0,,
LENTA-00226,2026-03-26,northwest,spb,GIPER-03,Giper Lenta,offline_store,dairy,1,gold,club_price,2,7090,745,4645,227,145,1328,0,0,0,,
LENTA-00227,2026-03-29,northwest,spb,GIPER-03,Giper Lenta,offline_store,dairy,1,gold,club_price,4,7090,745,4645,227,145,1328,0,0,0,,
LENTA-00228,2026-04-01,northwest,spb,GIPER-03,Giper Lenta,offline_store,dairy,1,gold,club_price,6,7090,745,4645,227,145,1328,0,0,0,,
LENTA-00229,2026-04-04,northwest,spb,GIPER-03,Giper Lenta,offline_store,dairy,1,gold,club_price,2,7090,745,4645,227,145,1328,0,0,0,,
LENTA-00230,2026-04-07,northwest,spb,GIPER-03,Giper Lenta,offline_store,dairy,1,gold,club_price,4,7090,745,4645,227,145,1328,0,0,0,,
LENTA-00231,2026-04-15,center,moscow,GIPER-04,Giper Lenta,offline_store,meat_fish,0,silver,weekend,4,12118,1236,8518,283,530,1551,1,1,1,,
LENTA-00232,2026-04-18,center,moscow,GIPER-04,Giper Lenta,offline_store,meat_fish,0,silver,weekend,6,12118,1236,8518,283,530,1551,1,1,1,,
LENTA-00233,2026-04-21,center,moscow,GIPER-04,Giper Lenta,offline_store,meat_fish,0,silver,weekend,2,12118,1236,8518,283,530,1551,1,1,0,,
LENTA-00234,2026-04-24,center,moscow,GIPER-04,Giper Lenta,offline_store,meat_fish,0,silver,weekend,4,12118,1236,8518,283,530,1551,1,1,0,,
LENTA-00235,2026-04-27,center,moscow,GIPER-04,Giper Lenta,offline_store,meat_fish,0,silver,weekend,6,12118,1236,8518,283,530,1551,1,1,0,,
LENTA-00236,2026-04-30,center,moscow,GIPER-04,Giper Lenta,offline_store,meat_fish,0,silver,weekend,2,12118,1236,8518,283,530,1551,1,1,0,,
LENTA-00237,2026-05-03,center,moscow,GIPER-04,Giper Lenta,offline_store,meat_fish,0,silver,weekend,4,12118,1236,8518,283,530,1551,1,1,0,,
LENTA-00238,2026-05-06,center,moscow,GIPER-04,Giper Lenta,offline_store,meat_fish,0,silver,weekend,6,12118,1236,8518,283,530,1551,1,0,0,,
LENTA-00239,2026-05-09,center,moscow,GIPER-04,Giper Lenta,offline_store,meat_fish,0,silver,weekend,2,12118,1236,8518,283,530,1551,1,0,0,,
LENTA-00240,2026-05-12,center,moscow,GIPER-04,Giper Lenta,offline_store,meat_fish,0,silver,weekend,4,12118,1236,8518,283,530,1551,1,0,0,,
LENTA-00241,2026-05-15,center,moscow,GIPER-04,Giper Lenta,offline_store,meat_fish,0,silver,weekend,6,12118,1236,8518,283,530,1551,1,0,0,,
LENTA-00242,2026-05-18,center,moscow,GIPER-04,Giper Lenta,offline_store,meat_fish,0,silver,weekend,2,12118,1236,8518,283,530,1551,1,0,0,,
LENTA-00243,2026-05-21,center,moscow,GIPER-04,Giper Lenta,offline_store,meat_fish,0,silver,weekend,4,12118,1236,8518,283,530,1551,0,0,0,,
LENTA-00244,2026-05-24,center,moscow,GIPER-04,Giper Lenta,offline_store,meat_fish,0,silver,weekend,6,12118,1236,8518,283,530,1551,0,0,0,,
LENTA-00245,2026-05-27,center,moscow,GIPER-04,Giper Lenta,offline_store,meat_fish,0,silver,weekend,2,12118,1236,8518,283,530,1551,0,0,0,,
LENTA-00246,2026-05-30,center,moscow,GIPER-04,Giper Lenta,offline_store,meat_fish,0,silver,weekend,4,12118,1236,8518,283,530,1551,0,0,0,,
LENTA-00247,2026-01-02,center,moscow,GIPER-04,Giper Lenta,offline_store,meat_fish,0,silver,weekend,6,12118,1236,8518,283,530,1551,0,0,0,,
LENTA-00248,2026-01-05,center,moscow,GIPER-04,Giper Lenta,offline_store,meat_fish,0,silver,weekend,2,12118,1236,8518,283,530,1551,0,0,0,,
LENTA-00249,2026-01-08,center,moscow,GIPER-04,Giper Lenta,offline_store,meat_fish,0,silver,weekend,4,12118,1236,8518,283,530,1551,0,0,0,,
LENTA-00250,2026-01-11,center,moscow,GIPER-04,Giper Lenta,offline_store,meat_fish,0,silver,weekend,6,12118,1236,8518,283,530,1551,0,0,0,,
LENTA-00251,2026-01-14,center,moscow,GIPER-04,Giper Lenta,offline_store,meat_fish,0,silver,weekend,2,12118,1236,8518,283,530,1551,0,0,0,,
LENTA-00252,2026-01-17,center,moscow,GIPER-04,Giper Lenta,offline_store,meat_fish,0,silver,weekend,4,12118,1236,8518,283,530,1551,0,0,0,,
LENTA-00253,2026-01-20,center,moscow,GIPER-04,Giper Lenta,offline_store,meat_fish,0,silver,weekend,6,12118,1236,8518,283,530,1551,0,0,0,,
LENTA-00254,2026-01-23,center,moscow,GIPER-04,Giper Lenta,offline_store,meat_fish,0,silver,weekend,2,12118,1236,8518,283,530,1551,0,0,0,,
LENTA-00255,2026-01-26,center,moscow,GIPER-04,Giper Lenta,offline_store,meat_fish,0,silver,weekend,4,12118,1236,8518,283,530,1551,0,0,0,,
LENTA-00256,2026-01-29,center,moscow,GIPER-04,Giper Lenta,offline_store,meat_fish,0,silver,weekend,6,12118,1235,8518,283,530,1552,0,0,0,,
LENTA-00257,2026-02-01,center,moscow,GIPER-04,Giper Lenta,offline_store,meat_fish,0,silver,weekend,2,12118,1235,8518,283,530,1552,0,0,0,,
LENTA-00258,2026-02-04,center,moscow,GIPER-04,Giper Lenta,offline_store,meat_fish,0,silver,weekend,4,12118,1235,8518,283,530,1552,0,0,0,,
LENTA-00259,2026-02-07,center,moscow,GIPER-04,Giper Lenta,offline_store,meat_fish,0,silver,weekend,6,12118,1235,8518,283,530,1552,0,0,0,,
LENTA-00260,2026-02-10,center,moscow,GIPER-04,Giper Lenta,offline_store,meat_fish,0,silver,weekend,2,12118,1235,8518,283,530,1552,0,0,0,,
LENTA-00261,2026-02-13,center,moscow,GIPER-04,Giper Lenta,offline_store,meat_fish,0,silver,weekend,4,12118,1235,8518,282,530,1553,0,0,0,,
LENTA-00262,2026-02-16,center,moscow,GIPER-04,Giper Lenta,offline_store,meat_fish,0,silver,weekend,6,12118,1235,8518,282,530,1553,0,0,0,,
LENTA-00263,2026-02-19,center,moscow,GIPER-04,Giper Lenta,offline_store,meat_fish,0,silver,weekend,2,12118,1235,8518,282,530,1553,0,0,0,,
LENTA-00264,2026-02-22,center,moscow,GIPER-04,Giper Lenta,offline_store,meat_fish,0,silver,weekend,4,12118,1235,8518,282,530,1553,0,0,0,,
LENTA-00265,2026-02-25,center,moscow,GIPER-04,Giper Lenta,offline_store,meat_fish,0,silver,weekend,6,12118,1235,8518,282,530,1553,0,0,0,,
LENTA-00266,2026-02-28,center,moscow,GIPER-04,Giper Lenta,offline_store,meat_fish,0,silver,weekend,2,12118,1235,8518,282,529,1554,0,0,0,,
LENTA-00267,2026-03-03,center,moscow,GIPER-04,Giper Lenta,offline_store,meat_fish,0,silver,weekend,4,12118,1235,8518,282,529,1554,0,0,0,,
LENTA-00268,2026-03-06,center,moscow,GIPER-04,Giper Lenta,offline_store,meat_fish,0,silver,weekend,6,12118,1235,8518,282,529,1554,0,0,0,,
LENTA-00269,2026-03-09,center,moscow,GIPER-04,Giper Lenta,offline_store,meat_fish,0,silver,weekend,2,12118,1235,8518,282,529,1554,0,0,0,,
LENTA-00270,2026-03-12,center,moscow,GIPER-04,Giper Lenta,offline_store,meat_fish,0,silver,weekend,4,12118,1235,8518,282,529,1554,0,0,0,,
LENTA-00271,2026-03-15,center,moscow,GIPER-04,Giper Lenta,offline_store,meat_fish,0,silver,weekend,6,12118,1235,8518,282,529,1554,0,0,0,,
LENTA-00272,2026-03-18,center,moscow,GIPER-04,Giper Lenta,offline_store,meat_fish,0,silver,weekend,2,12118,1235,8518,282,529,1554,0,0,0,,
LENTA-00273,2026-03-21,center,moscow,GIPER-04,Giper Lenta,offline_store,meat_fish,0,silver,weekend,4,12118,1235,8518,282,529,1554,0,0,0,,
LENTA-00274,2026-03-24,center,moscow,GIPER-04,Giper Lenta,offline_store,meat_fish,0,silver,weekend,6,12118,1235,8518,282,529,1554,0,0,0,,
LENTA-00275,2026-03-27,center,moscow,GIPER-04,Giper Lenta,offline_store,meat_fish,0,silver,weekend,2,12118,1235,8518,282,529,1554,0,0,0,,
LENTA-00276,2026-03-30,center,moscow,GIPER-04,Giper Lenta,offline_store,meat_fish,0,silver,weekend,4,12118,1235,8518,282,529,1554,0,0,0,,
LENTA-00277,2026-04-02,center,moscow,GIPER-04,Giper Lenta,offline_store,meat_fish,0,silver,weekend,6,12118,1235,8518,282,529,1554,0,0,0,,
LENTA-00278,2026-04-05,center,moscow,GIPER-04,Giper Lenta,offline_store,meat_fish,0,silver,weekend,2,12118,1235,8518,282,529,1554,0,0,0,,
LENTA-00279,2026-04-08,center,moscow,GIPER-04,Giper Lenta,offline_store,meat_fish,0,silver,weekend,4,12118,1235,8518,282,529,1554,0,0,0,,
LENTA-00280,2026-04-11,center,moscow,GIPER-04,Giper Lenta,offline_store,meat_fish,0,silver,weekend,6,12118,1235,8518,282,529,1554,0,0,0,,
LENTA-00281,2026-04-14,center,moscow,GIPER-04,Giper Lenta,offline_store,meat_fish,0,silver,weekend,2,12118,1235,8518,282,529,1554,0,0,0,,
LENTA-00282,2026-04-17,center,moscow,GIPER-04,Giper Lenta,offline_store,meat_fish,0,silver,weekend,4,12118,1235,8518,282,529,1554,0,0,0,,
LENTA-00283,2026-04-20,center,moscow,GIPER-04,Giper Lenta,offline_store,meat_fish,0,silver,weekend,6,12118,1235,8518,282,529,1554,0,0,0,,
LENTA-00284,2026-04-23,center,moscow,GIPER-04,Giper Lenta,offline_store,meat_fish,0,silver,weekend,2,12118,1235,8518,282,529,1554,0,0,0,,
LENTA-00285,2026-04-26,center,moscow,GIPER-04,Giper Lenta,offline_store,meat_fish,0,silver,weekend,4,12118,1235,8518,282,529,1554,0,0,0,,
LENTA-00286,2026-04-29,center,moscow,GIPER-04,Giper Lenta,offline_store,meat_fish,0,silver,weekend,6,12117,1235,8517,282,529,1554,0,0,0,,
LENTA-00287,2026-05-02,center,moscow,GIPER-04,Giper Lenta,offline_store,meat_fish,0,silver,weekend,2,12117,1235,8517,282,529,1554,0,0,0,,
LENTA-00288,2026-05-05,center,moscow,GIPER-04,Giper Lenta,offline_store,meat_fish,0,silver,weekend,4,12117,1235,8517,282,529,1554,0,0,0,,
LENTA-00289,2026-05-08,center,moscow,GIPER-04,Giper Lenta,offline_store,meat_fish,0,silver,weekend,6,12117,1235,8517,282,529,1554,0,0,0,,
LENTA-00290,2026-05-11,center,moscow,GIPER-04,Giper Lenta,offline_store,meat_fish,0,silver,weekend,2,12117,1235,8517,282,529,1554,0,0,0,,
LENTA-00291,2026-05-14,center,moscow,GIPER-04,Giper Lenta,offline_store,meat_fish,0,silver,weekend,4,12117,1235,8517,282,529,1554,0,0,0,,
LENTA-00292,2026-05-17,center,moscow,GIPER-04,Giper Lenta,offline_store,meat_fish,0,silver,weekend,6,12117,1235,8517,282,529,1554,0,0,0,,
LENTA-00293,2026-05-20,center,moscow,GIPER-04,Giper Lenta,offline_store,meat_fish,0,silver,weekend,2,12117,1235,8517,282,529,1554,0,0,0,,
LENTA-00294,2026-05-23,center,moscow,GIPER-04,Giper Lenta,offline_store,meat_fish,0,silver,weekend,4,12117,1235,8517,282,529,1554,0,0,0,,
LENTA-00295,2026-05-26,center,moscow,GIPER-04,Giper Lenta,offline_store,meat_fish,0,silver,weekend,6,12117,1235,8517,282,529,1554,0,0,0,,
LENTA-00296,2026-05-29,center,moscow,GIPER-04,Giper Lenta,offline_store,meat_fish,0,silver,weekend,2,12117,1235,8517,282,529,1554,0,0,0,,
LENTA-00297,2026-01-01,center,moscow,GIPER-04,Giper Lenta,offline_store,meat_fish,0,silver,weekend,4,12117,1235,8517,282,529,1554,0,0,0,,
LENTA-00298,2026-01-04,center,moscow,GIPER-04,Giper Lenta,offline_store,meat_fish,0,silver,weekend,6,12117,1235,8517,282,529,1554,0,0,0,,
LENTA-00299,2026-01-07,center,moscow,GIPER-04,Giper Lenta,offline_store,meat_fish,0,silver,weekend,2,12117,1235,8517,282,529,1554,0,0,0,,
LENTA-00300,2026-01-10,center,moscow,GIPER-04,Giper Lenta,offline_store,meat_fish,0,silver,weekend,4,12117,1235,8517,282,529,1554,0,0,0,,
LENTA-00301,2026-01-13,center,moscow,GIPER-04,Giper Lenta,offline_store,meat_fish,0,silver,weekend,6,12117,1235,8517,282,529,1554,0,0,0,,
LENTA-00302,2026-01-16,center,moscow,GIPER-04,Giper Lenta,offline_store,meat_fish,0,silver,weekend,2,12117,1235,8517,282,529,1554,0,0,0,,
LENTA-00303,2026-01-19,center,moscow,GIPER-04,Giper Lenta,offline_store,meat_fish,0,silver,weekend,4,12117,1235,8517,282,529,1554,0,0,0,,
LENTA-00304,2026-01-22,center,moscow,GIPER-04,Giper Lenta,offline_store,meat_fish,0,silver,weekend,6,12117,1235,8517,282,529,1554,0,0,0,,
LENTA-00305,2026-01-25,center,moscow,GIPER-04,Giper Lenta,offline_store,meat_fish,0,silver,weekend,2,12117,1235,8517,282,529,1554,0,0,0,,
LENTA-00306,2026-01-28,center,moscow,GIPER-04,Giper Lenta,offline_store,meat_fish,0,silver,weekend,4,12117,1235,8517,282,529,1554,0,0,0,,
LENTA-00307,2026-01-31,center,moscow,GIPER-04,Giper Lenta,offline_store,meat_fish,0,silver,weekend,6,12117,1235,8517,282,529,1554,0,0,0,,
LENTA-00308,2026-02-03,center,moscow,GIPER-04,Giper Lenta,offline_store,meat_fish,0,silver,weekend,2,12117,1235,8517,282,529,1554,0,0,0,,
LENTA-00309,2026-02-06,center,moscow,GIPER-04,Giper Lenta,offline_store,meat_fish,0,silver,weekend,4,12117,1235,8517,282,529,1554,0,0,0,,
LENTA-00310,2026-02-09,center,moscow,GIPER-04,Giper Lenta,offline_store,meat_fish,0,silver,weekend,6,12117,1235,8517,282,529,1554,0,0,0,,
LENTA-00311,2026-02-12,center,moscow,GIPER-04,Giper Lenta,offline_store,meat_fish,0,silver,weekend,2,12117,1235,8517,282,529,1554,0,0,0,,
LENTA-00312,2026-02-15,center,moscow,GIPER-04,Giper Lenta,offline_store,meat_fish,0,silver,weekend,4,12117,1235,8517,282,529,1554,0,0,0,,
LENTA-00313,2026-02-18,center,moscow,GIPER-04,Giper Lenta,offline_store,meat_fish,0,silver,weekend,6,12117,1235,8517,282,529,1554,0,0,0,,
LENTA-00314,2026-02-21,center,moscow,GIPER-04,Giper Lenta,offline_store,meat_fish,0,silver,weekend,2,12117,1235,8517,282,529,1554,0,0,0,,
LENTA-00315,2026-02-24,center,moscow,GIPER-04,Giper Lenta,offline_store,meat_fish,0,silver,weekend,4,12117,1235,8517,282,529,1554,0,0,0,,
LENTA-00316,2026-03-04,center,moscow,GIPER-05,Giper Lenta,offline_store,household,0,silver,none,5,9143,686,6029,229,72,2127,1,1,1,,
LENTA-00317,2026-03-07,center,moscow,GIPER-05,Giper Lenta,offline_store,household,0,silver,none,1,9143,686,6029,229,72,2127,1,1,0,,
LENTA-00318,2026-03-10,center,moscow,GIPER-05,Giper Lenta,offline_store,household,0,silver,none,3,9143,686,6029,229,72,2127,1,0,0,,
LENTA-00319,2026-03-13,center,moscow,GIPER-05,Giper Lenta,offline_store,household,0,silver,none,5,9143,686,6029,229,72,2127,0,0,0,,
LENTA-00320,2026-03-16,center,moscow,GIPER-05,Giper Lenta,offline_store,household,0,silver,none,1,9143,686,6029,229,72,2127,0,0,0,,
LENTA-00321,2026-03-19,center,moscow,GIPER-05,Giper Lenta,offline_store,household,0,silver,none,3,9143,686,6029,229,72,2127,0,0,0,,
LENTA-00322,2026-03-22,center,moscow,GIPER-05,Giper Lenta,offline_store,household,0,silver,none,5,9143,686,6029,229,72,2127,0,0,0,,
LENTA-00323,2026-03-25,center,moscow,GIPER-05,Giper Lenta,offline_store,household,0,silver,none,1,9143,686,6029,229,72,2127,0,0,0,,
LENTA-00324,2026-03-28,center,moscow,GIPER-05,Giper Lenta,offline_store,household,0,silver,none,3,9143,686,6029,229,72,2127,0,0,0,,
LENTA-00325,2026-03-31,center,moscow,GIPER-05,Giper Lenta,offline_store,household,0,silver,none,5,9143,686,6029,229,72,2127,0,0,0,,
LENTA-00326,2026-04-03,center,moscow,GIPER-05,Giper Lenta,offline_store,household,0,silver,none,1,9143,686,6029,229,72,2127,0,0,0,,
LENTA-00327,2026-04-06,center,moscow,GIPER-05,Giper Lenta,offline_store,household,0,silver,none,3,9143,686,6029,229,72,2127,0,0,0,,
LENTA-00328,2026-04-09,center,moscow,GIPER-05,Giper Lenta,offline_store,household,0,silver,none,5,9143,686,6029,229,72,2127,0,0,0,,
LENTA-00329,2026-04-12,center,moscow,GIPER-05,Giper Lenta,offline_store,household,0,silver,none,1,9143,686,6029,229,72,2127,0,0,0,,
LENTA-00330,2026-04-15,center,moscow,GIPER-05,Giper Lenta,offline_store,household,0,silver,none,3,9143,686,6029,229,72,2127,0,0,0,,
LENTA-00331,2026-04-18,center,moscow,GIPER-05,Giper Lenta,offline_store,household,0,silver,none,5,9143,686,6029,229,72,2127,0,0,0,,
LENTA-00332,2026-04-21,center,moscow,GIPER-05,Giper Lenta,offline_store,household,0,silver,none,1,9143,686,6029,229,72,2127,0,0,0,,
LENTA-00333,2026-04-24,center,moscow,GIPER-05,Giper Lenta,offline_store,household,0,silver,none,3,9143,686,6029,229,72,2127,0,0,0,,
LENTA-00334,2026-04-27,center,moscow,GIPER-05,Giper Lenta,offline_store,household,0,silver,none,5,9143,686,6029,229,72,2127,0,0,0,,
LENTA-00335,2026-04-30,center,moscow,GIPER-05,Giper Lenta,offline_store,household,0,silver,none,1,9143,686,6029,229,72,2127,0,0,0,,
LENTA-00336,2026-05-03,center,moscow,GIPER-05,Giper Lenta,offline_store,household,0,silver,none,3,9143,686,6029,229,72,2127,0,0,0,,
LENTA-00337,2026-05-06,center,moscow,GIPER-05,Giper Lenta,offline_store,household,0,silver,none,5,9143,686,6029,229,72,2127,0,0,0,,
LENTA-00338,2026-05-09,center,moscow,GIPER-05,Giper Lenta,offline_store,household,0,silver,none,1,9143,686,6029,229,72,2127,0,0,0,,
LENTA-00339,2026-05-12,center,moscow,GIPER-05,Giper Lenta,offline_store,household,0,silver,none,3,9143,686,6029,229,72,2127,0,0,0,,
LENTA-00340,2026-05-15,center,moscow,GIPER-05,Giper Lenta,offline_store,household,0,silver,none,5,9143,686,6029,229,72,2127,0,0,0,,
LENTA-00341,2026-05-18,center,moscow,GIPER-05,Giper Lenta,offline_store,household,0,silver,none,1,9143,686,6029,229,72,2127,0,0,0,,
LENTA-00342,2026-05-21,center,moscow,GIPER-05,Giper Lenta,offline_store,household,0,silver,none,3,9143,686,6029,229,72,2127,0,0,0,,
LENTA-00343,2026-05-24,center,moscow,GIPER-05,Giper Lenta,offline_store,household,0,silver,none,5,9143,686,6029,229,72,2127,0,0,0,,
LENTA-00344,2026-05-27,center,moscow,GIPER-05,Giper Lenta,offline_store,household,0,silver,none,1,9143,686,6029,229,72,2127,0,0,0,,
LENTA-00345,2026-05-30,center,moscow,GIPER-05,Giper Lenta,offline_store,household,0,silver,none,3,9143,686,6029,229,72,2127,0,0,0,,
LENTA-00346,2026-01-02,center,moscow,GIPER-05,Giper Lenta,offline_store,household,0,silver,none,5,9143,686,6029,229,71,2128,0,0,0,,
LENTA-00347,2026-01-05,center,moscow,GIPER-05,Giper Lenta,offline_store,household,0,silver,none,1,9143,686,6029,229,71,2128,0,0,0,,
LENTA-00348,2026-01-08,center,moscow,GIPER-05,Giper Lenta,offline_store,household,0,silver,none,3,9143,686,6029,229,71,2128,0,0,0,,
LENTA-00349,2026-01-11,center,moscow,GIPER-05,Giper Lenta,offline_store,household,0,silver,none,5,9143,686,6029,229,71,2128,0,0,0,,
LENTA-00350,2026-01-14,center,moscow,GIPER-05,Giper Lenta,offline_store,household,0,silver,none,1,9143,686,6029,229,71,2128,0,0,0,,
LENTA-00351,2026-01-17,center,moscow,GIPER-05,Giper Lenta,offline_store,household,0,silver,none,3,9143,686,6029,229,71,2128,0,0,0,,
LENTA-00352,2026-01-20,center,moscow,GIPER-05,Giper Lenta,offline_store,household,0,silver,none,5,9143,686,6029,229,71,2128,0,0,0,,
LENTA-00353,2026-01-23,center,moscow,GIPER-05,Giper Lenta,offline_store,household,0,silver,none,1,9143,686,6029,229,71,2128,0,0,0,,
LENTA-00354,2026-01-26,center,moscow,GIPER-05,Giper Lenta,offline_store,household,0,silver,none,3,9143,686,6029,229,71,2128,0,0,0,,
LENTA-00355,2026-01-29,center,moscow,GIPER-05,Giper Lenta,offline_store,household,0,silver,none,5,9143,686,6029,229,71,2128,0,0,0,,
LENTA-00356,2026-02-01,center,moscow,GIPER-05,Giper Lenta,offline_store,household,0,silver,none,1,9143,686,6028,228,71,2130,0,0,0,,
LENTA-00357,2026-02-04,center,moscow,GIPER-05,Giper Lenta,offline_store,household,0,silver,none,3,9143,686,6028,228,71,2130,0,0,0,,
LENTA-00358,2026-02-07,center,moscow,GIPER-05,Giper Lenta,offline_store,household,0,silver,none,5,9143,686,6028,228,71,2130,0,0,0,,
LENTA-00359,2026-02-10,center,moscow,GIPER-05,Giper Lenta,offline_store,household,0,silver,none,1,9143,686,6028,228,71,2130,0,0,0,,
LENTA-00360,2026-02-13,center,moscow,GIPER-05,Giper Lenta,offline_store,household,0,silver,none,3,9143,686,6028,228,71,2130,0,0,0,,
LENTA-00361,2026-02-16,center,moscow,GIPER-05,Giper Lenta,offline_store,household,0,silver,none,5,9143,686,6028,228,71,2130,0,0,0,,
LENTA-00362,2026-02-19,center,moscow,GIPER-05,Giper Lenta,offline_store,household,0,silver,none,1,9143,686,6028,228,71,2130,0,0,0,,
LENTA-00363,2026-02-22,center,moscow,GIPER-05,Giper Lenta,offline_store,household,0,silver,none,3,9143,686,6028,228,71,2130,0,0,0,,
LENTA-00364,2026-02-25,center,moscow,GIPER-05,Giper Lenta,offline_store,household,0,silver,none,5,9143,686,6028,228,71,2130,0,0,0,,
LENTA-00365,2026-02-28,center,moscow,GIPER-05,Giper Lenta,offline_store,household,0,silver,none,1,9143,686,6028,228,71,2130,0,0,0,,
LENTA-00366,2026-03-03,center,moscow,GIPER-05,Giper Lenta,offline_store,household,0,silver,none,3,9143,685,6028,228,71,2131,0,0,0,,
LENTA-00367,2026-03-06,center,moscow,GIPER-05,Giper Lenta,offline_store,household,0,silver,none,5,9143,685,6028,228,71,2131,0,0,0,,
LENTA-00368,2026-03-09,center,moscow,GIPER-05,Giper Lenta,offline_store,household,0,silver,none,1,9143,685,6028,228,71,2131,0,0,0,,
LENTA-00369,2026-03-12,center,moscow,GIPER-05,Giper Lenta,offline_store,household,0,silver,none,3,9143,685,6028,228,71,2131,0,0,0,,
LENTA-00370,2026-03-15,center,moscow,GIPER-05,Giper Lenta,offline_store,household,0,silver,none,5,9143,685,6028,228,71,2131,0,0,0,,
LENTA-00371,2026-03-18,center,moscow,GIPER-05,Giper Lenta,offline_store,household,0,silver,none,1,9143,685,6028,228,71,2131,0,0,0,,
LENTA-00372,2026-03-21,center,moscow,GIPER-05,Giper Lenta,offline_store,household,0,silver,none,3,9143,685,6028,228,71,2131,0,0,0,,
LENTA-00373,2026-03-24,center,moscow,GIPER-05,Giper Lenta,offline_store,household,0,silver,none,5,9143,685,6028,228,71,2131,0,0,0,,
LENTA-00374,2026-03-27,center,moscow,GIPER-05,Giper Lenta,offline_store,household,0,silver,none,1,9143,685,6028,228,71,2131,0,0,0,,
LENTA-00375,2026-03-30,center,moscow,GIPER-05,Giper Lenta,offline_store,household,0,silver,none,3,9143,685,6028,228,71,2131,0,0,0,,
LENTA-00376,2026-04-02,center,moscow,GIPER-05,Giper Lenta,offline_store,household,0,silver,none,5,9142,685,6028,228,71,2130,0,0,0,,
LENTA-00377,2026-04-05,center,moscow,GIPER-05,Giper Lenta,offline_store,household,0,silver,none,1,9142,685,6028,228,71,2130,0,0,0,,
LENTA-00378,2026-04-08,center,moscow,GIPER-05,Giper Lenta,offline_store,household,0,silver,none,3,9142,685,6028,228,71,2130,0,0,0,,
LENTA-00379,2026-04-11,center,moscow,GIPER-05,Giper Lenta,offline_store,household,0,silver,none,5,9142,685,6028,228,71,2130,0,0,0,,
LENTA-00380,2026-04-14,center,moscow,GIPER-05,Giper Lenta,offline_store,household,0,silver,none,1,9142,685,6028,228,71,2130,0,0,0,,
LENTA-00381,2026-04-17,center,moscow,GIPER-05,Giper Lenta,offline_store,household,0,silver,none,3,9142,685,6028,228,71,2130,0,0,0,,
LENTA-00382,2026-04-20,center,moscow,GIPER-05,Giper Lenta,offline_store,household,0,silver,none,5,9142,685,6028,228,71,2130,0,0,0,,
LENTA-00383,2026-04-23,center,moscow,GIPER-05,Giper Lenta,offline_store,household,0,silver,none,1,9142,685,6028,228,71,2130,0,0,0,,
LENTA-00384,2026-04-26,center,moscow,GIPER-05,Giper Lenta,offline_store,household,0,silver,none,3,9142,685,6028,228,71,2130,0,0,0,,
LENTA-00385,2026-04-29,center,moscow,GIPER-05,Giper Lenta,offline_store,household,0,silver,none,5,9142,685,6028,228,71,2130,0,0,0,,
LENTA-00386,2026-05-07,volga,kazan,GIPER-06,Giper Lenta,offline_store,alcohol,0,basic,none,3,11091,655,7455,219,73,2689,1,1,0,,
LENTA-00387,2026-05-10,volga,kazan,GIPER-06,Giper Lenta,offline_store,alcohol,0,basic,none,5,11091,655,7455,219,73,2689,1,0,0,,
LENTA-00388,2026-05-13,volga,kazan,GIPER-06,Giper Lenta,offline_store,alcohol,0,basic,none,1,11091,655,7455,219,73,2689,0,0,0,,
LENTA-00389,2026-05-16,volga,kazan,GIPER-06,Giper Lenta,offline_store,alcohol,0,basic,none,3,11091,655,7455,219,73,2689,0,0,0,,
LENTA-00390,2026-05-19,volga,kazan,GIPER-06,Giper Lenta,offline_store,alcohol,0,basic,none,5,11091,655,7455,219,73,2689,0,0,0,,
LENTA-00391,2026-05-22,volga,kazan,GIPER-06,Giper Lenta,offline_store,alcohol,0,basic,none,1,11091,655,7455,219,73,2689,0,0,0,,
LENTA-00392,2026-05-25,volga,kazan,GIPER-06,Giper Lenta,offline_store,alcohol,0,basic,none,3,11091,655,7455,219,73,2689,0,0,0,,
LENTA-00393,2026-05-28,volga,kazan,GIPER-06,Giper Lenta,offline_store,alcohol,0,basic,none,5,11091,655,7455,219,73,2689,0,0,0,,
LENTA-00394,2026-05-31,volga,kazan,GIPER-06,Giper Lenta,offline_store,alcohol,0,basic,none,1,11091,655,7455,219,73,2689,0,0,0,,
LENTA-00395,2026-01-03,volga,kazan,GIPER-06,Giper Lenta,offline_store,alcohol,0,basic,none,3,11091,655,7455,219,73,2689,0,0,0,,
LENTA-00396,2026-01-06,volga,kazan,GIPER-06,Giper Lenta,offline_store,alcohol,0,basic,none,5,11091,655,7455,218,73,2690,0,0,0,,
LENTA-00397,2026-01-09,volga,kazan,GIPER-06,Giper Lenta,offline_store,alcohol,0,basic,none,1,11091,655,7455,218,73,2690,0,0,0,,
LENTA-00398,2026-01-12,volga,kazan,GIPER-06,Giper Lenta,offline_store,alcohol,0,basic,none,3,11091,655,7455,218,73,2690,0,0,0,,
LENTA-00399,2026-01-15,volga,kazan,GIPER-06,Giper Lenta,offline_store,alcohol,0,basic,none,5,11091,655,7455,218,73,2690,0,0,0,,
LENTA-00400,2026-01-18,volga,kazan,GIPER-06,Giper Lenta,offline_store,alcohol,0,basic,none,1,11091,655,7455,218,73,2690,0,0,0,,
LENTA-00401,2026-01-21,volga,kazan,GIPER-06,Giper Lenta,offline_store,alcohol,0,basic,none,3,11091,655,7455,218,73,2690,0,0,0,,
LENTA-00402,2026-01-24,volga,kazan,GIPER-06,Giper Lenta,offline_store,alcohol,0,basic,none,5,11091,655,7455,218,73,2690,0,0,0,,
LENTA-00403,2026-01-27,volga,kazan,GIPER-06,Giper Lenta,offline_store,alcohol,0,basic,none,1,11091,655,7455,218,73,2690,0,0,0,,
LENTA-00404,2026-01-30,volga,kazan,GIPER-06,Giper Lenta,offline_store,alcohol,0,basic,none,3,11091,655,7455,218,73,2690,0,0,0,,
LENTA-00405,2026-02-02,volga,kazan,GIPER-06,Giper Lenta,offline_store,alcohol,0,basic,none,5,11091,655,7455,218,73,2690,0,0,0,,
LENTA-00406,2026-02-05,volga,kazan,GIPER-06,Giper Lenta,offline_store,alcohol,0,basic,none,1,11091,655,7455,218,73,2690,0,0,0,,
LENTA-00407,2026-02-08,volga,kazan,GIPER-06,Giper Lenta,offline_store,alcohol,0,basic,none,3,11091,655,7455,218,73,2690,0,0,0,,
LENTA-00408,2026-02-11,volga,kazan,GIPER-06,Giper Lenta,offline_store,alcohol,0,basic,none,5,11091,655,7455,218,73,2690,0,0,0,,
LENTA-00409,2026-02-14,volga,kazan,GIPER-06,Giper Lenta,offline_store,alcohol,0,basic,none,1,11091,655,7455,218,73,2690,0,0,0,,
LENTA-00410,2026-02-17,volga,kazan,GIPER-06,Giper Lenta,offline_store,alcohol,0,basic,none,3,11091,655,7455,218,73,2690,0,0,0,,
LENTA-00411,2026-02-20,volga,kazan,GIPER-06,Giper Lenta,offline_store,alcohol,0,basic,none,5,11091,655,7455,218,73,2690,0,0,0,,
LENTA-00412,2026-02-23,volga,kazan,GIPER-06,Giper Lenta,offline_store,alcohol,0,basic,none,1,11091,655,7455,218,73,2690,0,0,0,,
LENTA-00413,2026-02-26,volga,kazan,GIPER-06,Giper Lenta,offline_store,alcohol,0,basic,none,3,11091,655,7455,218,73,2690,0,0,0,,
LENTA-00414,2026-03-01,volga,kazan,GIPER-06,Giper Lenta,offline_store,alcohol,0,basic,none,5,11091,655,7455,218,73,2690,0,0,0,,
LENTA-00415,2026-03-04,volga,kazan,GIPER-06,Giper Lenta,offline_store,alcohol,0,basic,none,1,11091,655,7455,218,73,2690,0,0,0,,
LENTA-00416,2026-03-07,volga,kazan,GIPER-06,Giper Lenta,offline_store,alcohol,0,basic,none,3,11091,654,7454,218,73,2692,0,0,0,,
LENTA-00417,2026-03-10,volga,kazan,GIPER-06,Giper Lenta,offline_store,alcohol,0,basic,none,5,11091,654,7454,218,73,2692,0,0,0,,
LENTA-00418,2026-03-13,volga,kazan,GIPER-06,Giper Lenta,offline_store,alcohol,0,basic,none,1,11091,654,7454,218,73,2692,0,0,0,,
LENTA-00419,2026-03-16,volga,kazan,GIPER-06,Giper Lenta,offline_store,alcohol,0,basic,none,3,11091,654,7454,218,73,2692,0,0,0,,
LENTA-00420,2026-03-19,volga,kazan,GIPER-06,Giper Lenta,offline_store,alcohol,0,basic,none,5,11091,654,7454,218,73,2692,0,0,0,,
LENTA-00421,2026-03-22,volga,kazan,GIPER-06,Giper Lenta,offline_store,alcohol,0,basic,none,1,11091,654,7454,218,73,2692,0,0,0,,
LENTA-00422,2026-03-25,volga,kazan,GIPER-06,Giper Lenta,offline_store,alcohol,0,basic,none,3,11091,654,7454,218,73,2692,0,0,0,,
LENTA-00423,2026-03-28,volga,kazan,GIPER-06,Giper Lenta,offline_store,alcohol,0,basic,none,5,11091,654,7454,218,73,2692,0,0,0,,
LENTA-00424,2026-03-31,volga,kazan,GIPER-06,Giper Lenta,offline_store,alcohol,0,basic,none,1,11091,654,7454,218,73,2692,0,0,0,,
LENTA-00425,2026-04-03,volga,kazan,GIPER-06,Giper Lenta,offline_store,alcohol,0,basic,none,3,11091,654,7454,218,73,2692,0,0,0,,
LENTA-00426,2026-04-06,volga,kazan,GIPER-06,Giper Lenta,offline_store,alcohol,0,basic,none,5,11091,654,7454,218,72,2693,0,0,0,,
LENTA-00427,2026-04-09,volga,kazan,GIPER-06,Giper Lenta,offline_store,alcohol,0,basic,none,1,11091,654,7454,218,72,2693,0,0,0,,
LENTA-00428,2026-04-12,volga,kazan,GIPER-06,Giper Lenta,offline_store,alcohol,0,basic,none,3,11091,654,7454,218,72,2693,0,0,0,,
LENTA-00429,2026-04-15,volga,kazan,GIPER-06,Giper Lenta,offline_store,alcohol,0,basic,none,5,11091,654,7454,218,72,2693,0,0,0,,
LENTA-00430,2026-04-18,volga,kazan,GIPER-06,Giper Lenta,offline_store,alcohol,0,basic,none,1,11091,654,7454,218,72,2693,0,0,0,,
LENTA-00431,2026-04-21,volga,kazan,GIPER-06,Giper Lenta,offline_store,alcohol,0,basic,none,3,11091,654,7454,218,72,2693,0,0,0,,
LENTA-00432,2026-04-24,volga,kazan,GIPER-06,Giper Lenta,offline_store,alcohol,0,basic,none,5,11091,654,7454,218,72,2693,0,0,0,,
LENTA-00433,2026-04-27,volga,kazan,GIPER-06,Giper Lenta,offline_store,alcohol,0,basic,none,1,11091,654,7454,218,72,2693,0,0,0,,
LENTA-00434,2026-04-30,volga,kazan,GIPER-06,Giper Lenta,offline_store,alcohol,0,basic,none,3,11091,654,7454,218,72,2693,0,0,0,,
LENTA-00435,2026-05-03,volga,kazan,GIPER-06,Giper Lenta,offline_store,alcohol,0,basic,none,5,11091,654,7454,218,72,2693,0,0,0,,
LENTA-00436,2026-05-06,volga,kazan,GIPER-06,Giper Lenta,offline_store,alcohol,0,basic,none,1,11090,654,7454,218,72,2692,0,0,0,,
LENTA-00437,2026-05-09,volga,kazan,GIPER-06,Giper Lenta,offline_store,alcohol,0,basic,none,3,11090,654,7454,218,72,2692,0,0,0,,
LENTA-00438,2026-05-12,volga,kazan,GIPER-06,Giper Lenta,offline_store,alcohol,0,basic,none,5,11090,654,7454,218,72,2692,0,0,0,,
LENTA-00439,2026-05-15,volga,kazan,GIPER-06,Giper Lenta,offline_store,alcohol,0,basic,none,1,11090,654,7454,218,72,2692,0,0,0,,
LENTA-00440,2026-05-18,volga,kazan,GIPER-06,Giper Lenta,offline_store,alcohol,0,basic,none,3,11090,654,7454,218,72,2692,0,0,0,,
LENTA-00441,2026-05-26,siberia,novosibirsk,GIPER-07,Giper Lenta,offline_store,dry_grocery,1,gold,club_price,4,8750,1250,6138,313,200,849,1,1,1,,
LENTA-00442,2026-05-29,siberia,novosibirsk,GIPER-07,Giper Lenta,offline_store,dry_grocery,1,gold,club_price,6,8750,1250,6138,313,200,849,1,1,0,,
LENTA-00443,2026-01-01,siberia,novosibirsk,GIPER-07,Giper Lenta,offline_store,dry_grocery,1,gold,club_price,2,8750,1250,6138,313,200,849,1,1,0,,
LENTA-00444,2026-01-04,siberia,novosibirsk,GIPER-07,Giper Lenta,offline_store,dry_grocery,1,gold,club_price,4,8750,1250,6138,313,200,849,1,0,0,,
LENTA-00445,2026-01-07,siberia,novosibirsk,GIPER-07,Giper Lenta,offline_store,dry_grocery,1,gold,club_price,6,8750,1250,6138,313,200,849,1,0,0,,
LENTA-00446,2026-01-10,siberia,novosibirsk,GIPER-07,Giper Lenta,offline_store,dry_grocery,1,gold,club_price,2,8750,1250,6138,313,200,849,1,0,0,,
LENTA-00447,2026-01-13,siberia,novosibirsk,GIPER-07,Giper Lenta,offline_store,dry_grocery,1,gold,club_price,4,8750,1250,6138,313,200,849,0,0,0,,
LENTA-00448,2026-01-16,siberia,novosibirsk,GIPER-07,Giper Lenta,offline_store,dry_grocery,1,gold,club_price,6,8750,1250,6138,313,200,849,0,0,0,,
LENTA-00449,2026-01-19,siberia,novosibirsk,GIPER-07,Giper Lenta,offline_store,dry_grocery,1,gold,club_price,2,8750,1250,6138,313,200,849,0,0,0,,
LENTA-00450,2026-01-22,siberia,novosibirsk,GIPER-07,Giper Lenta,offline_store,dry_grocery,1,gold,club_price,4,8750,1250,6138,313,200,849,0,0,0,,
LENTA-00451,2026-01-25,siberia,novosibirsk,GIPER-07,Giper Lenta,offline_store,dry_grocery,1,gold,club_price,6,8750,1250,6138,313,200,849,0,0,0,,
LENTA-00452,2026-01-28,siberia,novosibirsk,GIPER-07,Giper Lenta,offline_store,dry_grocery,1,gold,club_price,2,8750,1250,6138,313,200,849,0,0,0,,
LENTA-00453,2026-01-31,siberia,novosibirsk,GIPER-07,Giper Lenta,offline_store,dry_grocery,1,gold,club_price,4,8750,1250,6138,313,200,849,0,0,0,,
LENTA-00454,2026-02-03,siberia,novosibirsk,GIPER-07,Giper Lenta,offline_store,dry_grocery,1,gold,club_price,6,8750,1250,6138,313,200,849,0,0,0,,
LENTA-00455,2026-02-06,siberia,novosibirsk,GIPER-07,Giper Lenta,offline_store,dry_grocery,1,gold,club_price,2,8750,1250,6138,313,200,849,0,0,0,,
LENTA-00456,2026-02-09,siberia,novosibirsk,GIPER-07,Giper Lenta,offline_store,dry_grocery,1,gold,club_price,4,8750,1250,6138,313,200,849,0,0,0,,
LENTA-00457,2026-02-12,siberia,novosibirsk,GIPER-07,Giper Lenta,offline_store,dry_grocery,1,gold,club_price,6,8750,1250,6138,313,200,849,0,0,0,,
LENTA-00458,2026-02-15,siberia,novosibirsk,GIPER-07,Giper Lenta,offline_store,dry_grocery,1,gold,club_price,2,8750,1250,6138,313,200,849,0,0,0,,
LENTA-00459,2026-02-18,siberia,novosibirsk,GIPER-07,Giper Lenta,offline_store,dry_grocery,1,gold,club_price,4,8750,1250,6138,313,200,849,0,0,0,,
LENTA-00460,2026-02-21,siberia,novosibirsk,GIPER-07,Giper Lenta,offline_store,dry_grocery,1,gold,club_price,6,8750,1250,6138,313,200,849,0,0,0,,
LENTA-00461,2026-02-24,siberia,novosibirsk,GIPER-07,Giper Lenta,offline_store,dry_grocery,1,gold,club_price,2,8750,1250,6138,313,200,849,0,0,0,,
LENTA-00462,2026-02-27,siberia,novosibirsk,GIPER-07,Giper Lenta,offline_store,dry_grocery,1,gold,club_price,4,8750,1250,6138,313,200,849,0,0,0,,
LENTA-00463,2026-03-02,siberia,novosibirsk,GIPER-07,Giper Lenta,offline_store,dry_grocery,1,gold,club_price,6,8750,1250,6138,313,200,849,0,0,0,,
LENTA-00464,2026-03-05,siberia,novosibirsk,GIPER-07,Giper Lenta,offline_store,dry_grocery,1,gold,club_price,2,8750,1250,6138,313,200,849,0,0,0,,
LENTA-00465,2026-03-08,siberia,novosibirsk,GIPER-07,Giper Lenta,offline_store,dry_grocery,1,gold,club_price,4,8750,1250,6138,313,200,849,0,0,0,,
LENTA-00466,2026-03-11,siberia,novosibirsk,GIPER-07,Giper Lenta,offline_store,dry_grocery,1,gold,club_price,6,8750,1250,6138,313,200,849,0,0,0,,
LENTA-00467,2026-03-14,siberia,novosibirsk,GIPER-07,Giper Lenta,offline_store,dry_grocery,1,gold,club_price,2,8750,1250,6138,313,200,849,0,0,0,,
LENTA-00468,2026-03-17,siberia,novosibirsk,GIPER-07,Giper Lenta,offline_store,dry_grocery,1,gold,club_price,4,8750,1250,6138,313,200,849,0,0,0,,
LENTA-00469,2026-03-20,siberia,novosibirsk,GIPER-07,Giper Lenta,offline_store,dry_grocery,1,gold,club_price,6,8750,1250,6138,313,200,849,0,0,0,,
LENTA-00470,2026-03-23,siberia,novosibirsk,GIPER-07,Giper Lenta,offline_store,dry_grocery,1,gold,club_price,2,8750,1250,6138,313,200,849,0,0,0,,
LENTA-00471,2026-03-26,siberia,novosibirsk,GIPER-07,Giper Lenta,offline_store,dry_grocery,1,gold,club_price,4,8750,1250,6138,313,200,849,0,0,0,,
LENTA-00472,2026-03-29,siberia,novosibirsk,GIPER-07,Giper Lenta,offline_store,dry_grocery,1,gold,club_price,6,8750,1250,6138,313,200,849,0,0,0,,
LENTA-00473,2026-04-01,siberia,novosibirsk,GIPER-07,Giper Lenta,offline_store,dry_grocery,1,gold,club_price,2,8750,1250,6138,313,200,849,0,0,0,,
LENTA-00474,2026-04-04,siberia,novosibirsk,GIPER-07,Giper Lenta,offline_store,dry_grocery,1,gold,club_price,4,8750,1250,6138,313,200,849,0,0,0,,
LENTA-00475,2026-04-07,siberia,novosibirsk,GIPER-07,Giper Lenta,offline_store,dry_grocery,1,gold,club_price,6,8750,1250,6138,313,200,849,0,0,0,,
LENTA-00476,2026-04-10,siberia,novosibirsk,GIPER-07,Giper Lenta,offline_store,dry_grocery,1,gold,club_price,2,8750,1250,6138,313,200,849,0,0,0,,
LENTA-00477,2026-04-13,siberia,novosibirsk,GIPER-07,Giper Lenta,offline_store,dry_grocery,1,gold,club_price,4,8750,1250,6138,313,200,849,0,0,0,,
LENTA-00478,2026-04-16,siberia,novosibirsk,GIPER-07,Giper Lenta,offline_store,dry_grocery,1,gold,club_price,6,8750,1250,6138,313,200,849,0,0,0,,
LENTA-00479,2026-04-19,siberia,novosibirsk,GIPER-07,Giper Lenta,offline_store,dry_grocery,1,gold,club_price,2,8750,1250,6138,313,200,849,0,0,0,,
LENTA-00480,2026-04-22,siberia,novosibirsk,GIPER-07,Giper Lenta,offline_store,dry_grocery,1,gold,club_price,4,8750,1250,6138,313,200,849,0,0,0,,
LENTA-00481,2026-04-25,siberia,novosibirsk,GIPER-07,Giper Lenta,offline_store,dry_grocery,1,gold,club_price,6,8750,1250,6137,312,200,851,0,0,0,,
LENTA-00482,2026-04-28,siberia,novosibirsk,GIPER-07,Giper Lenta,offline_store,dry_grocery,1,gold,club_price,2,8750,1250,6137,312,200,851,0,0,0,,
LENTA-00483,2026-05-01,siberia,novosibirsk,GIPER-07,Giper Lenta,offline_store,dry_grocery,1,gold,club_price,4,8750,1250,6137,312,200,851,0,0,0,,
LENTA-00484,2026-05-04,siberia,novosibirsk,GIPER-07,Giper Lenta,offline_store,dry_grocery,1,gold,club_price,6,8750,1250,6137,312,200,851,0,0,0,,
LENTA-00485,2026-05-07,siberia,novosibirsk,GIPER-07,Giper Lenta,offline_store,dry_grocery,1,gold,club_price,2,8750,1250,6137,312,200,851,0,0,0,,
LENTA-00486,2026-05-10,siberia,novosibirsk,GIPER-07,Giper Lenta,offline_store,dry_grocery,1,gold,club_price,4,8750,1250,6137,312,200,851,0,0,0,,
LENTA-00487,2026-05-13,siberia,novosibirsk,GIPER-07,Giper Lenta,offline_store,dry_grocery,1,gold,club_price,6,8750,1250,6137,312,200,851,0,0,0,,
LENTA-00488,2026-05-16,siberia,novosibirsk,GIPER-07,Giper Lenta,offline_store,dry_grocery,1,gold,club_price,2,8750,1250,6137,312,200,851,0,0,0,,
LENTA-00489,2026-05-19,siberia,novosibirsk,GIPER-07,Giper Lenta,offline_store,dry_grocery,1,gold,club_price,4,8750,1250,6137,312,200,851,0,0,0,,
LENTA-00490,2026-05-22,siberia,novosibirsk,GIPER-07,Giper Lenta,offline_store,dry_grocery,1,gold,club_price,6,8750,1250,6137,312,200,851,0,0,0,,
LENTA-00491,2026-05-25,siberia,novosibirsk,GIPER-07,Giper Lenta,offline_store,dry_grocery,1,gold,club_price,2,8750,1250,6137,312,200,851,0,0,0,,
LENTA-00492,2026-05-28,siberia,novosibirsk,GIPER-07,Giper Lenta,offline_store,dry_grocery,1,gold,club_price,4,8750,1250,6137,312,200,851,0,0,0,,
LENTA-00493,2026-05-31,siberia,novosibirsk,GIPER-07,Giper Lenta,offline_store,dry_grocery,1,gold,club_price,6,8750,1250,6137,312,200,851,0,0,0,,
LENTA-00494,2026-01-03,siberia,novosibirsk,GIPER-07,Giper Lenta,offline_store,dry_grocery,1,gold,club_price,2,8750,1250,6137,312,200,851,0,0,0,,
LENTA-00495,2026-01-06,siberia,novosibirsk,GIPER-07,Giper Lenta,offline_store,dry_grocery,1,gold,club_price,4,8750,1250,6137,312,200,851,0,0,0,,
LENTA-00496,2026-01-09,siberia,novosibirsk,GIPER-07,Giper Lenta,offline_store,dry_grocery,1,gold,club_price,6,8750,1250,6137,312,200,851,0,0,0,,
LENTA-00497,2026-01-12,siberia,novosibirsk,GIPER-07,Giper Lenta,offline_store,dry_grocery,1,gold,club_price,2,8750,1250,6137,312,200,851,0,0,0,,
LENTA-00498,2026-01-15,siberia,novosibirsk,GIPER-07,Giper Lenta,offline_store,dry_grocery,1,gold,club_price,4,8750,1250,6137,312,200,851,0,0,0,,
LENTA-00499,2026-01-18,siberia,novosibirsk,GIPER-07,Giper Lenta,offline_store,dry_grocery,1,gold,club_price,6,8750,1250,6137,312,200,851,0,0,0,,
LENTA-00500,2026-01-21,siberia,novosibirsk,GIPER-07,Giper Lenta,offline_store,dry_grocery,1,gold,club_price,2,8750,1250,6137,312,200,851,0,0,0,,
LENTA-00501,2026-01-24,siberia,novosibirsk,GIPER-07,Giper Lenta,offline_store,dry_grocery,1,gold,club_price,4,8750,1250,6137,312,200,851,0,0,0,,
LENTA-00502,2026-01-27,siberia,novosibirsk,GIPER-07,Giper Lenta,offline_store,dry_grocery,1,gold,club_price,6,8750,1250,6137,312,200,851,0,0,0,,
LENTA-00503,2026-01-30,siberia,novosibirsk,GIPER-07,Giper Lenta,offline_store,dry_grocery,1,gold,club_price,2,8750,1250,6137,312,200,851,0,0,0,,
LENTA-00504,2026-02-02,siberia,novosibirsk,GIPER-07,Giper Lenta,offline_store,dry_grocery,1,gold,club_price,4,8750,1250,6137,312,200,851,0,0,0,,
LENTA-00505,2026-02-05,siberia,novosibirsk,GIPER-07,Giper Lenta,offline_store,dry_grocery,1,gold,club_price,6,8750,1250,6137,312,200,851,0,0,0,,
LENTA-00506,2026-02-08,siberia,novosibirsk,GIPER-07,Giper Lenta,offline_store,dry_grocery,1,gold,club_price,2,8750,1250,6137,312,200,851,0,0,0,,
LENTA-00507,2026-02-11,siberia,novosibirsk,GIPER-07,Giper Lenta,offline_store,dry_grocery,1,gold,club_price,4,8750,1250,6137,312,200,851,0,0,0,,
LENTA-00508,2026-02-14,siberia,novosibirsk,GIPER-07,Giper Lenta,offline_store,dry_grocery,1,gold,club_price,6,8750,1250,6137,312,200,851,0,0,0,,
LENTA-00509,2026-02-17,siberia,novosibirsk,GIPER-07,Giper Lenta,offline_store,dry_grocery,1,gold,club_price,2,8750,1250,6137,312,200,851,0,0,0,,
LENTA-00510,2026-02-20,siberia,novosibirsk,GIPER-07,Giper Lenta,offline_store,dry_grocery,1,gold,club_price,4,8750,1250,6137,312,200,851,0,0,0,,
LENTA-00511,2026-02-23,siberia,novosibirsk,GIPER-07,Giper Lenta,offline_store,dry_grocery,1,gold,club_price,6,8750,1250,6137,312,200,851,0,0,0,,
LENTA-00512,2026-02-26,siberia,novosibirsk,GIPER-07,Giper Lenta,offline_store,dry_grocery,1,gold,club_price,2,8750,1250,6137,312,200,851,0,0,0,,
LENTA-00513,2026-03-01,siberia,novosibirsk,GIPER-07,Giper Lenta,offline_store,dry_grocery,1,gold,club_price,4,8750,1250,6137,312,200,851,0,0,0,,
LENTA-00514,2026-03-04,siberia,novosibirsk,GIPER-07,Giper Lenta,offline_store,dry_grocery,1,gold,club_price,6,8750,1250,6137,312,200,851,0,0,0,,
LENTA-00515,2026-03-07,siberia,novosibirsk,GIPER-07,Giper Lenta,offline_store,dry_grocery,1,gold,club_price,2,8750,1250,6137,312,200,851,0,0,0,,
LENTA-00516,2026-03-10,siberia,novosibirsk,GIPER-07,Giper Lenta,offline_store,dry_grocery,1,gold,club_price,4,8750,1250,6137,312,200,851,0,0,0,,
LENTA-00517,2026-03-13,siberia,novosibirsk,GIPER-07,Giper Lenta,offline_store,dry_grocery,1,gold,club_price,6,8750,1250,6137,312,200,851,0,0,0,,
LENTA-00518,2026-03-16,siberia,novosibirsk,GIPER-07,Giper Lenta,offline_store,dry_grocery,1,gold,club_price,2,8750,1250,6137,312,200,851,0,0,0,,
LENTA-00519,2026-03-19,siberia,novosibirsk,GIPER-07,Giper Lenta,offline_store,dry_grocery,1,gold,club_price,4,8750,1250,6137,312,200,851,0,0,0,,
LENTA-00520,2026-03-22,siberia,novosibirsk,GIPER-07,Giper Lenta,offline_store,dry_grocery,1,gold,club_price,6,8750,1250,6137,312,200,851,0,0,0,,
LENTA-00521,2026-03-30,center,moscow,SUPER-08,Super Lenta,offline_store,fresh_fruit_veg,0,gold,club_price,6,5474,400,3811,158,211,894,1,1,1,,
LENTA-00522,2026-04-02,center,moscow,SUPER-08,Super Lenta,offline_store,fresh_fruit_veg,0,gold,club_price,2,5474,400,3811,158,211,894,1,1,0,,
LENTA-00523,2026-04-05,center,moscow,SUPER-08,Super Lenta,offline_store,fresh_fruit_veg,0,gold,club_price,4,5474,400,3811,158,211,894,1,1,0,,
LENTA-00524,2026-04-08,center,moscow,SUPER-08,Super Lenta,offline_store,fresh_fruit_veg,0,gold,club_price,6,5474,400,3811,158,211,894,1,1,0,,
LENTA-00525,2026-04-11,center,moscow,SUPER-08,Super Lenta,offline_store,fresh_fruit_veg,0,gold,club_price,2,5474,400,3811,158,211,894,1,1,0,,
LENTA-00526,2026-04-14,center,moscow,SUPER-08,Super Lenta,offline_store,fresh_fruit_veg,0,gold,club_price,4,5474,400,3811,158,211,894,1,1,0,,
LENTA-00527,2026-04-17,center,moscow,SUPER-08,Super Lenta,offline_store,fresh_fruit_veg,0,gold,club_price,6,5474,400,3811,158,211,894,1,1,0,,
LENTA-00528,2026-04-20,center,moscow,SUPER-08,Super Lenta,offline_store,fresh_fruit_veg,0,gold,club_price,2,5474,400,3811,158,211,894,1,0,0,,
LENTA-00529,2026-04-23,center,moscow,SUPER-08,Super Lenta,offline_store,fresh_fruit_veg,0,gold,club_price,4,5474,400,3811,158,211,894,1,0,0,,
LENTA-00530,2026-04-26,center,moscow,SUPER-08,Super Lenta,offline_store,fresh_fruit_veg,0,gold,club_price,6,5474,400,3811,158,211,894,1,0,0,,
LENTA-00531,2026-04-29,center,moscow,SUPER-08,Super Lenta,offline_store,fresh_fruit_veg,0,gold,club_price,2,5474,400,3811,158,211,894,1,0,0,,
LENTA-00532,2026-05-02,center,moscow,SUPER-08,Super Lenta,offline_store,fresh_fruit_veg,0,gold,club_price,4,5474,400,3811,158,211,894,1,0,0,,
LENTA-00533,2026-05-05,center,moscow,SUPER-08,Super Lenta,offline_store,fresh_fruit_veg,0,gold,club_price,6,5474,400,3811,158,211,894,1,0,0,,
LENTA-00534,2026-05-08,center,moscow,SUPER-08,Super Lenta,offline_store,fresh_fruit_veg,0,gold,club_price,2,5474,400,3811,158,211,894,1,0,0,,
LENTA-00535,2026-05-11,center,moscow,SUPER-08,Super Lenta,offline_store,fresh_fruit_veg,0,gold,club_price,4,5474,400,3811,158,211,894,1,0,0,,
LENTA-00536,2026-05-14,center,moscow,SUPER-08,Super Lenta,offline_store,fresh_fruit_veg,0,gold,club_price,6,5474,400,3811,158,211,894,1,0,0,,
LENTA-00537,2026-05-17,center,moscow,SUPER-08,Super Lenta,offline_store,fresh_fruit_veg,0,gold,club_price,2,5474,400,3811,158,211,894,1,0,0,,
LENTA-00538,2026-05-20,center,moscow,SUPER-08,Super Lenta,offline_store,fresh_fruit_veg,0,gold,club_price,4,5474,400,3811,158,211,894,1,0,0,,
LENTA-00539,2026-05-23,center,moscow,SUPER-08,Super Lenta,offline_store,fresh_fruit_veg,0,gold,club_price,6,5474,400,3811,158,211,894,0,0,0,,
LENTA-00540,2026-05-26,center,moscow,SUPER-08,Super Lenta,offline_store,fresh_fruit_veg,0,gold,club_price,2,5474,400,3811,158,211,894,0,0,0,,
LENTA-00541,2026-05-29,center,moscow,SUPER-08,Super Lenta,offline_store,fresh_fruit_veg,0,gold,club_price,4,5474,400,3811,158,211,894,0,0,0,,
LENTA-00542,2026-01-01,center,moscow,SUPER-08,Super Lenta,offline_store,fresh_fruit_veg,0,gold,club_price,6,5474,400,3811,158,211,894,0,0,0,,
LENTA-00543,2026-01-04,center,moscow,SUPER-08,Super Lenta,offline_store,fresh_fruit_veg,0,gold,club_price,2,5474,400,3811,158,211,894,0,0,0,,
LENTA-00544,2026-01-07,center,moscow,SUPER-08,Super Lenta,offline_store,fresh_fruit_veg,0,gold,club_price,4,5474,400,3811,158,211,894,0,0,0,,
LENTA-00545,2026-01-10,center,moscow,SUPER-08,Super Lenta,offline_store,fresh_fruit_veg,0,gold,club_price,6,5474,400,3811,158,211,894,0,0,0,,
LENTA-00546,2026-01-13,center,moscow,SUPER-08,Super Lenta,offline_store,fresh_fruit_veg,0,gold,club_price,2,5474,400,3811,158,211,894,0,0,0,,
LENTA-00547,2026-01-16,center,moscow,SUPER-08,Super Lenta,offline_store,fresh_fruit_veg,0,gold,club_price,4,5474,400,3811,158,211,894,0,0,0,,
LENTA-00548,2026-01-19,center,moscow,SUPER-08,Super Lenta,offline_store,fresh_fruit_veg,0,gold,club_price,6,5474,400,3811,158,211,894,0,0,0,,
LENTA-00549,2026-01-22,center,moscow,SUPER-08,Super Lenta,offline_store,fresh_fruit_veg,0,gold,club_price,2,5474,400,3811,158,211,894,0,0,0,,
LENTA-00550,2026-01-25,center,moscow,SUPER-08,Super Lenta,offline_store,fresh_fruit_veg,0,gold,club_price,4,5474,400,3811,158,211,894,0,0,0,,
LENTA-00551,2026-01-28,center,moscow,SUPER-08,Super Lenta,offline_store,fresh_fruit_veg,0,gold,club_price,6,5474,400,3811,158,211,894,0,0,0,,
LENTA-00552,2026-01-31,center,moscow,SUPER-08,Super Lenta,offline_store,fresh_fruit_veg,0,gold,club_price,2,5474,400,3811,158,211,894,0,0,0,,
LENTA-00553,2026-02-03,center,moscow,SUPER-08,Super Lenta,offline_store,fresh_fruit_veg,0,gold,club_price,4,5474,400,3811,158,211,894,0,0,0,,
LENTA-00554,2026-02-06,center,moscow,SUPER-08,Super Lenta,offline_store,fresh_fruit_veg,0,gold,club_price,6,5474,400,3811,158,211,894,0,0,0,,
LENTA-00555,2026-02-09,center,moscow,SUPER-08,Super Lenta,offline_store,fresh_fruit_veg,0,gold,club_price,2,5474,400,3811,158,211,894,0,0,0,,
LENTA-00556,2026-02-12,center,moscow,SUPER-08,Super Lenta,offline_store,fresh_fruit_veg,0,gold,club_price,4,5474,400,3811,158,211,894,0,0,0,,
LENTA-00557,2026-02-15,center,moscow,SUPER-08,Super Lenta,offline_store,fresh_fruit_veg,0,gold,club_price,6,5474,400,3811,158,211,894,0,0,0,,
LENTA-00558,2026-02-18,center,moscow,SUPER-08,Super Lenta,offline_store,fresh_fruit_veg,0,gold,club_price,2,5474,400,3811,158,211,894,0,0,0,,
LENTA-00559,2026-02-21,center,moscow,SUPER-08,Super Lenta,offline_store,fresh_fruit_veg,0,gold,club_price,4,5474,400,3811,158,211,894,0,0,0,,
LENTA-00560,2026-02-24,center,moscow,SUPER-08,Super Lenta,offline_store,fresh_fruit_veg,0,gold,club_price,6,5474,400,3811,158,211,894,0,0,0,,
LENTA-00561,2026-02-27,center,moscow,SUPER-08,Super Lenta,offline_store,fresh_fruit_veg,0,gold,club_price,2,5474,400,3811,158,211,894,0,0,0,,
LENTA-00562,2026-03-02,center,moscow,SUPER-08,Super Lenta,offline_store,fresh_fruit_veg,0,gold,club_price,4,5474,400,3811,158,211,894,0,0,0,,
LENTA-00563,2026-03-05,center,moscow,SUPER-08,Super Lenta,offline_store,fresh_fruit_veg,0,gold,club_price,6,5474,400,3811,158,211,894,0,0,0,,
LENTA-00564,2026-03-08,center,moscow,SUPER-08,Super Lenta,offline_store,fresh_fruit_veg,0,gold,club_price,2,5474,400,3811,158,211,894,0,0,0,,
LENTA-00565,2026-03-11,center,moscow,SUPER-08,Super Lenta,offline_store,fresh_fruit_veg,0,gold,club_price,4,5474,400,3811,158,211,894,0,0,0,,
LENTA-00566,2026-03-14,center,moscow,SUPER-08,Super Lenta,offline_store,fresh_fruit_veg,0,gold,club_price,6,5474,400,3811,158,211,894,0,0,0,,
LENTA-00567,2026-03-17,center,moscow,SUPER-08,Super Lenta,offline_store,fresh_fruit_veg,0,gold,club_price,2,5474,400,3811,158,211,894,0,0,0,,
LENTA-00568,2026-03-20,center,moscow,SUPER-08,Super Lenta,offline_store,fresh_fruit_veg,0,gold,club_price,4,5474,400,3811,158,211,894,0,0,0,,
LENTA-00569,2026-03-23,center,moscow,SUPER-08,Super Lenta,offline_store,fresh_fruit_veg,0,gold,club_price,6,5474,400,3811,158,211,894,0,0,0,,
LENTA-00570,2026-03-26,center,moscow,SUPER-08,Super Lenta,offline_store,fresh_fruit_veg,0,gold,club_price,2,5474,400,3811,158,211,894,0,0,0,,
LENTA-00571,2026-03-29,center,moscow,SUPER-08,Super Lenta,offline_store,fresh_fruit_veg,0,gold,club_price,4,5474,400,3810,158,210,896,0,0,0,,
LENTA-00572,2026-04-01,center,moscow,SUPER-08,Super Lenta,offline_store,fresh_fruit_veg,0,gold,club_price,6,5474,400,3810,158,210,896,0,0,0,,
LENTA-00573,2026-04-04,center,moscow,SUPER-08,Super Lenta,offline_store,fresh_fruit_veg,0,gold,club_price,2,5474,400,3810,158,210,896,0,0,0,,
LENTA-00574,2026-04-07,center,moscow,SUPER-08,Super Lenta,offline_store,fresh_fruit_veg,0,gold,club_price,4,5474,400,3810,158,210,896,0,0,0,,
LENTA-00575,2026-04-10,center,moscow,SUPER-08,Super Lenta,offline_store,fresh_fruit_veg,0,gold,club_price,6,5474,400,3810,158,210,896,0,0,0,,
LENTA-00576,2026-04-13,center,moscow,SUPER-08,Super Lenta,offline_store,fresh_fruit_veg,0,gold,club_price,2,5474,400,3810,158,210,896,0,0,0,,
LENTA-00577,2026-04-16,center,moscow,SUPER-08,Super Lenta,offline_store,fresh_fruit_veg,0,gold,club_price,4,5474,400,3810,158,210,896,0,0,0,,
LENTA-00578,2026-04-19,center,moscow,SUPER-08,Super Lenta,offline_store,fresh_fruit_veg,0,gold,club_price,6,5474,400,3810,158,210,896,0,0,0,,
LENTA-00579,2026-04-22,center,moscow,SUPER-08,Super Lenta,offline_store,fresh_fruit_veg,0,gold,club_price,2,5474,400,3810,158,210,896,0,0,0,,
LENTA-00580,2026-04-25,center,moscow,SUPER-08,Super Lenta,offline_store,fresh_fruit_veg,0,gold,club_price,4,5474,400,3810,158,210,896,0,0,0,,
LENTA-00581,2026-04-28,center,moscow,SUPER-08,Super Lenta,offline_store,fresh_fruit_veg,0,gold,club_price,6,5474,400,3810,158,210,896,0,0,0,,
LENTA-00582,2026-05-01,center,moscow,SUPER-08,Super Lenta,offline_store,fresh_fruit_veg,0,gold,club_price,2,5474,400,3810,158,210,896,0,0,0,,
LENTA-00583,2026-05-04,center,moscow,SUPER-08,Super Lenta,offline_store,fresh_fruit_veg,0,gold,club_price,4,5474,400,3810,158,210,896,0,0,0,,
LENTA-00584,2026-05-07,center,moscow,SUPER-08,Super Lenta,offline_store,fresh_fruit_veg,0,gold,club_price,6,5474,400,3810,158,210,896,0,0,0,,
LENTA-00585,2026-05-10,center,moscow,SUPER-08,Super Lenta,offline_store,fresh_fruit_veg,0,gold,club_price,2,5474,400,3810,158,210,896,0,0,0,,
LENTA-00586,2026-05-13,center,moscow,SUPER-08,Super Lenta,offline_store,fresh_fruit_veg,0,gold,club_price,4,5473,400,3810,158,210,895,0,0,0,,
LENTA-00587,2026-05-16,center,moscow,SUPER-08,Super Lenta,offline_store,fresh_fruit_veg,0,gold,club_price,6,5473,400,3810,158,210,895,0,0,0,,
LENTA-00588,2026-05-19,center,moscow,SUPER-08,Super Lenta,offline_store,fresh_fruit_veg,0,gold,club_price,2,5473,400,3810,158,210,895,0,0,0,,
LENTA-00589,2026-05-22,center,moscow,SUPER-08,Super Lenta,offline_store,fresh_fruit_veg,0,gold,club_price,4,5473,400,3810,158,210,895,0,0,0,,
LENTA-00590,2026-05-25,center,moscow,SUPER-08,Super Lenta,offline_store,fresh_fruit_veg,0,gold,club_price,6,5473,400,3810,158,210,895,0,0,0,,
LENTA-00591,2026-05-28,center,moscow,SUPER-08,Super Lenta,offline_store,fresh_fruit_veg,0,gold,club_price,2,5473,400,3810,158,210,895,0,0,0,,
LENTA-00592,2026-05-31,center,moscow,SUPER-08,Super Lenta,offline_store,fresh_fruit_veg,0,gold,club_price,4,5473,400,3810,158,210,895,0,0,0,,
LENTA-00593,2026-01-03,center,moscow,SUPER-08,Super Lenta,offline_store,fresh_fruit_veg,0,gold,club_price,6,5473,400,3810,158,210,895,0,0,0,,
LENTA-00594,2026-01-06,center,moscow,SUPER-08,Super Lenta,offline_store,fresh_fruit_veg,0,gold,club_price,2,5473,400,3810,158,210,895,0,0,0,,
LENTA-00595,2026-01-09,center,moscow,SUPER-08,Super Lenta,offline_store,fresh_fruit_veg,0,gold,club_price,4,5473,400,3810,158,210,895,0,0,0,,
LENTA-00596,2026-01-12,center,moscow,SUPER-08,Super Lenta,offline_store,fresh_fruit_veg,0,gold,club_price,6,5473,400,3810,158,210,895,0,0,0,,
LENTA-00597,2026-01-15,center,moscow,SUPER-08,Super Lenta,offline_store,fresh_fruit_veg,0,gold,club_price,2,5473,400,3810,158,210,895,0,0,0,,
LENTA-00598,2026-01-18,center,moscow,SUPER-08,Super Lenta,offline_store,fresh_fruit_veg,0,gold,club_price,4,5473,400,3810,158,210,895,0,0,0,,
LENTA-00599,2026-01-21,center,moscow,SUPER-08,Super Lenta,offline_store,fresh_fruit_veg,0,gold,club_price,6,5473,400,3810,158,210,895,0,0,0,,
LENTA-00600,2026-01-24,center,moscow,SUPER-08,Super Lenta,offline_store,fresh_fruit_veg,0,gold,club_price,2,5473,400,3810,158,210,895,0,0,0,,
LENTA-00601,2026-01-27,center,moscow,SUPER-08,Super Lenta,offline_store,fresh_fruit_veg,0,gold,club_price,4,5473,400,3810,158,210,895,0,0,0,,
LENTA-00602,2026-01-30,center,moscow,SUPER-08,Super Lenta,offline_store,fresh_fruit_veg,0,gold,club_price,6,5473,400,3810,158,210,895,0,0,0,,
LENTA-00603,2026-02-02,center,moscow,SUPER-08,Super Lenta,offline_store,fresh_fruit_veg,0,gold,club_price,2,5473,400,3810,158,210,895,0,0,0,,
LENTA-00604,2026-02-05,center,moscow,SUPER-08,Super Lenta,offline_store,fresh_fruit_veg,0,gold,club_price,4,5473,400,3810,158,210,895,0,0,0,,
LENTA-00605,2026-02-08,center,moscow,SUPER-08,Super Lenta,offline_store,fresh_fruit_veg,0,gold,club_price,6,5473,400,3810,158,210,895,0,0,0,,
LENTA-00606,2026-02-11,center,moscow,SUPER-08,Super Lenta,offline_store,fresh_fruit_veg,0,gold,club_price,2,5473,400,3810,157,210,896,0,0,0,,
LENTA-00607,2026-02-14,center,moscow,SUPER-08,Super Lenta,offline_store,fresh_fruit_veg,0,gold,club_price,4,5473,400,3810,157,210,896,0,0,0,,
LENTA-00608,2026-02-17,center,moscow,SUPER-08,Super Lenta,offline_store,fresh_fruit_veg,0,gold,club_price,6,5473,400,3810,157,210,896,0,0,0,,
LENTA-00609,2026-02-20,center,moscow,SUPER-08,Super Lenta,offline_store,fresh_fruit_veg,0,gold,club_price,2,5473,400,3810,157,210,896,0,0,0,,
LENTA-00610,2026-02-23,center,moscow,SUPER-08,Super Lenta,offline_store,fresh_fruit_veg,0,gold,club_price,4,5473,400,3810,157,210,896,0,0,0,,
LENTA-00611,2026-02-26,center,moscow,SUPER-08,Super Lenta,offline_store,fresh_fruit_veg,0,gold,club_price,6,5473,400,3810,157,210,896,0,0,0,,
LENTA-00612,2026-03-01,center,moscow,SUPER-08,Super Lenta,offline_store,fresh_fruit_veg,0,gold,club_price,2,5473,400,3810,157,210,896,0,0,0,,
LENTA-00613,2026-03-04,center,moscow,SUPER-08,Super Lenta,offline_store,fresh_fruit_veg,0,gold,club_price,4,5473,400,3810,157,210,896,0,0,0,,
LENTA-00614,2026-03-07,center,moscow,SUPER-08,Super Lenta,offline_store,fresh_fruit_veg,0,gold,club_price,6,5473,400,3810,157,210,896,0,0,0,,
LENTA-00615,2026-03-10,center,moscow,SUPER-08,Super Lenta,offline_store,fresh_fruit_veg,0,gold,club_price,2,5473,400,3810,157,210,896,0,0,0,,
LENTA-00616,2026-03-18,center,moscow,SUPER-09,Super Lenta,offline_store,dairy,1,gold,club_price,5,4556,389,2945,134,67,1021,1,1,0,,
LENTA-00617,2026-03-21,center,moscow,SUPER-09,Super Lenta,offline_store,dairy,1,gold,club_price,1,4556,389,2945,134,67,1021,1,1,0,,
LENTA-00618,2026-03-24,center,moscow,SUPER-09,Super Lenta,offline_store,dairy,1,gold,club_price,3,4556,389,2945,134,67,1021,1,0,0,,
LENTA-00619,2026-03-27,center,moscow,SUPER-09,Super Lenta,offline_store,dairy,1,gold,club_price,5,4556,389,2945,134,67,1021,1,0,0,,
LENTA-00620,2026-03-30,center,moscow,SUPER-09,Super Lenta,offline_store,dairy,1,gold,club_price,1,4556,389,2945,134,67,1021,1,0,0,,
LENTA-00621,2026-04-02,center,moscow,SUPER-09,Super Lenta,offline_store,dairy,1,gold,club_price,3,4556,389,2945,134,67,1021,1,0,0,,
LENTA-00622,2026-04-05,center,moscow,SUPER-09,Super Lenta,offline_store,dairy,1,gold,club_price,5,4556,389,2945,134,67,1021,1,0,0,,
LENTA-00623,2026-04-08,center,moscow,SUPER-09,Super Lenta,offline_store,dairy,1,gold,club_price,1,4556,389,2945,134,67,1021,0,0,0,,
LENTA-00624,2026-04-11,center,moscow,SUPER-09,Super Lenta,offline_store,dairy,1,gold,club_price,3,4556,389,2945,134,67,1021,0,0,0,,
LENTA-00625,2026-04-14,center,moscow,SUPER-09,Super Lenta,offline_store,dairy,1,gold,club_price,5,4556,389,2945,134,67,1021,0,0,0,,
LENTA-00626,2026-04-17,center,moscow,SUPER-09,Super Lenta,offline_store,dairy,1,gold,club_price,1,4556,389,2945,134,67,1021,0,0,0,,
LENTA-00627,2026-04-20,center,moscow,SUPER-09,Super Lenta,offline_store,dairy,1,gold,club_price,3,4556,389,2945,134,67,1021,0,0,0,,
LENTA-00628,2026-04-23,center,moscow,SUPER-09,Super Lenta,offline_store,dairy,1,gold,club_price,5,4556,389,2945,134,67,1021,0,0,0,,
LENTA-00629,2026-04-26,center,moscow,SUPER-09,Super Lenta,offline_store,dairy,1,gold,club_price,1,4556,389,2945,134,67,1021,0,0,0,,
LENTA-00630,2026-04-29,center,moscow,SUPER-09,Super Lenta,offline_store,dairy,1,gold,club_price,3,4556,389,2945,134,67,1021,0,0,0,,
LENTA-00631,2026-05-02,center,moscow,SUPER-09,Super Lenta,offline_store,dairy,1,gold,club_price,5,4556,389,2945,134,67,1021,0,0,0,,
LENTA-00632,2026-05-05,center,moscow,SUPER-09,Super Lenta,offline_store,dairy,1,gold,club_price,1,4556,389,2945,134,67,1021,0,0,0,,
LENTA-00633,2026-05-08,center,moscow,SUPER-09,Super Lenta,offline_store,dairy,1,gold,club_price,3,4556,389,2945,134,67,1021,0,0,0,,
LENTA-00634,2026-05-11,center,moscow,SUPER-09,Super Lenta,offline_store,dairy,1,gold,club_price,5,4556,389,2945,134,67,1021,0,0,0,,
LENTA-00635,2026-05-14,center,moscow,SUPER-09,Super Lenta,offline_store,dairy,1,gold,club_price,1,4556,389,2945,134,67,1021,0,0,0,,
LENTA-00636,2026-05-17,center,moscow,SUPER-09,Super Lenta,offline_store,dairy,1,gold,club_price,3,4556,389,2945,134,67,1021,0,0,0,,
LENTA-00637,2026-05-20,center,moscow,SUPER-09,Super Lenta,offline_store,dairy,1,gold,club_price,5,4556,389,2945,134,67,1021,0,0,0,,
LENTA-00638,2026-05-23,center,moscow,SUPER-09,Super Lenta,offline_store,dairy,1,gold,club_price,1,4556,389,2945,134,67,1021,0,0,0,,
LENTA-00639,2026-05-26,center,moscow,SUPER-09,Super Lenta,offline_store,dairy,1,gold,club_price,3,4556,389,2945,134,67,1021,0,0,0,,
LENTA-00640,2026-05-29,center,moscow,SUPER-09,Super Lenta,offline_store,dairy,1,gold,club_price,5,4556,389,2945,134,67,1021,0,0,0,,
LENTA-00641,2026-01-01,center,moscow,SUPER-09,Super Lenta,offline_store,dairy,1,gold,club_price,1,4556,389,2945,134,67,1021,0,0,0,,
LENTA-00642,2026-01-04,center,moscow,SUPER-09,Super Lenta,offline_store,dairy,1,gold,club_price,3,4556,389,2945,134,67,1021,0,0,0,,
LENTA-00643,2026-01-07,center,moscow,SUPER-09,Super Lenta,offline_store,dairy,1,gold,club_price,5,4556,389,2945,134,67,1021,0,0,0,,
LENTA-00644,2026-01-10,center,moscow,SUPER-09,Super Lenta,offline_store,dairy,1,gold,club_price,1,4556,389,2945,134,67,1021,0,0,0,,
LENTA-00645,2026-01-13,center,moscow,SUPER-09,Super Lenta,offline_store,dairy,1,gold,club_price,3,4556,389,2945,134,67,1021,0,0,0,,
LENTA-00646,2026-01-16,center,moscow,SUPER-09,Super Lenta,offline_store,dairy,1,gold,club_price,5,4556,389,2945,133,67,1022,0,0,0,,
LENTA-00647,2026-01-19,center,moscow,SUPER-09,Super Lenta,offline_store,dairy,1,gold,club_price,1,4556,389,2945,133,67,1022,0,0,0,,
LENTA-00648,2026-01-22,center,moscow,SUPER-09,Super Lenta,offline_store,dairy,1,gold,club_price,3,4556,389,2945,133,67,1022,0,0,0,,
LENTA-00649,2026-01-25,center,moscow,SUPER-09,Super Lenta,offline_store,dairy,1,gold,club_price,5,4556,389,2945,133,67,1022,0,0,0,,
LENTA-00650,2026-01-28,center,moscow,SUPER-09,Super Lenta,offline_store,dairy,1,gold,club_price,1,4556,389,2945,133,67,1022,0,0,0,,
LENTA-00651,2026-01-31,center,moscow,SUPER-09,Super Lenta,offline_store,dairy,1,gold,club_price,3,4556,389,2945,133,67,1022,0,0,0,,
LENTA-00652,2026-02-03,center,moscow,SUPER-09,Super Lenta,offline_store,dairy,1,gold,club_price,5,4556,389,2945,133,67,1022,0,0,0,,
LENTA-00653,2026-02-06,center,moscow,SUPER-09,Super Lenta,offline_store,dairy,1,gold,club_price,1,4556,389,2945,133,67,1022,0,0,0,,
LENTA-00654,2026-02-09,center,moscow,SUPER-09,Super Lenta,offline_store,dairy,1,gold,club_price,3,4556,389,2945,133,67,1022,0,0,0,,
LENTA-00655,2026-02-12,center,moscow,SUPER-09,Super Lenta,offline_store,dairy,1,gold,club_price,5,4556,389,2945,133,67,1022,0,0,0,,
LENTA-00656,2026-02-15,center,moscow,SUPER-09,Super Lenta,offline_store,dairy,1,gold,club_price,1,4556,389,2944,133,67,1023,0,0,0,,
LENTA-00657,2026-02-18,center,moscow,SUPER-09,Super Lenta,offline_store,dairy,1,gold,club_price,3,4556,389,2944,133,67,1023,0,0,0,,
LENTA-00658,2026-02-21,center,moscow,SUPER-09,Super Lenta,offline_store,dairy,1,gold,club_price,5,4556,389,2944,133,67,1023,0,0,0,,
LENTA-00659,2026-02-24,center,moscow,SUPER-09,Super Lenta,offline_store,dairy,1,gold,club_price,1,4556,389,2944,133,67,1023,0,0,0,,
LENTA-00660,2026-02-27,center,moscow,SUPER-09,Super Lenta,offline_store,dairy,1,gold,club_price,3,4556,389,2944,133,67,1023,0,0,0,,
LENTA-00661,2026-03-02,center,moscow,SUPER-09,Super Lenta,offline_store,dairy,1,gold,club_price,5,4556,389,2944,133,67,1023,0,0,0,,
LENTA-00662,2026-03-05,center,moscow,SUPER-09,Super Lenta,offline_store,dairy,1,gold,club_price,1,4556,389,2944,133,67,1023,0,0,0,,
LENTA-00663,2026-03-08,center,moscow,SUPER-09,Super Lenta,offline_store,dairy,1,gold,club_price,3,4556,389,2944,133,67,1023,0,0,0,,
LENTA-00664,2026-03-11,center,moscow,SUPER-09,Super Lenta,offline_store,dairy,1,gold,club_price,5,4556,389,2944,133,67,1023,0,0,0,,
LENTA-00665,2026-03-14,center,moscow,SUPER-09,Super Lenta,offline_store,dairy,1,gold,club_price,1,4556,389,2944,133,67,1023,0,0,0,,
LENTA-00666,2026-03-17,center,moscow,SUPER-09,Super Lenta,offline_store,dairy,1,gold,club_price,3,4555,389,2944,133,67,1022,0,0,0,,
LENTA-00667,2026-03-20,center,moscow,SUPER-09,Super Lenta,offline_store,dairy,1,gold,club_price,5,4555,389,2944,133,67,1022,0,0,0,,
LENTA-00668,2026-03-23,center,moscow,SUPER-09,Super Lenta,offline_store,dairy,1,gold,club_price,1,4555,389,2944,133,67,1022,0,0,0,,
LENTA-00669,2026-03-26,center,moscow,SUPER-09,Super Lenta,offline_store,dairy,1,gold,club_price,3,4555,389,2944,133,67,1022,0,0,0,,
LENTA-00670,2026-03-29,center,moscow,SUPER-09,Super Lenta,offline_store,dairy,1,gold,club_price,5,4555,389,2944,133,67,1022,0,0,0,,
LENTA-00671,2026-04-01,center,moscow,SUPER-09,Super Lenta,offline_store,dairy,1,gold,club_price,1,4555,389,2944,133,67,1022,0,0,0,,
LENTA-00672,2026-04-04,center,moscow,SUPER-09,Super Lenta,offline_store,dairy,1,gold,club_price,3,4555,389,2944,133,67,1022,0,0,0,,
LENTA-00673,2026-04-07,center,moscow,SUPER-09,Super Lenta,offline_store,dairy,1,gold,club_price,5,4555,389,2944,133,67,1022,0,0,0,,
LENTA-00674,2026-04-10,center,moscow,SUPER-09,Super Lenta,offline_store,dairy,1,gold,club_price,1,4555,389,2944,133,67,1022,0,0,0,,
LENTA-00675,2026-04-13,center,moscow,SUPER-09,Super Lenta,offline_store,dairy,1,gold,club_price,3,4555,389,2944,133,67,1022,0,0,0,,
LENTA-00676,2026-04-16,center,moscow,SUPER-09,Super Lenta,offline_store,dairy,1,gold,club_price,5,4555,389,2944,133,66,1023,0,0,0,,
LENTA-00677,2026-04-19,center,moscow,SUPER-09,Super Lenta,offline_store,dairy,1,gold,club_price,1,4555,389,2944,133,66,1023,0,0,0,,
LENTA-00678,2026-04-22,center,moscow,SUPER-09,Super Lenta,offline_store,dairy,1,gold,club_price,3,4555,389,2944,133,66,1023,0,0,0,,
LENTA-00679,2026-04-25,center,moscow,SUPER-09,Super Lenta,offline_store,dairy,1,gold,club_price,5,4555,389,2944,133,66,1023,0,0,0,,
LENTA-00680,2026-04-28,center,moscow,SUPER-09,Super Lenta,offline_store,dairy,1,gold,club_price,1,4555,389,2944,133,66,1023,0,0,0,,
LENTA-00681,2026-05-01,center,moscow,SUPER-09,Super Lenta,offline_store,dairy,1,gold,club_price,3,4555,389,2944,133,66,1023,0,0,0,,
LENTA-00682,2026-05-04,center,moscow,SUPER-09,Super Lenta,offline_store,dairy,1,gold,club_price,5,4555,389,2944,133,66,1023,0,0,0,,
LENTA-00683,2026-05-07,center,moscow,SUPER-09,Super Lenta,offline_store,dairy,1,gold,club_price,1,4555,389,2944,133,66,1023,0,0,0,,
LENTA-00684,2026-05-10,center,moscow,SUPER-09,Super Lenta,offline_store,dairy,1,gold,club_price,3,4555,389,2944,133,66,1023,0,0,0,,
LENTA-00685,2026-05-13,center,moscow,SUPER-09,Super Lenta,offline_store,dairy,1,gold,club_price,5,4555,389,2944,133,66,1023,0,0,0,,
LENTA-00686,2026-05-16,center,moscow,SUPER-09,Super Lenta,offline_store,dairy,1,gold,club_price,1,4555,389,2944,133,66,1023,0,0,0,,
LENTA-00687,2026-05-19,center,moscow,SUPER-09,Super Lenta,offline_store,dairy,1,gold,club_price,3,4555,389,2944,133,66,1023,0,0,0,,
LENTA-00688,2026-05-22,center,moscow,SUPER-09,Super Lenta,offline_store,dairy,1,gold,club_price,5,4555,389,2944,133,66,1023,0,0,0,,
LENTA-00689,2026-05-25,center,moscow,SUPER-09,Super Lenta,offline_store,dairy,1,gold,club_price,1,4555,389,2944,133,66,1023,0,0,0,,
LENTA-00690,2026-05-28,center,moscow,SUPER-09,Super Lenta,offline_store,dairy,1,gold,club_price,3,4555,389,2944,133,66,1023,0,0,0,,
LENTA-00691,2026-05-31,center,moscow,SUPER-09,Super Lenta,offline_store,dairy,1,gold,club_price,5,4555,389,2944,133,66,1023,0,0,0,,
LENTA-00692,2026-01-03,center,moscow,SUPER-09,Super Lenta,offline_store,dairy,1,gold,club_price,1,4555,389,2944,133,66,1023,0,0,0,,
LENTA-00693,2026-01-06,center,moscow,SUPER-09,Super Lenta,offline_store,dairy,1,gold,club_price,3,4555,389,2944,133,66,1023,0,0,0,,
LENTA-00694,2026-01-09,center,moscow,SUPER-09,Super Lenta,offline_store,dairy,1,gold,club_price,5,4555,389,2944,133,66,1023,0,0,0,,
LENTA-00695,2026-01-12,center,moscow,SUPER-09,Super Lenta,offline_store,dairy,1,gold,club_price,1,4555,389,2944,133,66,1023,0,0,0,,
LENTA-00696,2026-01-15,center,moscow,SUPER-09,Super Lenta,offline_store,dairy,1,gold,club_price,3,4555,388,2944,133,66,1024,0,0,0,,
LENTA-00697,2026-01-18,center,moscow,SUPER-09,Super Lenta,offline_store,dairy,1,gold,club_price,5,4555,388,2944,133,66,1024,0,0,0,,
LENTA-00698,2026-01-21,center,moscow,SUPER-09,Super Lenta,offline_store,dairy,1,gold,club_price,1,4555,388,2944,133,66,1024,0,0,0,,
LENTA-00699,2026-01-24,center,moscow,SUPER-09,Super Lenta,offline_store,dairy,1,gold,club_price,3,4555,388,2944,133,66,1024,0,0,0,,
LENTA-00700,2026-01-27,center,moscow,SUPER-09,Super Lenta,offline_store,dairy,1,gold,club_price,5,4555,388,2944,133,66,1024,0,0,0,,
LENTA-00701,2026-01-30,center,moscow,SUPER-09,Super Lenta,offline_store,dairy,1,gold,club_price,1,4555,388,2944,133,66,1024,0,0,0,,
LENTA-00702,2026-02-02,center,moscow,SUPER-09,Super Lenta,offline_store,dairy,1,gold,club_price,3,4555,388,2944,133,66,1024,0,0,0,,
LENTA-00703,2026-02-05,center,moscow,SUPER-09,Super Lenta,offline_store,dairy,1,gold,club_price,5,4555,388,2944,133,66,1024,0,0,0,,
LENTA-00704,2026-02-08,center,moscow,SUPER-09,Super Lenta,offline_store,dairy,1,gold,club_price,1,4555,388,2944,133,66,1024,0,0,0,,
LENTA-00705,2026-02-11,center,moscow,SUPER-09,Super Lenta,offline_store,dairy,1,gold,club_price,3,4555,388,2944,133,66,1024,0,0,0,,
LENTA-00706,2026-02-19,northwest,spb,SUPER-01,Super Lenta,offline_store,ready_food,1,silver,markdown_evening,5,4858,358,3572,172,258,498,1,1,1,,
LENTA-00707,2026-02-22,northwest,spb,SUPER-01,Super Lenta,offline_store,ready_food,1,silver,markdown_evening,1,4858,358,3572,172,258,498,1,1,1,,
LENTA-00708,2026-02-25,northwest,spb,SUPER-01,Super Lenta,offline_store,ready_food,1,silver,markdown_evening,3,4858,358,3572,172,258,498,1,1,1,,
LENTA-00709,2026-02-28,northwest,spb,SUPER-01,Super Lenta,offline_store,ready_food,1,silver,markdown_evening,5,4858,358,3572,172,258,498,1,1,0,,
LENTA-00710,2026-03-03,northwest,spb,SUPER-01,Super Lenta,offline_store,ready_food,1,silver,markdown_evening,1,4858,358,3572,172,258,498,1,1,0,,
LENTA-00711,2026-03-06,northwest,spb,SUPER-01,Super Lenta,offline_store,ready_food,1,silver,markdown_evening,3,4858,358,3572,172,258,498,1,1,0,,
LENTA-00712,2026-03-09,northwest,spb,SUPER-01,Super Lenta,offline_store,ready_food,1,silver,markdown_evening,5,4858,358,3572,172,258,498,1,1,0,,
LENTA-00713,2026-03-12,northwest,spb,SUPER-01,Super Lenta,offline_store,ready_food,1,silver,markdown_evening,1,4858,358,3572,172,258,498,1,1,0,,
LENTA-00714,2026-03-15,northwest,spb,SUPER-01,Super Lenta,offline_store,ready_food,1,silver,markdown_evening,3,4858,358,3572,172,258,498,1,1,0,,
LENTA-00715,2026-03-18,northwest,spb,SUPER-01,Super Lenta,offline_store,ready_food,1,silver,markdown_evening,5,4858,358,3572,172,258,498,1,1,0,,
LENTA-00716,2026-03-21,northwest,spb,SUPER-01,Super Lenta,offline_store,ready_food,1,silver,markdown_evening,1,4857,357,3572,172,257,499,1,1,0,,
LENTA-00717,2026-03-24,northwest,spb,SUPER-01,Super Lenta,offline_store,ready_food,1,silver,markdown_evening,3,4857,357,3572,172,257,499,1,1,0,,
LENTA-00718,2026-03-27,northwest,spb,SUPER-01,Super Lenta,offline_store,ready_food,1,silver,markdown_evening,5,4857,357,3572,172,257,499,1,0,0,,
LENTA-00719,2026-03-30,northwest,spb,SUPER-01,Super Lenta,offline_store,ready_food,1,silver,markdown_evening,1,4857,357,3572,172,257,499,1,0,0,,
LENTA-00720,2026-04-02,northwest,spb,SUPER-01,Super Lenta,offline_store,ready_food,1,silver,markdown_evening,3,4857,357,3572,172,257,499,1,0,0,,
LENTA-00721,2026-04-05,northwest,spb,SUPER-01,Super Lenta,offline_store,ready_food,1,silver,markdown_evening,5,4857,357,3572,172,257,499,1,0,0,,
LENTA-00722,2026-04-08,northwest,spb,SUPER-01,Super Lenta,offline_store,ready_food,1,silver,markdown_evening,1,4857,357,3572,172,257,499,0,0,0,,
LENTA-00723,2026-04-11,northwest,spb,SUPER-01,Super Lenta,offline_store,ready_food,1,silver,markdown_evening,3,4857,357,3572,172,257,499,0,0,0,,
LENTA-00724,2026-04-14,northwest,spb,SUPER-01,Super Lenta,offline_store,ready_food,1,silver,markdown_evening,5,4857,357,3572,172,257,499,0,0,0,,
LENTA-00725,2026-04-17,northwest,spb,SUPER-01,Super Lenta,offline_store,ready_food,1,silver,markdown_evening,1,4857,357,3572,172,257,499,0,0,0,,
LENTA-00726,2026-04-20,northwest,spb,SUPER-01,Super Lenta,offline_store,ready_food,1,silver,markdown_evening,3,4857,357,3572,172,257,499,0,0,0,,
LENTA-00727,2026-04-23,northwest,spb,SUPER-01,Super Lenta,offline_store,ready_food,1,silver,markdown_evening,5,4857,357,3572,172,257,499,0,0,0,,
LENTA-00728,2026-04-26,northwest,spb,SUPER-01,Super Lenta,offline_store,ready_food,1,silver,markdown_evening,1,4857,357,3572,172,257,499,0,0,0,,
LENTA-00729,2026-04-29,northwest,spb,SUPER-01,Super Lenta,offline_store,ready_food,1,silver,markdown_evening,3,4857,357,3572,172,257,499,0,0,0,,
LENTA-00730,2026-05-02,northwest,spb,SUPER-01,Super Lenta,offline_store,ready_food,1,silver,markdown_evening,5,4857,357,3572,172,257,499,0,0,0,,
LENTA-00731,2026-05-05,northwest,spb,SUPER-01,Super Lenta,offline_store,ready_food,1,silver,markdown_evening,1,4857,357,3572,172,257,499,0,0,0,,
LENTA-00732,2026-05-08,northwest,spb,SUPER-01,Super Lenta,offline_store,ready_food,1,silver,markdown_evening,3,4857,357,3572,172,257,499,0,0,0,,
LENTA-00733,2026-05-11,northwest,spb,SUPER-01,Super Lenta,offline_store,ready_food,1,silver,markdown_evening,5,4857,357,3572,172,257,499,0,0,0,,
LENTA-00734,2026-05-14,northwest,spb,SUPER-01,Super Lenta,offline_store,ready_food,1,silver,markdown_evening,1,4857,357,3572,172,257,499,0,0,0,,
LENTA-00735,2026-05-17,northwest,spb,SUPER-01,Super Lenta,offline_store,ready_food,1,silver,markdown_evening,3,4857,357,3572,172,257,499,0,0,0,,
LENTA-00736,2026-05-20,northwest,spb,SUPER-01,Super Lenta,offline_store,ready_food,1,silver,markdown_evening,5,4857,357,3571,171,257,501,0,0,0,,
LENTA-00737,2026-05-23,northwest,spb,SUPER-01,Super Lenta,offline_store,ready_food,1,silver,markdown_evening,1,4857,357,3571,171,257,501,0,0,0,,
LENTA-00738,2026-05-26,northwest,spb,SUPER-01,Super Lenta,offline_store,ready_food,1,silver,markdown_evening,3,4857,357,3571,171,257,501,0,0,0,,
LENTA-00739,2026-05-29,northwest,spb,SUPER-01,Super Lenta,offline_store,ready_food,1,silver,markdown_evening,5,4857,357,3571,171,257,501,0,0,0,,
LENTA-00740,2026-01-01,northwest,spb,SUPER-01,Super Lenta,offline_store,ready_food,1,silver,markdown_evening,1,4857,357,3571,171,257,501,0,0,0,,
LENTA-00741,2026-01-04,northwest,spb,SUPER-01,Super Lenta,offline_store,ready_food,1,silver,markdown_evening,3,4857,357,3571,171,257,501,0,0,0,,
LENTA-00742,2026-01-07,northwest,spb,SUPER-01,Super Lenta,offline_store,ready_food,1,silver,markdown_evening,5,4857,357,3571,171,257,501,0,0,0,,
LENTA-00743,2026-01-10,northwest,spb,SUPER-01,Super Lenta,offline_store,ready_food,1,silver,markdown_evening,1,4857,357,3571,171,257,501,0,0,0,,
LENTA-00744,2026-01-13,northwest,spb,SUPER-01,Super Lenta,offline_store,ready_food,1,silver,markdown_evening,3,4857,357,3571,171,257,501,0,0,0,,
LENTA-00745,2026-01-16,northwest,spb,SUPER-01,Super Lenta,offline_store,ready_food,1,silver,markdown_evening,5,4857,357,3571,171,257,501,0,0,0,,
LENTA-00746,2026-01-19,northwest,spb,SUPER-01,Super Lenta,offline_store,ready_food,1,silver,markdown_evening,1,4857,357,3571,171,257,501,0,0,0,,
LENTA-00747,2026-01-22,northwest,spb,SUPER-01,Super Lenta,offline_store,ready_food,1,silver,markdown_evening,3,4857,357,3571,171,257,501,0,0,0,,
LENTA-00748,2026-01-25,northwest,spb,SUPER-01,Super Lenta,offline_store,ready_food,1,silver,markdown_evening,5,4857,357,3571,171,257,501,0,0,0,,
LENTA-00749,2026-01-28,northwest,spb,SUPER-01,Super Lenta,offline_store,ready_food,1,silver,markdown_evening,1,4857,357,3571,171,257,501,0,0,0,,
LENTA-00750,2026-01-31,northwest,spb,SUPER-01,Super Lenta,offline_store,ready_food,1,silver,markdown_evening,3,4857,357,3571,171,257,501,0,0,0,,
LENTA-00751,2026-02-03,northwest,spb,SUPER-01,Super Lenta,offline_store,ready_food,1,silver,markdown_evening,5,4857,357,3571,171,257,501,0,0,0,,
LENTA-00752,2026-02-06,northwest,spb,SUPER-01,Super Lenta,offline_store,ready_food,1,silver,markdown_evening,1,4857,357,3571,171,257,501,0,0,0,,
LENTA-00753,2026-02-09,northwest,spb,SUPER-01,Super Lenta,offline_store,ready_food,1,silver,markdown_evening,3,4857,357,3571,171,257,501,0,0,0,,
LENTA-00754,2026-02-12,northwest,spb,SUPER-01,Super Lenta,offline_store,ready_food,1,silver,markdown_evening,5,4857,357,3571,171,257,501,0,0,0,,
LENTA-00755,2026-02-15,northwest,spb,SUPER-01,Super Lenta,offline_store,ready_food,1,silver,markdown_evening,1,4857,357,3571,171,257,501,0,0,0,,
LENTA-00756,2026-02-18,northwest,spb,SUPER-01,Super Lenta,offline_store,ready_food,1,silver,markdown_evening,3,4857,357,3571,171,257,501,0,0,0,,
LENTA-00757,2026-02-21,northwest,spb,SUPER-01,Super Lenta,offline_store,ready_food,1,silver,markdown_evening,5,4857,357,3571,171,257,501,0,0,0,,
LENTA-00758,2026-02-24,northwest,spb,SUPER-01,Super Lenta,offline_store,ready_food,1,silver,markdown_evening,1,4857,357,3571,171,257,501,0,0,0,,
LENTA-00759,2026-02-27,northwest,spb,SUPER-01,Super Lenta,offline_store,ready_food,1,silver,markdown_evening,3,4857,357,3571,171,257,501,0,0,0,,
LENTA-00760,2026-03-02,northwest,spb,SUPER-01,Super Lenta,offline_store,ready_food,1,silver,markdown_evening,5,4857,357,3571,171,257,501,0,0,0,,
LENTA-00761,2026-03-05,northwest,spb,SUPER-01,Super Lenta,offline_store,ready_food,1,silver,markdown_evening,1,4857,357,3571,171,257,501,0,0,0,,
LENTA-00762,2026-03-08,northwest,spb,SUPER-01,Super Lenta,offline_store,ready_food,1,silver,markdown_evening,3,4857,357,3571,171,257,501,0,0,0,,
LENTA-00763,2026-03-11,northwest,spb,SUPER-01,Super Lenta,offline_store,ready_food,1,silver,markdown_evening,5,4857,357,3571,171,257,501,0,0,0,,
LENTA-00764,2026-03-14,northwest,spb,SUPER-01,Super Lenta,offline_store,ready_food,1,silver,markdown_evening,1,4857,357,3571,171,257,501,0,0,0,,
LENTA-00765,2026-03-17,northwest,spb,SUPER-01,Super Lenta,offline_store,ready_food,1,silver,markdown_evening,3,4857,357,3571,171,257,501,0,0,0,,
LENTA-00766,2026-03-20,northwest,spb,SUPER-01,Super Lenta,offline_store,ready_food,1,silver,markdown_evening,5,4857,357,3571,171,257,501,0,0,0,,
LENTA-00767,2026-03-23,northwest,spb,SUPER-01,Super Lenta,offline_store,ready_food,1,silver,markdown_evening,1,4857,357,3571,171,257,501,0,0,0,,
LENTA-00768,2026-03-26,northwest,spb,SUPER-01,Super Lenta,offline_store,ready_food,1,silver,markdown_evening,3,4857,357,3571,171,257,501,0,0,0,,
LENTA-00769,2026-03-29,northwest,spb,SUPER-01,Super Lenta,offline_store,ready_food,1,silver,markdown_evening,5,4857,357,3571,171,257,501,0,0,0,,
LENTA-00770,2026-04-01,northwest,spb,SUPER-01,Super Lenta,offline_store,ready_food,1,silver,markdown_evening,1,4857,357,3571,171,257,501,0,0,0,,
LENTA-00771,2026-04-04,northwest,spb,SUPER-01,Super Lenta,offline_store,ready_food,1,silver,markdown_evening,3,4857,357,3571,171,257,501,0,0,0,,
LENTA-00772,2026-04-07,northwest,spb,SUPER-01,Super Lenta,offline_store,ready_food,1,silver,markdown_evening,5,4857,357,3571,171,257,501,0,0,0,,
LENTA-00773,2026-04-10,northwest,spb,SUPER-01,Super Lenta,offline_store,ready_food,1,silver,markdown_evening,1,4857,357,3571,171,257,501,0,0,0,,
LENTA-00774,2026-04-13,northwest,spb,SUPER-01,Super Lenta,offline_store,ready_food,1,silver,markdown_evening,3,4857,357,3571,171,257,501,0,0,0,,
LENTA-00775,2026-04-16,northwest,spb,SUPER-01,Super Lenta,offline_store,ready_food,1,silver,markdown_evening,5,4857,357,3571,171,257,501,0,0,0,,
LENTA-00776,2026-04-24,ural,ekaterinburg,SUPER-02,Super Lenta,offline_store,household,0,basic,none,3,6000,419,3710,128,55,1688,1,1,0,,
LENTA-00777,2026-04-27,ural,ekaterinburg,SUPER-02,Super Lenta,offline_store,household,0,basic,none,5,6000,419,3710,128,55,1688,1,0,0,,
LENTA-00778,2026-04-30,ural,ekaterinburg,SUPER-02,Super Lenta,offline_store,household,0,basic,none,1,6000,419,3710,128,55,1688,0,0,0,,
LENTA-00779,2026-05-03,ural,ekaterinburg,SUPER-02,Super Lenta,offline_store,household,0,basic,none,3,6000,419,3710,128,55,1688,0,0,0,,
LENTA-00780,2026-05-06,ural,ekaterinburg,SUPER-02,Super Lenta,offline_store,household,0,basic,none,5,6000,419,3710,128,55,1688,0,0,0,,
LENTA-00781,2026-05-09,ural,ekaterinburg,SUPER-02,Super Lenta,offline_store,household,0,basic,none,1,6000,419,3709,128,55,1689,0,0,0,,
LENTA-00782,2026-05-12,ural,ekaterinburg,SUPER-02,Super Lenta,offline_store,household,0,basic,none,3,6000,419,3709,128,55,1689,0,0,0,,
LENTA-00783,2026-05-15,ural,ekaterinburg,SUPER-02,Super Lenta,offline_store,household,0,basic,none,5,6000,419,3709,128,55,1689,0,0,0,,
LENTA-00784,2026-05-18,ural,ekaterinburg,SUPER-02,Super Lenta,offline_store,household,0,basic,none,1,6000,419,3709,128,55,1689,0,0,0,,
LENTA-00785,2026-05-21,ural,ekaterinburg,SUPER-02,Super Lenta,offline_store,household,0,basic,none,3,6000,419,3709,128,55,1689,0,0,0,,
LENTA-00786,2026-05-24,ural,ekaterinburg,SUPER-02,Super Lenta,offline_store,household,0,basic,none,5,6000,418,3709,128,55,1690,0,0,0,,
LENTA-00787,2026-05-27,ural,ekaterinburg,SUPER-02,Super Lenta,offline_store,household,0,basic,none,1,6000,418,3709,128,55,1690,0,0,0,,
LENTA-00788,2026-05-30,ural,ekaterinburg,SUPER-02,Super Lenta,offline_store,household,0,basic,none,3,6000,418,3709,128,55,1690,0,0,0,,
LENTA-00789,2026-01-02,ural,ekaterinburg,SUPER-02,Super Lenta,offline_store,household,0,basic,none,5,6000,418,3709,128,55,1690,0,0,0,,
LENTA-00790,2026-01-05,ural,ekaterinburg,SUPER-02,Super Lenta,offline_store,household,0,basic,none,1,6000,418,3709,128,55,1690,0,0,0,,
LENTA-00791,2026-01-08,ural,ekaterinburg,SUPER-02,Super Lenta,offline_store,household,0,basic,none,3,6000,418,3709,127,55,1691,0,0,0,,
LENTA-00792,2026-01-11,ural,ekaterinburg,SUPER-02,Super Lenta,offline_store,household,0,basic,none,5,6000,418,3709,127,55,1691,0,0,0,,
LENTA-00793,2026-01-14,ural,ekaterinburg,SUPER-02,Super Lenta,offline_store,household,0,basic,none,1,6000,418,3709,127,55,1691,0,0,0,,
LENTA-00794,2026-01-17,ural,ekaterinburg,SUPER-02,Super Lenta,offline_store,household,0,basic,none,3,6000,418,3709,127,55,1691,0,0,0,,
LENTA-00795,2026-01-20,ural,ekaterinburg,SUPER-02,Super Lenta,offline_store,household,0,basic,none,5,6000,418,3709,127,55,1691,0,0,0,,
LENTA-00796,2026-01-23,ural,ekaterinburg,SUPER-02,Super Lenta,offline_store,household,0,basic,none,1,6000,418,3709,127,55,1691,0,0,0,,
LENTA-00797,2026-01-26,ural,ekaterinburg,SUPER-02,Super Lenta,offline_store,household,0,basic,none,3,6000,418,3709,127,55,1691,0,0,0,,
LENTA-00798,2026-01-29,ural,ekaterinburg,SUPER-02,Super Lenta,offline_store,household,0,basic,none,5,6000,418,3709,127,55,1691,0,0,0,,
LENTA-00799,2026-02-01,ural,ekaterinburg,SUPER-02,Super Lenta,offline_store,household,0,basic,none,1,6000,418,3709,127,55,1691,0,0,0,,
LENTA-00800,2026-02-04,ural,ekaterinburg,SUPER-02,Super Lenta,offline_store,household,0,basic,none,3,6000,418,3709,127,55,1691,0,0,0,,
LENTA-00801,2026-02-07,ural,ekaterinburg,SUPER-02,Super Lenta,offline_store,household,0,basic,none,5,6000,418,3709,127,55,1691,0,0,0,,
LENTA-00802,2026-02-10,ural,ekaterinburg,SUPER-02,Super Lenta,offline_store,household,0,basic,none,1,6000,418,3709,127,55,1691,0,0,0,,
LENTA-00803,2026-02-13,ural,ekaterinburg,SUPER-02,Super Lenta,offline_store,household,0,basic,none,3,6000,418,3709,127,55,1691,0,0,0,,
LENTA-00804,2026-02-16,ural,ekaterinburg,SUPER-02,Super Lenta,offline_store,household,0,basic,none,5,6000,418,3709,127,55,1691,0,0,0,,
LENTA-00805,2026-02-19,ural,ekaterinburg,SUPER-02,Super Lenta,offline_store,household,0,basic,none,1,6000,418,3709,127,55,1691,0,0,0,,
LENTA-00806,2026-02-22,ural,ekaterinburg,SUPER-02,Super Lenta,offline_store,household,0,basic,none,3,6000,418,3709,127,54,1692,0,0,0,,
LENTA-00807,2026-02-25,ural,ekaterinburg,SUPER-02,Super Lenta,offline_store,household,0,basic,none,5,6000,418,3709,127,54,1692,0,0,0,,
LENTA-00808,2026-02-28,ural,ekaterinburg,SUPER-02,Super Lenta,offline_store,household,0,basic,none,1,6000,418,3709,127,54,1692,0,0,0,,
LENTA-00809,2026-03-03,ural,ekaterinburg,SUPER-02,Super Lenta,offline_store,household,0,basic,none,3,6000,418,3709,127,54,1692,0,0,0,,
LENTA-00810,2026-03-06,ural,ekaterinburg,SUPER-02,Super Lenta,offline_store,household,0,basic,none,5,6000,418,3709,127,54,1692,0,0,0,,
LENTA-00811,2026-03-09,ural,ekaterinburg,SUPER-02,Super Lenta,offline_store,household,0,basic,none,1,6000,418,3709,127,54,1692,0,0,0,,
LENTA-00812,2026-03-12,ural,ekaterinburg,SUPER-02,Super Lenta,offline_store,household,0,basic,none,3,6000,418,3709,127,54,1692,0,0,0,,
LENTA-00813,2026-03-15,ural,ekaterinburg,SUPER-02,Super Lenta,offline_store,household,0,basic,none,5,6000,418,3709,127,54,1692,0,0,0,,
LENTA-00814,2026-03-18,ural,ekaterinburg,SUPER-02,Super Lenta,offline_store,household,0,basic,none,1,6000,418,3709,127,54,1692,0,0,0,,
LENTA-00815,2026-03-21,ural,ekaterinburg,SUPER-02,Super Lenta,offline_store,household,0,basic,none,3,6000,418,3709,127,54,1692,0,0,0,,
LENTA-00816,2026-03-24,ural,ekaterinburg,SUPER-02,Super Lenta,offline_store,household,0,basic,none,5,6000,418,3709,127,54,1692,0,0,0,,
LENTA-00817,2026-03-27,ural,ekaterinburg,SUPER-02,Super Lenta,offline_store,household,0,basic,none,1,6000,418,3709,127,54,1692,0,0,0,,
LENTA-00818,2026-03-30,ural,ekaterinburg,SUPER-02,Super Lenta,offline_store,household,0,basic,none,3,6000,418,3709,127,54,1692,0,0,0,,
LENTA-00819,2026-04-02,ural,ekaterinburg,SUPER-02,Super Lenta,offline_store,household,0,basic,none,5,6000,418,3709,127,54,1692,0,0,0,,
LENTA-00820,2026-04-05,ural,ekaterinburg,SUPER-02,Super Lenta,offline_store,household,0,basic,none,1,6000,418,3709,127,54,1692,0,0,0,,
LENTA-00821,2026-04-08,ural,ekaterinburg,SUPER-02,Super Lenta,offline_store,household,0,basic,none,3,6000,418,3709,127,54,1692,0,0,0,,
LENTA-00822,2026-04-11,ural,ekaterinburg,SUPER-02,Super Lenta,offline_store,household,0,basic,none,5,6000,418,3709,127,54,1692,0,0,0,,
LENTA-00823,2026-04-14,ural,ekaterinburg,SUPER-02,Super Lenta,offline_store,household,0,basic,none,1,6000,418,3709,127,54,1692,0,0,0,,
LENTA-00824,2026-04-17,ural,ekaterinburg,SUPER-02,Super Lenta,offline_store,household,0,basic,none,3,6000,418,3709,127,54,1692,0,0,0,,
LENTA-00825,2026-04-20,ural,ekaterinburg,SUPER-02,Super Lenta,offline_store,household,0,basic,none,5,6000,418,3709,127,54,1692,0,0,0,,
LENTA-00826,2026-04-23,ural,ekaterinburg,SUPER-02,Super Lenta,offline_store,household,0,basic,none,1,6000,418,3709,127,54,1692,0,0,0,,
LENTA-00827,2026-04-26,ural,ekaterinburg,SUPER-02,Super Lenta,offline_store,household,0,basic,none,3,6000,418,3709,127,54,1692,0,0,0,,
LENTA-00828,2026-04-29,ural,ekaterinburg,SUPER-02,Super Lenta,offline_store,household,0,basic,none,5,6000,418,3709,127,54,1692,0,0,0,,
LENTA-00829,2026-05-02,ural,ekaterinburg,SUPER-02,Super Lenta,offline_store,household,0,basic,none,1,6000,418,3709,127,54,1692,0,0,0,,
LENTA-00830,2026-05-05,ural,ekaterinburg,SUPER-02,Super Lenta,offline_store,household,0,basic,none,3,6000,418,3709,127,54,1692,0,0,0,,
LENTA-00831,2026-05-13,volga,kazan,SUPER-03,Super Lenta,offline_store,dry_grocery,0,silver,weekend,4,6600,600,4590,160,140,1110,1,1,1,,
LENTA-00832,2026-05-16,volga,kazan,SUPER-03,Super Lenta,offline_store,dry_grocery,0,silver,weekend,6,6600,600,4590,160,140,1110,1,1,0,,
LENTA-00833,2026-05-19,volga,kazan,SUPER-03,Super Lenta,offline_store,dry_grocery,0,silver,weekend,2,6600,600,4590,160,140,1110,1,1,0,,
LENTA-00834,2026-05-22,volga,kazan,SUPER-03,Super Lenta,offline_store,dry_grocery,0,silver,weekend,4,6600,600,4590,160,140,1110,1,0,0,,
LENTA-00835,2026-05-25,volga,kazan,SUPER-03,Super Lenta,offline_store,dry_grocery,0,silver,weekend,6,6600,600,4590,160,140,1110,1,0,0,,
LENTA-00836,2026-05-28,volga,kazan,SUPER-03,Super Lenta,offline_store,dry_grocery,0,silver,weekend,2,6600,600,4590,160,140,1110,0,0,0,,
LENTA-00837,2026-05-31,volga,kazan,SUPER-03,Super Lenta,offline_store,dry_grocery,0,silver,weekend,4,6600,600,4590,160,140,1110,0,0,0,,
LENTA-00838,2026-01-03,volga,kazan,SUPER-03,Super Lenta,offline_store,dry_grocery,0,silver,weekend,6,6600,600,4590,160,140,1110,0,0,0,,
LENTA-00839,2026-01-06,volga,kazan,SUPER-03,Super Lenta,offline_store,dry_grocery,0,silver,weekend,2,6600,600,4590,160,140,1110,0,0,0,,
LENTA-00840,2026-01-09,volga,kazan,SUPER-03,Super Lenta,offline_store,dry_grocery,0,silver,weekend,4,6600,600,4590,160,140,1110,0,0,0,,
LENTA-00841,2026-01-12,volga,kazan,SUPER-03,Super Lenta,offline_store,dry_grocery,0,silver,weekend,6,6600,600,4590,160,140,1110,0,0,0,,
LENTA-00842,2026-01-15,volga,kazan,SUPER-03,Super Lenta,offline_store,dry_grocery,0,silver,weekend,2,6600,600,4590,160,140,1110,0,0,0,,
LENTA-00843,2026-01-18,volga,kazan,SUPER-03,Super Lenta,offline_store,dry_grocery,0,silver,weekend,4,6600,600,4590,160,140,1110,0,0,0,,
LENTA-00844,2026-01-21,volga,kazan,SUPER-03,Super Lenta,offline_store,dry_grocery,0,silver,weekend,6,6600,600,4590,160,140,1110,0,0,0,,
LENTA-00845,2026-01-24,volga,kazan,SUPER-03,Super Lenta,offline_store,dry_grocery,0,silver,weekend,2,6600,600,4590,160,140,1110,0,0,0,,
LENTA-00846,2026-01-27,volga,kazan,SUPER-03,Super Lenta,offline_store,dry_grocery,0,silver,weekend,4,6600,600,4590,160,140,1110,0,0,0,,
LENTA-00847,2026-01-30,volga,kazan,SUPER-03,Super Lenta,offline_store,dry_grocery,0,silver,weekend,6,6600,600,4590,160,140,1110,0,0,0,,
LENTA-00848,2026-02-02,volga,kazan,SUPER-03,Super Lenta,offline_store,dry_grocery,0,silver,weekend,2,6600,600,4590,160,140,1110,0,0,0,,
LENTA-00849,2026-02-05,volga,kazan,SUPER-03,Super Lenta,offline_store,dry_grocery,0,silver,weekend,4,6600,600,4590,160,140,1110,0,0,0,,
LENTA-00850,2026-02-08,volga,kazan,SUPER-03,Super Lenta,offline_store,dry_grocery,0,silver,weekend,6,6600,600,4590,160,140,1110,0,0,0,,
LENTA-00851,2026-02-11,volga,kazan,SUPER-03,Super Lenta,offline_store,dry_grocery,0,silver,weekend,2,6600,600,4590,160,140,1110,0,0,0,,
LENTA-00852,2026-02-14,volga,kazan,SUPER-03,Super Lenta,offline_store,dry_grocery,0,silver,weekend,4,6600,600,4590,160,140,1110,0,0,0,,
LENTA-00853,2026-02-17,volga,kazan,SUPER-03,Super Lenta,offline_store,dry_grocery,0,silver,weekend,6,6600,600,4590,160,140,1110,0,0,0,,
LENTA-00854,2026-02-20,volga,kazan,SUPER-03,Super Lenta,offline_store,dry_grocery,0,silver,weekend,2,6600,600,4590,160,140,1110,0,0,0,,
LENTA-00855,2026-02-23,volga,kazan,SUPER-03,Super Lenta,offline_store,dry_grocery,0,silver,weekend,4,6600,600,4590,160,140,1110,0,0,0,,
LENTA-00856,2026-02-26,volga,kazan,SUPER-03,Super Lenta,offline_store,dry_grocery,0,silver,weekend,6,6600,600,4590,160,140,1110,0,0,0,,
LENTA-00857,2026-03-01,volga,kazan,SUPER-03,Super Lenta,offline_store,dry_grocery,0,silver,weekend,2,6600,600,4590,160,140,1110,0,0,0,,
LENTA-00858,2026-03-04,volga,kazan,SUPER-03,Super Lenta,offline_store,dry_grocery,0,silver,weekend,4,6600,600,4590,160,140,1110,0,0,0,,
LENTA-00859,2026-03-07,volga,kazan,SUPER-03,Super Lenta,offline_store,dry_grocery,0,silver,weekend,6,6600,600,4590,160,140,1110,0,0,0,,
LENTA-00860,2026-03-10,volga,kazan,SUPER-03,Super Lenta,offline_store,dry_grocery,0,silver,weekend,2,6600,600,4590,160,140,1110,0,0,0,,
LENTA-00861,2026-03-13,volga,kazan,SUPER-03,Super Lenta,offline_store,dry_grocery,0,silver,weekend,4,6600,600,4590,160,140,1110,0,0,0,,
LENTA-00862,2026-03-16,volga,kazan,SUPER-03,Super Lenta,offline_store,dry_grocery,0,silver,weekend,6,6600,600,4590,160,140,1110,0,0,0,,
LENTA-00863,2026-03-19,volga,kazan,SUPER-03,Super Lenta,offline_store,dry_grocery,0,silver,weekend,2,6600,600,4590,160,140,1110,0,0,0,,
LENTA-00864,2026-03-22,volga,kazan,SUPER-03,Super Lenta,offline_store,dry_grocery,0,silver,weekend,4,6600,600,4590,160,140,1110,0,0,0,,
LENTA-00865,2026-03-25,volga,kazan,SUPER-03,Super Lenta,offline_store,dry_grocery,0,silver,weekend,6,6600,600,4590,160,140,1110,0,0,0,,
LENTA-00866,2026-03-28,volga,kazan,SUPER-03,Super Lenta,offline_store,dry_grocery,0,silver,weekend,2,6600,600,4590,160,140,1110,0,0,0,,
LENTA-00867,2026-03-31,volga,kazan,SUPER-03,Super Lenta,offline_store,dry_grocery,0,silver,weekend,4,6600,600,4590,160,140,1110,0,0,0,,
LENTA-00868,2026-04-03,volga,kazan,SUPER-03,Super Lenta,offline_store,dry_grocery,0,silver,weekend,6,6600,600,4590,160,140,1110,0,0,0,,
LENTA-00869,2026-04-06,volga,kazan,SUPER-03,Super Lenta,offline_store,dry_grocery,0,silver,weekend,2,6600,600,4590,160,140,1110,0,0,0,,
LENTA-00870,2026-04-09,volga,kazan,SUPER-03,Super Lenta,offline_store,dry_grocery,0,silver,weekend,4,6600,600,4590,160,140,1110,0,0,0,,
LENTA-00871,2026-04-12,volga,kazan,SUPER-03,Super Lenta,offline_store,dry_grocery,0,silver,weekend,6,6600,600,4590,160,140,1110,0,0,0,,
LENTA-00872,2026-04-15,volga,kazan,SUPER-03,Super Lenta,offline_store,dry_grocery,0,silver,weekend,2,6600,600,4590,160,140,1110,0,0,0,,
LENTA-00873,2026-04-18,volga,kazan,SUPER-03,Super Lenta,offline_store,dry_grocery,0,silver,weekend,4,6600,600,4590,160,140,1110,0,0,0,,
LENTA-00874,2026-04-21,volga,kazan,SUPER-03,Super Lenta,offline_store,dry_grocery,0,silver,weekend,6,6600,600,4590,160,140,1110,0,0,0,,
LENTA-00875,2026-04-24,volga,kazan,SUPER-03,Super Lenta,offline_store,dry_grocery,0,silver,weekend,2,6600,600,4590,160,140,1110,0,0,0,,
LENTA-00876,2026-04-27,volga,kazan,SUPER-03,Super Lenta,offline_store,dry_grocery,0,silver,weekend,4,6600,600,4590,160,140,1110,0,0,0,,
LENTA-00877,2026-04-30,volga,kazan,SUPER-03,Super Lenta,offline_store,dry_grocery,0,silver,weekend,6,6600,600,4590,160,140,1110,0,0,0,,
LENTA-00878,2026-05-03,volga,kazan,SUPER-03,Super Lenta,offline_store,dry_grocery,0,silver,weekend,2,6600,600,4590,160,140,1110,0,0,0,,
LENTA-00879,2026-05-06,volga,kazan,SUPER-03,Super Lenta,offline_store,dry_grocery,0,silver,weekend,4,6600,600,4590,160,140,1110,0,0,0,,
LENTA-00880,2026-05-09,volga,kazan,SUPER-03,Super Lenta,offline_store,dry_grocery,0,silver,weekend,6,6600,600,4590,160,140,1110,0,0,0,,
LENTA-00881,2026-05-12,volga,kazan,SUPER-03,Super Lenta,offline_store,dry_grocery,0,silver,weekend,2,6600,600,4590,160,140,1110,0,0,0,,
LENTA-00882,2026-05-15,volga,kazan,SUPER-03,Super Lenta,offline_store,dry_grocery,0,silver,weekend,4,6600,600,4590,160,140,1110,0,0,0,,
LENTA-00883,2026-05-18,volga,kazan,SUPER-03,Super Lenta,offline_store,dry_grocery,0,silver,weekend,6,6600,600,4590,160,140,1110,0,0,0,,
LENTA-00884,2026-05-21,volga,kazan,SUPER-03,Super Lenta,offline_store,dry_grocery,0,silver,weekend,2,6600,600,4590,160,140,1110,0,0,0,,
LENTA-00885,2026-05-24,volga,kazan,SUPER-03,Super Lenta,offline_store,dry_grocery,0,silver,weekend,4,6600,600,4590,160,140,1110,0,0,0,,
LENTA-00886,2026-05-27,volga,kazan,SUPER-03,Super Lenta,offline_store,dry_grocery,0,silver,weekend,6,6600,600,4590,160,140,1110,0,0,0,,
LENTA-00887,2026-05-30,volga,kazan,SUPER-03,Super Lenta,offline_store,dry_grocery,0,silver,weekend,2,6600,600,4590,160,140,1110,0,0,0,,
LENTA-00888,2026-01-02,volga,kazan,SUPER-03,Super Lenta,offline_store,dry_grocery,0,silver,weekend,4,6600,600,4590,160,140,1110,0,0,0,,
LENTA-00889,2026-01-05,volga,kazan,SUPER-03,Super Lenta,offline_store,dry_grocery,0,silver,weekend,6,6600,600,4590,160,140,1110,0,0,0,,
LENTA-00890,2026-01-08,volga,kazan,SUPER-03,Super Lenta,offline_store,dry_grocery,0,silver,weekend,2,6600,600,4590,160,140,1110,0,0,0,,
LENTA-00891,2026-01-11,volga,kazan,SUPER-03,Super Lenta,offline_store,dry_grocery,0,silver,weekend,4,6600,600,4590,160,140,1110,0,0,0,,
LENTA-00892,2026-01-14,volga,kazan,SUPER-03,Super Lenta,offline_store,dry_grocery,0,silver,weekend,6,6600,600,4590,160,140,1110,0,0,0,,
LENTA-00893,2026-01-17,volga,kazan,SUPER-03,Super Lenta,offline_store,dry_grocery,0,silver,weekend,2,6600,600,4590,160,140,1110,0,0,0,,
LENTA-00894,2026-01-20,volga,kazan,SUPER-03,Super Lenta,offline_store,dry_grocery,0,silver,weekend,4,6600,600,4590,160,140,1110,0,0,0,,
LENTA-00895,2026-01-23,volga,kazan,SUPER-03,Super Lenta,offline_store,dry_grocery,0,silver,weekend,6,6600,600,4590,160,140,1110,0,0,0,,
LENTA-00896,2026-01-26,volga,kazan,SUPER-03,Super Lenta,offline_store,dry_grocery,0,silver,weekend,2,6600,600,4590,160,140,1110,0,0,0,,
LENTA-00897,2026-01-29,volga,kazan,SUPER-03,Super Lenta,offline_store,dry_grocery,0,silver,weekend,4,6600,600,4590,160,140,1110,0,0,0,,
LENTA-00898,2026-02-01,volga,kazan,SUPER-03,Super Lenta,offline_store,dry_grocery,0,silver,weekend,6,6600,600,4590,160,140,1110,0,0,0,,
LENTA-00899,2026-02-04,volga,kazan,SUPER-03,Super Lenta,offline_store,dry_grocery,0,silver,weekend,2,6600,600,4590,160,140,1110,0,0,0,,
LENTA-00900,2026-02-07,volga,kazan,SUPER-03,Super Lenta,offline_store,dry_grocery,0,silver,weekend,4,6600,600,4590,160,140,1110,0,0,0,,
LENTA-00901,2026-02-10,volga,kazan,SUPER-03,Super Lenta,offline_store,dry_grocery,0,silver,weekend,6,6600,600,4590,160,140,1110,0,0,0,,
LENTA-00902,2026-02-13,volga,kazan,SUPER-03,Super Lenta,offline_store,dry_grocery,0,silver,weekend,2,6600,600,4590,160,140,1110,0,0,0,,
LENTA-00903,2026-02-16,volga,kazan,SUPER-03,Super Lenta,offline_store,dry_grocery,0,silver,weekend,4,6600,600,4590,160,140,1110,0,0,0,,
LENTA-00904,2026-02-19,volga,kazan,SUPER-03,Super Lenta,offline_store,dry_grocery,0,silver,weekend,6,6600,600,4590,160,140,1110,0,0,0,,
LENTA-00905,2026-02-22,volga,kazan,SUPER-03,Super Lenta,offline_store,dry_grocery,0,silver,weekend,2,6600,600,4590,160,140,1110,0,0,0,,
LENTA-00906,2026-02-25,volga,kazan,SUPER-03,Super Lenta,offline_store,dry_grocery,0,silver,weekend,4,6600,600,4590,160,140,1110,0,0,0,,
LENTA-00907,2026-02-28,volga,kazan,SUPER-03,Super Lenta,offline_store,dry_grocery,0,silver,weekend,6,6600,600,4590,160,140,1110,0,0,0,,
LENTA-00908,2026-03-03,volga,kazan,SUPER-03,Super Lenta,offline_store,dry_grocery,0,silver,weekend,2,6600,600,4590,160,140,1110,0,0,0,,
LENTA-00909,2026-03-06,volga,kazan,SUPER-03,Super Lenta,offline_store,dry_grocery,0,silver,weekend,4,6600,600,4590,160,140,1110,0,0,0,,
LENTA-00910,2026-03-09,volga,kazan,SUPER-03,Super Lenta,offline_store,dry_grocery,0,silver,weekend,6,6600,600,4590,160,140,1110,0,0,0,,
LENTA-00911,2026-03-12,volga,kazan,SUPER-03,Super Lenta,offline_store,dry_grocery,0,silver,weekend,2,6600,600,4590,160,140,1110,0,0,0,,
LENTA-00912,2026-03-15,volga,kazan,SUPER-03,Super Lenta,offline_store,dry_grocery,0,silver,weekend,4,6600,600,4590,160,140,1110,0,0,0,,
LENTA-00913,2026-03-18,volga,kazan,SUPER-03,Super Lenta,offline_store,dry_grocery,0,silver,weekend,6,6600,600,4590,160,140,1110,0,0,0,,
LENTA-00914,2026-03-21,volga,kazan,SUPER-03,Super Lenta,offline_store,dry_grocery,0,silver,weekend,2,6600,600,4590,160,140,1110,0,0,0,,
LENTA-00915,2026-03-24,volga,kazan,SUPER-03,Super Lenta,offline_store,dry_grocery,0,silver,weekend,4,6600,600,4590,160,140,1110,0,0,0,,
LENTA-00916,2026-03-27,volga,kazan,SUPER-03,Super Lenta,offline_store,dry_grocery,0,silver,weekend,6,6600,600,4590,160,140,1110,0,0,0,,
LENTA-00917,2026-03-30,volga,kazan,SUPER-03,Super Lenta,offline_store,dry_grocery,0,silver,weekend,2,6600,600,4590,160,140,1110,0,0,0,,
LENTA-00918,2026-04-02,volga,kazan,SUPER-03,Super Lenta,offline_store,dry_grocery,0,silver,weekend,4,6600,600,4590,160,140,1110,0,0,0,,
LENTA-00919,2026-04-05,volga,kazan,SUPER-03,Super Lenta,offline_store,dry_grocery,0,silver,weekend,6,6600,600,4590,160,140,1110,0,0,0,,
LENTA-00920,2026-04-08,volga,kazan,SUPER-03,Super Lenta,offline_store,dry_grocery,0,silver,weekend,2,6600,600,4590,160,140,1110,0,0,0,,
LENTA-00921,2026-04-11,volga,kazan,SUPER-03,Super Lenta,offline_store,dry_grocery,0,silver,weekend,4,6600,600,4590,160,140,1110,0,0,0,,
LENTA-00922,2026-04-14,volga,kazan,SUPER-03,Super Lenta,offline_store,dry_grocery,0,silver,weekend,6,6600,600,4590,160,140,1110,0,0,0,,
LENTA-00923,2026-04-17,volga,kazan,SUPER-03,Super Lenta,offline_store,dry_grocery,0,silver,weekend,2,6600,600,4590,160,140,1110,0,0,0,,
LENTA-00924,2026-04-20,volga,kazan,SUPER-03,Super Lenta,offline_store,dry_grocery,0,silver,weekend,4,6600,600,4590,160,140,1110,0,0,0,,
LENTA-00925,2026-04-23,volga,kazan,SUPER-03,Super Lenta,offline_store,dry_grocery,0,silver,weekend,6,6600,600,4590,160,140,1110,0,0,0,,
LENTA-00926,2026-04-26,volga,kazan,SUPER-03,Super Lenta,offline_store,dry_grocery,0,silver,weekend,2,6600,600,4590,160,140,1110,0,0,0,,
LENTA-00927,2026-04-29,volga,kazan,SUPER-03,Super Lenta,offline_store,dry_grocery,0,silver,weekend,4,6600,600,4590,160,140,1110,0,0,0,,
LENTA-00928,2026-05-02,volga,kazan,SUPER-03,Super Lenta,offline_store,dry_grocery,0,silver,weekend,6,6600,600,4590,160,140,1110,0,0,0,,
LENTA-00929,2026-05-05,volga,kazan,SUPER-03,Super Lenta,offline_store,dry_grocery,0,silver,weekend,2,6600,600,4590,160,140,1110,0,0,0,,
LENTA-00930,2026-05-08,volga,kazan,SUPER-03,Super Lenta,offline_store,dry_grocery,0,silver,weekend,4,6600,600,4590,160,140,1110,0,0,0,,
LENTA-00931,2026-05-16,ural,ekaterinburg,MONETKA-04,Monetka,offline_store,fresh_fruit_veg,0,basic,none,2,1750,88,1300,38,63,261,1,1,0,,
LENTA-00932,2026-05-19,ural,ekaterinburg,MONETKA-04,Monetka,offline_store,fresh_fruit_veg,0,basic,none,4,1750,88,1300,38,63,261,1,1,0,,
LENTA-00933,2026-05-22,ural,ekaterinburg,MONETKA-04,Monetka,offline_store,fresh_fruit_veg,0,basic,none,6,1750,88,1300,38,63,261,1,1,0,,
LENTA-00934,2026-05-25,ural,ekaterinburg,MONETKA-04,Monetka,offline_store,fresh_fruit_veg,0,basic,none,2,1750,88,1300,38,63,261,1,0,0,,
LENTA-00935,2026-05-28,ural,ekaterinburg,MONETKA-04,Monetka,offline_store,fresh_fruit_veg,0,basic,none,4,1750,88,1300,38,63,261,1,0,0,,
LENTA-00936,2026-05-31,ural,ekaterinburg,MONETKA-04,Monetka,offline_store,fresh_fruit_veg,0,basic,none,6,1750,88,1300,38,63,261,1,0,0,,
LENTA-00937,2026-01-03,ural,ekaterinburg,MONETKA-04,Monetka,offline_store,fresh_fruit_veg,0,basic,none,2,1750,88,1300,38,63,261,1,0,0,,
LENTA-00938,2026-01-06,ural,ekaterinburg,MONETKA-04,Monetka,offline_store,fresh_fruit_veg,0,basic,none,4,1750,88,1300,38,63,261,1,0,0,,
LENTA-00939,2026-01-09,ural,ekaterinburg,MONETKA-04,Monetka,offline_store,fresh_fruit_veg,0,basic,none,6,1750,88,1300,38,63,261,1,0,0,,
LENTA-00940,2026-01-12,ural,ekaterinburg,MONETKA-04,Monetka,offline_store,fresh_fruit_veg,0,basic,none,2,1750,88,1300,38,63,261,0,0,0,,
LENTA-00941,2026-01-15,ural,ekaterinburg,MONETKA-04,Monetka,offline_store,fresh_fruit_veg,0,basic,none,4,1750,88,1300,38,63,261,0,0,0,,
LENTA-00942,2026-01-18,ural,ekaterinburg,MONETKA-04,Monetka,offline_store,fresh_fruit_veg,0,basic,none,6,1750,88,1300,38,63,261,0,0,0,,
LENTA-00943,2026-01-21,ural,ekaterinburg,MONETKA-04,Monetka,offline_store,fresh_fruit_veg,0,basic,none,2,1750,88,1300,38,63,261,0,0,0,,
LENTA-00944,2026-01-24,ural,ekaterinburg,MONETKA-04,Monetka,offline_store,fresh_fruit_veg,0,basic,none,4,1750,88,1300,38,63,261,0,0,0,,
LENTA-00945,2026-01-27,ural,ekaterinburg,MONETKA-04,Monetka,offline_store,fresh_fruit_veg,0,basic,none,6,1750,88,1300,38,63,261,0,0,0,,
LENTA-00946,2026-01-30,ural,ekaterinburg,MONETKA-04,Monetka,offline_store,fresh_fruit_veg,0,basic,none,2,1750,88,1300,38,63,261,0,0,0,,
LENTA-00947,2026-02-02,ural,ekaterinburg,MONETKA-04,Monetka,offline_store,fresh_fruit_veg,0,basic,none,4,1750,88,1300,38,63,261,0,0,0,,
LENTA-00948,2026-02-05,ural,ekaterinburg,MONETKA-04,Monetka,offline_store,fresh_fruit_veg,0,basic,none,6,1750,88,1300,38,63,261,0,0,0,,
LENTA-00949,2026-02-08,ural,ekaterinburg,MONETKA-04,Monetka,offline_store,fresh_fruit_veg,0,basic,none,2,1750,88,1300,38,63,261,0,0,0,,
LENTA-00950,2026-02-11,ural,ekaterinburg,MONETKA-04,Monetka,offline_store,fresh_fruit_veg,0,basic,none,4,1750,88,1300,38,63,261,0,0,0,,
LENTA-00951,2026-02-14,ural,ekaterinburg,MONETKA-04,Monetka,offline_store,fresh_fruit_veg,0,basic,none,6,1750,88,1300,38,63,261,0,0,0,,
LENTA-00952,2026-02-17,ural,ekaterinburg,MONETKA-04,Monetka,offline_store,fresh_fruit_veg,0,basic,none,2,1750,88,1300,38,63,261,0,0,0,,
LENTA-00953,2026-02-20,ural,ekaterinburg,MONETKA-04,Monetka,offline_store,fresh_fruit_veg,0,basic,none,4,1750,88,1300,38,63,261,0,0,0,,
LENTA-00954,2026-02-23,ural,ekaterinburg,MONETKA-04,Monetka,offline_store,fresh_fruit_veg,0,basic,none,6,1750,88,1300,38,63,261,0,0,0,,
LENTA-00955,2026-02-26,ural,ekaterinburg,MONETKA-04,Monetka,offline_store,fresh_fruit_veg,0,basic,none,2,1750,88,1300,38,63,261,0,0,0,,
LENTA-00956,2026-03-01,ural,ekaterinburg,MONETKA-04,Monetka,offline_store,fresh_fruit_veg,0,basic,none,4,1750,88,1300,38,63,261,0,0,0,,
LENTA-00957,2026-03-04,ural,ekaterinburg,MONETKA-04,Monetka,offline_store,fresh_fruit_veg,0,basic,none,6,1750,88,1300,38,63,261,0,0,0,,
LENTA-00958,2026-03-07,ural,ekaterinburg,MONETKA-04,Monetka,offline_store,fresh_fruit_veg,0,basic,none,2,1750,88,1300,38,63,261,0,0,0,,
LENTA-00959,2026-03-10,ural,ekaterinburg,MONETKA-04,Monetka,offline_store,fresh_fruit_veg,0,basic,none,4,1750,88,1300,38,63,261,0,0,0,,
LENTA-00960,2026-03-13,ural,ekaterinburg,MONETKA-04,Monetka,offline_store,fresh_fruit_veg,0,basic,none,6,1750,88,1300,38,63,261,0,0,0,,
LENTA-00961,2026-03-16,ural,ekaterinburg,MONETKA-04,Monetka,offline_store,fresh_fruit_veg,0,basic,none,2,1750,88,1300,38,63,261,0,0,0,,
LENTA-00962,2026-03-19,ural,ekaterinburg,MONETKA-04,Monetka,offline_store,fresh_fruit_veg,0,basic,none,4,1750,88,1300,38,63,261,0,0,0,,
LENTA-00963,2026-03-22,ural,ekaterinburg,MONETKA-04,Monetka,offline_store,fresh_fruit_veg,0,basic,none,6,1750,88,1300,38,63,261,0,0,0,,
LENTA-00964,2026-03-25,ural,ekaterinburg,MONETKA-04,Monetka,offline_store,fresh_fruit_veg,0,basic,none,2,1750,88,1300,38,63,261,0,0,0,,
LENTA-00965,2026-03-28,ural,ekaterinburg,MONETKA-04,Monetka,offline_store,fresh_fruit_veg,0,basic,none,4,1750,88,1300,38,63,261,0,0,0,,
LENTA-00966,2026-03-31,ural,ekaterinburg,MONETKA-04,Monetka,offline_store,fresh_fruit_veg,0,basic,none,6,1750,88,1300,38,63,261,0,0,0,,
LENTA-00967,2026-04-03,ural,ekaterinburg,MONETKA-04,Monetka,offline_store,fresh_fruit_veg,0,basic,none,2,1750,88,1300,38,63,261,0,0,0,,
LENTA-00968,2026-04-06,ural,ekaterinburg,MONETKA-04,Monetka,offline_store,fresh_fruit_veg,0,basic,none,4,1750,88,1300,38,63,261,0,0,0,,
LENTA-00969,2026-04-09,ural,ekaterinburg,MONETKA-04,Monetka,offline_store,fresh_fruit_veg,0,basic,none,6,1750,88,1300,38,63,261,0,0,0,,
LENTA-00970,2026-04-12,ural,ekaterinburg,MONETKA-04,Monetka,offline_store,fresh_fruit_veg,0,basic,none,2,1750,88,1300,38,63,261,0,0,0,,
LENTA-00971,2026-04-15,ural,ekaterinburg,MONETKA-04,Monetka,offline_store,fresh_fruit_veg,0,basic,none,4,1750,87,1300,37,62,264,0,0,0,,
LENTA-00972,2026-04-18,ural,ekaterinburg,MONETKA-04,Monetka,offline_store,fresh_fruit_veg,0,basic,none,6,1750,87,1300,37,62,264,0,0,0,,
LENTA-00973,2026-04-21,ural,ekaterinburg,MONETKA-04,Monetka,offline_store,fresh_fruit_veg,0,basic,none,2,1750,87,1300,37,62,264,0,0,0,,
LENTA-00974,2026-04-24,ural,ekaterinburg,MONETKA-04,Monetka,offline_store,fresh_fruit_veg,0,basic,none,4,1750,87,1300,37,62,264,0,0,0,,
LENTA-00975,2026-04-27,ural,ekaterinburg,MONETKA-04,Monetka,offline_store,fresh_fruit_veg,0,basic,none,6,1750,87,1300,37,62,264,0,0,0,,
LENTA-00976,2026-04-30,ural,ekaterinburg,MONETKA-04,Monetka,offline_store,fresh_fruit_veg,0,basic,none,2,1750,87,1300,37,62,264,0,0,0,,
LENTA-00977,2026-05-03,ural,ekaterinburg,MONETKA-04,Monetka,offline_store,fresh_fruit_veg,0,basic,none,4,1750,87,1300,37,62,264,0,0,0,,
LENTA-00978,2026-05-06,ural,ekaterinburg,MONETKA-04,Monetka,offline_store,fresh_fruit_veg,0,basic,none,6,1750,87,1300,37,62,264,0,0,0,,
LENTA-00979,2026-05-09,ural,ekaterinburg,MONETKA-04,Monetka,offline_store,fresh_fruit_veg,0,basic,none,2,1750,87,1300,37,62,264,0,0,0,,
LENTA-00980,2026-05-12,ural,ekaterinburg,MONETKA-04,Monetka,offline_store,fresh_fruit_veg,0,basic,none,4,1750,87,1300,37,62,264,0,0,0,,
LENTA-00981,2026-05-15,ural,ekaterinburg,MONETKA-04,Monetka,offline_store,fresh_fruit_veg,0,basic,none,6,1750,87,1300,37,62,264,0,0,0,,
LENTA-00982,2026-05-18,ural,ekaterinburg,MONETKA-04,Monetka,offline_store,fresh_fruit_veg,0,basic,none,2,1750,87,1300,37,62,264,0,0,0,,
LENTA-00983,2026-05-21,ural,ekaterinburg,MONETKA-04,Monetka,offline_store,fresh_fruit_veg,0,basic,none,4,1750,87,1300,37,62,264,0,0,0,,
LENTA-00984,2026-05-24,ural,ekaterinburg,MONETKA-04,Monetka,offline_store,fresh_fruit_veg,0,basic,none,6,1750,87,1300,37,62,264,0,0,0,,
LENTA-00985,2026-05-27,ural,ekaterinburg,MONETKA-04,Monetka,offline_store,fresh_fruit_veg,0,basic,none,2,1750,87,1300,37,62,264,0,0,0,,
LENTA-00986,2026-05-30,ural,ekaterinburg,MONETKA-04,Monetka,offline_store,fresh_fruit_veg,0,basic,none,4,1750,87,1300,37,62,264,0,0,0,,
LENTA-00987,2026-01-02,ural,ekaterinburg,MONETKA-04,Monetka,offline_store,fresh_fruit_veg,0,basic,none,6,1750,87,1300,37,62,264,0,0,0,,
LENTA-00988,2026-01-05,ural,ekaterinburg,MONETKA-04,Monetka,offline_store,fresh_fruit_veg,0,basic,none,2,1750,87,1300,37,62,264,0,0,0,,
LENTA-00989,2026-01-08,ural,ekaterinburg,MONETKA-04,Monetka,offline_store,fresh_fruit_veg,0,basic,none,4,1750,87,1300,37,62,264,0,0,0,,
LENTA-00990,2026-01-11,ural,ekaterinburg,MONETKA-04,Monetka,offline_store,fresh_fruit_veg,0,basic,none,6,1750,87,1300,37,62,264,0,0,0,,
LENTA-00991,2026-01-14,ural,ekaterinburg,MONETKA-04,Monetka,offline_store,fresh_fruit_veg,0,basic,none,2,1750,87,1300,37,62,264,0,0,0,,
LENTA-00992,2026-01-17,ural,ekaterinburg,MONETKA-04,Monetka,offline_store,fresh_fruit_veg,0,basic,none,4,1750,87,1300,37,62,264,0,0,0,,
LENTA-00993,2026-01-20,ural,ekaterinburg,MONETKA-04,Monetka,offline_store,fresh_fruit_veg,0,basic,none,6,1750,87,1300,37,62,264,0,0,0,,
LENTA-00994,2026-01-23,ural,ekaterinburg,MONETKA-04,Monetka,offline_store,fresh_fruit_veg,0,basic,none,2,1750,87,1300,37,62,264,0,0,0,,
LENTA-00995,2026-01-26,ural,ekaterinburg,MONETKA-04,Monetka,offline_store,fresh_fruit_veg,0,basic,none,4,1750,87,1300,37,62,264,0,0,0,,
LENTA-00996,2026-01-29,ural,ekaterinburg,MONETKA-04,Monetka,offline_store,fresh_fruit_veg,0,basic,none,6,1750,87,1300,37,62,264,0,0,0,,
LENTA-00997,2026-02-01,ural,ekaterinburg,MONETKA-04,Monetka,offline_store,fresh_fruit_veg,0,basic,none,2,1750,87,1300,37,62,264,0,0,0,,
LENTA-00998,2026-02-04,ural,ekaterinburg,MONETKA-04,Monetka,offline_store,fresh_fruit_veg,0,basic,none,4,1750,87,1300,37,62,264,0,0,0,,
LENTA-00999,2026-02-07,ural,ekaterinburg,MONETKA-04,Monetka,offline_store,fresh_fruit_veg,0,basic,none,6,1750,87,1300,37,62,264,0,0,0,,
LENTA-01000,2026-02-10,ural,ekaterinburg,MONETKA-04,Monetka,offline_store,fresh_fruit_veg,0,basic,none,2,1750,87,1300,37,62,264,0,0,0,,
LENTA-01001,2026-02-13,ural,ekaterinburg,MONETKA-04,Monetka,offline_store,fresh_fruit_veg,0,basic,none,4,1750,87,1300,37,62,264,0,0,0,,
LENTA-01002,2026-02-16,ural,ekaterinburg,MONETKA-04,Monetka,offline_store,fresh_fruit_veg,0,basic,none,6,1750,87,1300,37,62,264,0,0,0,,
LENTA-01003,2026-02-19,ural,ekaterinburg,MONETKA-04,Monetka,offline_store,fresh_fruit_veg,0,basic,none,2,1750,87,1300,37,62,264,0,0,0,,
LENTA-01004,2026-02-22,ural,ekaterinburg,MONETKA-04,Monetka,offline_store,fresh_fruit_veg,0,basic,none,4,1750,87,1300,37,62,264,0,0,0,,
LENTA-01005,2026-02-25,ural,ekaterinburg,MONETKA-04,Monetka,offline_store,fresh_fruit_veg,0,basic,none,6,1750,87,1300,37,62,264,0,0,0,,
LENTA-01006,2026-02-28,ural,ekaterinburg,MONETKA-04,Monetka,offline_store,fresh_fruit_veg,0,basic,none,2,1750,87,1300,37,62,264,0,0,0,,
LENTA-01007,2026-03-03,ural,ekaterinburg,MONETKA-04,Monetka,offline_store,fresh_fruit_veg,0,basic,none,4,1750,87,1300,37,62,264,0,0,0,,
LENTA-01008,2026-03-06,ural,ekaterinburg,MONETKA-04,Monetka,offline_store,fresh_fruit_veg,0,basic,none,6,1750,87,1300,37,62,264,0,0,0,,
LENTA-01009,2026-03-09,ural,ekaterinburg,MONETKA-04,Monetka,offline_store,fresh_fruit_veg,0,basic,none,2,1750,87,1300,37,62,264,0,0,0,,
LENTA-01010,2026-03-12,ural,ekaterinburg,MONETKA-04,Monetka,offline_store,fresh_fruit_veg,0,basic,none,4,1750,87,1300,37,62,264,0,0,0,,
LENTA-01011,2026-03-20,ural,ekaterinburg,MONETKA-05,Monetka,offline_store,dairy,1,basic,none,4,1858,86,1286,43,29,414,1,1,0,,
LENTA-01012,2026-03-23,ural,ekaterinburg,MONETKA-05,Monetka,offline_store,dairy,1,basic,none,6,1858,86,1286,43,29,414,1,0,0,,
LENTA-01013,2026-03-26,ural,ekaterinburg,MONETKA-05,Monetka,offline_store,dairy,1,basic,none,2,1858,86,1286,43,29,414,1,0,0,,
LENTA-01014,2026-03-29,ural,ekaterinburg,MONETKA-05,Monetka,offline_store,dairy,1,basic,none,4,1858,86,1286,43,29,414,1,0,0,,
LENTA-01015,2026-04-01,ural,ekaterinburg,MONETKA-05,Monetka,offline_store,dairy,1,basic,none,6,1858,86,1286,43,29,414,0,0,0,,
LENTA-01016,2026-04-04,ural,ekaterinburg,MONETKA-05,Monetka,offline_store,dairy,1,basic,none,2,1858,86,1286,43,29,414,0,0,0,,
LENTA-01017,2026-04-07,ural,ekaterinburg,MONETKA-05,Monetka,offline_store,dairy,1,basic,none,4,1858,86,1286,43,29,414,0,0,0,,
LENTA-01018,2026-04-10,ural,ekaterinburg,MONETKA-05,Monetka,offline_store,dairy,1,basic,none,6,1858,86,1286,43,29,414,0,0,0,,
LENTA-01019,2026-04-13,ural,ekaterinburg,MONETKA-05,Monetka,offline_store,dairy,1,basic,none,2,1858,86,1286,43,29,414,0,0,0,,
LENTA-01020,2026-04-16,ural,ekaterinburg,MONETKA-05,Monetka,offline_store,dairy,1,basic,none,4,1858,86,1286,43,29,414,0,0,0,,
LENTA-01021,2026-04-19,ural,ekaterinburg,MONETKA-05,Monetka,offline_store,dairy,1,basic,none,6,1857,86,1286,43,29,413,0,0,0,,
LENTA-01022,2026-04-22,ural,ekaterinburg,MONETKA-05,Monetka,offline_store,dairy,1,basic,none,2,1857,86,1286,43,29,413,0,0,0,,
LENTA-01023,2026-04-25,ural,ekaterinburg,MONETKA-05,Monetka,offline_store,dairy,1,basic,none,4,1857,86,1286,43,29,413,0,0,0,,
LENTA-01024,2026-04-28,ural,ekaterinburg,MONETKA-05,Monetka,offline_store,dairy,1,basic,none,6,1857,86,1286,43,29,413,0,0,0,,
LENTA-01025,2026-05-01,ural,ekaterinburg,MONETKA-05,Monetka,offline_store,dairy,1,basic,none,2,1857,86,1286,43,29,413,0,0,0,,
LENTA-01026,2026-05-04,ural,ekaterinburg,MONETKA-05,Monetka,offline_store,dairy,1,basic,none,4,1857,86,1286,43,29,413,0,0,0,,
LENTA-01027,2026-05-07,ural,ekaterinburg,MONETKA-05,Monetka,offline_store,dairy,1,basic,none,6,1857,86,1286,43,29,413,0,0,0,,
LENTA-01028,2026-05-10,ural,ekaterinburg,MONETKA-05,Monetka,offline_store,dairy,1,basic,none,2,1857,86,1286,43,29,413,0,0,0,,
LENTA-01029,2026-05-13,ural,ekaterinburg,MONETKA-05,Monetka,offline_store,dairy,1,basic,none,4,1857,86,1286,43,29,413,0,0,0,,
LENTA-01030,2026-05-16,ural,ekaterinburg,MONETKA-05,Monetka,offline_store,dairy,1,basic,none,6,1857,86,1286,43,29,413,0,0,0,,
LENTA-01031,2026-05-19,ural,ekaterinburg,MONETKA-05,Monetka,offline_store,dairy,1,basic,none,2,1857,86,1286,43,29,413,0,0,0,,
LENTA-01032,2026-05-22,ural,ekaterinburg,MONETKA-05,Monetka,offline_store,dairy,1,basic,none,4,1857,86,1286,43,29,413,0,0,0,,
LENTA-01033,2026-05-25,ural,ekaterinburg,MONETKA-05,Monetka,offline_store,dairy,1,basic,none,6,1857,86,1286,43,29,413,0,0,0,,
LENTA-01034,2026-05-28,ural,ekaterinburg,MONETKA-05,Monetka,offline_store,dairy,1,basic,none,2,1857,86,1286,43,29,413,0,0,0,,
LENTA-01035,2026-05-31,ural,ekaterinburg,MONETKA-05,Monetka,offline_store,dairy,1,basic,none,4,1857,86,1286,43,29,413,0,0,0,,
LENTA-01036,2026-01-03,ural,ekaterinburg,MONETKA-05,Monetka,offline_store,dairy,1,basic,none,6,1857,86,1286,43,29,413,0,0,0,,
LENTA-01037,2026-01-06,ural,ekaterinburg,MONETKA-05,Monetka,offline_store,dairy,1,basic,none,2,1857,86,1286,43,29,413,0,0,0,,
LENTA-01038,2026-01-09,ural,ekaterinburg,MONETKA-05,Monetka,offline_store,dairy,1,basic,none,4,1857,86,1286,43,29,413,0,0,0,,
LENTA-01039,2026-01-12,ural,ekaterinburg,MONETKA-05,Monetka,offline_store,dairy,1,basic,none,6,1857,86,1286,43,29,413,0,0,0,,
LENTA-01040,2026-01-15,ural,ekaterinburg,MONETKA-05,Monetka,offline_store,dairy,1,basic,none,2,1857,86,1286,43,29,413,0,0,0,,
LENTA-01041,2026-01-18,ural,ekaterinburg,MONETKA-05,Monetka,offline_store,dairy,1,basic,none,4,1857,86,1286,43,29,413,0,0,0,,
LENTA-01042,2026-01-21,ural,ekaterinburg,MONETKA-05,Monetka,offline_store,dairy,1,basic,none,6,1857,86,1286,43,29,413,0,0,0,,
LENTA-01043,2026-01-24,ural,ekaterinburg,MONETKA-05,Monetka,offline_store,dairy,1,basic,none,2,1857,86,1286,43,29,413,0,0,0,,
LENTA-01044,2026-01-27,ural,ekaterinburg,MONETKA-05,Monetka,offline_store,dairy,1,basic,none,4,1857,86,1286,43,29,413,0,0,0,,
LENTA-01045,2026-01-30,ural,ekaterinburg,MONETKA-05,Monetka,offline_store,dairy,1,basic,none,6,1857,86,1286,43,29,413,0,0,0,,
LENTA-01046,2026-02-02,ural,ekaterinburg,MONETKA-05,Monetka,offline_store,dairy,1,basic,none,2,1857,86,1286,43,29,413,0,0,0,,
LENTA-01047,2026-02-05,ural,ekaterinburg,MONETKA-05,Monetka,offline_store,dairy,1,basic,none,4,1857,86,1286,43,29,413,0,0,0,,
LENTA-01048,2026-02-08,ural,ekaterinburg,MONETKA-05,Monetka,offline_store,dairy,1,basic,none,6,1857,86,1286,43,29,413,0,0,0,,
LENTA-01049,2026-02-11,ural,ekaterinburg,MONETKA-05,Monetka,offline_store,dairy,1,basic,none,2,1857,86,1286,43,29,413,0,0,0,,
LENTA-01050,2026-02-14,ural,ekaterinburg,MONETKA-05,Monetka,offline_store,dairy,1,basic,none,4,1857,86,1286,43,29,413,0,0,0,,
LENTA-01051,2026-02-17,ural,ekaterinburg,MONETKA-05,Monetka,offline_store,dairy,1,basic,none,6,1857,86,1286,43,28,414,0,0,0,,
LENTA-01052,2026-02-20,ural,ekaterinburg,MONETKA-05,Monetka,offline_store,dairy,1,basic,none,2,1857,86,1286,43,28,414,0,0,0,,
LENTA-01053,2026-02-23,ural,ekaterinburg,MONETKA-05,Monetka,offline_store,dairy,1,basic,none,4,1857,86,1286,43,28,414,0,0,0,,
LENTA-01054,2026-02-26,ural,ekaterinburg,MONETKA-05,Monetka,offline_store,dairy,1,basic,none,6,1857,86,1286,43,28,414,0,0,0,,
LENTA-01055,2026-03-01,ural,ekaterinburg,MONETKA-05,Monetka,offline_store,dairy,1,basic,none,2,1857,86,1286,43,28,414,0,0,0,,
LENTA-01056,2026-03-04,ural,ekaterinburg,MONETKA-05,Monetka,offline_store,dairy,1,basic,none,4,1857,86,1286,43,28,414,0,0,0,,
LENTA-01057,2026-03-07,ural,ekaterinburg,MONETKA-05,Monetka,offline_store,dairy,1,basic,none,6,1857,86,1286,43,28,414,0,0,0,,
LENTA-01058,2026-03-10,ural,ekaterinburg,MONETKA-05,Monetka,offline_store,dairy,1,basic,none,2,1857,86,1286,43,28,414,0,0,0,,
LENTA-01059,2026-03-13,ural,ekaterinburg,MONETKA-05,Monetka,offline_store,dairy,1,basic,none,4,1857,86,1286,43,28,414,0,0,0,,
LENTA-01060,2026-03-16,ural,ekaterinburg,MONETKA-05,Monetka,offline_store,dairy,1,basic,none,6,1857,86,1286,43,28,414,0,0,0,,
LENTA-01061,2026-03-19,ural,ekaterinburg,MONETKA-05,Monetka,offline_store,dairy,1,basic,none,2,1857,85,1285,43,28,416,0,0,0,,
LENTA-01062,2026-03-22,ural,ekaterinburg,MONETKA-05,Monetka,offline_store,dairy,1,basic,none,4,1857,85,1285,43,28,416,0,0,0,,
LENTA-01063,2026-03-25,ural,ekaterinburg,MONETKA-05,Monetka,offline_store,dairy,1,basic,none,6,1857,85,1285,43,28,416,0,0,0,,
LENTA-01064,2026-03-28,ural,ekaterinburg,MONETKA-05,Monetka,offline_store,dairy,1,basic,none,2,1857,85,1285,43,28,416,0,0,0,,
LENTA-01065,2026-03-31,ural,ekaterinburg,MONETKA-05,Monetka,offline_store,dairy,1,basic,none,4,1857,85,1285,43,28,416,0,0,0,,
LENTA-01066,2026-04-03,ural,ekaterinburg,MONETKA-05,Monetka,offline_store,dairy,1,basic,none,6,1857,85,1285,43,28,416,0,0,0,,
LENTA-01067,2026-04-06,ural,ekaterinburg,MONETKA-05,Monetka,offline_store,dairy,1,basic,none,2,1857,85,1285,43,28,416,0,0,0,,
LENTA-01068,2026-04-09,ural,ekaterinburg,MONETKA-05,Monetka,offline_store,dairy,1,basic,none,4,1857,85,1285,43,28,416,0,0,0,,
LENTA-01069,2026-04-12,ural,ekaterinburg,MONETKA-05,Monetka,offline_store,dairy,1,basic,none,6,1857,85,1285,43,28,416,0,0,0,,
LENTA-01070,2026-04-15,ural,ekaterinburg,MONETKA-05,Monetka,offline_store,dairy,1,basic,none,2,1857,85,1285,43,28,416,0,0,0,,
LENTA-01071,2026-04-18,ural,ekaterinburg,MONETKA-05,Monetka,offline_store,dairy,1,basic,none,4,1857,85,1285,42,28,417,0,0,0,,
LENTA-01072,2026-04-21,ural,ekaterinburg,MONETKA-05,Monetka,offline_store,dairy,1,basic,none,6,1857,85,1285,42,28,417,0,0,0,,
LENTA-01073,2026-04-24,ural,ekaterinburg,MONETKA-05,Monetka,offline_store,dairy,1,basic,none,2,1857,85,1285,42,28,417,0,0,0,,
LENTA-01074,2026-04-27,ural,ekaterinburg,MONETKA-05,Monetka,offline_store,dairy,1,basic,none,4,1857,85,1285,42,28,417,0,0,0,,
LENTA-01075,2026-04-30,ural,ekaterinburg,MONETKA-05,Monetka,offline_store,dairy,1,basic,none,6,1857,85,1285,42,28,417,0,0,0,,
LENTA-01076,2026-05-03,ural,ekaterinburg,MONETKA-05,Monetka,offline_store,dairy,1,basic,none,2,1857,85,1285,42,28,417,0,0,0,,
LENTA-01077,2026-05-06,ural,ekaterinburg,MONETKA-05,Monetka,offline_store,dairy,1,basic,none,4,1857,85,1285,42,28,417,0,0,0,,
LENTA-01078,2026-05-09,ural,ekaterinburg,MONETKA-05,Monetka,offline_store,dairy,1,basic,none,6,1857,85,1285,42,28,417,0,0,0,,
LENTA-01079,2026-05-12,ural,ekaterinburg,MONETKA-05,Monetka,offline_store,dairy,1,basic,none,2,1857,85,1285,42,28,417,0,0,0,,
LENTA-01080,2026-05-15,ural,ekaterinburg,MONETKA-05,Monetka,offline_store,dairy,1,basic,none,4,1857,85,1285,42,28,417,0,0,0,,
LENTA-01081,2026-05-23,siberia,novosibirsk,MONETKA-06,Monetka,offline_store,dry_grocery,1,basic,none,2,2000,91,1391,46,37,435,1,1,0,,
LENTA-01082,2026-05-26,siberia,novosibirsk,MONETKA-06,Monetka,offline_store,dry_grocery,1,basic,none,4,2000,91,1391,46,37,435,1,1,0,,
LENTA-01083,2026-05-29,siberia,novosibirsk,MONETKA-06,Monetka,offline_store,dry_grocery,1,basic,none,6,2000,91,1391,46,37,435,1,0,0,,
LENTA-01084,2026-01-01,siberia,novosibirsk,MONETKA-06,Monetka,offline_store,dry_grocery,1,basic,none,2,2000,91,1391,46,37,435,1,0,0,,
LENTA-01085,2026-01-04,siberia,novosibirsk,MONETKA-06,Monetka,offline_store,dry_grocery,1,basic,none,4,2000,91,1391,46,37,435,1,0,0,,
LENTA-01086,2026-01-07,siberia,novosibirsk,MONETKA-06,Monetka,offline_store,dry_grocery,1,basic,none,6,2000,91,1391,46,37,435,0,0,0,,
LENTA-01087,2026-01-10,siberia,novosibirsk,MONETKA-06,Monetka,offline_store,dry_grocery,1,basic,none,2,2000,91,1391,46,37,435,0,0,0,,
LENTA-01088,2026-01-13,siberia,novosibirsk,MONETKA-06,Monetka,offline_store,dry_grocery,1,basic,none,4,2000,91,1391,46,37,435,0,0,0,,
LENTA-01089,2026-01-16,siberia,novosibirsk,MONETKA-06,Monetka,offline_store,dry_grocery,1,basic,none,6,2000,91,1391,46,37,435,0,0,0,,
LENTA-01090,2026-01-19,siberia,novosibirsk,MONETKA-06,Monetka,offline_store,dry_grocery,1,basic,none,2,2000,91,1391,46,37,435,0,0,0,,
LENTA-01091,2026-01-22,siberia,novosibirsk,MONETKA-06,Monetka,offline_store,dry_grocery,1,basic,none,4,2000,91,1391,46,37,435,0,0,0,,
LENTA-01092,2026-01-25,siberia,novosibirsk,MONETKA-06,Monetka,offline_store,dry_grocery,1,basic,none,6,2000,91,1391,46,37,435,0,0,0,,
LENTA-01093,2026-01-28,siberia,novosibirsk,MONETKA-06,Monetka,offline_store,dry_grocery,1,basic,none,2,2000,91,1391,46,37,435,0,0,0,,
LENTA-01094,2026-01-31,siberia,novosibirsk,MONETKA-06,Monetka,offline_store,dry_grocery,1,basic,none,4,2000,91,1391,46,37,435,0,0,0,,
LENTA-01095,2026-02-03,siberia,novosibirsk,MONETKA-06,Monetka,offline_store,dry_grocery,1,basic,none,6,2000,91,1391,46,37,435,0,0,0,,
LENTA-01096,2026-02-06,siberia,novosibirsk,MONETKA-06,Monetka,offline_store,dry_grocery,1,basic,none,2,2000,91,1391,46,37,435,0,0,0,,
LENTA-01097,2026-02-09,siberia,novosibirsk,MONETKA-06,Monetka,offline_store,dry_grocery,1,basic,none,4,2000,91,1391,46,37,435,0,0,0,,
LENTA-01098,2026-02-12,siberia,novosibirsk,MONETKA-06,Monetka,offline_store,dry_grocery,1,basic,none,6,2000,91,1391,46,37,435,0,0,0,,
LENTA-01099,2026-02-15,siberia,novosibirsk,MONETKA-06,Monetka,offline_store,dry_grocery,1,basic,none,2,2000,91,1391,46,37,435,0,0,0,,
LENTA-01100,2026-02-18,siberia,novosibirsk,MONETKA-06,Monetka,offline_store,dry_grocery,1,basic,none,4,2000,91,1391,46,37,435,0,0,0,,
LENTA-01101,2026-02-21,siberia,novosibirsk,MONETKA-06,Monetka,offline_store,dry_grocery,1,basic,none,6,2000,91,1391,46,37,435,0,0,0,,
LENTA-01102,2026-02-24,siberia,novosibirsk,MONETKA-06,Monetka,offline_store,dry_grocery,1,basic,none,2,2000,91,1391,46,37,435,0,0,0,,
LENTA-01103,2026-02-27,siberia,novosibirsk,MONETKA-06,Monetka,offline_store,dry_grocery,1,basic,none,4,2000,91,1391,46,37,435,0,0,0,,
LENTA-01104,2026-03-02,siberia,novosibirsk,MONETKA-06,Monetka,offline_store,dry_grocery,1,basic,none,6,2000,91,1391,46,37,435,0,0,0,,
LENTA-01105,2026-03-05,siberia,novosibirsk,MONETKA-06,Monetka,offline_store,dry_grocery,1,basic,none,2,2000,91,1391,46,37,435,0,0,0,,
LENTA-01106,2026-03-08,siberia,novosibirsk,MONETKA-06,Monetka,offline_store,dry_grocery,1,basic,none,4,2000,91,1391,46,37,435,0,0,0,,
LENTA-01107,2026-03-11,siberia,novosibirsk,MONETKA-06,Monetka,offline_store,dry_grocery,1,basic,none,6,2000,91,1391,46,37,435,0,0,0,,
LENTA-01108,2026-03-14,siberia,novosibirsk,MONETKA-06,Monetka,offline_store,dry_grocery,1,basic,none,2,2000,91,1391,46,37,435,0,0,0,,
LENTA-01109,2026-03-17,siberia,novosibirsk,MONETKA-06,Monetka,offline_store,dry_grocery,1,basic,none,4,2000,91,1391,46,37,435,0,0,0,,
LENTA-01110,2026-03-20,siberia,novosibirsk,MONETKA-06,Monetka,offline_store,dry_grocery,1,basic,none,6,2000,91,1391,46,37,435,0,0,0,,
LENTA-01111,2026-03-23,siberia,novosibirsk,MONETKA-06,Monetka,offline_store,dry_grocery,1,basic,none,2,2000,91,1391,46,37,435,0,0,0,,
LENTA-01112,2026-03-26,siberia,novosibirsk,MONETKA-06,Monetka,offline_store,dry_grocery,1,basic,none,4,2000,91,1391,46,37,435,0,0,0,,
LENTA-01113,2026-03-29,siberia,novosibirsk,MONETKA-06,Monetka,offline_store,dry_grocery,1,basic,none,6,2000,91,1391,46,37,435,0,0,0,,
LENTA-01114,2026-04-01,siberia,novosibirsk,MONETKA-06,Monetka,offline_store,dry_grocery,1,basic,none,2,2000,91,1391,46,37,435,0,0,0,,
LENTA-01115,2026-04-04,siberia,novosibirsk,MONETKA-06,Monetka,offline_store,dry_grocery,1,basic,none,4,2000,91,1391,46,37,435,0,0,0,,
LENTA-01116,2026-04-07,siberia,novosibirsk,MONETKA-06,Monetka,offline_store,dry_grocery,1,basic,none,6,2000,91,1391,46,37,435,0,0,0,,
LENTA-01117,2026-04-10,siberia,novosibirsk,MONETKA-06,Monetka,offline_store,dry_grocery,1,basic,none,2,2000,91,1391,46,37,435,0,0,0,,
LENTA-01118,2026-04-13,siberia,novosibirsk,MONETKA-06,Monetka,offline_store,dry_grocery,1,basic,none,4,2000,91,1391,46,37,435,0,0,0,,
LENTA-01119,2026-04-16,siberia,novosibirsk,MONETKA-06,Monetka,offline_store,dry_grocery,1,basic,none,6,2000,91,1391,46,37,435,0,0,0,,
LENTA-01120,2026-04-19,siberia,novosibirsk,MONETKA-06,Monetka,offline_store,dry_grocery,1,basic,none,2,2000,91,1391,46,37,435,0,0,0,,
LENTA-01121,2026-04-22,siberia,novosibirsk,MONETKA-06,Monetka,offline_store,dry_grocery,1,basic,none,4,2000,91,1391,46,36,436,0,0,0,,
LENTA-01122,2026-04-25,siberia,novosibirsk,MONETKA-06,Monetka,offline_store,dry_grocery,1,basic,none,6,2000,91,1391,46,36,436,0,0,0,,
LENTA-01123,2026-04-28,siberia,novosibirsk,MONETKA-06,Monetka,offline_store,dry_grocery,1,basic,none,2,2000,91,1391,46,36,436,0,0,0,,
LENTA-01124,2026-05-01,siberia,novosibirsk,MONETKA-06,Monetka,offline_store,dry_grocery,1,basic,none,4,2000,91,1391,46,36,436,0,0,0,,
LENTA-01125,2026-05-04,siberia,novosibirsk,MONETKA-06,Monetka,offline_store,dry_grocery,1,basic,none,6,2000,91,1391,46,36,436,0,0,0,,
LENTA-01126,2026-05-07,siberia,novosibirsk,MONETKA-06,Monetka,offline_store,dry_grocery,1,basic,none,2,2000,91,1391,46,36,436,0,0,0,,
LENTA-01127,2026-05-10,siberia,novosibirsk,MONETKA-06,Monetka,offline_store,dry_grocery,1,basic,none,4,2000,91,1391,46,36,436,0,0,0,,
LENTA-01128,2026-05-13,siberia,novosibirsk,MONETKA-06,Monetka,offline_store,dry_grocery,1,basic,none,6,2000,91,1391,46,36,436,0,0,0,,
LENTA-01129,2026-05-16,siberia,novosibirsk,MONETKA-06,Monetka,offline_store,dry_grocery,1,basic,none,2,2000,91,1391,46,36,436,0,0,0,,
LENTA-01130,2026-05-19,siberia,novosibirsk,MONETKA-06,Monetka,offline_store,dry_grocery,1,basic,none,4,2000,91,1391,46,36,436,0,0,0,,
LENTA-01131,2026-05-22,siberia,novosibirsk,MONETKA-06,Monetka,offline_store,dry_grocery,1,basic,none,6,2000,91,1391,45,36,437,0,0,0,,
LENTA-01132,2026-05-25,siberia,novosibirsk,MONETKA-06,Monetka,offline_store,dry_grocery,1,basic,none,2,2000,91,1391,45,36,437,0,0,0,,
LENTA-01133,2026-05-28,siberia,novosibirsk,MONETKA-06,Monetka,offline_store,dry_grocery,1,basic,none,4,2000,91,1391,45,36,437,0,0,0,,
LENTA-01134,2026-05-31,siberia,novosibirsk,MONETKA-06,Monetka,offline_store,dry_grocery,1,basic,none,6,2000,91,1391,45,36,437,0,0,0,,
LENTA-01135,2026-01-03,siberia,novosibirsk,MONETKA-06,Monetka,offline_store,dry_grocery,1,basic,none,2,2000,91,1391,45,36,437,0,0,0,,
LENTA-01136,2026-01-06,siberia,novosibirsk,MONETKA-06,Monetka,offline_store,dry_grocery,1,basic,none,4,2000,91,1391,45,36,437,0,0,0,,
LENTA-01137,2026-01-09,siberia,novosibirsk,MONETKA-06,Monetka,offline_store,dry_grocery,1,basic,none,6,2000,91,1391,45,36,437,0,0,0,,
LENTA-01138,2026-01-12,siberia,novosibirsk,MONETKA-06,Monetka,offline_store,dry_grocery,1,basic,none,2,2000,91,1391,45,36,437,0,0,0,,
LENTA-01139,2026-01-15,siberia,novosibirsk,MONETKA-06,Monetka,offline_store,dry_grocery,1,basic,none,4,2000,91,1391,45,36,437,0,0,0,,
LENTA-01140,2026-01-18,siberia,novosibirsk,MONETKA-06,Monetka,offline_store,dry_grocery,1,basic,none,6,2000,91,1391,45,36,437,0,0,0,,
LENTA-01141,2026-01-21,siberia,novosibirsk,MONETKA-06,Monetka,offline_store,dry_grocery,1,basic,none,2,2000,91,1391,45,36,437,0,0,0,,
LENTA-01142,2026-01-24,siberia,novosibirsk,MONETKA-06,Monetka,offline_store,dry_grocery,1,basic,none,4,2000,91,1391,45,36,437,0,0,0,,
LENTA-01143,2026-01-27,siberia,novosibirsk,MONETKA-06,Monetka,offline_store,dry_grocery,1,basic,none,6,2000,91,1391,45,36,437,0,0,0,,
LENTA-01144,2026-01-30,siberia,novosibirsk,MONETKA-06,Monetka,offline_store,dry_grocery,1,basic,none,2,2000,91,1391,45,36,437,0,0,0,,
LENTA-01145,2026-02-02,siberia,novosibirsk,MONETKA-06,Monetka,offline_store,dry_grocery,1,basic,none,4,2000,91,1391,45,36,437,0,0,0,,
LENTA-01146,2026-02-05,siberia,novosibirsk,MONETKA-06,Monetka,offline_store,dry_grocery,1,basic,none,6,2000,91,1391,45,36,437,0,0,0,,
LENTA-01147,2026-02-08,siberia,novosibirsk,MONETKA-06,Monetka,offline_store,dry_grocery,1,basic,none,2,2000,91,1391,45,36,437,0,0,0,,
LENTA-01148,2026-02-11,siberia,novosibirsk,MONETKA-06,Monetka,offline_store,dry_grocery,1,basic,none,4,2000,91,1391,45,36,437,0,0,0,,
LENTA-01149,2026-02-14,siberia,novosibirsk,MONETKA-06,Monetka,offline_store,dry_grocery,1,basic,none,6,2000,91,1391,45,36,437,0,0,0,,
LENTA-01150,2026-02-17,siberia,novosibirsk,MONETKA-06,Monetka,offline_store,dry_grocery,1,basic,none,2,2000,91,1391,45,36,437,0,0,0,,
LENTA-01151,2026-02-20,siberia,novosibirsk,MONETKA-06,Monetka,offline_store,dry_grocery,1,basic,none,4,2000,91,1391,45,36,437,0,0,0,,
LENTA-01152,2026-02-23,siberia,novosibirsk,MONETKA-06,Monetka,offline_store,dry_grocery,1,basic,none,6,2000,91,1391,45,36,437,0,0,0,,
LENTA-01153,2026-02-26,siberia,novosibirsk,MONETKA-06,Monetka,offline_store,dry_grocery,1,basic,none,2,2000,91,1391,45,36,437,0,0,0,,
LENTA-01154,2026-03-01,siberia,novosibirsk,MONETKA-06,Monetka,offline_store,dry_grocery,1,basic,none,4,2000,91,1391,45,36,437,0,0,0,,
LENTA-01155,2026-03-04,siberia,novosibirsk,MONETKA-06,Monetka,offline_store,dry_grocery,1,basic,none,6,2000,91,1391,45,36,437,0,0,0,,
LENTA-01156,2026-03-07,siberia,novosibirsk,MONETKA-06,Monetka,offline_store,dry_grocery,1,basic,none,2,2000,91,1391,45,36,437,0,0,0,,
LENTA-01157,2026-03-10,siberia,novosibirsk,MONETKA-06,Monetka,offline_store,dry_grocery,1,basic,none,4,2000,91,1391,45,36,437,0,0,0,,
LENTA-01158,2026-03-13,siberia,novosibirsk,MONETKA-06,Monetka,offline_store,dry_grocery,1,basic,none,6,2000,91,1391,45,36,437,0,0,0,,
LENTA-01159,2026-03-16,siberia,novosibirsk,MONETKA-06,Monetka,offline_store,dry_grocery,1,basic,none,2,2000,91,1391,45,36,437,0,0,0,,
LENTA-01160,2026-03-19,siberia,novosibirsk,MONETKA-06,Monetka,offline_store,dry_grocery,1,basic,none,4,2000,91,1391,45,36,437,0,0,0,,
LENTA-01161,2026-03-22,siberia,novosibirsk,MONETKA-06,Monetka,offline_store,dry_grocery,1,basic,none,6,2000,91,1391,45,36,437,0,0,0,,
LENTA-01162,2026-03-25,siberia,novosibirsk,MONETKA-06,Monetka,offline_store,dry_grocery,1,basic,none,2,2000,91,1391,45,36,437,0,0,0,,
LENTA-01163,2026-03-28,siberia,novosibirsk,MONETKA-06,Monetka,offline_store,dry_grocery,1,basic,none,4,2000,91,1391,45,36,437,0,0,0,,
LENTA-01164,2026-03-31,siberia,novosibirsk,MONETKA-06,Monetka,offline_store,dry_grocery,1,basic,none,6,2000,91,1391,45,36,437,0,0,0,,
LENTA-01165,2026-04-03,siberia,novosibirsk,MONETKA-06,Monetka,offline_store,dry_grocery,1,basic,none,2,2000,91,1391,45,36,437,0,0,0,,
LENTA-01166,2026-04-06,siberia,novosibirsk,MONETKA-06,Monetka,offline_store,dry_grocery,1,basic,none,4,2000,91,1391,45,36,437,0,0,0,,
LENTA-01167,2026-04-09,siberia,novosibirsk,MONETKA-06,Monetka,offline_store,dry_grocery,1,basic,none,6,2000,91,1391,45,36,437,0,0,0,,
LENTA-01168,2026-04-12,siberia,novosibirsk,MONETKA-06,Monetka,offline_store,dry_grocery,1,basic,none,2,2000,91,1391,45,36,437,0,0,0,,
LENTA-01169,2026-04-15,siberia,novosibirsk,MONETKA-06,Monetka,offline_store,dry_grocery,1,basic,none,4,2000,91,1391,45,36,437,0,0,0,,
LENTA-01170,2026-04-18,siberia,novosibirsk,MONETKA-06,Monetka,offline_store,dry_grocery,1,basic,none,6,2000,91,1391,45,36,437,0,0,0,,
LENTA-01171,2026-04-21,siberia,novosibirsk,MONETKA-06,Monetka,offline_store,dry_grocery,1,basic,none,2,2000,91,1391,45,36,437,0,0,0,,
LENTA-01172,2026-04-24,siberia,novosibirsk,MONETKA-06,Monetka,offline_store,dry_grocery,1,basic,none,4,2000,91,1391,45,36,437,0,0,0,,
LENTA-01173,2026-04-27,siberia,novosibirsk,MONETKA-06,Monetka,offline_store,dry_grocery,1,basic,none,6,2000,91,1391,45,36,437,0,0,0,,
LENTA-01174,2026-04-30,siberia,novosibirsk,MONETKA-06,Monetka,offline_store,dry_grocery,1,basic,none,2,2000,91,1391,45,36,437,0,0,0,,
LENTA-01175,2026-05-03,siberia,novosibirsk,MONETKA-06,Monetka,offline_store,dry_grocery,1,basic,none,4,2000,91,1391,45,36,437,0,0,0,,
LENTA-01176,2026-05-06,siberia,novosibirsk,MONETKA-06,Monetka,offline_store,dry_grocery,1,basic,none,6,2000,91,1391,45,36,437,0,0,0,,
LENTA-01177,2026-05-09,siberia,novosibirsk,MONETKA-06,Monetka,offline_store,dry_grocery,1,basic,none,2,2000,91,1391,45,36,437,0,0,0,,
LENTA-01178,2026-05-12,siberia,novosibirsk,MONETKA-06,Monetka,offline_store,dry_grocery,1,basic,none,4,2000,91,1391,45,36,437,0,0,0,,
LENTA-01179,2026-05-15,siberia,novosibirsk,MONETKA-06,Monetka,offline_store,dry_grocery,1,basic,none,6,2000,91,1391,45,36,437,0,0,0,,
LENTA-01180,2026-05-18,siberia,novosibirsk,MONETKA-06,Monetka,offline_store,dry_grocery,1,basic,none,2,2000,91,1391,45,36,437,0,0,0,,
LENTA-01181,2026-05-21,siberia,novosibirsk,MONETKA-06,Monetka,offline_store,dry_grocery,1,basic,none,4,2000,90,1390,45,36,439,0,0,0,,
LENTA-01182,2026-05-24,siberia,novosibirsk,MONETKA-06,Monetka,offline_store,dry_grocery,1,basic,none,6,2000,90,1390,45,36,439,0,0,0,,
LENTA-01183,2026-05-27,siberia,novosibirsk,MONETKA-06,Monetka,offline_store,dry_grocery,1,basic,none,2,2000,90,1390,45,36,439,0,0,0,,
LENTA-01184,2026-05-30,siberia,novosibirsk,MONETKA-06,Monetka,offline_store,dry_grocery,1,basic,none,4,2000,90,1390,45,36,439,0,0,0,,
LENTA-01185,2026-01-02,siberia,novosibirsk,MONETKA-06,Monetka,offline_store,dry_grocery,1,basic,none,6,2000,90,1390,45,36,439,0,0,0,,
LENTA-01186,2026-01-05,siberia,novosibirsk,MONETKA-06,Monetka,offline_store,dry_grocery,1,basic,none,2,2000,90,1390,45,36,439,0,0,0,,
LENTA-01187,2026-01-08,siberia,novosibirsk,MONETKA-06,Monetka,offline_store,dry_grocery,1,basic,none,4,2000,90,1390,45,36,439,0,0,0,,
LENTA-01188,2026-01-11,siberia,novosibirsk,MONETKA-06,Monetka,offline_store,dry_grocery,1,basic,none,6,2000,90,1390,45,36,439,0,0,0,,
LENTA-01189,2026-01-14,siberia,novosibirsk,MONETKA-06,Monetka,offline_store,dry_grocery,1,basic,none,2,2000,90,1390,45,36,439,0,0,0,,
LENTA-01190,2026-01-17,siberia,novosibirsk,MONETKA-06,Monetka,offline_store,dry_grocery,1,basic,none,4,2000,90,1390,45,36,439,0,0,0,,
LENTA-01191,2026-01-25,south,krasnodar,MONETKA-07,Monetka,offline_store,household,0,basic,none,4,2667,134,1734,67,34,698,1,1,0,,
LENTA-01192,2026-01-28,south,krasnodar,MONETKA-07,Monetka,offline_store,household,0,basic,none,6,2667,134,1734,67,34,698,1,0,0,,
LENTA-01193,2026-01-31,south,krasnodar,MONETKA-07,Monetka,offline_store,household,0,basic,none,2,2667,134,1734,67,34,698,0,0,0,,
LENTA-01194,2026-02-03,south,krasnodar,MONETKA-07,Monetka,offline_store,household,0,basic,none,4,2667,134,1734,67,34,698,0,0,0,,
LENTA-01195,2026-02-06,south,krasnodar,MONETKA-07,Monetka,offline_store,household,0,basic,none,6,2667,134,1734,67,34,698,0,0,0,,
LENTA-01196,2026-02-09,south,krasnodar,MONETKA-07,Monetka,offline_store,household,0,basic,none,2,2667,134,1734,67,34,698,0,0,0,,
LENTA-01197,2026-02-12,south,krasnodar,MONETKA-07,Monetka,offline_store,household,0,basic,none,4,2667,134,1734,67,34,698,0,0,0,,
LENTA-01198,2026-02-15,south,krasnodar,MONETKA-07,Monetka,offline_store,household,0,basic,none,6,2667,134,1734,67,34,698,0,0,0,,
LENTA-01199,2026-02-18,south,krasnodar,MONETKA-07,Monetka,offline_store,household,0,basic,none,2,2667,134,1734,67,34,698,0,0,0,,
LENTA-01200,2026-02-21,south,krasnodar,MONETKA-07,Monetka,offline_store,household,0,basic,none,4,2667,134,1734,67,34,698,0,0,0,,
LENTA-01201,2026-02-24,south,krasnodar,MONETKA-07,Monetka,offline_store,household,0,basic,none,6,2667,134,1734,67,34,698,0,0,0,,
LENTA-01202,2026-02-27,south,krasnodar,MONETKA-07,Monetka,offline_store,household,0,basic,none,2,2667,134,1734,67,34,698,0,0,0,,
LENTA-01203,2026-03-02,south,krasnodar,MONETKA-07,Monetka,offline_store,household,0,basic,none,4,2667,134,1734,67,34,698,0,0,0,,
LENTA-01204,2026-03-05,south,krasnodar,MONETKA-07,Monetka,offline_store,household,0,basic,none,6,2667,134,1734,67,34,698,0,0,0,,
LENTA-01205,2026-03-08,south,krasnodar,MONETKA-07,Monetka,offline_store,household,0,basic,none,2,2667,134,1734,67,34,698,0,0,0,,
LENTA-01206,2026-03-11,south,krasnodar,MONETKA-07,Monetka,offline_store,household,0,basic,none,4,2667,134,1734,67,34,698,0,0,0,,
LENTA-01207,2026-03-14,south,krasnodar,MONETKA-07,Monetka,offline_store,household,0,basic,none,6,2667,134,1734,67,34,698,0,0,0,,
LENTA-01208,2026-03-17,south,krasnodar,MONETKA-07,Monetka,offline_store,household,0,basic,none,2,2667,134,1734,67,34,698,0,0,0,,
LENTA-01209,2026-03-20,south,krasnodar,MONETKA-07,Monetka,offline_store,household,0,basic,none,4,2667,134,1734,67,34,698,0,0,0,,
LENTA-01210,2026-03-23,south,krasnodar,MONETKA-07,Monetka,offline_store,household,0,basic,none,6,2667,134,1734,67,34,698,0,0,0,,
LENTA-01211,2026-03-26,south,krasnodar,MONETKA-07,Monetka,offline_store,household,0,basic,none,2,2667,133,1733,67,33,701,0,0,0,,
LENTA-01212,2026-03-29,south,krasnodar,MONETKA-07,Monetka,offline_store,household,0,basic,none,4,2667,133,1733,67,33,701,0,0,0,,
LENTA-01213,2026-04-01,south,krasnodar,MONETKA-07,Monetka,offline_store,household,0,basic,none,6,2667,133,1733,67,33,701,0,0,0,,
LENTA-01214,2026-04-04,south,krasnodar,MONETKA-07,Monetka,offline_store,household,0,basic,none,2,2667,133,1733,67,33,701,0,0,0,,
LENTA-01215,2026-04-07,south,krasnodar,MONETKA-07,Monetka,offline_store,household,0,basic,none,4,2667,133,1733,67,33,701,0,0,0,,
LENTA-01216,2026-04-10,south,krasnodar,MONETKA-07,Monetka,offline_store,household,0,basic,none,6,2667,133,1733,67,33,701,0,0,0,,
LENTA-01217,2026-04-13,south,krasnodar,MONETKA-07,Monetka,offline_store,household,0,basic,none,2,2667,133,1733,67,33,701,0,0,0,,
LENTA-01218,2026-04-16,south,krasnodar,MONETKA-07,Monetka,offline_store,household,0,basic,none,4,2667,133,1733,67,33,701,0,0,0,,
LENTA-01219,2026-04-19,south,krasnodar,MONETKA-07,Monetka,offline_store,household,0,basic,none,6,2667,133,1733,67,33,701,0,0,0,,
LENTA-01220,2026-04-22,south,krasnodar,MONETKA-07,Monetka,offline_store,household,0,basic,none,2,2667,133,1733,67,33,701,0,0,0,,
LENTA-01221,2026-04-25,south,krasnodar,MONETKA-07,Monetka,offline_store,household,0,basic,none,4,2667,133,1733,67,33,701,0,0,0,,
LENTA-01222,2026-04-28,south,krasnodar,MONETKA-07,Monetka,offline_store,household,0,basic,none,6,2667,133,1733,67,33,701,0,0,0,,
LENTA-01223,2026-05-01,south,krasnodar,MONETKA-07,Monetka,offline_store,household,0,basic,none,2,2667,133,1733,67,33,701,0,0,0,,
LENTA-01224,2026-05-04,south,krasnodar,MONETKA-07,Monetka,offline_store,household,0,basic,none,4,2667,133,1733,67,33,701,0,0,0,,
LENTA-01225,2026-05-07,south,krasnodar,MONETKA-07,Monetka,offline_store,household,0,basic,none,6,2667,133,1733,67,33,701,0,0,0,,
LENTA-01226,2026-05-10,south,krasnodar,MONETKA-07,Monetka,offline_store,household,0,basic,none,2,2667,133,1733,67,33,701,0,0,0,,
LENTA-01227,2026-05-13,south,krasnodar,MONETKA-07,Monetka,offline_store,household,0,basic,none,4,2667,133,1733,67,33,701,0,0,0,,
LENTA-01228,2026-05-16,south,krasnodar,MONETKA-07,Monetka,offline_store,household,0,basic,none,6,2667,133,1733,67,33,701,0,0,0,,
LENTA-01229,2026-05-19,south,krasnodar,MONETKA-07,Monetka,offline_store,household,0,basic,none,2,2667,133,1733,67,33,701,0,0,0,,
LENTA-01230,2026-05-22,south,krasnodar,MONETKA-07,Monetka,offline_store,household,0,basic,none,4,2667,133,1733,67,33,701,0,0,0,,
LENTA-01231,2026-05-25,south,krasnodar,MONETKA-07,Monetka,offline_store,household,0,basic,none,6,2666,133,1733,66,33,701,0,0,0,,
LENTA-01232,2026-05-28,south,krasnodar,MONETKA-07,Monetka,offline_store,household,0,basic,none,2,2666,133,1733,66,33,701,0,0,0,,
LENTA-01233,2026-05-31,south,krasnodar,MONETKA-07,Monetka,offline_store,household,0,basic,none,4,2666,133,1733,66,33,701,0,0,0,,
LENTA-01234,2026-01-03,south,krasnodar,MONETKA-07,Monetka,offline_store,household,0,basic,none,6,2666,133,1733,66,33,701,0,0,0,,
LENTA-01235,2026-01-06,south,krasnodar,MONETKA-07,Monetka,offline_store,household,0,basic,none,2,2666,133,1733,66,33,701,0,0,0,,
LENTA-01236,2026-01-09,south,krasnodar,MONETKA-07,Monetka,offline_store,household,0,basic,none,4,2666,133,1733,66,33,701,0,0,0,,
LENTA-01237,2026-01-12,south,krasnodar,MONETKA-07,Monetka,offline_store,household,0,basic,none,6,2666,133,1733,66,33,701,0,0,0,,
LENTA-01238,2026-01-15,south,krasnodar,MONETKA-07,Monetka,offline_store,household,0,basic,none,2,2666,133,1733,66,33,701,0,0,0,,
LENTA-01239,2026-01-18,south,krasnodar,MONETKA-07,Monetka,offline_store,household,0,basic,none,4,2666,133,1733,66,33,701,0,0,0,,
LENTA-01240,2026-01-21,south,krasnodar,MONETKA-07,Monetka,offline_store,household,0,basic,none,6,2666,133,1733,66,33,701,0,0,0,,
LENTA-01241,2026-01-24,south,krasnodar,MONETKA-07,Monetka,offline_store,household,0,basic,none,2,2666,133,1733,66,33,701,0,0,0,,
LENTA-01242,2026-01-27,south,krasnodar,MONETKA-07,Monetka,offline_store,household,0,basic,none,4,2666,133,1733,66,33,701,0,0,0,,
LENTA-01243,2026-01-30,south,krasnodar,MONETKA-07,Monetka,offline_store,household,0,basic,none,6,2666,133,1733,66,33,701,0,0,0,,
LENTA-01244,2026-02-02,south,krasnodar,MONETKA-07,Monetka,offline_store,household,0,basic,none,2,2666,133,1733,66,33,701,0,0,0,,
LENTA-01245,2026-02-05,south,krasnodar,MONETKA-07,Monetka,offline_store,household,0,basic,none,4,2666,133,1733,66,33,701,0,0,0,,
LENTA-01246,2026-02-08,south,krasnodar,MONETKA-07,Monetka,offline_store,household,0,basic,none,6,2666,133,1733,66,33,701,0,0,0,,
LENTA-01247,2026-02-11,south,krasnodar,MONETKA-07,Monetka,offline_store,household,0,basic,none,2,2666,133,1733,66,33,701,0,0,0,,
LENTA-01248,2026-02-14,south,krasnodar,MONETKA-07,Monetka,offline_store,household,0,basic,none,4,2666,133,1733,66,33,701,0,0,0,,
LENTA-01249,2026-02-17,south,krasnodar,MONETKA-07,Monetka,offline_store,household,0,basic,none,6,2666,133,1733,66,33,701,0,0,0,,
LENTA-01250,2026-02-20,south,krasnodar,MONETKA-07,Monetka,offline_store,household,0,basic,none,2,2666,133,1733,66,33,701,0,0,0,,
LENTA-01251,2026-02-28,south,krasnodar,MONETKA-08,Monetka,offline_store,ready_food,0,basic,markdown_evening,4,3250,200,2375,75,75,525,1,1,1,,
LENTA-01252,2026-03-03,south,krasnodar,MONETKA-08,Monetka,offline_store,ready_food,0,basic,markdown_evening,6,3250,200,2375,75,75,525,1,1,0,,
LENTA-01253,2026-03-06,south,krasnodar,MONETKA-08,Monetka,offline_store,ready_food,0,basic,markdown_evening,2,3250,200,2375,75,75,525,1,1,0,,
LENTA-01254,2026-03-09,south,krasnodar,MONETKA-08,Monetka,offline_store,ready_food,0,basic,markdown_evening,4,3250,200,2375,75,75,525,1,1,0,,
LENTA-01255,2026-03-12,south,krasnodar,MONETKA-08,Monetka,offline_store,ready_food,0,basic,markdown_evening,6,3250,200,2375,75,75,525,1,1,0,,
LENTA-01256,2026-03-15,south,krasnodar,MONETKA-08,Monetka,offline_store,ready_food,0,basic,markdown_evening,2,3250,200,2375,75,75,525,0,0,0,,
LENTA-01257,2026-03-18,south,krasnodar,MONETKA-08,Monetka,offline_store,ready_food,0,basic,markdown_evening,4,3250,200,2375,75,75,525,0,0,0,,
LENTA-01258,2026-03-21,south,krasnodar,MONETKA-08,Monetka,offline_store,ready_food,0,basic,markdown_evening,6,3250,200,2375,75,75,525,0,0,0,,
LENTA-01259,2026-03-24,south,krasnodar,MONETKA-08,Monetka,offline_store,ready_food,0,basic,markdown_evening,2,3250,200,2375,75,75,525,0,0,0,,
LENTA-01260,2026-03-27,south,krasnodar,MONETKA-08,Monetka,offline_store,ready_food,0,basic,markdown_evening,4,3250,200,2375,75,75,525,0,0,0,,
LENTA-01261,2026-03-30,south,krasnodar,MONETKA-08,Monetka,offline_store,ready_food,0,basic,markdown_evening,6,3250,200,2375,75,75,525,0,0,0,,
LENTA-01262,2026-04-02,south,krasnodar,MONETKA-08,Monetka,offline_store,ready_food,0,basic,markdown_evening,2,3250,200,2375,75,75,525,0,0,0,,
LENTA-01263,2026-04-05,south,krasnodar,MONETKA-08,Monetka,offline_store,ready_food,0,basic,markdown_evening,4,3250,200,2375,75,75,525,0,0,0,,
LENTA-01264,2026-04-08,south,krasnodar,MONETKA-08,Monetka,offline_store,ready_food,0,basic,markdown_evening,6,3250,200,2375,75,75,525,0,0,0,,
LENTA-01265,2026-04-11,south,krasnodar,MONETKA-08,Monetka,offline_store,ready_food,0,basic,markdown_evening,2,3250,200,2375,75,75,525,0,0,0,,
LENTA-01266,2026-04-14,south,krasnodar,MONETKA-08,Monetka,offline_store,ready_food,0,basic,markdown_evening,4,3250,200,2375,75,75,525,0,0,0,,
LENTA-01267,2026-04-17,south,krasnodar,MONETKA-08,Monetka,offline_store,ready_food,0,basic,markdown_evening,6,3250,200,2375,75,75,525,0,0,0,,
LENTA-01268,2026-04-20,south,krasnodar,MONETKA-08,Monetka,offline_store,ready_food,0,basic,markdown_evening,2,3250,200,2375,75,75,525,0,0,0,,
LENTA-01269,2026-04-23,south,krasnodar,MONETKA-08,Monetka,offline_store,ready_food,0,basic,markdown_evening,4,3250,200,2375,75,75,525,0,0,0,,
LENTA-01270,2026-04-26,south,krasnodar,MONETKA-08,Monetka,offline_store,ready_food,0,basic,markdown_evening,6,3250,200,2375,75,75,525,0,0,0,,
LENTA-01271,2026-04-29,south,krasnodar,MONETKA-08,Monetka,offline_store,ready_food,0,basic,markdown_evening,2,3250,200,2375,75,75,525,0,0,0,,
LENTA-01272,2026-05-02,south,krasnodar,MONETKA-08,Monetka,offline_store,ready_food,0,basic,markdown_evening,4,3250,200,2375,75,75,525,0,0,0,,
LENTA-01273,2026-05-05,south,krasnodar,MONETKA-08,Monetka,offline_store,ready_food,0,basic,markdown_evening,6,3250,200,2375,75,75,525,0,0,0,,
LENTA-01274,2026-05-08,south,krasnodar,MONETKA-08,Monetka,offline_store,ready_food,0,basic,markdown_evening,2,3250,200,2375,75,75,525,0,0,0,,
LENTA-01275,2026-05-11,south,krasnodar,MONETKA-08,Monetka,offline_store,ready_food,0,basic,markdown_evening,4,3250,200,2375,75,75,525,0,0,0,,
LENTA-01276,2026-05-14,south,krasnodar,MONETKA-08,Monetka,offline_store,ready_food,0,basic,markdown_evening,6,3250,200,2375,75,75,525,0,0,0,,
LENTA-01277,2026-05-17,south,krasnodar,MONETKA-08,Monetka,offline_store,ready_food,0,basic,markdown_evening,2,3250,200,2375,75,75,525,0,0,0,,
LENTA-01278,2026-05-20,south,krasnodar,MONETKA-08,Monetka,offline_store,ready_food,0,basic,markdown_evening,4,3250,200,2375,75,75,525,0,0,0,,
LENTA-01279,2026-05-23,south,krasnodar,MONETKA-08,Monetka,offline_store,ready_food,0,basic,markdown_evening,6,3250,200,2375,75,75,525,0,0,0,,
LENTA-01280,2026-05-26,south,krasnodar,MONETKA-08,Monetka,offline_store,ready_food,0,basic,markdown_evening,2,3250,200,2375,75,75,525,0,0,0,,
LENTA-01281,2026-05-29,south,krasnodar,MONETKA-08,Monetka,offline_store,ready_food,0,basic,markdown_evening,4,3250,200,2375,75,75,525,0,0,0,,
LENTA-01282,2026-01-01,south,krasnodar,MONETKA-08,Monetka,offline_store,ready_food,0,basic,markdown_evening,6,3250,200,2375,75,75,525,0,0,0,,
LENTA-01283,2026-01-04,south,krasnodar,MONETKA-08,Monetka,offline_store,ready_food,0,basic,markdown_evening,2,3250,200,2375,75,75,525,0,0,0,,
LENTA-01284,2026-01-07,south,krasnodar,MONETKA-08,Monetka,offline_store,ready_food,0,basic,markdown_evening,4,3250,200,2375,75,75,525,0,0,0,,
LENTA-01285,2026-01-10,south,krasnodar,MONETKA-08,Monetka,offline_store,ready_food,0,basic,markdown_evening,6,3250,200,2375,75,75,525,0,0,0,,
LENTA-01286,2026-01-13,south,krasnodar,MONETKA-08,Monetka,offline_store,ready_food,0,basic,markdown_evening,2,3250,200,2375,75,75,525,0,0,0,,
LENTA-01287,2026-01-16,south,krasnodar,MONETKA-08,Monetka,offline_store,ready_food,0,basic,markdown_evening,4,3250,200,2375,75,75,525,0,0,0,,
LENTA-01288,2026-01-19,south,krasnodar,MONETKA-08,Monetka,offline_store,ready_food,0,basic,markdown_evening,6,3250,200,2375,75,75,525,0,0,0,,
LENTA-01289,2026-01-22,south,krasnodar,MONETKA-08,Monetka,offline_store,ready_food,0,basic,markdown_evening,2,3250,200,2375,75,75,525,0,0,0,,
LENTA-01290,2026-01-25,south,krasnodar,MONETKA-08,Monetka,offline_store,ready_food,0,basic,markdown_evening,4,3250,200,2375,75,75,525,0,0,0,,
LENTA-01291,2026-02-02,center,moscow,LENTA-09,Lenta Online,online_delivery,ready_food,0,gold,EXPRESS60,2,7000,1500,4417,2167,167,-1251,1,1,1,0,78
LENTA-01292,2026-02-05,center,moscow,LENTA-09,Lenta Online,online_delivery,ready_food,0,gold,EXPRESS60,4,7000,1500,4417,2167,167,-1251,1,1,1,0,78
LENTA-01293,2026-02-08,center,moscow,LENTA-09,Lenta Online,online_delivery,ready_food,0,gold,EXPRESS60,6,7000,1500,4417,2167,167,-1251,1,1,1,0,78
LENTA-01294,2026-02-11,center,moscow,LENTA-09,Lenta Online,online_delivery,ready_food,0,gold,EXPRESS60,2,7000,1500,4417,2167,167,-1251,1,1,1,0,78
LENTA-01295,2026-02-14,center,moscow,LENTA-09,Lenta Online,online_delivery,ready_food,0,gold,EXPRESS60,4,7000,1500,4417,2167,167,-1251,1,1,0,0,78
LENTA-01296,2026-02-17,center,moscow,LENTA-09,Lenta Online,online_delivery,ready_food,0,gold,EXPRESS60,6,7000,1500,4417,2167,167,-1251,1,1,0,0,78
LENTA-01297,2026-02-20,center,moscow,LENTA-09,Lenta Online,online_delivery,ready_food,0,gold,EXPRESS60,2,7000,1500,4417,2167,167,-1251,1,1,0,0,78
LENTA-01298,2026-02-23,center,moscow,LENTA-09,Lenta Online,online_delivery,ready_food,0,gold,EXPRESS60,4,7000,1500,4417,2167,167,-1251,1,1,0,0,78
LENTA-01299,2026-02-26,center,moscow,LENTA-09,Lenta Online,online_delivery,ready_food,0,gold,EXPRESS60,6,7000,1500,4417,2167,167,-1251,1,1,0,0,78
LENTA-01300,2026-03-01,center,moscow,LENTA-09,Lenta Online,online_delivery,ready_food,0,gold,EXPRESS60,2,7000,1500,4417,2167,167,-1251,1,1,0,0,78
LENTA-01301,2026-03-04,center,moscow,LENTA-09,Lenta Online,online_delivery,ready_food,0,gold,EXPRESS60,4,7000,1500,4417,2167,167,-1251,1,1,0,0,78
LENTA-01302,2026-03-07,center,moscow,LENTA-09,Lenta Online,online_delivery,ready_food,0,gold,EXPRESS60,6,7000,1500,4417,2167,167,-1251,1,1,0,0,78
LENTA-01303,2026-03-10,center,moscow,LENTA-09,Lenta Online,online_delivery,ready_food,0,gold,EXPRESS60,2,7000,1500,4417,2167,167,-1251,1,1,0,0,78
LENTA-01304,2026-03-13,center,moscow,LENTA-09,Lenta Online,online_delivery,ready_food,0,gold,EXPRESS60,4,7000,1500,4417,2167,167,-1251,1,1,0,0,78
LENTA-01305,2026-03-16,center,moscow,LENTA-09,Lenta Online,online_delivery,ready_food,0,gold,EXPRESS60,6,7000,1500,4417,2167,167,-1251,0,1,0,0,78
LENTA-01306,2026-03-19,center,moscow,LENTA-09,Lenta Online,online_delivery,ready_food,0,gold,EXPRESS60,2,7000,1500,4417,2167,167,-1251,0,1,0,0,78
LENTA-01307,2026-03-22,center,moscow,LENTA-09,Lenta Online,online_delivery,ready_food,0,gold,EXPRESS60,4,7000,1500,4417,2167,167,-1251,0,1,0,0,78
LENTA-01308,2026-03-25,center,moscow,LENTA-09,Lenta Online,online_delivery,ready_food,0,gold,EXPRESS60,6,7000,1500,4417,2167,167,-1251,0,1,0,0,78
LENTA-01309,2026-03-28,center,moscow,LENTA-09,Lenta Online,online_delivery,ready_food,0,gold,EXPRESS60,2,7000,1500,4417,2167,167,-1251,0,0,0,0,78
LENTA-01310,2026-03-31,center,moscow,LENTA-09,Lenta Online,online_delivery,ready_food,0,gold,EXPRESS60,4,7000,1500,4417,2167,167,-1251,0,0,0,0,78
LENTA-01311,2026-04-03,center,moscow,LENTA-09,Lenta Online,online_delivery,ready_food,0,gold,EXPRESS60,6,7000,1500,4417,2167,167,-1251,0,0,0,0,78
LENTA-01312,2026-04-06,center,moscow,LENTA-09,Lenta Online,online_delivery,ready_food,0,gold,EXPRESS60,2,7000,1500,4417,2167,167,-1251,0,0,0,0,78
LENTA-01313,2026-04-09,center,moscow,LENTA-09,Lenta Online,online_delivery,ready_food,0,gold,EXPRESS60,4,7000,1500,4417,2167,167,-1251,0,0,0,1,42
LENTA-01314,2026-04-12,center,moscow,LENTA-09,Lenta Online,online_delivery,ready_food,0,gold,EXPRESS60,6,7000,1500,4417,2167,167,-1251,0,0,0,1,42
LENTA-01315,2026-04-15,center,moscow,LENTA-09,Lenta Online,online_delivery,ready_food,0,gold,EXPRESS60,2,7000,1500,4417,2167,167,-1251,0,0,0,1,42
LENTA-01316,2026-04-18,center,moscow,LENTA-09,Lenta Online,online_delivery,ready_food,0,gold,EXPRESS60,4,7000,1500,4417,2167,167,-1251,0,0,0,1,42
LENTA-01317,2026-04-21,center,moscow,LENTA-09,Lenta Online,online_delivery,ready_food,0,gold,EXPRESS60,6,7000,1500,4417,2167,167,-1251,0,0,0,1,42
LENTA-01318,2026-04-24,center,moscow,LENTA-09,Lenta Online,online_delivery,ready_food,0,gold,EXPRESS60,2,7000,1500,4417,2167,167,-1251,0,0,0,1,42
LENTA-01319,2026-04-27,center,moscow,LENTA-09,Lenta Online,online_delivery,ready_food,0,gold,EXPRESS60,4,7000,1500,4417,2167,167,-1251,0,0,0,1,42
LENTA-01320,2026-04-30,center,moscow,LENTA-09,Lenta Online,online_delivery,ready_food,0,gold,EXPRESS60,6,7000,1500,4417,2167,167,-1251,0,0,0,1,42
LENTA-01321,2026-05-03,center,moscow,LENTA-09,Lenta Online,online_delivery,ready_food,0,gold,EXPRESS60,2,7000,1500,4417,2167,167,-1251,0,0,0,1,42
LENTA-01322,2026-05-06,center,moscow,LENTA-09,Lenta Online,online_delivery,ready_food,0,gold,EXPRESS60,4,7000,1500,4417,2167,167,-1251,0,0,0,1,42
LENTA-01323,2026-05-09,center,moscow,LENTA-09,Lenta Online,online_delivery,ready_food,0,gold,EXPRESS60,6,7000,1500,4417,2167,167,-1251,0,0,0,1,42
LENTA-01324,2026-05-12,center,moscow,LENTA-09,Lenta Online,online_delivery,ready_food,0,gold,EXPRESS60,2,7000,1500,4417,2167,167,-1251,0,0,0,1,42
LENTA-01325,2026-05-15,center,moscow,LENTA-09,Lenta Online,online_delivery,ready_food,0,gold,EXPRESS60,4,7000,1500,4417,2167,167,-1251,0,0,0,1,42
LENTA-01326,2026-05-18,center,moscow,LENTA-09,Lenta Online,online_delivery,ready_food,0,gold,EXPRESS60,6,7000,1500,4417,2167,167,-1251,0,0,0,1,42
LENTA-01327,2026-05-21,center,moscow,LENTA-09,Lenta Online,online_delivery,ready_food,0,gold,EXPRESS60,2,7000,1500,4417,2167,167,-1251,0,0,0,1,42
LENTA-01328,2026-05-24,center,moscow,LENTA-09,Lenta Online,online_delivery,ready_food,0,gold,EXPRESS60,4,7000,1500,4417,2167,167,-1251,0,0,0,1,42
LENTA-01329,2026-05-27,center,moscow,LENTA-09,Lenta Online,online_delivery,ready_food,0,gold,EXPRESS60,6,7000,1500,4417,2167,167,-1251,0,0,0,1,42
LENTA-01330,2026-05-30,center,moscow,LENTA-09,Lenta Online,online_delivery,ready_food,0,gold,EXPRESS60,2,7000,1500,4417,2167,167,-1251,0,0,0,1,42
LENTA-01331,2026-01-02,center,moscow,LENTA-09,Lenta Online,online_delivery,ready_food,0,gold,EXPRESS60,4,7000,1500,4416,2166,166,-1248,0,0,0,1,42
LENTA-01332,2026-01-05,center,moscow,LENTA-09,Lenta Online,online_delivery,ready_food,0,gold,EXPRESS60,6,7000,1500,4416,2166,166,-1248,0,0,0,1,42
LENTA-01333,2026-01-08,center,moscow,LENTA-09,Lenta Online,online_delivery,ready_food,0,gold,EXPRESS60,2,7000,1500,4416,2166,166,-1248,0,0,0,1,42
LENTA-01334,2026-01-11,center,moscow,LENTA-09,Lenta Online,online_delivery,ready_food,0,gold,EXPRESS60,4,7000,1500,4416,2166,166,-1248,0,0,0,1,42
LENTA-01335,2026-01-14,center,moscow,LENTA-09,Lenta Online,online_delivery,ready_food,0,gold,EXPRESS60,6,7000,1500,4416,2166,166,-1248,0,0,0,1,42
LENTA-01336,2026-01-17,center,moscow,LENTA-09,Lenta Online,online_delivery,ready_food,0,gold,EXPRESS60,2,7000,1500,4416,2166,166,-1248,0,0,0,1,42
LENTA-01337,2026-01-20,center,moscow,LENTA-09,Lenta Online,online_delivery,ready_food,0,gold,EXPRESS60,4,7000,1500,4416,2166,166,-1248,0,0,0,1,42
LENTA-01338,2026-01-23,center,moscow,LENTA-09,Lenta Online,online_delivery,ready_food,0,gold,EXPRESS60,6,7000,1500,4416,2166,166,-1248,0,0,0,1,42
LENTA-01339,2026-01-26,center,moscow,LENTA-09,Lenta Online,online_delivery,ready_food,0,gold,EXPRESS60,2,7000,1500,4416,2166,166,-1248,0,0,0,1,42
LENTA-01340,2026-01-29,center,moscow,LENTA-09,Lenta Online,online_delivery,ready_food,0,gold,EXPRESS60,4,7000,1500,4416,2166,166,-1248,0,0,0,1,42
LENTA-01341,2026-02-01,center,moscow,LENTA-09,Lenta Online,online_delivery,ready_food,0,gold,EXPRESS60,6,7000,1500,4416,2166,166,-1248,0,0,0,1,42
LENTA-01342,2026-02-04,center,moscow,LENTA-09,Lenta Online,online_delivery,ready_food,0,gold,EXPRESS60,2,7000,1500,4416,2166,166,-1248,0,0,0,1,42
LENTA-01343,2026-02-07,center,moscow,LENTA-09,Lenta Online,online_delivery,ready_food,0,gold,EXPRESS60,4,7000,1500,4416,2166,166,-1248,0,0,0,1,42
LENTA-01344,2026-02-10,center,moscow,LENTA-09,Lenta Online,online_delivery,ready_food,0,gold,EXPRESS60,6,7000,1500,4416,2166,166,-1248,0,0,0,1,42
LENTA-01345,2026-02-13,center,moscow,LENTA-09,Lenta Online,online_delivery,ready_food,0,gold,EXPRESS60,2,7000,1500,4416,2166,166,-1248,0,0,0,1,42
LENTA-01346,2026-02-16,center,moscow,LENTA-09,Lenta Online,online_delivery,ready_food,0,gold,EXPRESS60,4,7000,1500,4416,2166,166,-1248,0,0,0,1,42
LENTA-01347,2026-02-19,center,moscow,LENTA-09,Lenta Online,online_delivery,ready_food,0,gold,EXPRESS60,6,7000,1500,4416,2166,166,-1248,0,0,0,1,42
LENTA-01348,2026-02-22,center,moscow,LENTA-09,Lenta Online,online_delivery,ready_food,0,gold,EXPRESS60,2,7000,1500,4416,2166,166,-1248,0,0,0,1,42
LENTA-01349,2026-02-25,center,moscow,LENTA-09,Lenta Online,online_delivery,ready_food,0,gold,EXPRESS60,4,7000,1500,4416,2166,166,-1248,0,0,0,1,42
LENTA-01350,2026-02-28,center,moscow,LENTA-09,Lenta Online,online_delivery,ready_food,0,gold,EXPRESS60,6,7000,1500,4416,2166,166,-1248,0,0,0,1,42
LENTA-01351,2026-03-08,northwest,spb,LENTA-01,Lenta Online,online_delivery,fresh_fruit_veg,0,silver,EXPRESS60,2,8572,1743,5429,2515,115,-1230,1,1,1,0,78
LENTA-01352,2026-03-11,northwest,spb,LENTA-01,Lenta Online,online_delivery,fresh_fruit_veg,0,silver,EXPRESS60,4,8572,1743,5429,2515,115,-1230,1,1,1,0,78
LENTA-01353,2026-03-14,northwest,spb,LENTA-01,Lenta Online,online_delivery,fresh_fruit_veg,0,silver,EXPRESS60,6,8572,1743,5429,2515,115,-1230,1,1,0,0,78
LENTA-01354,2026-03-17,northwest,spb,LENTA-01,Lenta Online,online_delivery,fresh_fruit_veg,0,silver,EXPRESS60,2,8572,1743,5429,2515,115,-1230,1,1,0,0,78
LENTA-01355,2026-03-20,northwest,spb,LENTA-01,Lenta Online,online_delivery,fresh_fruit_veg,0,silver,EXPRESS60,4,8572,1743,5429,2515,115,-1230,1,1,0,0,78
LENTA-01356,2026-03-23,northwest,spb,LENTA-01,Lenta Online,online_delivery,fresh_fruit_veg,0,silver,EXPRESS60,6,8572,1743,5429,2515,115,-1230,1,1,0,0,78
LENTA-01357,2026-03-26,northwest,spb,LENTA-01,Lenta Online,online_delivery,fresh_fruit_veg,0,silver,EXPRESS60,2,8572,1743,5429,2515,115,-1230,1,1,0,0,78
LENTA-01358,2026-03-29,northwest,spb,LENTA-01,Lenta Online,online_delivery,fresh_fruit_veg,0,silver,EXPRESS60,4,8572,1743,5429,2515,115,-1230,1,1,0,0,78
LENTA-01359,2026-04-01,northwest,spb,LENTA-01,Lenta Online,online_delivery,fresh_fruit_veg,0,silver,EXPRESS60,6,8572,1743,5429,2515,115,-1230,1,1,0,0,78
LENTA-01360,2026-04-04,northwest,spb,LENTA-01,Lenta Online,online_delivery,fresh_fruit_veg,0,silver,EXPRESS60,2,8572,1743,5429,2515,115,-1230,1,1,0,0,78
LENTA-01361,2026-04-07,northwest,spb,LENTA-01,Lenta Online,online_delivery,fresh_fruit_veg,0,silver,EXPRESS60,4,8572,1743,5429,2514,114,-1228,1,1,0,0,78
LENTA-01362,2026-04-10,northwest,spb,LENTA-01,Lenta Online,online_delivery,fresh_fruit_veg,0,silver,EXPRESS60,6,8572,1743,5429,2514,114,-1228,0,0,0,0,78
LENTA-01363,2026-04-13,northwest,spb,LENTA-01,Lenta Online,online_delivery,fresh_fruit_veg,0,silver,EXPRESS60,2,8572,1743,5429,2514,114,-1228,0,0,0,0,78
LENTA-01364,2026-04-16,northwest,spb,LENTA-01,Lenta Online,online_delivery,fresh_fruit_veg,0,silver,EXPRESS60,4,8572,1743,5429,2514,114,-1228,0,0,0,0,78
LENTA-01365,2026-04-19,northwest,spb,LENTA-01,Lenta Online,online_delivery,fresh_fruit_veg,0,silver,EXPRESS60,6,8572,1743,5429,2514,114,-1228,0,0,0,0,78
LENTA-01366,2026-04-22,northwest,spb,LENTA-01,Lenta Online,online_delivery,fresh_fruit_veg,0,silver,EXPRESS60,2,8571,1743,5429,2514,114,-1229,0,0,0,1,42
LENTA-01367,2026-04-25,northwest,spb,LENTA-01,Lenta Online,online_delivery,fresh_fruit_veg,0,silver,EXPRESS60,4,8571,1743,5429,2514,114,-1229,0,0,0,1,42
LENTA-01368,2026-04-28,northwest,spb,LENTA-01,Lenta Online,online_delivery,fresh_fruit_veg,0,silver,EXPRESS60,6,8571,1743,5429,2514,114,-1229,0,0,0,1,42
LENTA-01369,2026-05-01,northwest,spb,LENTA-01,Lenta Online,online_delivery,fresh_fruit_veg,0,silver,EXPRESS60,2,8571,1743,5429,2514,114,-1229,0,0,0,1,42
LENTA-01370,2026-05-04,northwest,spb,LENTA-01,Lenta Online,online_delivery,fresh_fruit_veg,0,silver,EXPRESS60,4,8571,1743,5429,2514,114,-1229,0,0,0,1,42
LENTA-01371,2026-05-07,northwest,spb,LENTA-01,Lenta Online,online_delivery,fresh_fruit_veg,0,silver,EXPRESS60,6,8571,1743,5428,2514,114,-1228,0,0,0,1,42
LENTA-01372,2026-05-10,northwest,spb,LENTA-01,Lenta Online,online_delivery,fresh_fruit_veg,0,silver,EXPRESS60,2,8571,1743,5428,2514,114,-1228,0,0,0,1,42
LENTA-01373,2026-05-13,northwest,spb,LENTA-01,Lenta Online,online_delivery,fresh_fruit_veg,0,silver,EXPRESS60,4,8571,1743,5428,2514,114,-1228,0,0,0,1,42
LENTA-01374,2026-05-16,northwest,spb,LENTA-01,Lenta Online,online_delivery,fresh_fruit_veg,0,silver,EXPRESS60,6,8571,1743,5428,2514,114,-1228,0,0,0,1,42
LENTA-01375,2026-05-19,northwest,spb,LENTA-01,Lenta Online,online_delivery,fresh_fruit_veg,0,silver,EXPRESS60,2,8571,1743,5428,2514,114,-1228,0,0,0,1,42
LENTA-01376,2026-05-22,northwest,spb,LENTA-01,Lenta Online,online_delivery,fresh_fruit_veg,0,silver,EXPRESS60,4,8571,1743,5428,2514,114,-1228,0,0,0,1,42
LENTA-01377,2026-05-25,northwest,spb,LENTA-01,Lenta Online,online_delivery,fresh_fruit_veg,0,silver,EXPRESS60,6,8571,1743,5428,2514,114,-1228,0,0,0,1,42
LENTA-01378,2026-05-28,northwest,spb,LENTA-01,Lenta Online,online_delivery,fresh_fruit_veg,0,silver,EXPRESS60,2,8571,1743,5428,2514,114,-1228,0,0,0,1,42
LENTA-01379,2026-05-31,northwest,spb,LENTA-01,Lenta Online,online_delivery,fresh_fruit_veg,0,silver,EXPRESS60,4,8571,1743,5428,2514,114,-1228,0,0,0,1,42
LENTA-01380,2026-01-03,northwest,spb,LENTA-01,Lenta Online,online_delivery,fresh_fruit_veg,0,silver,EXPRESS60,6,8571,1743,5428,2514,114,-1228,0,0,0,1,42
LENTA-01381,2026-01-06,northwest,spb,LENTA-01,Lenta Online,online_delivery,fresh_fruit_veg,0,silver,EXPRESS60,2,8571,1742,5428,2514,114,-1227,0,0,0,1,42
LENTA-01382,2026-01-09,northwest,spb,LENTA-01,Lenta Online,online_delivery,fresh_fruit_veg,0,silver,EXPRESS60,4,8571,1742,5428,2514,114,-1227,0,0,0,1,42
LENTA-01383,2026-01-12,northwest,spb,LENTA-01,Lenta Online,online_delivery,fresh_fruit_veg,0,silver,EXPRESS60,6,8571,1742,5428,2514,114,-1227,0,0,0,1,42
LENTA-01384,2026-01-15,northwest,spb,LENTA-01,Lenta Online,online_delivery,fresh_fruit_veg,0,silver,EXPRESS60,2,8571,1742,5428,2514,114,-1227,0,0,0,1,42
LENTA-01385,2026-01-18,northwest,spb,LENTA-01,Lenta Online,online_delivery,fresh_fruit_veg,0,silver,EXPRESS60,4,8571,1742,5428,2514,114,-1227,0,0,0,1,42
LENTA-01386,2026-01-26,center,moscow,LENTA-02,Lenta Online,online_delivery,dry_grocery,1,gold,none,1,5000,300,3160,1200,60,280,1,1,1,0,78
LENTA-01387,2026-01-29,center,moscow,LENTA-02,Lenta Online,online_delivery,dry_grocery,1,gold,none,3,5000,300,3160,1200,60,280,1,1,0,0,78
LENTA-01388,2026-02-01,center,moscow,LENTA-02,Lenta Online,online_delivery,dry_grocery,1,gold,none,5,5000,300,3160,1200,60,280,1,1,0,0,78
LENTA-01389,2026-02-04,center,moscow,LENTA-02,Lenta Online,online_delivery,dry_grocery,1,gold,none,1,5000,300,3160,1200,60,280,1,1,0,0,78
LENTA-01390,2026-02-07,center,moscow,LENTA-02,Lenta Online,online_delivery,dry_grocery,1,gold,none,3,5000,300,3160,1200,60,280,0,1,0,0,78
LENTA-01391,2026-02-10,center,moscow,LENTA-02,Lenta Online,online_delivery,dry_grocery,1,gold,none,5,5000,300,3160,1200,60,280,0,0,0,0,78
LENTA-01392,2026-02-13,center,moscow,LENTA-02,Lenta Online,online_delivery,dry_grocery,1,gold,none,1,5000,300,3160,1200,60,280,0,0,0,0,78
LENTA-01393,2026-02-16,center,moscow,LENTA-02,Lenta Online,online_delivery,dry_grocery,1,gold,none,3,5000,300,3160,1200,60,280,0,0,0,0,78
LENTA-01394,2026-02-19,center,moscow,LENTA-02,Lenta Online,online_delivery,dry_grocery,1,gold,none,5,5000,300,3160,1200,60,280,0,0,0,1,42
LENTA-01395,2026-02-22,center,moscow,LENTA-02,Lenta Online,online_delivery,dry_grocery,1,gold,none,1,5000,300,3160,1200,60,280,0,0,0,1,42
LENTA-01396,2026-02-25,center,moscow,LENTA-02,Lenta Online,online_delivery,dry_grocery,1,gold,none,3,5000,300,3160,1200,60,280,0,0,0,1,42
LENTA-01397,2026-02-28,center,moscow,LENTA-02,Lenta Online,online_delivery,dry_grocery,1,gold,none,5,5000,300,3160,1200,60,280,0,0,0,1,42
LENTA-01398,2026-03-03,center,moscow,LENTA-02,Lenta Online,online_delivery,dry_grocery,1,gold,none,1,5000,300,3160,1200,60,280,0,0,0,1,42
LENTA-01399,2026-03-06,center,moscow,LENTA-02,Lenta Online,online_delivery,dry_grocery,1,gold,none,3,5000,300,3160,1200,60,280,0,0,0,1,42
LENTA-01400,2026-03-09,center,moscow,LENTA-02,Lenta Online,online_delivery,dry_grocery,1,gold,none,5,5000,300,3160,1200,60,280,0,0,0,1,42
LENTA-01401,2026-03-12,center,moscow,LENTA-02,Lenta Online,online_delivery,dry_grocery,1,gold,none,1,5000,300,3160,1200,60,280,0,0,0,1,42
LENTA-01402,2026-03-15,center,moscow,LENTA-02,Lenta Online,online_delivery,dry_grocery,1,gold,none,3,5000,300,3160,1200,60,280,0,0,0,1,42
LENTA-01403,2026-03-18,center,moscow,LENTA-02,Lenta Online,online_delivery,dry_grocery,1,gold,none,5,5000,300,3160,1200,60,280,0,0,0,1,42
LENTA-01404,2026-03-21,center,moscow,LENTA-02,Lenta Online,online_delivery,dry_grocery,1,gold,none,1,5000,300,3160,1200,60,280,0,0,0,1,42
LENTA-01405,2026-03-24,center,moscow,LENTA-02,Lenta Online,online_delivery,dry_grocery,1,gold,none,3,5000,300,3160,1200,60,280,0,0,0,1,42
LENTA-01406,2026-03-27,center,moscow,LENTA-02,Lenta Online,online_delivery,dry_grocery,1,gold,none,5,5000,300,3160,1200,60,280,0,0,0,1,42
LENTA-01407,2026-03-30,center,moscow,LENTA-02,Lenta Online,online_delivery,dry_grocery,1,gold,none,1,5000,300,3160,1200,60,280,0,0,0,1,42
LENTA-01408,2026-04-02,center,moscow,LENTA-02,Lenta Online,online_delivery,dry_grocery,1,gold,none,3,5000,300,3160,1200,60,280,0,0,0,1,42
LENTA-01409,2026-04-05,center,moscow,LENTA-02,Lenta Online,online_delivery,dry_grocery,1,gold,none,5,5000,300,3160,1200,60,280,0,0,0,1,42
LENTA-01410,2026-04-08,center,moscow,LENTA-02,Lenta Online,online_delivery,dry_grocery,1,gold,none,1,5000,300,3160,1200,60,280,0,0,0,1,42
LENTA-01411,2026-04-11,center,moscow,LENTA-02,Lenta Online,online_delivery,dry_grocery,1,gold,none,3,5000,300,3160,1200,60,280,0,0,0,1,42
LENTA-01412,2026-04-14,center,moscow,LENTA-02,Lenta Online,online_delivery,dry_grocery,1,gold,none,5,5000,300,3160,1200,60,280,0,0,0,1,42
LENTA-01413,2026-04-17,center,moscow,LENTA-02,Lenta Online,online_delivery,dry_grocery,1,gold,none,1,5000,300,3160,1200,60,280,0,0,0,1,42
LENTA-01414,2026-04-20,center,moscow,LENTA-02,Lenta Online,online_delivery,dry_grocery,1,gold,none,3,5000,300,3160,1200,60,280,0,0,0,1,42
LENTA-01415,2026-04-23,center,moscow,LENTA-02,Lenta Online,online_delivery,dry_grocery,1,gold,none,5,5000,300,3160,1200,60,280,0,0,0,1,42
LENTA-01416,2026-04-26,center,moscow,LENTA-02,Lenta Online,online_delivery,dry_grocery,1,gold,none,1,5000,300,3160,1200,60,280,0,0,0,1,42
LENTA-01417,2026-04-29,center,moscow,LENTA-02,Lenta Online,online_delivery,dry_grocery,1,gold,none,3,5000,300,3160,1200,60,280,0,0,0,1,42
LENTA-01418,2026-05-02,center,moscow,LENTA-02,Lenta Online,online_delivery,dry_grocery,1,gold,none,5,5000,300,3160,1200,60,280,0,0,0,1,42
LENTA-01419,2026-05-05,center,moscow,LENTA-02,Lenta Online,online_delivery,dry_grocery,1,gold,none,1,5000,300,3160,1200,60,280,0,0,0,1,42
LENTA-01420,2026-05-08,center,moscow,LENTA-02,Lenta Online,online_delivery,dry_grocery,1,gold,none,3,5000,300,3160,1200,60,280,0,0,0,1,42
LENTA-01421,2026-05-11,center,moscow,LENTA-02,Lenta Online,online_delivery,dry_grocery,1,gold,none,5,5000,300,3160,1200,60,280,0,0,0,1,42
LENTA-01422,2026-05-14,center,moscow,LENTA-02,Lenta Online,online_delivery,dry_grocery,1,gold,none,1,5000,300,3160,1200,60,280,0,0,0,1,42
LENTA-01423,2026-05-17,center,moscow,LENTA-02,Lenta Online,online_delivery,dry_grocery,1,gold,none,3,5000,300,3160,1200,60,280,0,0,0,1,42
LENTA-01424,2026-05-20,center,moscow,LENTA-02,Lenta Online,online_delivery,dry_grocery,1,gold,none,5,5000,300,3160,1200,60,280,0,0,0,1,42
LENTA-01425,2026-05-23,center,moscow,LENTA-02,Lenta Online,online_delivery,dry_grocery,1,gold,none,1,5000,300,3160,1200,60,280,0,0,0,1,42
LENTA-01426,2026-05-26,center,moscow,LENTA-02,Lenta Online,online_delivery,dry_grocery,1,gold,none,3,5000,300,3160,1200,60,280,0,0,0,1,42
LENTA-01427,2026-05-29,center,moscow,LENTA-02,Lenta Online,online_delivery,dry_grocery,1,gold,none,5,5000,300,3160,1200,60,280,0,0,0,1,42
LENTA-01428,2026-01-01,center,moscow,LENTA-02,Lenta Online,online_delivery,dry_grocery,1,gold,none,1,5000,300,3160,1200,60,280,0,0,0,1,42
LENTA-01429,2026-01-04,center,moscow,LENTA-02,Lenta Online,online_delivery,dry_grocery,1,gold,none,3,5000,300,3160,1200,60,280,0,0,0,1,42
LENTA-01430,2026-01-07,center,moscow,LENTA-02,Lenta Online,online_delivery,dry_grocery,1,gold,none,5,5000,300,3160,1200,60,280,0,0,0,1,42
LENTA-01431,2026-01-10,center,moscow,LENTA-02,Lenta Online,online_delivery,dry_grocery,1,gold,none,1,5000,300,3160,1200,60,280,0,0,0,1,42
LENTA-01432,2026-01-13,center,moscow,LENTA-02,Lenta Online,online_delivery,dry_grocery,1,gold,none,3,5000,300,3160,1200,60,280,0,0,0,1,42
LENTA-01433,2026-01-16,center,moscow,LENTA-02,Lenta Online,online_delivery,dry_grocery,1,gold,none,5,5000,300,3160,1200,60,280,0,0,0,1,42
LENTA-01434,2026-01-19,center,moscow,LENTA-02,Lenta Online,online_delivery,dry_grocery,1,gold,none,1,5000,300,3160,1200,60,280,0,0,0,1,42
LENTA-01435,2026-01-22,center,moscow,LENTA-02,Lenta Online,online_delivery,dry_grocery,1,gold,none,3,5000,300,3160,1200,60,280,0,0,0,1,42
LENTA-01436,2026-01-30,volga,kazan,LENTA-03,Lenta Online,online_delivery,dairy,1,silver,none,3,5429,400,3258,1429,86,256,1,1,1,0,78
LENTA-01437,2026-02-02,volga,kazan,LENTA-03,Lenta Online,online_delivery,dairy,1,silver,none,5,5429,400,3258,1429,86,256,1,1,0,0,78
LENTA-01438,2026-02-05,volga,kazan,LENTA-03,Lenta Online,online_delivery,dairy,1,silver,none,1,5429,400,3258,1429,86,256,1,1,0,0,78
LENTA-01439,2026-02-08,volga,kazan,LENTA-03,Lenta Online,online_delivery,dairy,1,silver,none,3,5429,400,3258,1429,86,256,1,1,0,0,78
LENTA-01440,2026-02-11,volga,kazan,LENTA-03,Lenta Online,online_delivery,dairy,1,silver,none,5,5429,400,3258,1429,86,256,0,1,0,0,78
LENTA-01441,2026-02-14,volga,kazan,LENTA-03,Lenta Online,online_delivery,dairy,1,silver,none,1,5429,400,3257,1429,86,257,0,0,0,0,78
LENTA-01442,2026-02-17,volga,kazan,LENTA-03,Lenta Online,online_delivery,dairy,1,silver,none,3,5429,400,3257,1429,86,257,0,0,0,0,78
LENTA-01443,2026-02-20,volga,kazan,LENTA-03,Lenta Online,online_delivery,dairy,1,silver,none,5,5429,400,3257,1429,86,257,0,0,0,1,42
LENTA-01444,2026-02-23,volga,kazan,LENTA-03,Lenta Online,online_delivery,dairy,1,silver,none,1,5429,400,3257,1429,86,257,0,0,0,1,42
LENTA-01445,2026-02-26,volga,kazan,LENTA-03,Lenta Online,online_delivery,dairy,1,silver,none,3,5429,400,3257,1429,86,257,0,0,0,1,42
LENTA-01446,2026-03-01,volga,kazan,LENTA-03,Lenta Online,online_delivery,dairy,1,silver,none,5,5429,400,3257,1429,86,257,0,0,0,1,42
LENTA-01447,2026-03-04,volga,kazan,LENTA-03,Lenta Online,online_delivery,dairy,1,silver,none,1,5429,400,3257,1429,86,257,0,0,0,1,42
LENTA-01448,2026-03-07,volga,kazan,LENTA-03,Lenta Online,online_delivery,dairy,1,silver,none,3,5429,400,3257,1429,86,257,0,0,0,1,42
LENTA-01449,2026-03-10,volga,kazan,LENTA-03,Lenta Online,online_delivery,dairy,1,silver,none,5,5429,400,3257,1429,86,257,0,0,0,1,42
LENTA-01450,2026-03-13,volga,kazan,LENTA-03,Lenta Online,online_delivery,dairy,1,silver,none,1,5429,400,3257,1429,86,257,0,0,0,1,42
LENTA-01451,2026-03-16,volga,kazan,LENTA-03,Lenta Online,online_delivery,dairy,1,silver,none,3,5429,400,3257,1429,86,257,0,0,0,1,42
LENTA-01452,2026-03-19,volga,kazan,LENTA-03,Lenta Online,online_delivery,dairy,1,silver,none,5,5429,400,3257,1429,86,257,0,0,0,1,42
LENTA-01453,2026-03-22,volga,kazan,LENTA-03,Lenta Online,online_delivery,dairy,1,silver,none,1,5429,400,3257,1429,86,257,0,0,0,1,42
LENTA-01454,2026-03-25,volga,kazan,LENTA-03,Lenta Online,online_delivery,dairy,1,silver,none,3,5429,400,3257,1429,86,257,0,0,0,1,42
LENTA-01455,2026-03-28,volga,kazan,LENTA-03,Lenta Online,online_delivery,dairy,1,silver,none,5,5429,400,3257,1429,86,257,0,0,0,1,42
LENTA-01456,2026-03-31,volga,kazan,LENTA-03,Lenta Online,online_delivery,dairy,1,silver,none,1,5428,400,3257,1428,86,257,0,0,0,1,42
LENTA-01457,2026-04-03,volga,kazan,LENTA-03,Lenta Online,online_delivery,dairy,1,silver,none,3,5428,400,3257,1428,86,257,0,0,0,1,42
LENTA-01458,2026-04-06,volga,kazan,LENTA-03,Lenta Online,online_delivery,dairy,1,silver,none,5,5428,400,3257,1428,86,257,0,0,0,1,42
LENTA-01459,2026-04-09,volga,kazan,LENTA-03,Lenta Online,online_delivery,dairy,1,silver,none,1,5428,400,3257,1428,86,257,0,0,0,1,42
LENTA-01460,2026-04-12,volga,kazan,LENTA-03,Lenta Online,online_delivery,dairy,1,silver,none,3,5428,400,3257,1428,86,257,0,0,0,1,42
LENTA-01461,2026-04-15,volga,kazan,LENTA-03,Lenta Online,online_delivery,dairy,1,silver,none,5,5428,400,3257,1428,85,258,0,0,0,1,42
LENTA-01462,2026-04-18,volga,kazan,LENTA-03,Lenta Online,online_delivery,dairy,1,silver,none,1,5428,400,3257,1428,85,258,0,0,0,1,42
LENTA-01463,2026-04-21,volga,kazan,LENTA-03,Lenta Online,online_delivery,dairy,1,silver,none,3,5428,400,3257,1428,85,258,0,0,0,1,42
LENTA-01464,2026-04-24,volga,kazan,LENTA-03,Lenta Online,online_delivery,dairy,1,silver,none,5,5428,400,3257,1428,85,258,0,0,0,1,42
LENTA-01465,2026-04-27,volga,kazan,LENTA-03,Lenta Online,online_delivery,dairy,1,silver,none,1,5428,400,3257,1428,85,258,0,0,0,1,42
LENTA-01466,2026-04-30,volga,kazan,LENTA-03,Lenta Online,online_delivery,dairy,1,silver,none,3,5428,400,3257,1428,85,258,0,0,0,1,42
LENTA-01467,2026-05-03,volga,kazan,LENTA-03,Lenta Online,online_delivery,dairy,1,silver,none,5,5428,400,3257,1428,85,258,0,0,0,1,42
LENTA-01468,2026-05-06,volga,kazan,LENTA-03,Lenta Online,online_delivery,dairy,1,silver,none,1,5428,400,3257,1428,85,258,0,0,0,1,42
LENTA-01469,2026-05-09,volga,kazan,LENTA-03,Lenta Online,online_delivery,dairy,1,silver,none,3,5428,400,3257,1428,85,258,0,0,0,1,42
LENTA-01470,2026-05-12,volga,kazan,LENTA-03,Lenta Online,online_delivery,dairy,1,silver,none,5,5428,400,3257,1428,85,258,0,0,0,1,42
LENTA-01471,2026-05-20,siberia,novosibirsk,LENTA-04,Lenta Online,online_delivery,household,0,basic,none,2,6667,534,3900,2000,134,99,1,1,1,0,78
LENTA-01472,2026-05-23,siberia,novosibirsk,LENTA-04,Lenta Online,online_delivery,household,0,basic,none,4,6667,534,3900,2000,134,99,1,1,0,0,78
LENTA-01473,2026-05-26,siberia,novosibirsk,LENTA-04,Lenta Online,online_delivery,household,0,basic,none,6,6667,534,3900,2000,134,99,0,1,0,0,78
LENTA-01474,2026-05-29,siberia,novosibirsk,LENTA-04,Lenta Online,online_delivery,household,0,basic,none,2,6667,534,3900,2000,134,99,0,1,0,0,78
LENTA-01475,2026-01-01,siberia,novosibirsk,LENTA-04,Lenta Online,online_delivery,household,0,basic,none,4,6667,534,3900,2000,134,99,0,0,0,0,78
LENTA-01476,2026-01-04,siberia,novosibirsk,LENTA-04,Lenta Online,online_delivery,household,0,basic,none,6,6667,534,3900,2000,134,99,0,0,0,0,78
LENTA-01477,2026-01-07,siberia,novosibirsk,LENTA-04,Lenta Online,online_delivery,household,0,basic,none,2,6667,534,3900,2000,134,99,0,0,0,1,42
LENTA-01478,2026-01-10,siberia,novosibirsk,LENTA-04,Lenta Online,online_delivery,household,0,basic,none,4,6667,534,3900,2000,134,99,0,0,0,1,42
LENTA-01479,2026-01-13,siberia,novosibirsk,LENTA-04,Lenta Online,online_delivery,household,0,basic,none,6,6667,534,3900,2000,134,99,0,0,0,1,42
LENTA-01480,2026-01-16,siberia,novosibirsk,LENTA-04,Lenta Online,online_delivery,household,0,basic,none,2,6667,534,3900,2000,134,99,0,0,0,1,42
LENTA-01481,2026-01-19,siberia,novosibirsk,LENTA-04,Lenta Online,online_delivery,household,0,basic,none,4,6667,533,3900,2000,133,101,0,0,0,1,42
LENTA-01482,2026-01-22,siberia,novosibirsk,LENTA-04,Lenta Online,online_delivery,household,0,basic,none,6,6667,533,3900,2000,133,101,0,0,0,1,42
LENTA-01483,2026-01-25,siberia,novosibirsk,LENTA-04,Lenta Online,online_delivery,household,0,basic,none,2,6667,533,3900,2000,133,101,0,0,0,1,42
LENTA-01484,2026-01-28,siberia,novosibirsk,LENTA-04,Lenta Online,online_delivery,household,0,basic,none,4,6667,533,3900,2000,133,101,0,0,0,1,42
LENTA-01485,2026-01-31,siberia,novosibirsk,LENTA-04,Lenta Online,online_delivery,household,0,basic,none,6,6667,533,3900,2000,133,101,0,0,0,1,42
LENTA-01486,2026-02-03,siberia,novosibirsk,LENTA-04,Lenta Online,online_delivery,household,0,basic,none,2,6667,533,3900,2000,133,101,0,0,0,1,42
LENTA-01487,2026-02-06,siberia,novosibirsk,LENTA-04,Lenta Online,online_delivery,household,0,basic,none,4,6667,533,3900,2000,133,101,0,0,0,1,42
LENTA-01488,2026-02-09,siberia,novosibirsk,LENTA-04,Lenta Online,online_delivery,household,0,basic,none,6,6667,533,3900,2000,133,101,0,0,0,1,42
LENTA-01489,2026-02-12,siberia,novosibirsk,LENTA-04,Lenta Online,online_delivery,household,0,basic,none,2,6667,533,3900,2000,133,101,0,0,0,1,42
LENTA-01490,2026-02-15,siberia,novosibirsk,LENTA-04,Lenta Online,online_delivery,household,0,basic,none,4,6667,533,3900,2000,133,101,0,0,0,1,42
LENTA-01491,2026-02-18,siberia,novosibirsk,LENTA-04,Lenta Online,online_delivery,household,0,basic,none,6,6666,533,3900,2000,133,100,0,0,0,1,42
LENTA-01492,2026-02-21,siberia,novosibirsk,LENTA-04,Lenta Online,online_delivery,household,0,basic,none,2,6666,533,3900,2000,133,100,0,0,0,1,42
LENTA-01493,2026-02-24,siberia,novosibirsk,LENTA-04,Lenta Online,online_delivery,household,0,basic,none,4,6666,533,3900,2000,133,100,0,0,0,1,42
LENTA-01494,2026-02-27,siberia,novosibirsk,LENTA-04,Lenta Online,online_delivery,household,0,basic,none,6,6666,533,3900,2000,133,100,0,0,0,1,42
LENTA-01495,2026-03-02,siberia,novosibirsk,LENTA-04,Lenta Online,online_delivery,household,0,basic,none,2,6666,533,3900,2000,133,100,0,0,0,1,42
LENTA-01496,2026-03-05,siberia,novosibirsk,LENTA-04,Lenta Online,online_delivery,household,0,basic,none,4,6666,533,3900,2000,133,100,0,0,0,1,42
LENTA-01497,2026-03-08,siberia,novosibirsk,LENTA-04,Lenta Online,online_delivery,household,0,basic,none,6,6666,533,3900,2000,133,100,0,0,0,1,42
LENTA-01498,2026-03-11,siberia,novosibirsk,LENTA-04,Lenta Online,online_delivery,household,0,basic,none,2,6666,533,3900,2000,133,100,0,0,0,1,42
LENTA-01499,2026-03-14,siberia,novosibirsk,LENTA-04,Lenta Online,online_delivery,household,0,basic,none,4,6666,533,3900,2000,133,100,0,0,0,1,42
LENTA-01500,2026-03-17,siberia,novosibirsk,LENTA-04,Lenta Online,online_delivery,household,0,basic,none,6,6666,533,3900,2000,133,100,0,0,0,1,42
LENTA-01501,2026-03-25,center,moscow,LENTA-05,Lenta Online,online_pickup,dry_grocery,1,silver,PICKUP5,2,5600,340,4360,400,0,500,1,1,0,1,25
LENTA-01502,2026-03-28,center,moscow,LENTA-05,Lenta Online,online_pickup,dry_grocery,1,silver,PICKUP5,4,5600,340,4360,400,0,500,0,0,0,1,25
LENTA-01503,2026-03-31,center,moscow,LENTA-05,Lenta Online,online_pickup,dry_grocery,1,silver,PICKUP5,6,5600,340,4360,400,0,500,0,0,0,1,25
LENTA-01504,2026-04-03,center,moscow,LENTA-05,Lenta Online,online_pickup,dry_grocery,1,silver,PICKUP5,2,5600,340,4360,400,0,500,0,0,0,1,25
LENTA-01505,2026-04-06,center,moscow,LENTA-05,Lenta Online,online_pickup,dry_grocery,1,silver,PICKUP5,4,5600,340,4360,400,0,500,0,0,0,1,25
LENTA-01506,2026-04-09,center,moscow,LENTA-05,Lenta Online,online_pickup,dry_grocery,1,silver,PICKUP5,6,5600,340,4360,400,0,500,0,0,0,1,25
LENTA-01507,2026-04-12,center,moscow,LENTA-05,Lenta Online,online_pickup,dry_grocery,1,silver,PICKUP5,2,5600,340,4360,400,0,500,0,0,0,1,25
LENTA-01508,2026-04-15,center,moscow,LENTA-05,Lenta Online,online_pickup,dry_grocery,1,silver,PICKUP5,4,5600,340,4360,400,0,500,0,0,0,1,25
LENTA-01509,2026-04-18,center,moscow,LENTA-05,Lenta Online,online_pickup,dry_grocery,1,silver,PICKUP5,6,5600,340,4360,400,0,500,0,0,0,1,25
LENTA-01510,2026-04-21,center,moscow,LENTA-05,Lenta Online,online_pickup,dry_grocery,1,silver,PICKUP5,2,5600,340,4360,400,0,500,0,0,0,1,25
LENTA-01511,2026-04-24,center,moscow,LENTA-05,Lenta Online,online_pickup,dry_grocery,1,silver,PICKUP5,4,5600,340,4360,400,0,500,0,0,0,1,25
LENTA-01512,2026-04-27,center,moscow,LENTA-05,Lenta Online,online_pickup,dry_grocery,1,silver,PICKUP5,6,5600,340,4360,400,0,500,0,0,0,1,25
LENTA-01513,2026-04-30,center,moscow,LENTA-05,Lenta Online,online_pickup,dry_grocery,1,silver,PICKUP5,2,5600,340,4360,400,0,500,0,0,0,1,25
LENTA-01514,2026-05-03,center,moscow,LENTA-05,Lenta Online,online_pickup,dry_grocery,1,silver,PICKUP5,4,5600,340,4360,400,0,500,0,0,0,1,25
LENTA-01515,2026-05-06,center,moscow,LENTA-05,Lenta Online,online_pickup,dry_grocery,1,silver,PICKUP5,6,5600,340,4360,400,0,500,0,0,0,1,25
LENTA-01516,2026-05-09,center,moscow,LENTA-05,Lenta Online,online_pickup,dry_grocery,1,silver,PICKUP5,2,5600,340,4360,400,0,500,0,0,0,1,25
LENTA-01517,2026-05-12,center,moscow,LENTA-05,Lenta Online,online_pickup,dry_grocery,1,silver,PICKUP5,4,5600,340,4360,400,0,500,0,0,0,1,25
LENTA-01518,2026-05-15,center,moscow,LENTA-05,Lenta Online,online_pickup,dry_grocery,1,silver,PICKUP5,6,5600,340,4360,400,0,500,0,0,0,1,25
LENTA-01519,2026-05-18,center,moscow,LENTA-05,Lenta Online,online_pickup,dry_grocery,1,silver,PICKUP5,2,5600,340,4360,400,0,500,0,0,0,1,25
LENTA-01520,2026-05-21,center,moscow,LENTA-05,Lenta Online,online_pickup,dry_grocery,1,silver,PICKUP5,4,5600,340,4360,400,0,500,0,0,0,1,25
LENTA-01521,2026-05-24,center,moscow,LENTA-05,Lenta Online,online_pickup,dry_grocery,1,silver,PICKUP5,6,5600,340,4360,400,0,500,0,0,0,1,25
LENTA-01522,2026-05-27,center,moscow,LENTA-05,Lenta Online,online_pickup,dry_grocery,1,silver,PICKUP5,2,5600,340,4360,400,0,500,0,0,0,1,25
LENTA-01523,2026-05-30,center,moscow,LENTA-05,Lenta Online,online_pickup,dry_grocery,1,silver,PICKUP5,4,5600,340,4360,400,0,500,0,0,0,1,25
LENTA-01524,2026-01-02,center,moscow,LENTA-05,Lenta Online,online_pickup,dry_grocery,1,silver,PICKUP5,6,5600,340,4360,400,0,500,0,0,0,1,25
LENTA-01525,2026-01-05,center,moscow,LENTA-05,Lenta Online,online_pickup,dry_grocery,1,silver,PICKUP5,2,5600,340,4360,400,0,500,0,0,0,1,25
LENTA-01526,2026-01-08,center,moscow,LENTA-05,Lenta Online,online_pickup,dry_grocery,1,silver,PICKUP5,4,5600,340,4360,400,0,500,0,0,0,1,25
LENTA-01527,2026-01-11,center,moscow,LENTA-05,Lenta Online,online_pickup,dry_grocery,1,silver,PICKUP5,6,5600,340,4360,400,0,500,0,0,0,1,25
LENTA-01528,2026-01-14,center,moscow,LENTA-05,Lenta Online,online_pickup,dry_grocery,1,silver,PICKUP5,2,5600,340,4360,400,0,500,0,0,0,1,25
LENTA-01529,2026-01-17,center,moscow,LENTA-05,Lenta Online,online_pickup,dry_grocery,1,silver,PICKUP5,4,5600,340,4360,400,0,500,0,0,0,1,25
LENTA-01530,2026-01-20,center,moscow,LENTA-05,Lenta Online,online_pickup,dry_grocery,1,silver,PICKUP5,6,5600,340,4360,400,0,500,0,0,0,1,25
LENTA-01531,2026-01-23,center,moscow,LENTA-05,Lenta Online,online_pickup,dry_grocery,1,silver,PICKUP5,2,5600,340,4360,400,0,500,0,0,0,1,25
LENTA-01532,2026-01-26,center,moscow,LENTA-05,Lenta Online,online_pickup,dry_grocery,1,silver,PICKUP5,4,5600,340,4360,400,0,500,0,0,0,1,25
LENTA-01533,2026-01-29,center,moscow,LENTA-05,Lenta Online,online_pickup,dry_grocery,1,silver,PICKUP5,6,5600,340,4360,400,0,500,0,0,0,1,25
LENTA-01534,2026-02-01,center,moscow,LENTA-05,Lenta Online,online_pickup,dry_grocery,1,silver,PICKUP5,2,5600,340,4360,400,0,500,0,0,0,1,25
LENTA-01535,2026-02-04,center,moscow,LENTA-05,Lenta Online,online_pickup,dry_grocery,1,silver,PICKUP5,4,5600,340,4360,400,0,500,0,0,0,1,25
LENTA-01536,2026-02-07,center,moscow,LENTA-05,Lenta Online,online_pickup,dry_grocery,1,silver,PICKUP5,6,5600,340,4360,400,0,500,0,0,0,1,25
LENTA-01537,2026-02-10,center,moscow,LENTA-05,Lenta Online,online_pickup,dry_grocery,1,silver,PICKUP5,2,5600,340,4360,400,0,500,0,0,0,1,25
LENTA-01538,2026-02-13,center,moscow,LENTA-05,Lenta Online,online_pickup,dry_grocery,1,silver,PICKUP5,4,5600,340,4360,400,0,500,0,0,0,1,25
LENTA-01539,2026-02-16,center,moscow,LENTA-05,Lenta Online,online_pickup,dry_grocery,1,silver,PICKUP5,6,5600,340,4360,400,0,500,0,0,0,1,25
LENTA-01540,2026-02-19,center,moscow,LENTA-05,Lenta Online,online_pickup,dry_grocery,1,silver,PICKUP5,2,5600,340,4360,400,0,500,0,0,0,1,25
LENTA-01541,2026-02-22,center,moscow,LENTA-05,Lenta Online,online_pickup,dry_grocery,1,silver,PICKUP5,4,5600,340,4360,400,0,500,0,0,0,1,25
LENTA-01542,2026-02-25,center,moscow,LENTA-05,Lenta Online,online_pickup,dry_grocery,1,silver,PICKUP5,6,5600,340,4360,400,0,500,0,0,0,1,25
LENTA-01543,2026-02-28,center,moscow,LENTA-05,Lenta Online,online_pickup,dry_grocery,1,silver,PICKUP5,2,5600,340,4360,400,0,500,0,0,0,1,25
LENTA-01544,2026-03-03,center,moscow,LENTA-05,Lenta Online,online_pickup,dry_grocery,1,silver,PICKUP5,4,5600,340,4360,400,0,500,0,0,0,1,25
LENTA-01545,2026-03-06,center,moscow,LENTA-05,Lenta Online,online_pickup,dry_grocery,1,silver,PICKUP5,6,5600,340,4360,400,0,500,0,0,0,1,25
LENTA-01546,2026-03-09,center,moscow,LENTA-05,Lenta Online,online_pickup,dry_grocery,1,silver,PICKUP5,2,5600,340,4360,400,0,500,0,0,0,1,25
LENTA-01547,2026-03-12,center,moscow,LENTA-05,Lenta Online,online_pickup,dry_grocery,1,silver,PICKUP5,4,5600,340,4360,400,0,500,0,0,0,1,25
LENTA-01548,2026-03-15,center,moscow,LENTA-05,Lenta Online,online_pickup,dry_grocery,1,silver,PICKUP5,6,5600,340,4360,400,0,500,0,0,0,1,25
LENTA-01549,2026-03-18,center,moscow,LENTA-05,Lenta Online,online_pickup,dry_grocery,1,silver,PICKUP5,2,5600,340,4360,400,0,500,0,0,0,1,25
LENTA-01550,2026-03-21,center,moscow,LENTA-05,Lenta Online,online_pickup,dry_grocery,1,silver,PICKUP5,4,5600,340,4360,400,0,500,0,0,0,1,25
LENTA-01551,2026-03-29,northwest,spb,ULYBKA-06,Ulybka Radugi,offline_store,beauty,0,gold,club_price,4,3889,278,2189,89,45,1288,1,1,1,,
LENTA-01552,2026-04-01,northwest,spb,ULYBKA-06,Ulybka Radugi,offline_store,beauty,0,gold,club_price,6,3889,278,2189,89,45,1288,1,1,0,,
LENTA-01553,2026-04-04,northwest,spb,ULYBKA-06,Ulybka Radugi,offline_store,beauty,0,gold,club_price,2,3889,278,2189,89,45,1288,1,0,0,,
LENTA-01554,2026-04-07,northwest,spb,ULYBKA-06,Ulybka Radugi,offline_store,beauty,0,gold,club_price,4,3889,278,2189,89,45,1288,0,0,0,,
LENTA-01555,2026-04-10,northwest,spb,ULYBKA-06,Ulybka Radugi,offline_store,beauty,0,gold,club_price,6,3889,278,2189,89,45,1288,0,0,0,,
LENTA-01556,2026-04-13,northwest,spb,ULYBKA-06,Ulybka Radugi,offline_store,beauty,0,gold,club_price,2,3889,278,2189,89,45,1288,0,0,0,,
LENTA-01557,2026-04-16,northwest,spb,ULYBKA-06,Ulybka Radugi,offline_store,beauty,0,gold,club_price,4,3889,278,2189,89,45,1288,0,0,0,,
LENTA-01558,2026-04-19,northwest,spb,ULYBKA-06,Ulybka Radugi,offline_store,beauty,0,gold,club_price,6,3889,278,2189,89,45,1288,0,0,0,,
LENTA-01559,2026-04-22,northwest,spb,ULYBKA-06,Ulybka Radugi,offline_store,beauty,0,gold,club_price,2,3889,278,2189,89,45,1288,0,0,0,,
LENTA-01560,2026-04-25,northwest,spb,ULYBKA-06,Ulybka Radugi,offline_store,beauty,0,gold,club_price,4,3889,278,2189,89,45,1288,0,0,0,,
LENTA-01561,2026-04-28,northwest,spb,ULYBKA-06,Ulybka Radugi,offline_store,beauty,0,gold,club_price,6,3889,278,2189,89,45,1288,0,0,0,,
LENTA-01562,2026-05-01,northwest,spb,ULYBKA-06,Ulybka Radugi,offline_store,beauty,0,gold,club_price,2,3889,278,2189,89,45,1288,0,0,0,,
LENTA-01563,2026-05-04,northwest,spb,ULYBKA-06,Ulybka Radugi,offline_store,beauty,0,gold,club_price,4,3889,278,2189,89,45,1288,0,0,0,,
LENTA-01564,2026-05-07,northwest,spb,ULYBKA-06,Ulybka Radugi,offline_store,beauty,0,gold,club_price,6,3889,278,2189,89,45,1288,0,0,0,,
LENTA-01565,2026-05-10,northwest,spb,ULYBKA-06,Ulybka Radugi,offline_store,beauty,0,gold,club_price,2,3889,278,2189,89,45,1288,0,0,0,,
LENTA-01566,2026-05-13,northwest,spb,ULYBKA-06,Ulybka Radugi,offline_store,beauty,0,gold,club_price,4,3889,278,2189,89,45,1288,0,0,0,,
LENTA-01567,2026-05-16,northwest,spb,ULYBKA-06,Ulybka Radugi,offline_store,beauty,0,gold,club_price,6,3889,278,2189,89,45,1288,0,0,0,,
LENTA-01568,2026-05-19,northwest,spb,ULYBKA-06,Ulybka Radugi,offline_store,beauty,0,gold,club_price,2,3889,278,2189,89,45,1288,0,0,0,,
LENTA-01569,2026-05-22,northwest,spb,ULYBKA-06,Ulybka Radugi,offline_store,beauty,0,gold,club_price,4,3889,278,2189,89,45,1288,0,0,0,,
LENTA-01570,2026-05-25,northwest,spb,ULYBKA-06,Ulybka Radugi,offline_store,beauty,0,gold,club_price,6,3889,278,2189,89,45,1288,0,0,0,,
LENTA-01571,2026-05-28,northwest,spb,ULYBKA-06,Ulybka Radugi,offline_store,beauty,0,gold,club_price,2,3889,278,2189,89,45,1288,0,0,0,,
LENTA-01572,2026-05-31,northwest,spb,ULYBKA-06,Ulybka Radugi,offline_store,beauty,0,gold,club_price,4,3889,278,2189,89,45,1288,0,0,0,,
LENTA-01573,2026-01-03,northwest,spb,ULYBKA-06,Ulybka Radugi,offline_store,beauty,0,gold,club_price,6,3889,278,2189,89,45,1288,0,0,0,,
LENTA-01574,2026-01-06,northwest,spb,ULYBKA-06,Ulybka Radugi,offline_store,beauty,0,gold,club_price,2,3889,278,2189,89,45,1288,0,0,0,,
LENTA-01575,2026-01-09,northwest,spb,ULYBKA-06,Ulybka Radugi,offline_store,beauty,0,gold,club_price,4,3889,278,2189,89,45,1288,0,0,0,,
LENTA-01576,2026-01-12,northwest,spb,ULYBKA-06,Ulybka Radugi,offline_store,beauty,0,gold,club_price,6,3889,278,2189,89,45,1288,0,0,0,,
LENTA-01577,2026-01-15,northwest,spb,ULYBKA-06,Ulybka Radugi,offline_store,beauty,0,gold,club_price,2,3889,278,2189,89,45,1288,0,0,0,,
LENTA-01578,2026-01-18,northwest,spb,ULYBKA-06,Ulybka Radugi,offline_store,beauty,0,gold,club_price,4,3889,278,2189,89,45,1288,0,0,0,,
LENTA-01579,2026-01-21,northwest,spb,ULYBKA-06,Ulybka Radugi,offline_store,beauty,0,gold,club_price,6,3889,278,2189,89,45,1288,0,0,0,,
LENTA-01580,2026-01-24,northwest,spb,ULYBKA-06,Ulybka Radugi,offline_store,beauty,0,gold,club_price,2,3889,278,2189,89,45,1288,0,0,0,,
LENTA-01581,2026-01-27,northwest,spb,ULYBKA-06,Ulybka Radugi,offline_store,beauty,0,gold,club_price,4,3889,278,2189,89,45,1288,0,0,0,,
LENTA-01582,2026-01-30,northwest,spb,ULYBKA-06,Ulybka Radugi,offline_store,beauty,0,gold,club_price,6,3889,278,2189,89,45,1288,0,0,0,,
LENTA-01583,2026-02-02,northwest,spb,ULYBKA-06,Ulybka Radugi,offline_store,beauty,0,gold,club_price,2,3889,278,2189,89,45,1288,0,0,0,,
LENTA-01584,2026-02-05,northwest,spb,ULYBKA-06,Ulybka Radugi,offline_store,beauty,0,gold,club_price,4,3889,278,2189,89,45,1288,0,0,0,,
LENTA-01585,2026-02-08,northwest,spb,ULYBKA-06,Ulybka Radugi,offline_store,beauty,0,gold,club_price,6,3889,278,2189,89,45,1288,0,0,0,,
LENTA-01586,2026-02-11,northwest,spb,ULYBKA-06,Ulybka Radugi,offline_store,beauty,0,gold,club_price,2,3889,278,2189,89,45,1288,0,0,0,,
LENTA-01587,2026-02-14,northwest,spb,ULYBKA-06,Ulybka Radugi,offline_store,beauty,0,gold,club_price,4,3889,278,2189,89,45,1288,0,0,0,,
LENTA-01588,2026-02-17,northwest,spb,ULYBKA-06,Ulybka Radugi,offline_store,beauty,0,gold,club_price,6,3889,278,2189,89,45,1288,0,0,0,,
LENTA-01589,2026-02-20,northwest,spb,ULYBKA-06,Ulybka Radugi,offline_store,beauty,0,gold,club_price,2,3889,278,2189,89,45,1288,0,0,0,,
LENTA-01590,2026-02-23,northwest,spb,ULYBKA-06,Ulybka Radugi,offline_store,beauty,0,gold,club_price,4,3889,278,2189,89,45,1288,0,0,0,,
LENTA-01591,2026-02-26,northwest,spb,ULYBKA-06,Ulybka Radugi,offline_store,beauty,0,gold,club_price,6,3889,278,2189,89,44,1289,0,0,0,,
LENTA-01592,2026-03-01,northwest,spb,ULYBKA-06,Ulybka Radugi,offline_store,beauty,0,gold,club_price,2,3889,278,2189,89,44,1289,0,0,0,,
LENTA-01593,2026-03-04,northwest,spb,ULYBKA-06,Ulybka Radugi,offline_store,beauty,0,gold,club_price,4,3889,278,2189,89,44,1289,0,0,0,,
LENTA-01594,2026-03-07,northwest,spb,ULYBKA-06,Ulybka Radugi,offline_store,beauty,0,gold,club_price,6,3889,278,2189,89,44,1289,0,0,0,,
LENTA-01595,2026-03-10,northwest,spb,ULYBKA-06,Ulybka Radugi,offline_store,beauty,0,gold,club_price,2,3889,278,2189,89,44,1289,0,0,0,,
LENTA-01596,2026-03-13,northwest,spb,ULYBKA-06,Ulybka Radugi,offline_store,beauty,0,gold,club_price,4,3889,278,2189,89,44,1289,0,0,0,,
LENTA-01597,2026-03-16,northwest,spb,ULYBKA-06,Ulybka Radugi,offline_store,beauty,0,gold,club_price,6,3889,278,2189,89,44,1289,0,0,0,,
LENTA-01598,2026-03-19,northwest,spb,ULYBKA-06,Ulybka Radugi,offline_store,beauty,0,gold,club_price,2,3889,278,2189,89,44,1289,0,0,0,,
LENTA-01599,2026-03-22,northwest,spb,ULYBKA-06,Ulybka Radugi,offline_store,beauty,0,gold,club_price,4,3889,278,2189,89,44,1289,0,0,0,,
LENTA-01600,2026-03-25,northwest,spb,ULYBKA-06,Ulybka Radugi,offline_store,beauty,0,gold,club_price,6,3889,278,2189,89,44,1289,0,0,0,,
LENTA-01601,2026-03-28,northwest,spb,ULYBKA-06,Ulybka Radugi,offline_store,beauty,0,gold,club_price,2,3889,278,2189,89,44,1289,0,0,0,,
LENTA-01602,2026-03-31,northwest,spb,ULYBKA-06,Ulybka Radugi,offline_store,beauty,0,gold,club_price,4,3889,278,2189,89,44,1289,0,0,0,,
LENTA-01603,2026-04-03,northwest,spb,ULYBKA-06,Ulybka Radugi,offline_store,beauty,0,gold,club_price,6,3889,278,2189,89,44,1289,0,0,0,,
LENTA-01604,2026-04-06,northwest,spb,ULYBKA-06,Ulybka Radugi,offline_store,beauty,0,gold,club_price,2,3889,278,2189,89,44,1289,0,0,0,,
LENTA-01605,2026-04-09,northwest,spb,ULYBKA-06,Ulybka Radugi,offline_store,beauty,0,gold,club_price,4,3889,278,2189,89,44,1289,0,0,0,,
LENTA-01606,2026-04-12,northwest,spb,ULYBKA-06,Ulybka Radugi,offline_store,beauty,0,gold,club_price,6,3889,278,2189,89,44,1289,0,0,0,,
LENTA-01607,2026-04-15,northwest,spb,ULYBKA-06,Ulybka Radugi,offline_store,beauty,0,gold,club_price,2,3889,278,2189,89,44,1289,0,0,0,,
LENTA-01608,2026-04-18,northwest,spb,ULYBKA-06,Ulybka Radugi,offline_store,beauty,0,gold,club_price,4,3889,278,2189,89,44,1289,0,0,0,,
LENTA-01609,2026-04-21,northwest,spb,ULYBKA-06,Ulybka Radugi,offline_store,beauty,0,gold,club_price,6,3889,278,2189,89,44,1289,0,0,0,,
LENTA-01610,2026-04-24,northwest,spb,ULYBKA-06,Ulybka Radugi,offline_store,beauty,0,gold,club_price,2,3889,278,2189,89,44,1289,0,0,0,,
LENTA-01611,2026-04-27,northwest,spb,ULYBKA-06,Ulybka Radugi,offline_store,beauty,0,gold,club_price,4,3889,278,2189,89,44,1289,0,0,0,,
LENTA-01612,2026-04-30,northwest,spb,ULYBKA-06,Ulybka Radugi,offline_store,beauty,0,gold,club_price,6,3889,278,2189,89,44,1289,0,0,0,,
LENTA-01613,2026-05-03,northwest,spb,ULYBKA-06,Ulybka Radugi,offline_store,beauty,0,gold,club_price,2,3889,278,2189,89,44,1289,0,0,0,,
LENTA-01614,2026-05-06,northwest,spb,ULYBKA-06,Ulybka Radugi,offline_store,beauty,0,gold,club_price,4,3889,278,2189,89,44,1289,0,0,0,,
LENTA-01615,2026-05-09,northwest,spb,ULYBKA-06,Ulybka Radugi,offline_store,beauty,0,gold,club_price,6,3889,278,2189,89,44,1289,0,0,0,,
LENTA-01616,2026-05-12,northwest,spb,ULYBKA-06,Ulybka Radugi,offline_store,beauty,0,gold,club_price,2,3889,278,2189,89,44,1289,0,0,0,,
LENTA-01617,2026-05-15,northwest,spb,ULYBKA-06,Ulybka Radugi,offline_store,beauty,0,gold,club_price,4,3889,278,2189,89,44,1289,0,0,0,,
LENTA-01618,2026-05-18,northwest,spb,ULYBKA-06,Ulybka Radugi,offline_store,beauty,0,gold,club_price,6,3889,278,2189,89,44,1289,0,0,0,,
LENTA-01619,2026-05-21,northwest,spb,ULYBKA-06,Ulybka Radugi,offline_store,beauty,0,gold,club_price,2,3889,278,2189,89,44,1289,0,0,0,,
LENTA-01620,2026-05-24,northwest,spb,ULYBKA-06,Ulybka Radugi,offline_store,beauty,0,gold,club_price,4,3889,278,2189,89,44,1289,0,0,0,,
LENTA-01621,2026-05-27,northwest,spb,ULYBKA-06,Ulybka Radugi,offline_store,beauty,0,gold,club_price,6,3889,277,2189,89,44,1290,0,0,0,,
LENTA-01622,2026-05-30,northwest,spb,ULYBKA-06,Ulybka Radugi,offline_store,beauty,0,gold,club_price,2,3889,277,2189,89,44,1290,0,0,0,,
LENTA-01623,2026-01-02,northwest,spb,ULYBKA-06,Ulybka Radugi,offline_store,beauty,0,gold,club_price,4,3889,277,2189,89,44,1290,0,0,0,,
LENTA-01624,2026-01-05,northwest,spb,ULYBKA-06,Ulybka Radugi,offline_store,beauty,0,gold,club_price,6,3889,277,2189,89,44,1290,0,0,0,,
LENTA-01625,2026-01-08,northwest,spb,ULYBKA-06,Ulybka Radugi,offline_store,beauty,0,gold,club_price,2,3889,277,2189,89,44,1290,0,0,0,,
LENTA-01626,2026-01-11,northwest,spb,ULYBKA-06,Ulybka Radugi,offline_store,beauty,0,gold,club_price,4,3889,277,2189,89,44,1290,0,0,0,,
LENTA-01627,2026-01-14,northwest,spb,ULYBKA-06,Ulybka Radugi,offline_store,beauty,0,gold,club_price,6,3889,277,2189,89,44,1290,0,0,0,,
LENTA-01628,2026-01-17,northwest,spb,ULYBKA-06,Ulybka Radugi,offline_store,beauty,0,gold,club_price,2,3889,277,2189,89,44,1290,0,0,0,,
LENTA-01629,2026-01-20,northwest,spb,ULYBKA-06,Ulybka Radugi,offline_store,beauty,0,gold,club_price,4,3889,277,2189,89,44,1290,0,0,0,,
LENTA-01630,2026-01-23,northwest,spb,ULYBKA-06,Ulybka Radugi,offline_store,beauty,0,gold,club_price,6,3889,277,2189,89,44,1290,0,0,0,,
LENTA-01631,2026-01-26,northwest,spb,ULYBKA-06,Ulybka Radugi,offline_store,beauty,0,gold,club_price,2,3888,277,2188,88,44,1291,0,0,0,,
LENTA-01632,2026-01-29,northwest,spb,ULYBKA-06,Ulybka Radugi,offline_store,beauty,0,gold,club_price,4,3888,277,2188,88,44,1291,0,0,0,,
LENTA-01633,2026-02-01,northwest,spb,ULYBKA-06,Ulybka Radugi,offline_store,beauty,0,gold,club_price,6,3888,277,2188,88,44,1291,0,0,0,,
LENTA-01634,2026-02-04,northwest,spb,ULYBKA-06,Ulybka Radugi,offline_store,beauty,0,gold,club_price,2,3888,277,2188,88,44,1291,0,0,0,,
LENTA-01635,2026-02-07,northwest,spb,ULYBKA-06,Ulybka Radugi,offline_store,beauty,0,gold,club_price,4,3888,277,2188,88,44,1291,0,0,0,,
LENTA-01636,2026-02-10,northwest,spb,ULYBKA-06,Ulybka Radugi,offline_store,beauty,0,gold,club_price,6,3888,277,2188,88,44,1291,0,0,0,,
LENTA-01637,2026-02-13,northwest,spb,ULYBKA-06,Ulybka Radugi,offline_store,beauty,0,gold,club_price,2,3888,277,2188,88,44,1291,0,0,0,,
LENTA-01638,2026-02-16,northwest,spb,ULYBKA-06,Ulybka Radugi,offline_store,beauty,0,gold,club_price,4,3888,277,2188,88,44,1291,0,0,0,,
LENTA-01639,2026-02-19,northwest,spb,ULYBKA-06,Ulybka Radugi,offline_store,beauty,0,gold,club_price,6,3888,277,2188,88,44,1291,0,0,0,,
LENTA-01640,2026-02-22,northwest,spb,ULYBKA-06,Ulybka Radugi,offline_store,beauty,0,gold,club_price,2,3888,277,2188,88,44,1291,0,0,0,,
LENTA-01641,2026-03-02,center,moscow,ULYBKA-07,Ulybka Radugi,offline_store,household,1,silver,none,4,3500,267,1900,84,50,1199,1,1,0,,
LENTA-01642,2026-03-05,center,moscow,ULYBKA-07,Ulybka Radugi,offline_store,household,1,silver,none,6,3500,267,1900,84,50,1199,0,0,0,,
LENTA-01643,2026-03-08,center,moscow,ULYBKA-07,Ulybka Radugi,offline_store,household,1,silver,none,2,3500,267,1900,84,50,1199,0,0,0,,
LENTA-01644,2026-03-11,center,moscow,ULYBKA-07,Ulybka Radugi,offline_store,household,1,silver,none,4,3500,267,1900,84,50,1199,0,0,0,,
LENTA-01645,2026-03-14,center,moscow,ULYBKA-07,Ulybka Radugi,offline_store,household,1,silver,none,6,3500,267,1900,84,50,1199,0,0,0,,
LENTA-01646,2026-03-17,center,moscow,ULYBKA-07,Ulybka Radugi,offline_store,household,1,silver,none,2,3500,267,1900,84,50,1199,0,0,0,,
LENTA-01647,2026-03-20,center,moscow,ULYBKA-07,Ulybka Radugi,offline_store,household,1,silver,none,4,3500,267,1900,84,50,1199,0,0,0,,
LENTA-01648,2026-03-23,center,moscow,ULYBKA-07,Ulybka Radugi,offline_store,household,1,silver,none,6,3500,267,1900,84,50,1199,0,0,0,,
LENTA-01649,2026-03-26,center,moscow,ULYBKA-07,Ulybka Radugi,offline_store,household,1,silver,none,2,3500,267,1900,84,50,1199,0,0,0,,
LENTA-01650,2026-03-29,center,moscow,ULYBKA-07,Ulybka Radugi,offline_store,household,1,silver,none,4,3500,267,1900,84,50,1199,0,0,0,,
LENTA-01651,2026-04-01,center,moscow,ULYBKA-07,Ulybka Radugi,offline_store,household,1,silver,none,6,3500,267,1900,84,50,1199,0,0,0,,
LENTA-01652,2026-04-04,center,moscow,ULYBKA-07,Ulybka Radugi,offline_store,household,1,silver,none,2,3500,267,1900,84,50,1199,0,0,0,,
LENTA-01653,2026-04-07,center,moscow,ULYBKA-07,Ulybka Radugi,offline_store,household,1,silver,none,4,3500,267,1900,84,50,1199,0,0,0,,
LENTA-01654,2026-04-10,center,moscow,ULYBKA-07,Ulybka Radugi,offline_store,household,1,silver,none,6,3500,267,1900,84,50,1199,0,0,0,,
LENTA-01655,2026-04-13,center,moscow,ULYBKA-07,Ulybka Radugi,offline_store,household,1,silver,none,2,3500,267,1900,84,50,1199,0,0,0,,
LENTA-01656,2026-04-16,center,moscow,ULYBKA-07,Ulybka Radugi,offline_store,household,1,silver,none,4,3500,267,1900,84,50,1199,0,0,0,,
LENTA-01657,2026-04-19,center,moscow,ULYBKA-07,Ulybka Radugi,offline_store,household,1,silver,none,6,3500,267,1900,84,50,1199,0,0,0,,
LENTA-01658,2026-04-22,center,moscow,ULYBKA-07,Ulybka Radugi,offline_store,household,1,silver,none,2,3500,267,1900,84,50,1199,0,0,0,,
LENTA-01659,2026-04-25,center,moscow,ULYBKA-07,Ulybka Radugi,offline_store,household,1,silver,none,4,3500,267,1900,84,50,1199,0,0,0,,
LENTA-01660,2026-04-28,center,moscow,ULYBKA-07,Ulybka Radugi,offline_store,household,1,silver,none,6,3500,267,1900,84,50,1199,0,0,0,,
LENTA-01661,2026-05-01,center,moscow,ULYBKA-07,Ulybka Radugi,offline_store,household,1,silver,none,2,3500,267,1900,83,50,1200,0,0,0,,
LENTA-01662,2026-05-04,center,moscow,ULYBKA-07,Ulybka Radugi,offline_store,household,1,silver,none,4,3500,267,1900,83,50,1200,0,0,0,,
LENTA-01663,2026-05-07,center,moscow,ULYBKA-07,Ulybka Radugi,offline_store,household,1,silver,none,6,3500,267,1900,83,50,1200,0,0,0,,
LENTA-01664,2026-05-10,center,moscow,ULYBKA-07,Ulybka Radugi,offline_store,household,1,silver,none,2,3500,267,1900,83,50,1200,0,0,0,,
LENTA-01665,2026-05-13,center,moscow,ULYBKA-07,Ulybka Radugi,offline_store,household,1,silver,none,4,3500,267,1900,83,50,1200,0,0,0,,
LENTA-01666,2026-05-16,center,moscow,ULYBKA-07,Ulybka Radugi,offline_store,household,1,silver,none,6,3500,267,1900,83,50,1200,0,0,0,,
LENTA-01667,2026-05-19,center,moscow,ULYBKA-07,Ulybka Radugi,offline_store,household,1,silver,none,2,3500,267,1900,83,50,1200,0,0,0,,
LENTA-01668,2026-05-22,center,moscow,ULYBKA-07,Ulybka Radugi,offline_store,household,1,silver,none,4,3500,267,1900,83,50,1200,0,0,0,,
LENTA-01669,2026-05-25,center,moscow,ULYBKA-07,Ulybka Radugi,offline_store,household,1,silver,none,6,3500,267,1900,83,50,1200,0,0,0,,
LENTA-01670,2026-05-28,center,moscow,ULYBKA-07,Ulybka Radugi,offline_store,household,1,silver,none,2,3500,267,1900,83,50,1200,0,0,0,,
LENTA-01671,2026-05-31,center,moscow,ULYBKA-07,Ulybka Radugi,offline_store,household,1,silver,none,4,3500,267,1900,83,50,1200,0,0,0,,
LENTA-01672,2026-01-03,center,moscow,ULYBKA-07,Ulybka Radugi,offline_store,household,1,silver,none,6,3500,267,1900,83,50,1200,0,0,0,,
LENTA-01673,2026-01-06,center,moscow,ULYBKA-07,Ulybka Radugi,offline_store,household,1,silver,none,2,3500,267,1900,83,50,1200,0,0,0,,
LENTA-01674,2026-01-09,center,moscow,ULYBKA-07,Ulybka Radugi,offline_store,household,1,silver,none,4,3500,267,1900,83,50,1200,0,0,0,,
LENTA-01675,2026-01-12,center,moscow,ULYBKA-07,Ulybka Radugi,offline_store,household,1,silver,none,6,3500,267,1900,83,50,1200,0,0,0,,
LENTA-01676,2026-01-15,center,moscow,ULYBKA-07,Ulybka Radugi,offline_store,household,1,silver,none,2,3500,267,1900,83,50,1200,0,0,0,,
LENTA-01677,2026-01-18,center,moscow,ULYBKA-07,Ulybka Radugi,offline_store,household,1,silver,none,4,3500,267,1900,83,50,1200,0,0,0,,
LENTA-01678,2026-01-21,center,moscow,ULYBKA-07,Ulybka Radugi,offline_store,household,1,silver,none,6,3500,267,1900,83,50,1200,0,0,0,,
LENTA-01679,2026-01-24,center,moscow,ULYBKA-07,Ulybka Radugi,offline_store,household,1,silver,none,2,3500,267,1900,83,50,1200,0,0,0,,
LENTA-01680,2026-01-27,center,moscow,ULYBKA-07,Ulybka Radugi,offline_store,household,1,silver,none,4,3500,267,1900,83,50,1200,0,0,0,,
LENTA-01681,2026-01-30,center,moscow,ULYBKA-07,Ulybka Radugi,offline_store,household,1,silver,none,6,3500,266,1900,83,50,1201,0,0,0,,
LENTA-01682,2026-02-02,center,moscow,ULYBKA-07,Ulybka Radugi,offline_store,household,1,silver,none,2,3500,266,1900,83,50,1201,0,0,0,,
LENTA-01683,2026-02-05,center,moscow,ULYBKA-07,Ulybka Radugi,offline_store,household,1,silver,none,4,3500,266,1900,83,50,1201,0,0,0,,
LENTA-01684,2026-02-08,center,moscow,ULYBKA-07,Ulybka Radugi,offline_store,household,1,silver,none,6,3500,266,1900,83,50,1201,0,0,0,,
LENTA-01685,2026-02-11,center,moscow,ULYBKA-07,Ulybka Radugi,offline_store,household,1,silver,none,2,3500,266,1900,83,50,1201,0,0,0,,
LENTA-01686,2026-02-14,center,moscow,ULYBKA-07,Ulybka Radugi,offline_store,household,1,silver,none,4,3500,266,1900,83,50,1201,0,0,0,,
LENTA-01687,2026-02-17,center,moscow,ULYBKA-07,Ulybka Radugi,offline_store,household,1,silver,none,6,3500,266,1900,83,50,1201,0,0,0,,
LENTA-01688,2026-02-20,center,moscow,ULYBKA-07,Ulybka Radugi,offline_store,household,1,silver,none,2,3500,266,1900,83,50,1201,0,0,0,,
LENTA-01689,2026-02-23,center,moscow,ULYBKA-07,Ulybka Radugi,offline_store,household,1,silver,none,4,3500,266,1900,83,50,1201,0,0,0,,
LENTA-01690,2026-02-26,center,moscow,ULYBKA-07,Ulybka Radugi,offline_store,household,1,silver,none,6,3500,266,1900,83,50,1201,0,0,0,,
LENTA-01691,2026-03-01,center,moscow,ULYBKA-07,Ulybka Radugi,offline_store,household,1,silver,none,2,3500,266,1900,83,50,1201,0,0,0,,
LENTA-01692,2026-03-04,center,moscow,ULYBKA-07,Ulybka Radugi,offline_store,household,1,silver,none,4,3500,266,1900,83,50,1201,0,0,0,,
LENTA-01693,2026-03-07,center,moscow,ULYBKA-07,Ulybka Radugi,offline_store,household,1,silver,none,6,3500,266,1900,83,50,1201,0,0,0,,
LENTA-01694,2026-03-10,center,moscow,ULYBKA-07,Ulybka Radugi,offline_store,household,1,silver,none,2,3500,266,1900,83,50,1201,0,0,0,,
LENTA-01695,2026-03-13,center,moscow,ULYBKA-07,Ulybka Radugi,offline_store,household,1,silver,none,4,3500,266,1900,83,50,1201,0,0,0,,
LENTA-01696,2026-03-16,center,moscow,ULYBKA-07,Ulybka Radugi,offline_store,household,1,silver,none,6,3500,266,1900,83,50,1201,0,0,0,,
LENTA-01697,2026-03-19,center,moscow,ULYBKA-07,Ulybka Radugi,offline_store,household,1,silver,none,2,3500,266,1900,83,50,1201,0,0,0,,
LENTA-01698,2026-03-22,center,moscow,ULYBKA-07,Ulybka Radugi,offline_store,household,1,silver,none,4,3500,266,1900,83,50,1201,0,0,0,,
LENTA-01699,2026-03-25,center,moscow,ULYBKA-07,Ulybka Radugi,offline_store,household,1,silver,none,6,3500,266,1900,83,50,1201,0,0,0,,
LENTA-01700,2026-03-28,center,moscow,ULYBKA-07,Ulybka Radugi,offline_store,household,1,silver,none,2,3500,266,1900,83,50,1201,0,0,0,,
LENTA-01701,2026-04-05,volga,kazan,ULYBKA-08,Ulybka Radugi,offline_store,baby_goods,0,basic,none,4,4334,234,2600,67,34,1399,1,1,0,,
LENTA-01702,2026-04-08,volga,kazan,ULYBKA-08,Ulybka Radugi,offline_store,baby_goods,0,basic,none,6,4334,234,2600,67,34,1399,0,0,0,,
LENTA-01703,2026-04-11,volga,kazan,ULYBKA-08,Ulybka Radugi,offline_store,baby_goods,0,basic,none,2,4334,234,2600,67,34,1399,0,0,0,,
LENTA-01704,2026-04-14,volga,kazan,ULYBKA-08,Ulybka Radugi,offline_store,baby_goods,0,basic,none,4,4334,234,2600,67,34,1399,0,0,0,,
LENTA-01705,2026-04-17,volga,kazan,ULYBKA-08,Ulybka Radugi,offline_store,baby_goods,0,basic,none,6,4334,234,2600,67,34,1399,0,0,0,,
LENTA-01706,2026-04-20,volga,kazan,ULYBKA-08,Ulybka Radugi,offline_store,baby_goods,0,basic,none,2,4334,234,2600,67,34,1399,0,0,0,,
LENTA-01707,2026-04-23,volga,kazan,ULYBKA-08,Ulybka Radugi,offline_store,baby_goods,0,basic,none,4,4334,234,2600,67,34,1399,0,0,0,,
LENTA-01708,2026-04-26,volga,kazan,ULYBKA-08,Ulybka Radugi,offline_store,baby_goods,0,basic,none,6,4334,234,2600,67,34,1399,0,0,0,,
LENTA-01709,2026-04-29,volga,kazan,ULYBKA-08,Ulybka Radugi,offline_store,baby_goods,0,basic,none,2,4334,234,2600,67,34,1399,0,0,0,,
LENTA-01710,2026-05-02,volga,kazan,ULYBKA-08,Ulybka Radugi,offline_store,baby_goods,0,basic,none,4,4334,234,2600,67,34,1399,0,0,0,,
LENTA-01711,2026-05-05,volga,kazan,ULYBKA-08,Ulybka Radugi,offline_store,baby_goods,0,basic,none,6,4333,233,2600,67,33,1400,0,0,0,,
LENTA-01712,2026-05-08,volga,kazan,ULYBKA-08,Ulybka Radugi,offline_store,baby_goods,0,basic,none,2,4333,233,2600,67,33,1400,0,0,0,,
LENTA-01713,2026-05-11,volga,kazan,ULYBKA-08,Ulybka Radugi,offline_store,baby_goods,0,basic,none,4,4333,233,2600,67,33,1400,0,0,0,,
LENTA-01714,2026-05-14,volga,kazan,ULYBKA-08,Ulybka Radugi,offline_store,baby_goods,0,basic,none,6,4333,233,2600,67,33,1400,0,0,0,,
LENTA-01715,2026-05-17,volga,kazan,ULYBKA-08,Ulybka Radugi,offline_store,baby_goods,0,basic,none,2,4333,233,2600,67,33,1400,0,0,0,,
LENTA-01716,2026-05-20,volga,kazan,ULYBKA-08,Ulybka Radugi,offline_store,baby_goods,0,basic,none,4,4333,233,2600,67,33,1400,0,0,0,,
LENTA-01717,2026-05-23,volga,kazan,ULYBKA-08,Ulybka Radugi,offline_store,baby_goods,0,basic,none,6,4333,233,2600,67,33,1400,0,0,0,,
LENTA-01718,2026-05-26,volga,kazan,ULYBKA-08,Ulybka Radugi,offline_store,baby_goods,0,basic,none,2,4333,233,2600,67,33,1400,0,0,0,,
LENTA-01719,2026-05-29,volga,kazan,ULYBKA-08,Ulybka Radugi,offline_store,baby_goods,0,basic,none,4,4333,233,2600,67,33,1400,0,0,0,,
LENTA-01720,2026-01-01,volga,kazan,ULYBKA-08,Ulybka Radugi,offline_store,baby_goods,0,basic,none,6,4333,233,2600,67,33,1400,0,0,0,,
LENTA-01721,2026-01-04,volga,kazan,ULYBKA-08,Ulybka Radugi,offline_store,baby_goods,0,basic,none,2,4333,233,2600,66,33,1401,0,0,0,,
LENTA-01722,2026-01-07,volga,kazan,ULYBKA-08,Ulybka Radugi,offline_store,baby_goods,0,basic,none,4,4333,233,2600,66,33,1401,0,0,0,,
LENTA-01723,2026-01-10,volga,kazan,ULYBKA-08,Ulybka Radugi,offline_store,baby_goods,0,basic,none,6,4333,233,2600,66,33,1401,0,0,0,,
LENTA-01724,2026-01-13,volga,kazan,ULYBKA-08,Ulybka Radugi,offline_store,baby_goods,0,basic,none,2,4333,233,2600,66,33,1401,0,0,0,,
LENTA-01725,2026-01-16,volga,kazan,ULYBKA-08,Ulybka Radugi,offline_store,baby_goods,0,basic,none,4,4333,233,2600,66,33,1401,0,0,0,,
LENTA-01726,2026-01-19,volga,kazan,ULYBKA-08,Ulybka Radugi,offline_store,baby_goods,0,basic,none,6,4333,233,2600,66,33,1401,0,0,0,,
LENTA-01727,2026-01-22,volga,kazan,ULYBKA-08,Ulybka Radugi,offline_store,baby_goods,0,basic,none,2,4333,233,2600,66,33,1401,0,0,0,,
LENTA-01728,2026-01-25,volga,kazan,ULYBKA-08,Ulybka Radugi,offline_store,baby_goods,0,basic,none,4,4333,233,2600,66,33,1401,0,0,0,,
LENTA-01729,2026-01-28,volga,kazan,ULYBKA-08,Ulybka Radugi,offline_store,baby_goods,0,basic,none,6,4333,233,2600,66,33,1401,0,0,0,,
LENTA-01730,2026-01-31,volga,kazan,ULYBKA-08,Ulybka Radugi,offline_store,baby_goods,0,basic,none,2,4333,233,2600,66,33,1401,0,0,0,,
