extra_1,ошибки,домен,домен_корр,бе,бе_корр,цфо,мвз,суперпродукт,продукт_1с_ух,фин_клиент,ключевой_клиент,направление,екдр,pl_ручной_ввод,статья_pl,организация,домен_от_контрагента,бе_от_контрагента,контрагент,l_контрагент_1с_ух,id_сделки,бизнес_категория,проект,l_проект_1с_ух,проект_1с_ух_наименование,тип_проекта_1с_ух,комментарий,отв,ставка_ндс,не_рассчитывать_cf,cf_поквартально,cf_в_каком_месяце_признавать,смещение_сумм_cf_мес,pl_jan,pl_feb,pl_mar,pl_apr,pl_may,pl_jun,pl_jul,pl_aug,pl_sep,pl_oct,pl_nov,pl_dec,pl_fy,статья_cf_кодификатор,статья_cf_корректировка,статья_cf,cf_jan,cf_feb,cf_mar,cf_apr,cf_may,cf_jun,cf_jul,cf_aug,cf_sep,cf_oct,cf_nov,cf_dec,cf_fy,extra_64,extra_65,extra_66,extra_67,extra_68
#946,Не заполнен Фин.клиент | Не заполнен контрагент |,Домен Иннотех,\N,БЕ Мультикарта,\N,Департамент процессинга,Департамент процессинга,ПРОЦЕССИНГ,Нет продукта,\N,\N,Банк,"11030700 | Услуги связи (интернет, мобильная связь, почта и другие)",\N,"11030700 | Услуги связи (интернет, мобильная связь, почта и другие)","ООО ""МУЛЬТИКАРТА""",\N,\N,\N,\N,\N,Процессинг,\N,Договор № SSP240229OL1 от 26___03___2024,Договор № SSP240229OL1 от 26___03___2024,Прочий сервис,Аренда каналов связи для АТМ ВТБ,\N,0.22,true,false,\N,0,29708333.333333,29708333.333333,29708333.333333,29708333.333333,29708333.333333,29708333.333333,29708333.333333,29708333.333333,29708333.333333,29708333.333333,29708333.333333,29708333.333333,356500000,\N,"CF02080000|Услуги связи (интернет, мобильная связь, почта и другие)","CF02080000|Услуги связи (интернет, мобильная связь, почта и другие)",36244166.666667,36244166.666667,36244166.666667,36244166.666667,36244166.666667,36244166.666667,36244166.666667,36244166.666667,36244166.666667,36244166.666667,36244166.666667,36244166.666667,434930000,11030000,CF02080000,297083333.3333301,362441666.6666699,CF02
#947,Не заполнен Фин.клиент | Не заполнен контрагент |,Домен Иннотех,\N,БЕ Мультикарта,\N,Департамент процессинга,Департамент процессинга,ПРОЦЕССИНГ,Нет продукта,\N,\N,Банк,"11030700 | Услуги связи (интернет, мобильная связь, почта и другие)",\N,"11030700 | Услуги связи (интернет, мобильная связь, почта и другие)","ООО ""МУЛЬТИКАРТА""",\N,\N,\N,\N,\N,Процессинг,\N,Договор № SSP240229OL1 от 26___03___2024,Договор № SSP240229OL1 от 26___03___2024,Прочий сервис,Подключение каналов связи АТМ ВТБ,\N,0.22,true,false,\N,0,670833.33333333,670833.33333333,670833.33333333,670833.33333333,670833.33333333,670833.33333333,670833.33333333,670833.33333333,670833.33333333,670833.33333333,670833.33333333,670833.33333333,8050000,\N,"CF02080000|Услуги связи (интернет, мобильная связь, почта и другие)","CF02080000|Услуги связи (интернет, мобильная связь, почта и другие)",818416.66666667,818416.66666667,818416.66666667,818416.66666667,818416.66666667,818416.66666667,818416.66666667,818416.66666667,818416.66666667,818416.66666667,818416.66666667,818416.66666667,9821000,11030000,CF02080000,6708333.333333301,8184166.666666699,CF02
#948,Не заполнен Фин.клиент | Не заполнен контрагент |,Домен Иннотех,\N,БЕ Мультикарта,\N,Департамент процессинга,Департамент процессинга,ПРОЦЕССИНГ,Нет продукта,\N,\N,Банк,11020100 | Расходы на покупку оборудования для перепродажи,\N,11020100 | Себестоимость оборудования для перепродажи,"ООО ""МУЛЬТИКАРТА""",\N,\N,\N,\N,\N,Процессинг,\N,Договор № SSP240229OL1 от 26___03___2024,Договор № SSP240229OL1 от 26___03___2024,Прочий сервис,маршрутизаторы NSG (текущие потребности),\N,0.22,true,false,\N,0,0,0,0,0,0,4166666.6666667,0,0,7291666.6666667,7291666.6666667,7291666.6666667,7291666.6666667,33333333.333333,\N,"CF02020100|Платежи за покупку оборудования для перепродажи, кроме продажи ПАК","CF02020100|Платежи за покупку оборудования для перепродажи, кроме продажи ПАК",0,0,0,0,0,5083333.3333333,0,0,35583333.333333,0,0,0,40666666.666667,11020000,CF02020000,33333333.3333335,40666666.6666663,CF02
#949,Не заполнен Фин.клиент | Не заполнен контрагент |,Домен Иннотех,\N,БЕ Мультикарта,\N,Департамент процессинга,Департамент процессинга,ПРОЦЕССИНГ,Нет продукта,\N,\N,Банк,"11030700 | Услуги связи (интернет, мобильная связь, почта и другие)",\N,"11030700 | Услуги связи (интернет, мобильная связь, почта и другие)","ООО ""МУЛЬТИКАРТА""",\N,\N,\N,\N,\N,Процессинг,\N,Договор № SSP240229OL1 от 26___03___2024,Договор № SSP240229OL1 от 26___03___2024,Прочий сервис,магистральные каналы,\N,0.22,true,false,\N,0,2395833.3333333,2395833.3333333,2395833.3333333,2395833.3333333,2395833.3333333,2395833.3333333,2395833.3333333,2395833.3333333,2395833.3333333,2395833.3333333,2395833.3333333,2395833.3333333,28750000,\N,"CF02080000|Услуги связи (интернет, мобильная связь, почта и другие)","CF02080000|Услуги связи (интернет, мобильная связь, почта и другие)",2922916.6666667,2922916.6666667,2922916.6666667,2922916.6666667,2922916.6666667,2922916.6666667,2922916.6666667,2922916.6666667,2922916.6666667,2922916.6666667,2922916.6666667,2922916.6666667,35075000,11030000,CF02080000,23958333.333332997,29229166.666667007,CF02
#950,Не заполнен Фин.клиент | Не заполнен контрагент |,Домен Иннотех,\N,БЕ Мультикарта,\N,Департамент процессинга,Департамент процессинга,ПРОЦЕССИНГ,Нет продукта,\N,\N,Банк,"11030700 | Услуги связи (интернет, мобильная связь, почта и другие)",\N,"11030700 | Услуги связи (интернет, мобильная связь, почта и другие)","ООО ""МУЛЬТИКАРТА""",\N,\N,\N,\N,\N,Процессинг,\N,Договор № SSP240229OL1 от 26___03___2024,Договор № SSP240229OL1 от 26___03___2024,Прочий сервис,Организация каналов связи и замена коммуникационного оборудования,\N,0.22,true,false,\N,0,250000,250000,250000,250000,250000,250000,250000,250000,250000,250000,250000,250000,3000000,\N,"CF02080000|Услуги связи (интернет, мобильная связь, почта и другие)","CF02080000|Услуги связи (интернет, мобильная связь, почта и другие)",305000,305000,305000,305000,305000,305000,305000,305000,305000,305000,305000,305000,3660000,11030000,CF02080000,2500000,3050000,CF02
#951,Не заполнен Фин.клиент | Не заполнен контрагент |,Домен Иннотех,\N,БЕ Мультикарта,\N,Департамент процессинга,Департамент процессинга,ПРОЦЕССИНГ,Нет продукта,\N,\N,Банк,"11030700 | Услуги связи (интернет, мобильная связь, почта и другие)",\N,"11030700 | Услуги связи (интернет, мобильная связь, почта и другие)","ООО ""МУЛЬТИКАРТА""",\N,\N,\N,\N,\N,Процессинг,\N,МУЛЬТИКАРТА_11_АВТОРИЗАЦИИ,МУЛЬТИКАРТА_11_АВТОРИЗАЦИИ,Процессинг,SMS-информирование,\N,0.22,true,false,\N,0,6505333,6505333,6505333,6505333,6505333,6505333,6505333,6505333,6505333,6505333,6505333,6505333,78063996,\N,"CF02080000|Услуги связи (интернет, мобильная связь, почта и другие)","CF02080000|Услуги связи (интернет, мобильная связь, почта и другие)",7936507,7936507,7936507,7936507,7936507,7936507,7936507,7936507,7936507,7936507,7936507,7936507,95238084,11030000,CF02080000,65053330,79365070,CF02
#952,Не заполнен Фин.клиент | Не заполнен контрагент |,Домен Иннотех,\N,БЕ Мультикарта,\N,Департамент процессинга,Департамент процессинга,ПРОЦЕССИНГ,Нет продукта,\N,\N,Банк,"11030700 | Услуги связи (интернет, мобильная связь, почта и другие)",\N,"11030700 | Услуги связи (интернет, мобильная связь, почта и другие)","ООО ""МУЛЬТИКАРТА""",\N,\N,\N,\N,\N,Процессинг,\N,Договор № SSP240229OL1 от 26___03___2024,Договор № SSP240229OL1 от 26___03___2024,Прочий сервис,Аренда каналов связи для POS-терминалов,\N,0.22,true,false,\N,0,2875000,2875000,2875000,2875000,2875000,2875000,2875000,2875000,2875000,2875000,2875000,2875000,34500000,\N,"CF02080000|Услуги связи (интернет, мобильная связь, почта и другие)","CF02080000|Услуги связи (интернет, мобильная связь, почта и другие)",3507500,3507500,3507500,3507500,3507500,3507500,3507500,3507500,3507500,3507500,3507500,3507500,42090000,11030000,CF02080000,28750000,35075000,CF02
#953,Не заполнен Фин.клиент | Не заполнен контрагент |,Домен Иннотех,\N,БЕ Мультикарта,\N,Департамент процессинга,Департамент процессинга,ПРОЦЕССИНГ,Нет продукта,\N,\N,Банк,"11030700 | Услуги связи (интернет, мобильная связь, почта и другие)",\N,"11030700 | Услуги связи (интернет, мобильная связь, почта и другие)","ООО ""МУЛЬТИКАРТА""",\N,\N,\N,\N,\N,Процессинг,\N,Договор № SSP240229OL1 от 26___03___2024,Договор № SSP240229OL1 от 26___03___2024,Прочий сервис,Телефония Customer Support,\N,0.22,true,false,\N,0,250000,250000,250000,250000,250000,250000,250000,250000,250000,250000,250000,250000,3000000,\N,"CF02080000|Услуги связи (интернет, мобильная связь, почта и другие)","CF02080000|Услуги связи (интернет, мобильная связь, почта и другие)",305000,305000,305000,305000,305000,305000,305000,305000,305000,305000,305000,305000,3660000,11030000,CF02080000,2500000,3050000,CF02
#954,Не заполнен Фин.клиент | Не заполнен контрагент |,Домен Иннотех,\N,БЕ Мультикарта,\N,Департамент процессинга,Департамент процессинга,ПРОЦЕССИНГ,Нет продукта,\N,\N,Банк,"11030700 | Услуги связи (интернет, мобильная связь, почта и другие)",\N,"11030700 | Услуги связи (интернет, мобильная связь, почта и другие)","ООО ""МУЛЬТИКАРТА""",\N,\N,\N,\N,\N,Процессинг,\N,Договор № SSP240229OL1 от 26___03___2024,Договор № SSP240229OL1 от 26___03___2024,Прочий сервис,Расходные материалы ОСПД,\N,0.22,true,false,\N,0,166666.66666667,166666.66666667,166666.66666667,166666.66666667,166666.66666667,166666.66666667,166666.66666667,166666.66666667,166666.66666667,166666.66666667,166666.66666667,166666.66666667,2000000,\N,"CF02080000|Услуги связи (интернет, мобильная связь, почта и другие)","CF02080000|Услуги связи (интернет, мобильная связь, почта и другие)",203333.33333333,203333.33333333,203333.33333333,203333.33333333,203333.33333333,203333.33333333,203333.33333333,203333.33333333,203333.33333333,203333.33333333,203333.33333333,203333.33333333,2440000,11030000,CF02080000,1666666.6666667,2033333.3333333,CF02
#955,Не заполнен Фин.клиент | Не заполнен контрагент |,Домен Иннотех,\N,БЕ Мультикарта,\N,Департамент процессинга,Департамент процессинга,ПРОЦЕССИНГ,Нет продукта,\N,\N,Банк,"11030700 | Услуги связи (интернет, мобильная связь, почта и другие)",\N,"11030700 | Услуги связи (интернет, мобильная связь, почта и другие)","ООО ""МУЛЬТИКАРТА""",\N,\N,\N,\N,\N,Процессинг,\N,Договор № SSP240229OL1 от 26___03___2024,Договор № SSP240229OL1 от 26___03___2024,Прочий сервис,отделения ПБ,\N,0.22,true,false,\N,0,2000000,2000000,2000000,2000000,2000000,2000000,0,0,0,0,0,0,12000000,\N,"CF02080000|Услуги связи (интернет, мобильная связь, почта и другие)","CF02080000|Услуги связи (интернет, мобильная связь, почта и другие)",2440000,2440000,2440000,2440000,2440000,2440000,0,0,0,0,0,0,14640000,11030000,CF02080000,8000000,9760000,CF02
#956,Не заполнен Фин.клиент | Не заполнен контрагент |,Домен Иннотех,\N,БЕ Мультикарта,\N,Центр сопровождения клиентов,Центр сопровождения клиентов,ПРОЦЕССИНГ,Нет продукта,\N,\N,Банк,11020200 | Расходы на лицензии для перепродажи,\N,11020200 | Себестоимость проданных лицензий,"ООО ""МУЛЬТИКАРТА""",\N,\N,\N,\N,\N,Процессинг,\N,МУЛЬТИКАРТА_11_ЦБ,МУЛЬТИКАРТА_11_ЦБ,Процессинг,Лицензии ДБО ЦБ,\N,0,true,false,\N,0,0,0,0,9500000,0,0,0,0,0,0,0,0,9500000,\N,"CF02020300|Платежи за приобретение ПО, лицензий, сертификатов для перепродажи","CF02020300|Платежи за приобретение ПО, лицензий, сертификатов для перепродажи",0,0,0,9500000,0,0,0,0,0,0,0,0,9500000,11020000,CF02020000,9500000,9500000,CF02
#957,Не заполнен Фин.клиент | Не заполнен контрагент |,Домен Иннотех,\N,БЕ Мультикарта,\N,Центр сопровождения клиентов,Центр сопровождения клиентов,ПРОЦЕССИНГ,Нет продукта,\N,\N,Банк,35010200 | Амортизация НМА,\N,35010200 | Амортизация нематериальных активов,"ООО ""МУЛЬТИКАРТА""",\N,\N,\N,\N,\N,Процессинг,\N,МУЛЬТИКАРТА_11_СЕРВЕРА,МУЛЬТИКАРТА_11_СЕРВЕРА,Процессинг,Право пользование на ПО LAN-4Tap,\N,0,true,false,\N,0,0,0,0,0,0,0,0,8333.3333333333,8333.3333333333,8333.3333333333,8333.3333333333,8333.3333333333,41666.666666667,\N,"CF02020300|Платежи за приобретение ПО, лицензий, сертификатов для перепродажи","CF02020300|Платежи за приобретение ПО, лицензий, сертификатов для перепродажи",0,0,0,0,0,0,0,500000,0,0,0,0,500000,35010000,CF02020000,41666.6666666665,500000,CF02
#958,Не заполнен Фин.клиент | Не заполнен контрагент |,Домен Иннотех,\N,БЕ Мультикарта,\N,Центр сопровождения клиентов,Центр сопровождения клиентов,ПРОЦЕССИНГ,Нет продукта,\N,\N,Банк,35010200 | Амортизация НМА,\N,35010200 | Амортизация нематериальных активов,"ООО ""МУЛЬТИКАРТА""",\N,\N,\N,\N,\N,Процессинг,\N,МУЛЬТИКАРТА_11_СЕРВЕРА,МУЛЬТИКАРТА_11_СЕРВЕРА,Процессинг,Лицензия на программное обеспечение «WebIUS 2___0»,\N,0,true,false,\N,0,147000,0,0,315000,0,0,0,0,0,0,0,0,462000,\N,"CF02020300|Платежи за приобретение ПО, лицензий, сертификатов для перепродажи","CF02020300|Платежи за приобретение ПО, лицензий, сертификатов для перепродажи",147000,0,0,315000,0,0,0,0,0,0,0,0,462000,35010000,CF02020000,315000,315000,CF02
#959,Не заполнен Фин.клиент | Не заполнен контрагент |,Домен Иннотех,\N,БЕ Мультикарта,\N,Департамент развития технологий,Департамент развития технологий,ПРОЦЕССИНГ,Нет продукта,\N,\N,Банк,11020406 | Услуги по заказной разработке ПО,\N,11020406 | Заказная разработка ПО,"ООО ""МУЛЬТИКАРТА""",\N,\N,\N,\N,\N,Процессинг,\N,Договор № SSP240229OL1 от 26___03___2024,Договор № SSP240229OL1 от 26___03___2024,Прочий сервис,Доработка Программного решения по автоматизации бизнесс-процессов управления (СУТС) ВТБ,\N,0.22,true,false,\N,0,1556352.4590164,1556352.4590164,1556352.4590164,1556352.4590164,1556352.4590164,1556352.4590164,1556352.4590164,1556352.4590164,1556352.4590164,1556352.4590164,1556352.4590164,1556352.4590164,18676229.508197,\N,"CF02020300|Платежи за приобретение ПО, лицензий, сертификатов для перепродажи","CF02020300|Платежи за приобретение ПО, лицензий, сертификатов для перепродажи",1898750,1898750,1898750,1898750,1898750,1898750,1898750,1898750,1898750,1898750,1898750,1898750,22785000,11020000,CF02020000,15563524.590163996,18987500,CF02
#960,Не заполнен Фин.клиент | Не заполнен контрагент |,Домен Иннотех,\N,БЕ Мультикарта,\N,Департамент развития технологий,Департамент развития технологий,ПРОЦЕССИНГ,Нет продукта,\N,\N,Банк,35010200 | Амортизация НМА,\N,35010200 | Амортизация нематериальных активов,"ООО ""МУЛЬТИКАРТА""",\N,\N,\N,\N,\N,Процессинг,\N,Договор № SSP240229OL1 от 26___03___2024,Договор № SSP240229OL1 от 26___03___2024,Прочий сервис,Доработка Программного решения по автоматизации бизнесс-процессов управления (СУТС) ПБ,\N,0.22,true,false,\N,0,284836.06557377,284836.06557377,284836.06557377,284836.06557377,284836.06557377,0,0,0,0,0,0,0,1424180.3278689,\N,"CF02020300|Платежи за приобретение ПО, лицензий, сертификатов для перепродажи","CF02020300|Платежи за приобретение ПО, лицензий, сертификатов для перепродажи",347500,347500,347500,347500,347500,0,0,0,0,0,0,0,1737500,35010000,CF02020000,854508.19672131,1042500,CF02
#961,Не заполнен Фин.клиент | Не заполнен контрагент |,Домен Иннотех,\N,БЕ Мультикарта,\N,Департамент процессинга,Департамент процессинга,ПРОЦЕССИНГ,Нет продукта,\N,\N,Банк,35010200 | Амортизация НМА,\N,35010200 | Амортизация нематериальных активов,"ООО ""МУЛЬТИКАРТА""",\N,\N,\N,\N,\N,Процессинг,\N,Мультикарта_Департамент процессинга_Бюджет МВЗ,Мультикарта_Департамент процессинга_Бюджет МВЗ,Внутренние проекты,Продление подписки (лицензий) Kaspersky,\N,0,true,false,\N,0,0,250000,250000,250000,250000,250000,250000,250000,250000,250000,250000,250000,2750000,\N,"CF02040200|Платежи за лицензии, за программное обеспечение","CF02040200|Платежи за лицензии, за программное обеспечение",0,3000000,0,0,0,0,0,0,0,0,0,0,3000000,35010000,CF02040000,2500000,0,CF02
#962,Не заполнен Фин.клиент |,Домен Иннотех,\N,БЕ Мультикарта,\N,Департамент процессинга,Департамент процессинга,ПРОЦЕССИНГ,Нет продукта,\N,\N,Банк,35010200 | Амортизация НМА,\N,35010200 | Амортизация нематериальных активов,"ООО ""МУЛЬТИКАРТА""",Домен Интеграция,БЕ Т1 Клауд,\N,Т1КЛАУД ООО,\N,Процессинг,\N,Мультикарта_Департамент процессинга_Бюджет МВЗ,Мультикарта_Департамент процессинга_Бюджет МВЗ,Внутренние проекты,ДИОН_____,\N,0.22,true,false,\N,0,0,0,399000,0,0,0,0,0,0,0,0,0,399000,\N,"CF02040200|Платежи за лицензии, за программное обеспечение","CF02040200|Платежи за лицензии, за программное обеспечение",0,0,486780,0,0,0,0,0,0,0,0,0,486780,35010000,CF02040000,399000,486780,CF02
#963,Не заполнен Фин.клиент | Не заполнен контрагент |,Домен Иннотех,\N,БЕ Мультикарта,\N,Департамент процессинга,Департамент процессинга,ПРОЦЕССИНГ,Нет продукта,\N,\N,Банк,35010200 | Амортизация НМА,\N,35010200 | Амортизация нематериальных активов,"ООО ""МУЛЬТИКАРТА""",\N,\N,\N,\N,\N,Процессинг,\N,МУЛЬТИКАРТА_11_ИМПОРТОЗАМЕЩЕНИЕ,МУЛЬТИКАРТА_11_ИМПОРТОЗАМЕЩЕНИЕ,Процессинг,zVirt,\N,0.22,true,false,\N,0,0,0,0,0,0,218579.23497268,218579.23497268,218579.23497268,218579.23497268,218579.23497268,218579.23497268,218579.23497268,1530054.6448087,\N,"CF05020201|Приобретение Программного обеспечения, лицензий производственного назначения","CF05020201|Приобретение Программного обеспечения, лицензий производственного назначения",0,0,0,0,0,16000000,0,0,0,0,0,0,16000000,35010000,CF05020000,1530054.64480876,16000000,CF05
#964,Не заполнен Фин.клиент | Не заполнен контрагент |,Домен Иннотех,\N,БЕ Мультикарта,\N,Департамент процессинга,Департамент процессинга,ПРОЦЕССИНГ,Нет продукта,\N,\N,Банк,35010200 | Амортизация НМА,\N,35010200 | Амортизация нематериальных активов,"ООО ""МУЛЬТИКАРТА""",\N,\N,\N,\N,\N,Процессинг,\N,Мультикарта_Департамент процессинга_Бюджет МВЗ,Мультикарта_Департамент процессинга_Бюджет МВЗ,Внутренние проекты,Приобритение антивирусного ПО DrWeb для почтовых серверов,\N,0.22,true,false,\N,0,0,0,0,0,0,0,0,0,34153.005464481,34153.005464481,34153.005464481,34153.005464481,136612.02185792,\N,"CF02040200|Платежи за лицензии, за программное обеспечение","CF02040200|Платежи за лицензии, за программное обеспечение",0,0,0,0,0,0,0,0,500000,0,0,0,500000,35010000,CF02040000,136612.021857924,500000,CF02
#965,Не заполнен Фин.клиент | Не заполнен контрагент |,Домен Иннотех,\N,БЕ Мультикарта,\N,Департамент процессинга,Департамент процессинга,ПРОЦЕССИНГ,Нет продукта,\N,\N,Банк,35010200 | Амортизация НМА,\N,35010200 | Амортизация нематериальных активов,"ООО ""МУЛЬТИКАРТА""",\N,\N,\N,\N,\N,Процессинг,\N,МУЛЬТИКАРТА_11_ИМПОРТОЗАМЕЩЕНИЕ,МУЛЬТИКАРТА_11_ИМПОРТОЗАМЕЩЕНИЕ,Процессинг,Astra Linux Special Edition (пользовательские),\N,0.22,true,false,\N,0,0,0,0,0,0,0,0,0,68306.010928962,68306.010928962,68306.010928962,68306.010928962,273224.04371585,\N,"CF02040200|Платежи за лицензии, за программное обеспечение","CF02040200|Платежи за лицензии, за программное обеспечение",0,0,0,0,0,0,0,0,5000000,0,0,0,5000000,35010000,CF02040000,273224.043715848,5000000,CF02
#966,Не заполнен Фин.клиент | Не заполнен контрагент |,Домен Иннотех,\N,БЕ Мультикарта,\N,Департамент процессинга,Департамент процессинга,ПРОЦЕССИНГ,Нет продукта,\N,\N,Банк,35010200 | Амортизация НМА,\N,35010200 | Амортизация нематериальных активов,"ООО ""МУЛЬТИКАРТА""",\N,\N,\N,\N,\N,Процессинг,\N,МУЛЬТИКАРТА_11_ИМПОРТОЗАМЕЩЕНИЕ,МУЛЬТИКАРТА_11_ИМПОРТОЗАМЕЩЕНИЕ,Процессинг,Astra Linux Special Edition (серверные),\N,0.22,true,false,\N,0,0,0,0,0,0,0,0,0,341530.05464481,341530.05464481,341530.05464481,341530.05464481,1366120.2185792,\N,"CF05020201|Приобретение Программного обеспечения, лицензий производственного назначения","CF05020201|Приобретение Программного обеспечения, лицензий производственного назначения",0,0,0,0,0,0,0,0,25000000,0,0,0,25000000,35010000,CF05020000,1366120.21857924,25000000,CF05
#967,Не заполнен Фин.клиент | Не заполнен контрагент |,Домен Иннотех,\N,БЕ Мультикарта,\N,Департамент процессинга,Департамент процессинга,ПРОЦЕССИНГ,Нет продукта,\N,\N,Банк,35010200 | Амортизация НМА,\N,35010200 | Амортизация нематериальных активов,"ООО ""МУЛЬТИКАРТА""",\N,\N,\N,\N,\N,Процессинг,\N,МУЛЬТИКАРТА_11_ЧИСЛЕННОСТЬ,МУЛЬТИКАРТА_11_ЧИСЛЕННОСТЬ,Процессинг,СУР (новые доработки),\N,0.22,true,false,\N,0,0,0,51229.508196721,51229.508196721,51229.508196721,51229.508196721,51229.508196721,51229.508196721,136612.02185792,136612.02185792,136612.02185792,136612.02185792,853825.13661202,\N,CF05010202|Приобретение НМА для обеспечения текущей деятельности,CF05010202|Приобретение НМА для обеспечения текущей деятельности,0,0,1500000,0,0,0,0,0,2500000,0,0,0,4000000,35010000,CF05010000,853825.136612006,4000000,CF05
#968,Не заполнен Фин.клиент | Не заполнен контрагент |,Домен Иннотех,\N,БЕ Мультикарта,\N,Департамент процессинга,Департамент процессинга,ПРОЦЕССИНГ,Нет продукта,\N,\N,Банк,35010200 | Амортизация НМА,\N,35010200 | Амортизация нематериальных активов,"ООО ""МУЛЬТИКАРТА""",\N,\N,\N,\N,\N,Процессинг,\N,МУЛЬТИКАРТА_11_АВТОРИЗАЦИИ,МУЛЬТИКАРТА_11_АВТОРИЗАЦИИ,Процессинг,SDF (новые доработки),\N,0.22,true,false,\N,0,0,0,51229.508196721,51229.508196721,51229.508196721,51229.508196721,51229.508196721,51229.508196721,102459.01639344,102459.01639344,102459.01639344,102459.01639344,717213.1147541,\N,CF05010202|Приобретение НМА для обеспечения текущей деятельности,CF05010202|Приобретение НМА для обеспечения текущей деятельности,0,0,1500000,0,0,0,0,0,1500000,0,0,0,3000000,35010000,CF05010000,717213.114754086,3000000,CF05
#969,Не заполнен Фин.клиент | Не заполнен контрагент |,Домен Иннотех,\N,БЕ Мультикарта,\N,Департамент процессинга,Департамент процессинга,ПРОЦЕССИНГ,Нет продукта,\N,\N,Банк,35010200 | Амортизация НМА,\N,35010200 | Амортизация нематериальных активов,"ООО ""МУЛЬТИКАРТА""",\N,\N,\N,\N,\N,Процессинг,\N,МУЛЬТИКАРТА_11_ИМПОРТОЗАМЕЩЕНИЕ,МУЛЬТИКАРТА_11_ИМПОРТОЗАМЕЩЕНИЕ,Процессинг,SyncXpert,\N,0.22,true,false,\N,0,0,204918.03278689,204918.03278689,204918.03278689,204918.03278689,204918.03278689,204918.03278689,204918.03278689,204918.03278689,204918.03278689,204918.03278689,204918.03278689,2254098.3606557,\N,"CF05020201|Приобретение Программного обеспечения, лицензий производственного назначения","CF05020201|Приобретение Программного обеспечения, лицензий производственного назначения",0,15000000,0,0,0,0,0,0,0,0,0,0,15000000,35010000,CF05020000,2049180.3278688996,0,CF05
#970,Не заполнен Фин.клиент | Не заполнен контрагент |,Домен Иннотех,\N,БЕ Мультикарта,\N,Департамент процессинга,Департамент процессинга,ПРОЦЕССИНГ,Нет продукта,\N,\N,Банк,35010200 | Амортизация НМА,\N,35010200 | Амортизация нематериальных активов,"ООО ""МУЛЬТИКАРТА""",\N,\N,\N,\N,\N,Процессинг,\N,Договор № SSP240229OL1 от 26___03___2024,Договор № SSP240229OL1 от 26___03___2024,Прочий сервис,мелкие подписки (Яндекс),\N,0,true,false,\N,0,0,0,400000,0,0,400000,0,1200000,0,0,0,0,2000000,\N,"CF02020300|Платежи за приобретение ПО, лицензий, сертификатов для перепродажи","CF02020300|Платежи за приобретение ПО, лицензий, сертификатов для перепродажи",0,0,400000,0,0,400000,0,1200000,0,0,0,0,2000000,35010000,CF02020000,2000000,2000000,CF02
#971,Не заполнен Фин.клиент | Не заполнен контрагент |,Домен Иннотех,\N,БЕ Мультикарта,\N,Департамент процессинга,Департамент процессинга,ПРОЦЕССИНГ,Нет продукта,\N,\N,Банк,35010200 | Амортизация НМА,\N,35010200 | Амортизация нематериальных активов,"ООО ""МУЛЬТИКАРТА""",\N,\N,\N,\N,\N,Процессинг,\N,МУЛЬТИКАРТА_11_ИМПОРТОЗАМЕЩЕНИЕ,МУЛЬТИКАРТА_11_ИМПОРТОЗАМЕЩЕНИЕ,Процессинг,Импортозамещение Терминальный доступ (Termidesk),\N,0,true,false,\N,0,0,333333.33333333,333333.33333333,333333.33333333,333333.33333333,333333.33333333,333333.33333333,333333.33333333,333333.33333333,333333.33333333,333333.33333333,333333.33333333,3666666.6666667,\N,"CF05020201|Приобретение Программного обеспечения, лицензий производственного назначения","CF05020201|Приобретение Программного обеспечения, лицензий производственного назначения",0,12000000,0,0,0,0,0,0,0,0,0,0,12000000,35010000,CF05020000,3333333.3333333004,0,CF05
#972,Не заполнен Фин.клиент | Не заполнен контрагент |,Домен Иннотех,\N,БЕ Мультикарта,\N,Департамент процессинга,Департамент процессинга,ПРОЦЕССИНГ,Нет продукта,\N,\N,Банк,35010200 | Амортизация НМА,\N,35010200 | Амортизация нематериальных активов,"ООО ""МУЛЬТИКАРТА""",\N,\N,\N,\N,\N,Процессинг,\N,МУЛЬТИКАРТА_11_ИМПОРТОЗАМЕЩЕНИЕ,МУЛЬТИКАРТА_11_ИМПОРТОЗАМЕЩЕНИЕ,Процессинг,Импортозамещение Терминальный доступ (Termidesk) для офиса,\N,0,true,false,\N,0,0,0,0,0,0,444444.44444444,444444.44444444,444444.44444444,444444.44444444,444444.44444444,444444.44444444,444444.44444444,3111111.1111111,\N,CF05010202|Приобретение НМА для обеспечения текущей деятельности,CF05010202|Приобретение НМА для обеспечения текущей деятельности,0,0,0,0,0,16000000,0,0,0,0,0,0,16000000,35010000,CF05010000,3111111.11111108,16000000,CF05
#973,Не заполнен Фин.клиент | Не заполнен контрагент |,Домен Иннотех,\N,БЕ Мультикарта,\N,Департамент процессинга,Департамент процессинга,ПРОЦЕССИНГ,Нет продукта,\N,\N,Банк,35010200 | Амортизация НМА,\N,35010200 | Амортизация нематериальных активов,"ООО ""МУЛЬТИКАРТА""",\N,\N,\N,\N,\N,Процессинг,\N,Мультикарта_Департамент процессинга_Бюджет МВЗ,Мультикарта_Департамент процессинга_Бюджет МВЗ,Внутренние проекты,Импортозамещение пакета Офисного ПО (MS Office),\N,0,true,false,\N,0,0,0,0,0,0,0,0,0,83333.333333333,83333.333333333,83333.333333333,83333.333333333,333333.33333333,\N,CF05010202|Приобретение НМА для обеспечения текущей деятельности,CF05010202|Приобретение НМА для обеспечения текущей деятельности,0,0,0,0,0,0,0,0,5000000,0,0,0,5000000,35010000,CF05010000,333333.333333332,5000000,CF05
#974,Не заполнен Фин.клиент | Не заполнен контрагент |,Домен Иннотех,\N,БЕ Мультикарта,\N,Департамент процессинга,Департамент процессинга,ПРОЦЕССИНГ,Нет продукта,\N,\N,Банк,35010200 | Амортизация НМА,\N,35010200 | Амортизация нематериальных активов,"ООО ""МУЛЬТИКАРТА""",\N,\N,\N,\N,\N,Процессинг,\N,МУЛЬТИКАРТА_11_ИМПОРТОЗАМЕЩЕНИЕ,МУЛЬТИКАРТА_11_ИМПОРТОЗАМЕЩЕНИЕ,Процессинг,Импортозамещение домена (ALD),\N,0,true,false,\N,0,0,0,0,0,0,141666.66666667,141666.66666667,141666.66666667,141666.66666667,141666.66666667,141666.66666667,141666.66666667,991666.66666667,\N,"CF05020201|Приобретение Программного обеспечения, лицензий производственного назначения","CF05020201|Приобретение Программного обеспечения, лицензий производственного назначения",0,0,0,0,0,8500000,0,0,0,0,0,0,8500000,35010000,CF05020000,991666.66666669,8500000,CF05
#975,Не заполнен Фин.клиент | Не заполнен контрагент |,Домен Иннотех,\N,БЕ Мультикарта,\N,Департамент процессинга,Департамент процессинга,ПРОЦЕССИНГ,Нет продукта,\N,\N,Банк,35010200 | Амортизация НМА,\N,35010200 | Амортизация нематериальных активов,"ООО ""МУЛЬТИКАРТА""",\N,\N,\N,\N,\N,Процессинг,\N,МУЛЬТИКАРТА_11_ИМПОРТОЗАМЕЩЕНИЕ,МУЛЬТИКАРТА_11_ИМПОРТОЗАМЕЩЕНИЕ,Процессинг,Импортозамещение средств бекапа,\N,0,true,false,\N,0,0,0,0,0,0,0,0,0,333333.33333333,333333.33333333,333333.33333333,333333.33333333,1333333.3333333,\N,"CF05020201|Приобретение Программного обеспечения, лицензий производственного назначения","CF05020201|Приобретение Программного обеспечения, лицензий производственного назначения",0,0,0,0,0,0,0,0,20000000,0,0,0,20000000,35010000,CF05020000,1333333.33333332,20000000,CF05
#976,Не заполнен Фин.клиент | Не заполнен контрагент |,Домен Иннотех,\N,БЕ Мультикарта,\N,Департамент процессинга,Департамент процессинга,ПРОЦЕССИНГ,Нет продукта,\N,\N,Банк,35010200 | Амортизация НМА,\N,35010200 | Амортизация нематериальных активов,"ООО ""МУЛЬТИКАРТА""",\N,\N,\N,\N,\N,Процессинг,\N,Мультикарта_Департамент процессинга_Бюджет МВЗ,Мультикарта_Департамент процессинга_Бюджет МВЗ,Внутренние проекты,Импортозамещение почтового сервиса (RuPost),\N,0,true,false,\N,0,0,0,0,0,0,0,0,0,116666.66666667,116666.66666667,116666.66666667,116666.66666667,466666.66666667,\N,CF05010202|Приобретение НМА для обеспечения текущей деятельности,CF05010202|Приобретение НМА для обеспечения текущей деятельности,0,0,0,0,0,0,0,0,7000000,0,0,0,7000000,35010000,CF05010000,466666.66666668,7000000,CF05
#977,Не заполнен Фин.клиент | Не заполнен контрагент |,Домен Иннотех,\N,БЕ Мультикарта,\N,Департамент развития технологий,Департамент развития технологий,ПРОЦЕССИНГ,Нет продукта,\N,\N,Банк,35010200 | Амортизация НМА,\N,35010200 | Амортизация нематериальных активов,"ООО ""МУЛЬТИКАРТА""",\N,\N,\N,\N,\N,Процессинг,\N,МУЛЬТИКАРТА_11_СЕРВЕРА,МУЛЬТИКАРТА_11_СЕРВЕРА,Процессинг,Лицензионный ключ для обновления и сопровождения программого обеспечения TrackStudio Enterprise,\N,0,true,false,\N,0,0,31950,0,0,0,0,0,0,0,0,0,0,31950,\N,"CF02040200|Платежи за лицензии, за программное обеспечение","CF02040200|Платежи за лицензии, за программное обеспечение",0,31950,0,0,0,0,0,0,0,0,0,0,31950,35010000,CF02040000,0,0,CF02
#978,Не заполнен Фин.клиент | Не заполнен контрагент |,Домен Иннотех,\N,БЕ Мультикарта,\N,Департамент контроля рисков,Департамент контроля рисков,ПРОЦЕССИНГ,Нет продукта,\N,\N,Банк,35010200 | Амортизация НМА,\N,35010200 | Амортизация нематериальных активов,"ООО ""МУЛЬТИКАРТА""",\N,\N,\N,\N,\N,Процессинг,\N,МУЛЬТИКАРТА_11_СЕРВЕРА,МУЛЬТИКАРТА_11_СЕРВЕРА,Процессинг,Приобритение SSL сертификатов внешних УЦ_____,\N,0.22,true,false,\N,0,0,0,122950.81967213,0,0,122950.81967213,0,0,122950.81967213,0,0,122950.81967213,491803.27868852,\N,"CF05020201|Приобретение Программного обеспечения, лицензий производственного назначения","CF05020201|Приобретение Программного обеспечения, лицензий производственного назначения",0,0,150000,0,0,150000,0,0,150000,0,0,150000,600000,35010000,CF05020000,491803.27868852,600000,CF05
#979,Не заполнен Фин.клиент | Не заполнен контрагент |,Домен Иннотех,\N,БЕ Мультикарта,\N,Департамент контроля рисков,Департамент контроля рисков,ПРОЦЕССИНГ,Нет продукта,\N,\N,Банк,35010200 | Амортизация НМА,\N,35010200 | Амортизация нематериальных активов,"ООО ""МУЛЬТИКАРТА""",\N,\N,\N,\N,\N,Процессинг,\N,МУЛЬТИКАРТА_11_СЕРВЕРА,МУЛЬТИКАРТА_11_СЕРВЕРА,Процессинг,Приобритение ПО Крипто-Про для инфраструктуры МК,\N,0.22,true,false,\N,0,0,0,0,0,0,0,0,0,0,0,0,6830.6010928962,6830.6010928962,\N,"CF05020201|Приобретение Программного обеспечения, лицензий производственного назначения","CF05020201|Приобретение Программного обеспечения, лицензий производственного назначения",0,0,0,0,0,0,0,0,0,0,0,500000,500000,35010000,CF05020000,6830.6010928962,500000,CF05
#980,Не заполнен Фин.клиент | Не заполнен контрагент |,Домен Иннотех,\N,БЕ Мультикарта,\N,Департамент контроля рисков,Департамент контроля рисков,ПРОЦЕССИНГ,Нет продукта,\N,\N,Банк,35010200 | Амортизация НМА,\N,35010200 | Амортизация нематериальных активов,"ООО ""МУЛЬТИКАРТА""",\N,\N,\N,\N,\N,Процессинг,\N,МУЛЬТИКАРТА_11_СЕРВЕРА,МУЛЬТИКАРТА_11_СЕРВЕРА,Процессинг,Лицензия и Доработки Jet Detective_____,\N,0,true,false,\N,0,36480,36480,36480,72960,72960,72960,143560,143560,143560,214160,214160,214160,1401480,\N,"CF05020201|Приобретение Программного обеспечения, лицензий производственного назначения","CF05020201|Приобретение Программного обеспечения, лицензий производственного назначения",2188800,0,0,2188800,0,0,4236000,0,0,4236000,0,0,12849600,35010000,CF05020000,1328520,10660800,CF05
#981,Не заполнен Фин.клиент | Не заполнен контрагент |,Домен Иннотех,\N,БЕ Мультикарта,\N,Департамент контроля рисков,Департамент контроля рисков,ПРОЦЕССИНГ,Нет продукта,\N,\N,Банк,35010200 | Амортизация НМА,\N,35010200 | Амортизация нематериальных активов,"ООО ""МУЛЬТИКАРТА""",\N,\N,\N,\N,\N,Процессинг,\N,МУЛЬТИКАРТА_11_СЕРВЕРА,МУЛЬТИКАРТА_11_СЕРВЕРА,Процессинг,Приобритение системы статического и динамического анализа для выявления ВПО в почтовом и интернет трафике (Песочница),\N,0.22,true,false,\N,0,0,0,0,0,0,0,0,0,0,0,0,0,0,\N,CF05010202|Приобретение НМА для обеспечения текущей деятельности,CF05010202|Приобретение НМА для обеспечения текущей деятельности,0,0,0,0,0,0,0,0,0,0,0,23000000,23000000,35010000,CF05010000,0,23000000,CF05
#982,Не заполнен Фин.клиент | Не заполнен контрагент |,Домен Иннотех,\N,БЕ Мультикарта,\N,Департамент контроля рисков,Департамент контроля рисков,ПРОЦЕССИНГ,Нет продукта,\N,\N,Банк,35010200 | Амортизация НМА,\N,35010200 | Амортизация нематериальных активов,"ООО ""МУЛЬТИКАРТА""",\N,\N,\N,\N,\N,Процессинг,\N,Мультикарта_Департамент контроля рисков_Бюджет МВЗ,Мультикарта_Департамент контроля рисков_Бюджет МВЗ,Внутренние проекты,"Приобритение програмного комплекса класса ""DLP"" для контроля почтового и интерент трафика",\N,0.22,true,false,\N,0,0,0,252732.24043716,252732.24043716,252732.24043716,252732.24043716,252732.24043716,252732.24043716,252732.24043716,252732.24043716,252732.24043716,252732.24043716,2527322.4043716,\N,CF05010202|Приобретение НМА для обеспечения текущей деятельности,CF05010202|Приобретение НМА для обеспечения текущей деятельности,0,0,18500000,0,0,0,0,0,0,0,0,0,18500000,35010000,CF05010000,2527322.4043716006,18500000,CF05
#983,Не заполнен Фин.клиент | Не заполнен контрагент |,Домен Иннотех,\N,БЕ Мультикарта,\N,Департамент контроля рисков,Департамент контроля рисков,ПРОЦЕССИНГ,Нет продукта,\N,\N,Банк,35010200 | Амортизация НМА,\N,35010200 | Амортизация нематериальных активов,"ООО ""МУЛЬТИКАРТА""",\N,\N,\N,\N,\N,Процессинг,\N,МУЛЬТИКАРТА_11_СЕРВЕРА,МУЛЬТИКАРТА_11_СЕРВЕРА,Процессинг,Приобритение решения класса WAF для защиты внешних ресурсов МК,\N,0.22,true,false,\N,0,0,0,0,0,0,0,0,0,0,0,0,1045081.9672131,1045081.9672131,\N,"CF05020201|Приобретение Программного обеспечения, лицензий производственного назначения","CF05020201|Приобретение Программного обеспечения, лицензий производственного назначения",0,0,0,0,0,0,0,0,0,0,0,15300000,15300000,35010000,CF05020000,1045081.9672131,15300000,CF05
#984,Не заполнен Фин.клиент | Не заполнен контрагент |,Домен Иннотех,\N,БЕ Мультикарта,\N,Департамент контроля рисков,Департамент контроля рисков,ПРОЦЕССИНГ,Нет продукта,\N,\N,Банк,35010200 | Амортизация НМА,\N,35010200 | Амортизация нематериальных активов,"ООО ""МУЛЬТИКАРТА""",\N,\N,\N,\N,\N,Процессинг,\N,МУЛЬТИКАРТА_11_ИМПОРТОЗАМЕЩЕНИЕ,МУЛЬТИКАРТА_11_ИМПОРТОЗАМЕЩЕНИЕ,Процессинг,"Приобретение обновленных лицензий для продуктов «Notary-PRO », «Message-PRO »,«File-PRO» и «Admin-PKI»",\N,0.22,true,false,\N,0,0,0,0,0,0,4098.3606557377,4098.3606557377,4098.3606557377,4098.3606557377,4098.3606557377,4098.3606557377,4098.3606557377,28688.524590164,\N,"CF05020201|Приобретение Программного обеспечения, лицензий производственного назначения","CF05020201|Приобретение Программного обеспечения, лицензий производственного назначения",0,0,0,0,0,300000,0,0,0,0,0,0,300000,35010000,CF05020000,28688.524590163895,300000,CF05
#985,Не заполнен Фин.клиент | Не заполнен контрагент |,Домен Иннотех,\N,БЕ Мультикарта,\N,Департамент процессинга,Департамент процессинга,ПРОЦЕССИНГ,Нет продукта,\N,\N,Банк,35010100 | Амортизация ОС,\N,35010100 | Амортизация материальных активов,"ООО ""МУЛЬТИКАРТА""",\N,\N,\N,\N,\N,Процессинг,\N,МУЛЬТИКАРТА_11_СЕРВЕРА,МУЛЬТИКАРТА_11_СЕРВЕРА,Процессинг,Амортизация ранее купленных ОС,\N,0,true,false,\N,0,11082923.311852,10945984.871852,10945984.871852,10941007.521852,10935237.421852,10935237.421852,10935237.421852,10923327.481852,10389219.401852,10017898.401852,10017898.401852,10017898.401852,128087854.93222,\N,"CF05020101|Приобретение оборудования, техники и прочего производственного оборудования  свыше 40 т.р.","CF05020101|Приобретение оборудования, техники и прочего производственного оборудования  свыше 40 т.р.",0,0,0,0,0,0,0,0,0,0,0,0,0,35010000,CF05020000,106058946.74851999,0,CF05
#986,Не заполнен Фин.клиент | Не заполнен контрагент |,Домен Иннотех,\N,БЕ Мультикарта,\N,Департамент контроля рисков,Департамент контроля рисков,ПРОЦЕССИНГ,Нет продукта,\N,\N,Банк,35010100 | Амортизация ОС,\N,35010100 | Амортизация материальных активов,"ООО ""МУЛЬТИКАРТА""",\N,\N,\N,\N,\N,Процессинг,\N,МУЛЬТИКАРТА_11_СЕРВЕРА,МУЛЬТИКАРТА_11_СЕРВЕРА,Процессинг,"Приобритение аппаратной платформы для решения класса ""DLP""",\N,0.22,true,false,\N,0,0,0,273224.04371585,273224.04371585,273224.04371585,273224.04371585,273224.04371585,273224.04371585,273224.04371585,273224.04371585,273224.04371585,273224.04371585,2732240.4371585,\N,"CF05020101|Приобретение оборудования, техники и прочего производственного оборудования  свыше 40 т.р.","CF05020101|Приобретение оборудования, техники и прочего производственного оборудования  свыше 40 т.р.",0,0,12000000,0,0,0,0,0,0,0,0,0,12000000,35010000,CF05020000,2732240.4371585,12000000,CF05
#987,Не заполнен Фин.клиент | Не заполнен контрагент |,Домен Иннотех,\N,БЕ Мультикарта,\N,Департамент процессинга,Департамент процессинга,ПРОЦЕССИНГ,Нет продукта,\N,\N,Банк,35010100 | Амортизация ОС,\N,35010100 | Амортизация материальных активов,"ООО ""МУЛЬТИКАРТА""",\N,\N,\N,\N,\N,Процессинг,\N,МУЛЬТИКАРТА_11_ИМПОРТОЗАМЕЩЕНИЕ,МУЛЬТИКАРТА_11_ИМПОРТОЗАМЕЩЕНИЕ,Процессинг,Серверы,\N,0.22,true,false,\N,0,0,0,0,0,0,0,0,0,546448.08743169,546448.08743169,546448.08743169,546448.08743169,2185792.3497268,\N,CF05020102|Серверное оборудование свыше 40 т.р.,CF05020102|Серверное оборудование свыше 40 т.р.,0,0,0,0,0,0,0,0,24000000,0,0,0,24000000,35010000,CF05020000,2185792.34972676,24000000,CF05
#988,Не заполнен Фин.клиент | Не заполнен контрагент |,Домен Иннотех,\N,БЕ Мультикарта,\N,Департамент процессинга,Департамент процессинга,ПРОЦЕССИНГ,Нет продукта,\N,\N,Банк,35010100 | Амортизация ОС,\N,35010100 | Амортизация материальных активов,"ООО ""МУЛЬТИКАРТА""",\N,\N,\N,\N,\N,Процессинг,\N,МУЛЬТИКАРТА_11_ИМПОРТОЗАМЕЩЕНИЕ,МУЛЬТИКАРТА_11_ИМПОРТОЗАМЕЩЕНИЕ,Процессинг,Серверы_2,\N,0.22,true,false,\N,0,0,0,182149.36247723,182149.36247723,182149.36247723,182149.36247723,182149.36247723,182149.36247723,182149.36247723,182149.36247723,182149.36247723,182149.36247723,1821493.6247723,\N,CF05020102|Серверное оборудование свыше 40 т.р.,CF05020102|Серверное оборудование свыше 40 т.р.,0,0,8000000,0,0,0,0,0,0,0,0,0,8000000,35010000,CF05020000,1821493.6247722995,8000000,CF05
#989,Не заполнен Фин.клиент | Не заполнен контрагент |,Домен Иннотех,\N,БЕ Мультикарта,\N,Департамент процессинга,Департамент процессинга,ПРОЦЕССИНГ,Нет продукта,\N,\N,Банк,35010100 | Амортизация ОС,\N,35010100 | Амортизация материальных активов,"ООО ""МУЛЬТИКАРТА""",\N,\N,\N,\N,\N,Процессинг,\N,МУЛЬТИКАРТА_11_ИМПОРТОЗАМЕЩЕНИЕ,МУЛЬТИКАРТА_11_ИМПОРТОЗАМЕЩЕНИЕ,Процессинг,Серверы_3,\N,0.22,true,false,\N,0,0,0,0,0,0,0,0,0,728597.44990892,728597.44990892,728597.44990892,728597.44990892,2914389.7996357,\N,CF05020102|Серверное оборудование свыше 40 т.р.,CF05020102|Серверное оборудование свыше 40 т.р.,0,0,0,0,0,0,0,0,32000000,0,0,0,32000000,35010000,CF05020000,2914389.79963568,32000000,CF05
#990,Не заполнен Фин.клиент | Не заполнен контрагент |,Домен Иннотех,\N,БЕ Мультикарта,\N,Департамент процессинга,Департамент процессинга,ПРОЦЕССИНГ,Нет продукта,\N,\N,Банк,35010100 | Амортизация ОС,\N,35010100 | Амортизация материальных активов,"ООО ""МУЛЬТИКАРТА""",\N,\N,\N,\N,\N,Процессинг,\N,МУЛЬТИКАРТА_11_ИМПОРТОЗАМЕЩЕНИЕ,МУЛЬТИКАРТА_11_ИМПОРТОЗАМЕЩЕНИЕ,Процессинг,Дисковые массивы,\N,0.22,true,false,\N,0,0,0,0,0,0,0,0,0,3642987.2495446,3642987.2495446,3642987.2495446,3642987.2495446,14571948.998179,\N,CF05020103|Системы хранения данных свыше 40 т.р.,CF05020103|Системы хранения данных свыше 40 т.р.,0,0,0,0,0,0,0,0,160000000,0,0,0,160000000,35010000,CF05020000,14571948.9981784,160000000,CF05
#991,Не заполнен Фин.клиент | Не заполнен контрагент |,Домен Иннотех,\N,БЕ Мультикарта,\N,Департамент процессинга,Департамент процессинга,ПРОЦЕССИНГ,Нет продукта,\N,\N,Банк,35010100 | Амортизация ОС,\N,35010100 | Амортизация материальных активов,"ООО ""МУЛЬТИКАРТА""",\N,\N,\N,\N,\N,Процессинг,\N,МУЛЬТИКАРТА_11_ИМПОРТОЗАМЕЩЕНИЕ,МУЛЬТИКАРТА_11_ИМПОРТОЗАМЕЩЕНИЕ,Процессинг,Сетевое оборудование (коммутаторы),\N,0.22,true,false,\N,0,0,0,0,0,0,0,0,0,227686.70309654,227686.70309654,227686.70309654,227686.70309654,910746.81238616,\N,CF05020104|Сетевое оборудование свыше 40 т.р.,CF05020104|Сетевое оборудование свыше 40 т.р.,0,0,0,0,0,0,0,0,10000000,0,0,0,10000000,35010000,CF05020000,910746.81238616,10000000,CF05
#992,Не заполнен Фин.клиент | Не заполнен контрагент |,Домен Иннотех,\N,БЕ Мультикарта,\N,Департамент процессинга,Департамент процессинга,ПРОЦЕССИНГ,Нет продукта,\N,\N,Банк,35010100 | Амортизация ОС,\N,35010100 | Амортизация материальных активов,"ООО ""МУЛЬТИКАРТА""",\N,\N,\N,\N,\N,Процессинг,\N,МУЛЬТИКАРТА_11_ИМПОРТОЗАМЕЩЕНИЕ,МУЛЬТИКАРТА_11_ИМПОРТОЗАМЕЩЕНИЕ,Процессинг,Сетевое оборудование (FW),\N,0.22,true,false,\N,0,0,0,0,0,0,0,0,0,455373.40619308,455373.40619308,455373.40619308,455373.40619308,1821493.6247723,\N,CF05020104|Сетевое оборудование свыше 40 т.р.,CF05020104|Сетевое оборудование свыше 40 т.р.,0,0,0,0,0,0,0,0,20000000,0,0,0,20000000,35010000,CF05020000,1821493.62477232,20000000,CF05
#993,Не заполнен Фин.клиент | Не заполнен контрагент |,Домен Иннотех,\N,БЕ Мультикарта,\N,Департамент процессинга,Департамент процессинга,ПРОЦЕССИНГ,Нет продукта,\N,\N,Банк,35010100 | Амортизация ОС,\N,35010100 | Амортизация материальных активов,"ООО ""МУЛЬТИКАРТА""",\N,\N,\N,\N,\N,Процессинг,\N,МУЛЬТИКАРТА_11_ИМПОРТОЗАМЕЩЕНИЕ,МУЛЬТИКАРТА_11_ИМПОРТОЗАМЕЩЕНИЕ,Процессинг,NGate для Extranet,\N,0.22,true,false,\N,0,0,0,0,0,0,341530.05464481,341530.05464481,341530.05464481,341530.05464481,341530.05464481,341530.05464481,341530.05464481,2390710.3825137,\N,"CF05020101|Приобретение оборудования, техники и прочего производственного оборудования  свыше 40 т.р.","CF05020101|Приобретение оборудования, техники и прочего производственного оборудования  свыше 40 т.р.",0,0,0,0,0,15000000,0,0,0,0,0,0,15000000,35010000,CF05020000,2390710.38251367,15000000,CF05
#994,Не заполнен Фин.клиент | Не заполнен контрагент |,Домен Иннотех,\N,БЕ Мультикарта,\N,Департамент процессинга,Департамент процессинга,ПРОЦЕССИНГ,Нет продукта,\N,\N,Банк,35010100 | Амортизация ОС,\N,35010100 | Амортизация материальных активов,"ООО ""МУЛЬТИКАРТА""",\N,\N,\N,\N,\N,Процессинг,\N,Мультикарта_Департамент процессинга_Бюджет МВЗ,Мультикарта_Департамент процессинга_Бюджет МВЗ,Внутренние проекты,Офисная техника дороже 40 тыс___руб___,\N,0.22,true,false,\N,0,0,0,0,0,0,170765.0273224,170765.0273224,170765.0273224,170765.0273224,170765.0273224,170765.0273224,341530.05464481,1366120.2185792,\N,CF05020105|Приобретение прочих ОС свыше 40 т.р.,CF05020105|Приобретение прочих ОС свыше 40 т.р.,0,0,0,0,0,7500000,0,0,0,0,0,7500000,15000000,35010000,CF05020000,1366120.21857921,15000000,CF05
#995,Не заполнен Фин.клиент | Не заполнен контрагент |,Домен Иннотех,\N,БЕ Мультикарта,\N,Финансовый отдел_Мультикарта,Финансовый отдел_Мультикарта,ПРОЦЕССИНГ,Нет продукта,\N,\N,Банк,35010200 | Амортизация НМА,\N,35010200 | Амортизация нематериальных активов,"ООО ""МУЛЬТИКАРТА""",\N,\N,\N,\N,\N,Процессинг,\N,МУЛЬТИКАРТА_11_СЕРВЕРА,МУЛЬТИКАРТА_11_СЕРВЕРА,Процессинг,Амортизация НМА,\N,0,true,false,\N,0,19668816.271852,19668816.271852,19668816.271852,19668816.271852,19326732.191852,19326732.191852,18480853.801852,18308734.741852,18308734.741852,18281040.801852,18281040.801852,18218808.471852,227207942.83222,\N,"CF02040200|Платежи за лицензии, за программное обеспечение","CF02040200|Платежи за лицензии, за программное обеспечение",0,0,0,0,0,0,0,0,0,0,0,0,0,35010000,CF02040000,187870310.28852,0,CF02
#996,Не заполнен Фин.клиент | Не заполнен контрагент |,Домен Иннотех,\N,БЕ Мультикарта,\N,Департамент процессинга,Департамент процессинга,ПРОЦЕССИНГ,Нет продукта,\N,\N,Банк,11020403 | Услуги по поддержке лицензионного ПО,\N,11020403 | Поддержка лицензионного ПО,"ООО ""МУЛЬТИКАРТА""",\N,\N,\N,\N,\N,Процессинг,\N,МУЛЬТИКАРТА_11_АВТОРИЗАЦИИ,МУЛЬТИКАРТА_11_АВТОРИЗАЦИИ,Процессинг,Поддержка ранее купленного ПО,\N,0.22,true,false,\N,0,1548647.06,1548647.06,1548647.06,1548647.06,1548647.06,1477394.42,1106859.75,711131.77,711131.77,711131.77,711131.77,711131.77,13883148.32,\N,CF02010400|Услуги по сопровождению/поддержке клиентов,CF02010400|Услуги по сопровождению/поддержке клиентов,0,0,0,0,0,0,0,0,0,0,0,0,0,11020000,CF02010000,10785854.199999997,0,CF02
#997,Не заполнен Фин.клиент | Не заполнен контрагент |,Домен Иннотех,\N,БЕ Мультикарта,\N,Департамент контроля рисков,Департамент контроля рисков,ПРОЦЕССИНГ,Нет продукта,\N,\N,Банк,11020403 | Услуги по поддержке лицензионного ПО,\N,11020403 | Поддержка лицензионного ПО,"ООО ""МУЛЬТИКАРТА""",\N,\N,\N,\N,\N,Процессинг,\N,МУЛЬТИКАРТА_11_СЕРВЕРА,МУЛЬТИКАРТА_11_СЕРВЕРА,Процессинг,Продление подписки (лицензий) и техподдержки Сканера уязвимостей Redcheck до 1500 хостов,\N,0.22,true,false,\N,0,0,0,0,0,0,0,0,0,0,3688524.5901639,0,0,3688524.5901639,\N,CF02010300|Услуги по поддержке лицензионного ПО,CF02010300|Услуги по поддержке лицензионного ПО,0,0,0,0,0,0,0,0,0,4500000,0,0,4500000,11020000,CF02010000,3688524.5901639,4500000,CF02
#998,Не заполнен Фин.клиент | Не заполнен контрагент |,Домен Иннотех,\N,БЕ Мультикарта,\N,Департамент контроля рисков,Департамент контроля рисков,ПРОЦЕССИНГ,Нет продукта,\N,\N,Банк,11020403 | Услуги по поддержке лицензионного ПО,\N,11020403 | Поддержка лицензионного ПО,"ООО ""МУЛЬТИКАРТА""",\N,\N,\N,\N,\N,Процессинг,\N,МУЛЬТИКАРТА_11_ИМПОРТОЗАМЕЩЕНИЕ,МУЛЬТИКАРТА_11_ИМПОРТОЗАМЕЩЕНИЕ,Процессинг,Продление технической поддержки Нетхаб (замена Skybox),\N,0.22,true,false,\N,0,0,0,0,0,0,0,0,0,0,0,5081967.2131147,0,5081967.2131147,\N,CF02010300|Услуги по поддержке лицензионного ПО,CF02010300|Услуги по поддержке лицензионного ПО,0,0,0,0,0,0,0,0,0,0,6200000,0,6200000,11020000,CF02010000,5081967.2131147,6200000,CF02
#999,Не заполнен Фин.клиент | Не заполнен контрагент |,Домен Иннотех,\N,БЕ Мультикарта,\N,Департамент контроля рисков,Департамент контроля рисков,ПРОЦЕССИНГ,Нет продукта,\N,\N,Банк,11020403 | Услуги по поддержке лицензионного ПО,\N,11020403 | Поддержка лицензионного ПО,"ООО ""МУЛЬТИКАРТА""",\N,\N,\N,\N,\N,Процессинг,\N,МУЛЬТИКАРТА_11_СЕРВЕРА,МУЛЬТИКАРТА_11_СЕРВЕРА,Процессинг,"Продление подписки (лицензий) и техподдержки «Notary-PRO », «Message-PRO »,«Fi1e-PRO» и «Admin-PKI»",\N,0,true,false,\N,0,15000,15000,15000,15000,15000,15000,15000,15000,15000,15000,15000,15000,180000,\N,CF02010300|Услуги по поддержке лицензионного ПО,CF02010300|Услуги по поддержке лицензионного ПО,15000,15000,15000,15000,15000,15000,15000,15000,15000,15000,15000,15000,180000,11020000,CF02010000,150000,150000,CF02
#1000,Не заполнен Фин.клиент | Не заполнен контрагент |,Домен Иннотех,\N,БЕ Мультикарта,\N,Департамент контроля рисков,Департамент контроля рисков,ПРОЦЕССИНГ,Нет продукта,\N,\N,Банк,11020403 | Услуги по поддержке лицензионного ПО,\N,11020403 | Поддержка лицензионного ПО,"ООО ""МУЛЬТИКАРТА""",\N,\N,\N,\N,\N,Процессинг,\N,МУЛЬТИКАРТА_11_ЧИСЛЕННОСТЬ,МУЛЬТИКАРТА_11_ЧИСЛЕННОСТЬ,Процессинг,Продление подписки (лицензий)и техподдержки системы предотвращения утечек (DLP)Cyber Protego до 400 пользователей,\N,0.22,true,false,\N,0,0,0,0,0,0,0,0,0,0,1967213.1147541,0,0,1967213.1147541,\N,CF02010300|Услуги по поддержке лицензионного ПО,CF02010300|Услуги по поддержке лицензионного ПО,0,0,0,0,0,0,0,0,0,2400000,0,0,2400000,11020000,CF02010000,1967213.1147541,2400000,CF02
#1001,Не заполнен Фин.клиент | Не заполнен контрагент |,Домен Иннотех,\N,БЕ Мультикарта,\N,Департамент контроля рисков,Департамент контроля рисков,ПРОЦЕССИНГ,Нет продукта,\N,\N,Банк,11020403 | Услуги по поддержке лицензионного ПО,\N,11020403 | Поддержка лицензионного ПО,"ООО ""МУЛЬТИКАРТА""",\N,\N,\N,\N,\N,Процессинг,\N,МУЛЬТИКАРТА_11_СЕРВЕРА,МУЛЬТИКАРТА_11_СЕРВЕРА,Процессинг,Техподдержка Крипто-Про Ngate до 1000 пользователей,\N,0.22,true,false,\N,0,0,0,0,0,0,0,0,0,0,0,0,1639344.2622951,1639344.2622951,\N,CF02010300|Услуги по поддержке лицензионного ПО,CF02010300|Услуги по поддержке лицензионного ПО,0,0,0,0,0,0,0,0,0,0,0,2000000,2000000,11020000,CF02010000,1639344.2622951,2000000,CF02
#1002,Не заполнен Фин.клиент | Не заполнен контрагент |,Домен Иннотех,\N,БЕ Мультикарта,\N,Департамент контроля рисков,Департамент контроля рисков,ПРОЦЕССИНГ,Нет продукта,\N,\N,Банк,11020403 | Услуги по поддержке лицензионного ПО,\N,11020403 | Поддержка лицензионного ПО,"ООО ""МУЛЬТИКАРТА""",\N,\N,\N,\N,\N,Процессинг,\N,МУЛЬТИКАРТА_11_СЕРВЕРА,МУЛЬТИКАРТА_11_СЕРВЕРА,Процессинг,"Сертификат технической поддержки IDM ""Аванпост"" 2 года",\N,0.22,true,false,\N,0,0,0,0,0,0,0,0,0,0,0,0,745901.63934426,745901.63934426,\N,CF02010300|Услуги по поддержке лицензионного ПО,CF02010300|Услуги по поддержке лицензионного ПО,0,0,0,0,0,0,0,0,0,0,0,910000,910000,11020000,CF02010000,745901.63934426,910000,CF02
#1003,Не заполнен Фин.клиент | Не заполнен контрагент |,Домен Иннотех,\N,БЕ Мультикарта,\N,Департамент контроля рисков,Департамент контроля рисков,ПРОЦЕССИНГ,Нет продукта,\N,\N,Банк,11020403 | Услуги по поддержке лицензионного ПО,\N,11020403 | Поддержка лицензионного ПО,"ООО ""МУЛЬТИКАРТА""",\N,\N,\N,\N,\N,Процессинг,\N,МУЛЬТИКАРТА_11_СЕРВЕРА,МУЛЬТИКАРТА_11_СЕРВЕРА,Процессинг,"Сертификат технической поддержки PKI ""Аванпост"" 2 года",\N,0.22,true,false,\N,0,0,0,0,0,0,0,0,0,0,0,0,983606.55737705,983606.55737705,\N,CF02010300|Услуги по поддержке лицензионного ПО,CF02010300|Услуги по поддержке лицензионного ПО,0,0,0,0,0,0,0,0,0,0,0,1200000,1200000,11020000,CF02010000,983606.55737705,1200000,CF02
#1004,Не заполнен Фин.клиент | Не заполнен контрагент |,Домен Иннотех,\N,БЕ Мультикарта,\N,Департамент контроля рисков,Департамент контроля рисков,ПРОЦЕССИНГ,Нет продукта,\N,\N,Банк,11020403 | Услуги по поддержке лицензионного ПО,\N,11020403 | Поддержка лицензионного ПО,"ООО ""МУЛЬТИКАРТА""",\N,\N,\N,\N,\N,Процессинг,\N,МУЛЬТИКАРТА_11_ПРОЕКТ КОФЛ VH,МУЛЬТИКАРТА_11_ПРОЕКТ КОФЛ VH,Процессинг,Поддержка Российских платежных криптографических модулей HSM КриптоПро,\N,0.22,true,false,\N,0,0,0,0,0,13483606.557377,0,0,0,0,5532786.8852459,0,0,19016393.442623,\N,CF02010300|Услуги по поддержке лицензионного ПО,CF02010300|Услуги по поддержке лицензионного ПО,0,0,0,0,16450000,0,0,0,0,6750000,0,0,23200000,11020000,CF02010000,19016393.4426229,23200000,CF02
#1005,Не заполнен Фин.клиент | Не заполнен контрагент |,Домен Иннотех,\N,БЕ Мультикарта,\N,Департамент контроля рисков,Департамент контроля рисков,ПРОЦЕССИНГ,Нет продукта,\N,\N,Банк,11020403 | Услуги по поддержке лицензионного ПО,\N,11020403 | Поддержка лицензионного ПО,"ООО ""МУЛЬТИКАРТА""",\N,\N,\N,\N,\N,Процессинг,\N,МУЛЬТИКАРТА_11_АВТОРИЗАЦИИ,МУЛЬТИКАРТА_11_АВТОРИЗАЦИИ,Процессинг,_____Приобретение расширенной техподдержки от интегратора на СПМ JetDetective,\N,0.22,true,false,\N,0,562055.73770492,0,0,562055.73770492,0,0,702459.01639344,0,0,702459.01639344,0,0,2529029.5081967,\N,CF02010300|Услуги по поддержке лицензионного ПО,CF02010300|Услуги по поддержке лицензионного ПО,685708,0,0,685708,0,0,857000,0,0,857000,0,0,3085416,11020000,CF02010000,1966973.7704917998,2399708,CF02
#1006,Не заполнен Фин.клиент | Не заполнен контрагент |,Домен Иннотех,\N,БЕ Мультикарта,\N,Департамент развития технологий,Департамент развития технологий,ПРОЦЕССИНГ,Нет продукта,\N,\N,Банк,11020403 | Услуги по поддержке лицензионного ПО,\N,11020403 | Поддержка лицензионного ПО,"ООО ""МУЛЬТИКАРТА""",\N,\N,\N,\N,\N,Процессинг,\N,МУЛЬТИКАРТА_11_АВТОРИЗАЦИИ,МУЛЬТИКАРТА_11_АВТОРИЗАЦИИ,Процессинг,_____Поддержка имеющихся лицензий К+ (TranzWare),\N,0.22,true,false,\N,0,0,0,13327790.163934,0,0,13327790.163934,0,0,13327790.163934,0,0,13327790.163934,53311160.655738,\N,CF02010300|Услуги по поддержке лицензионного ПО,CF02010300|Услуги по поддержке лицензионного ПО,0,0,16259904,0,0,16259904,0,0,16259904,0,0,16259904,65039616,11020000,CF02010000,53311160.655736,65039616,CF02
#1007,Не заполнен Фин.клиент | Не заполнен контрагент |,Домен Иннотех,\N,БЕ Мультикарта,\N,Департамент развития технологий,Департамент развития технологий,ПРОЦЕССИНГ,Нет продукта,\N,\N,Банк,11020403 | Услуги по поддержке лицензионного ПО,\N,11020403 | Поддержка лицензионного ПО,"ООО ""МУЛЬТИКАРТА""",\N,\N,\N,\N,\N,Процессинг,\N,МУЛЬТИКАРТА_11_АВТОРИЗАЦИИ,МУЛЬТИКАРТА_11_АВТОРИЗАЦИИ,Процессинг,_____Поддержка имеющихся лицензий К+ (TranzAxis),\N,0.22,true,false,\N,0,0,0,11812805.737705,0,0,11812805.737705,0,0,11812805.737705,0,0,11812805.737705,47251222.95082,\N,CF02010300|Услуги по поддержке лицензионного ПО,CF02010300|Услуги по поддержке лицензионного ПО,0,0,14411623,0,0,14411623,0,0,14411623,0,0,14411623,57646492,11020000,CF02010000,47251222.95082,57646492,CF02
#1008,Не заполнен Фин.клиент | Не заполнен контрагент |,Домен Иннотех,\N,БЕ Мультикарта,\N,Департамент развития технологий,Департамент развития технологий,ПРОЦЕССИНГ,Нет продукта,\N,\N,Банк,11020403 | Услуги по поддержке лицензионного ПО,\N,11020403 | Поддержка лицензионного ПО,"ООО ""МУЛЬТИКАРТА""",\N,\N,\N,\N,\N,Процессинг,\N,МУЛЬТИКАРТА_11_ПРОЕКТ КОФЛ VH,МУЛЬТИКАРТА_11_ПРОЕКТ КОФЛ VH,Процессинг,_____Перевод технической авторизации эмиссии ВТБ на МК (Лицензионная емкость для эмитентов)___,\N,0.22,true,false,\N,0,0,0,2272868.852459,0,0,2272868.852459,0,0,2272868.852459,0,0,2272868.852459,9091475.4098361,\N,CF02010300|Услуги по поддержке лицензионного ПО,CF02010300|Услуги по поддержке лицензионного ПО,0,0,2772900,0,0,2772900,0,0,2772900,0,0,2772900,11091600,11020000,CF02010000,9091475.409836,11091600,CF02
#1009,Не заполнен Фин.клиент | Не заполнен контрагент |,Домен Иннотех,\N,БЕ Мультикарта,\N,Департамент развития технологий,Департамент развития технологий,ПРОЦЕССИНГ,Нет продукта,\N,\N,Банк,11020403 | Услуги по поддержке лицензионного ПО,\N,11020403 | Поддержка лицензионного ПО,"ООО ""МУЛЬТИКАРТА""",\N,\N,\N,\N,\N,Процессинг,\N,МУЛЬТИКАРТА_11_ВТБ БЕЛАРУСЬ,МУЛЬТИКАРТА_11_ВТБ БЕЛАРУСЬ,Процессинг,_____Поддержка имеющихся лицензий для ВТБ Беларусь (БЕЛКАРТ),\N,0.22,true,false,\N,0,0,0,575710.6557377,0,0,575710.6557377,0,0,575710.6557377,0,0,575710.6557377,2302842.6229508,\N,CF02010300|Услуги по поддержке лицензионного ПО,CF02010300|Услуги по поддержке лицензионного ПО,0,0,702367,0,0,702367,0,0,702367,0,0,702367,2809468,11020000,CF02010000,2302842.6229508,2809468,CF02
#1010,Не заполнен Фин.клиент | Не заполнен контрагент |,Домен Иннотех,\N,БЕ Мультикарта,\N,Департамент развития технологий,Департамент развития технологий,ПРОЦЕССИНГ,Нет продукта,\N,\N,Банк,11020403 | Услуги по поддержке лицензионного ПО,\N,11020403 | Поддержка лицензионного ПО,"ООО ""МУЛЬТИКАРТА""",\N,\N,\N,\N,\N,Процессинг,\N,Договор № SSP240229OL1 от 26___03___2024,Договор № SSP240229OL1 от 26___03___2024,Прочий сервис,СУТС ВТБ (АТМ+POS)_____,\N,0.22,true,false,\N,0,622540.98360656,622540.98360656,622540.98360656,622540.98360656,622540.98360656,622540.98360656,622540.98360656,622540.98360656,622540.98360656,622540.98360656,622540.98360656,622540.98360656,7470491.8032787,\N,CF02010300|Услуги по поддержке лицензионного ПО,CF02010300|Услуги по поддержке лицензионного ПО,759500,759500,759500,759500,759500,759500,759500,759500,759500,759500,759500,759500,9114000,11020000,CF02010000,6225409.836065601,7595000,CF02
#1011,Не заполнен Фин.клиент | Не заполнен контрагент |,Домен Иннотех,\N,БЕ Мультикарта,\N,Департамент развития технологий,Департамент развития технологий,ПРОЦЕССИНГ,Нет продукта,\N,\N,Банк,11020403 | Услуги по поддержке лицензионного ПО,\N,11020403 | Поддержка лицензионного ПО,"ООО ""МУЛЬТИКАРТА""",\N,\N,\N,\N,\N,Процессинг,\N,Договор № SSP240229OL1 от 26___03___2024,Договор № SSP240229OL1 от 26___03___2024,Прочий сервис,СУТС ПБ (POS)_____,\N,0.22,true,false,\N,0,170901.63934426,170901.63934426,170901.63934426,170901.63934426,170901.63934426,170901.63934426,170901.63934426,170901.63934426,0,0,0,0,1367213.1147541,\N,CF02010300|Услуги по поддержке лицензионного ПО,CF02010300|Услуги по поддержке лицензионного ПО,208500,208500,208500,208500,208500,208500,208500,208500,0,0,0,0,1668000,11020000,CF02010000,1025409.83606556,1251000,CF02
#1012,Не заполнен Фин.клиент | Не заполнен контрагент |,Домен Иннотех,\N,БЕ Мультикарта,\N,Департамент контроля качества,Департамент контроля качества,ПРОЦЕССИНГ,Нет продукта,\N,\N,Банк,11020403 | Услуги по поддержке лицензионного ПО,\N,11020403 | Поддержка лицензионного ПО,"ООО ""МУЛЬТИКАРТА""",\N,\N,\N,\N,\N,Процессинг,\N,МУЛЬТИКАРТА_11_АВТОРИЗАЦИИ,МУЛЬТИКАРТА_11_АВТОРИЗАЦИИ,Процессинг,Системы тестирования ПЦ___ Тех поддержка________,\N,0.22,true,false,\N,0,343994.26229508,343994.26229508,343994.26229508,343994.26229508,343994.26229508,343994.26229508,343994.26229508,343994.26229508,343994.26229508,343994.26229508,343994.26229508,343994.26229508,4127931.147541,\N,CF02010300|Услуги по поддержке лицензионного ПО,CF02010300|Услуги по поддержке лицензионного ПО,419673,419673,419673,419673,419673,419673,419673,419673,419673,419673,419673,419673,5036076,11020000,CF02010000,3439942.6229507993,4196730,CF02
#1013,Не заполнен Фин.клиент |,Домен Иннотех,\N,БЕ Мультикарта,\N,Департамент процессинга,Департамент процессинга,ПРОЦЕССИНГ,Нет продукта,\N,\N,Банк,11020403 | Услуги по поддержке лицензионного ПО,\N,11020403 | Поддержка лицензионного ПО,"ООО ""МУЛЬТИКАРТА""",Домен Сервионика,БЕ Сервионика,\N,СЕРВИОНИКА ООО,\N,Процессинг,\N,МУЛЬТИКАРТА_11_СЕРВЕРА,МУЛЬТИКАРТА_11_СЕРВЕРА,Процессинг,Поддержка СУБД_____,\N,0.22,true,false,\N,0,599097.33611111,599097.33611111,599097.33611111,599097.33611111,599097.33611111,599097.33611111,599097.33611111,599097.33611111,599097.33611111,599097.33611111,599097.33611111,599097.33611111,7189168.0333333,\N,CF02010300|Услуги по поддержке лицензионного ПО,CF02010300|Услуги по поддержке лицензионного ПО,0,0,2192696.2501667,0,0,2192696.2501667,0,0,2192696.2501667,0,0,2192696.2501667,8770785.0006667,11020000,CF02010000,5990973.3611111,8770785.0006668,CF02
#1014,Не заполнен Фин.клиент | Не заполнен контрагент |,Домен Иннотех,\N,БЕ Мультикарта,\N,Департамент процессинга,Департамент процессинга,ПРОЦЕССИНГ,Нет продукта,\N,\N,Банк,11020403 | Услуги по поддержке лицензионного ПО,\N,11020403 | Поддержка лицензионного ПО,"ООО ""МУЛЬТИКАРТА""",\N,\N,\N,\N,\N,Процессинг,\N,Договор № SSP240229OL1 от 26___03___2024,Договор № SSP240229OL1 от 26___03___2024,Прочий сервис,Поддержка ПО маршрутизаторов УС,\N,0.22,true,false,\N,0,0,0,1229508.1967213,0,0,1229508.1967213,0,0,1229508.1967213,0,0,1229508.1967213,4918032.7868852,\N,CF02010300|Услуги по поддержке лицензионного ПО,CF02010300|Услуги по поддержке лицензионного ПО,0,0,1500000,0,0,1500000,0,0,1500000,0,0,1500000,6000000,11020000,CF02010000,4918032.7868852,6000000,CF02
#1015,Не заполнен Фин.клиент | Не заполнен контрагент |,Домен Иннотех,\N,БЕ Мультикарта,\N,Департамент процессинга,Департамент процессинга,ПРОЦЕССИНГ,Нет продукта,\N,\N,Банк,22020200 | Техническая поддержка систем,\N,22020200 | Техническая поддержка систем,"ООО ""МУЛЬТИКАРТА""",\N,\N,\N,\N,\N,Процессинг,\N,Мультикарта_Департамент процессинга_Бюджет МВЗ,Мультикарта_Департамент процессинга_Бюджет МВЗ,Внутренние проекты,Поддержка ПО ЭДО (Диадок)_____,\N,0,true,false,\N,0,0,0,125000,0,0,125000,0,0,125000,0,0,125000,500000,\N,CF02010300|Услуги по поддержке лицензионного ПО,CF02010300|Услуги по поддержке лицензионного ПО,0,0,125000,0,0,125000,0,0,125000,0,0,125000,500000,22020000,CF02010000,500000,500000,CF02
#1016,Не заполнен Фин.клиент | Не заполнен контрагент |,Домен Иннотех,\N,БЕ Мультикарта,\N,Департамент процессинга,Департамент процессинга,ПРОЦЕССИНГ,Нет продукта,\N,\N,Банк,11020403 | Услуги по поддержке лицензионного ПО,\N,11020403 | Поддержка лицензионного ПО,"ООО ""МУЛЬТИКАРТА""",\N,\N,\N,\N,\N,Процессинг,\N,МУЛЬТИКАРТА_11_ЧИСЛЕННОСТЬ,МУЛЬТИКАРТА_11_ЧИСЛЕННОСТЬ,Процессинг,СУР_____,\N,0.22,true,false,\N,0,0,0,614754.09836066,0,0,614754.09836066,0,0,614754.09836066,0,0,614754.09836066,2459016.3934426,\N,CF02010300|Услуги по поддержке лицензионного ПО,CF02010300|Услуги по поддержке лицензионного ПО,0,0,750000,0,0,750000,0,0,750000,0,0,750000,3000000,11020000,CF02010000,2459016.39344264,3000000,CF02
#1017,Не заполнен Фин.клиент | Не заполнен контрагент |,Домен Иннотех,\N,БЕ Мультикарта,\N,Департамент процессинга,Департамент процессинга,ПРОЦЕССИНГ,Нет продукта,\N,\N,Банк,11020403 | Услуги по поддержке лицензионного ПО,\N,11020403 | Поддержка лицензионного ПО,"ООО ""МУЛЬТИКАРТА""",\N,\N,\N,\N,\N,Процессинг,\N,МУЛЬТИКАРТА_11_АВТОРИЗАЦИИ,МУЛЬТИКАРТА_11_АВТОРИЗАЦИИ,Процессинг,Сопровождение Системы файлового обмена SDF,\N,0.22,true,false,\N,0,0,0,409836.06557377,0,0,0,0,0,409836.06557377,0,0,0,819672.13114754,\N,CF02010300|Услуги по поддержке лицензионного ПО,CF02010300|Услуги по поддержке лицензионного ПО,0,0,500000,0,0,0,0,0,500000,0,0,0,1000000,11020000,CF02010000,819672.13114754,1000000,CF02
#1018,Не заполнен Фин.клиент | Не заполнен контрагент |,Домен Иннотех,\N,БЕ Мультикарта,\N,Департамент процессинга,Департамент процессинга,ПРОЦЕССИНГ,Нет продукта,\N,\N,Банк,11020403 | Услуги по поддержке лицензионного ПО,\N,11020403 | Поддержка лицензионного ПО,"ООО ""МУЛЬТИКАРТА""",\N,\N,\N,\N,\N,Процессинг,\N,МУЛЬТИКАРТА_11_АВТОРИЗАЦИИ,МУЛЬТИКАРТА_11_АВТОРИЗАЦИИ,Процессинг,Октопус_____,\N,0.22,true,false,\N,0,0,0,204918.03278689,0,0,204918.03278689,0,0,204918.03278689,0,0,204918.03278689,819672.13114754,\N,CF02010300|Услуги по поддержке лицензионного ПО,CF02010300|Услуги по поддержке лицензионного ПО,0,0,250000,0,0,250000,0,0,250000,0,0,250000,1000000,11020000,CF02010000,819672.13114756,1000000,CF02
#1019,Не заполнен Фин.клиент | Не заполнен контрагент |,Домен Иннотех,\N,БЕ Мультикарта,\N,Центр сопровождения клиентов,Центр сопровождения клиентов,ПРОЦЕССИНГ,Нет продукта,\N,\N,Банк,11020403 | Услуги по поддержке лицензионного ПО,\N,11020403 | Поддержка лицензионного ПО,"ООО ""МУЛЬТИКАРТА""",\N,\N,\N,\N,\N,Процессинг,\N,МУЛЬТИКАРТА_11_ЦБ,МУЛЬТИКАРТА_11_ЦБ,Процессинг,Поддержка ДБО,\N,0,true,false,\N,0,1381447.9825799,1409076.9422315,1437258.4810761,1466003.6506976,1495323.7237116,1525230.1981858,1555734.8021496,1586849.4981925,1618586.4881564,1650958.2179195,1683977.3822779,1717656.9299235,18528104.297102,\N,CF02010300|Услуги по поддержке лицензионного ПО,CF02010300|Услуги по поддержке лицензионного ПО,1381447.9825799,1409076.9422315,1437258.4810761,1466003.6506976,1495323.7237116,1525230.1981858,1555734.8021496,1586849.4981925,1618586.4881564,1650958.2179195,1683977.3822779,1717656.9299235,18528104.297102,11020000,CF02010000,15737579.3722905,15737579.3722905,CF02
#1020,Не заполнен Фин.клиент | Не заполнен контрагент |,Домен Иннотех,\N,БЕ Мультикарта,\N,Департамент процессинга,Департамент процессинга,ПРОЦЕССИНГ,Нет продукта,\N,\N,Банк,11020410 | Прочий субподряд,\N,11020410 | Прочий субподряд,"ООО ""МУЛЬТИКАРТА""",\N,\N,\N,\N,\N,Процессинг,\N,МУЛЬТИКАРТА_11_IPSP,МУЛЬТИКАРТА_11_IPSP,Процессинг,Лаборатория по извлечению информации,\N,0,true,false,\N,0,5000,5000,5000,5000,5000,5000,5000,5000,5000,5000,5000,5000,60000,\N,CF02011000|Прочий субподряд,CF02011000|Прочий субподряд,5000,5000,5000,5000,5000,5000,5000,5000,5000,5000,5000,5000,60000,11020000,CF02010000,50000,50000,CF02
#1021,Не заполнен Фин.клиент | Не заполнен контрагент |,Домен Иннотех,\N,БЕ Мультикарта,\N,Департамент контроля рисков,Департамент контроля рисков,ПРОЦЕССИНГ,Нет продукта,\N,\N,Банк,11020404 | Услуги по сопровождению/поддержке клиентов,\N,11020404 | Сопровождение/поддержка клиентов,"ООО ""МУЛЬТИКАРТА""",\N,\N,\N,\N,\N,Процессинг,\N,МУЛЬТИКАРТА_11_АВТОРИЗАЦИИ,МУЛЬТИКАРТА_11_АВТОРИЗАЦИИ,Процессинг,Поддержка платежных криптографических модулей HSM Thales_____,\N,0.22,true,false,\N,0,0,0,0,0,0,0,0,0,0,0,4098360.6557377,0,4098360.6557377,\N,CF02010400|Услуги по сопровождению/поддержке клиентов,CF02010400|Услуги по сопровождению/поддержке клиентов,0,0,0,0,0,0,0,0,0,0,5000000,0,5000000,11020000,CF02010000,4098360.6557377,5000000,CF02
#1022,Не заполнен Фин.клиент | Не заполнен контрагент |,Домен Иннотех,\N,БЕ Мультикарта,\N,Департамент процессинга,Департамент процессинга,ПРОЦЕССИНГ,Нет продукта,\N,\N,Банк,11020404 | Услуги по сопровождению/поддержке клиентов,\N,11020404 | Сопровождение/поддержка клиентов,"ООО ""МУЛЬТИКАРТА""",\N,\N,\N,\N,\N,Процессинг,\N,МУЛЬТИКАРТА_11_СЕРВЕРА,МУЛЬТИКАРТА_11_СЕРВЕРА,Процессинг,Каналы связи,\N,0.22,true,false,\N,0,68306.010928962,68306.010928962,68306.010928962,68306.010928962,68306.010928962,68306.010928962,68306.010928962,68306.010928962,68306.010928962,68306.010928962,68306.010928962,68306.010928962,819672.13114754,\N,CF02010400|Услуги по сопровождению/поддержке клиентов,CF02010400|Услуги по сопровождению/поддержке клиентов,83333.333333333,83333.333333333,83333.333333333,83333.333333333,83333.333333333,83333.333333333,83333.333333333,83333.333333333,83333.333333333,83333.333333333,83333.333333333,83333.333333333,1000000,11020000,CF02010000,683060.1092896202,833333.3333333301,CF02
#1023,Не заполнен Фин.клиент | Не заполнен контрагент |,Домен Иннотех,\N,БЕ Мультикарта,\N,Департамент процессинга,Департамент процессинга,ПРОЦЕССИНГ,Нет продукта,\N,\N,Банк,11020404 | Услуги по сопровождению/поддержке клиентов,\N,11020404 | Сопровождение/поддержка клиентов,"ООО ""МУЛЬТИКАРТА""",\N,\N,\N,\N,\N,Процессинг,\N,МУЛЬТИКАРТА_11_СЕРВЕРА,МУЛЬТИКАРТА_11_СЕРВЕРА,Процессинг,Разовые расходы на обслуживание ОС инфраструктуры ЦОД СПБ и МСК,\N,0.22,true,false,\N,0,0,0,2049180.3278688,0,0,2049180.3278688,0,0,2049180.3278688,0,0,2049180.3278688,8196721.3114754,\N,CF02010400|Услуги по сопровождению/поддержке клиентов,CF02010400|Услуги по сопровождению/поддержке клиентов,0,0,2500000,0,0,2500000,0,0,2500000,0,0,2500000,10000000,11020000,CF02010000,8196721.3114752,10000000,CF02
#1024,Не заполнен Фин.клиент | Не заполнен контрагент |,Домен Иннотех,\N,БЕ Мультикарта,\N,Департамент процессинга,Департамент процессинга,ПРОЦЕССИНГ,Нет продукта,\N,\N,Банк,11020404 | Услуги по сопровождению/поддержке клиентов,\N,11020404 | Сопровождение/поддержка клиентов,"ООО ""МУЛЬТИКАРТА""",\N,\N,\N,\N,\N,Процессинг,\N,МУЛЬТИКАРТА_11_СЕРВЕРА,МУЛЬТИКАРТА_11_СЕРВЕРА,Процессинг,Обслуживание кондиционеров ЦОД СПБ,\N,0.22,true,false,\N,0,109289.61748634,109289.61748634,109289.61748634,109289.61748634,109289.61748634,109289.61748634,109289.61748634,109289.61748634,109289.61748634,109289.61748634,109289.61748634,109289.61748634,1311475.4098361,\N,CF02010400|Услуги по сопровождению/поддержке клиентов,CF02010400|Услуги по сопровождению/поддержке клиентов,133333.33333333,133333.33333333,133333.33333333,133333.33333333,133333.33333333,133333.33333333,133333.33333333,133333.33333333,133333.33333333,133333.33333333,133333.33333333,133333.33333333,1600000,11020000,CF02010000,1092896.1748634,1333333.3333333,CF02
#1025,Не заполнен Фин.клиент | Не заполнен контрагент |,Домен Иннотех,\N,БЕ Мультикарта,\N,Направление по обеспечению безопасности,Направление по обеспечению безопасности,ПРОЦЕССИНГ,Нет продукта,\N,\N,Банк,22020500 | Расходы на приобретение IT оборудования,\N,22020500 | Расходы на приобретение IT оборудования,"ООО ""МУЛЬТИКАРТА""",\N,\N,\N,\N,\N,Процессинг,\N,Мультикарта_Направление по обеспечению безопасности_Бюджет МВЗ,Мультикарта_Направление по обеспечению безопасности_Бюджет МВЗ,Внутренние проекты,ТО систем безопасности в трех офисах ООО АТТИК СБ,\N,0,true,false,\N,0,0,0,125000,0,0,125000,0,0,125000,0,0,125000,500000,\N,CF02010400|Услуги по сопровождению/поддержке клиентов,CF02010400|Услуги по сопровождению/поддержке клиентов,0,0,125000,0,0,125000,0,0,125000,0,0,125000,500000,22020000,CF02010000,500000,500000,CF02
#1026,Не заполнен Фин.клиент |,Домен Иннотех,\N,БЕ Мультикарта,\N,Департамент процессинга,Департамент процессинга,ПРОЦЕССИНГ,Нет продукта,\N,\N,Банк,11020404 | Услуги по сопровождению/поддержке клиентов,\N,11020404 | Сопровождение/поддержка клиентов,"ООО ""МУЛЬТИКАРТА""",Домен Сервионика,БЕ Сервионика,\N,СЕРВИОНИКА ООО,\N,Процессинг,\N,МУЛЬТИКАРТА_11_СЕРВЕРА,МУЛЬТИКАРТА_11_СЕРВЕРА,Процессинг,Обслуживание инженерной инфраструктуры ЦОД_____,\N,0.22,true,false,\N,0,284234.42622951,284234.42622951,284234.42622951,284234.42622951,284234.42622951,284234.42622951,284234.42622951,284234.42622951,284234.42622951,284234.42622951,284234.42622951,284234.42622951,3410813.1147541,\N,CF02010400|Услуги по сопровождению/поддержке клиентов,CF02010400|Услуги по сопровождению/поддержке клиентов,346766,346766,346766,346766,346766,346766,346766,346766,346766,346766,346766,346766,4161192,11020000,CF02010000,2842344.2622951,3467660,CF02
#1027,Не заполнен Фин.клиент | Не заполнен контрагент |,Домен Иннотех,\N,БЕ Мультикарта,\N,Департамент процессинга,Департамент процессинга,ПРОЦЕССИНГ,Нет продукта,\N,\N,Банк,11020404 | Услуги по сопровождению/поддержке клиентов,\N,11020404 | Сопровождение/поддержка клиентов,"ООО ""МУЛЬТИКАРТА""",\N,\N,\N,\N,\N,Процессинг,\N,МУЛЬТИКАРТА_11_СЕРВЕРА,МУЛЬТИКАРТА_11_СЕРВЕРА,Процессинг,"Поддержка крипто-шлюзов (ViPNet, Sterra)",\N,0.22,true,false,\N,0,819672.13114754,0,0,819672.13114754,0,0,819672.13114754,0,0,819672.13114754,0,0,3278688.5245902,\N,CF02010400|Услуги по сопровождению/поддержке клиентов,CF02010400|Услуги по сопровождению/поддержке клиентов,1000000,0,0,1000000,0,0,1000000,0,0,1000000,0,0,4000000,11020000,CF02010000,2459016.39344262,3000000,CF02
#1028,Не заполнен Фин.клиент | Не заполнен контрагент |,Домен Иннотех,\N,БЕ Мультикарта,\N,Департамент процессинга,Департамент процессинга,ПРОЦЕССИНГ,Нет продукта,\N,\N,Банк,11020402 | Услуги по установке оборудования,\N,11020402 | Установка оборудования,"ООО ""МУЛЬТИКАРТА""",\N,\N,\N,\N,\N,Процессинг,\N,Договор № SSP240229OL1 от 26___03___2024,Договор № SSP240229OL1 от 26___03___2024,Прочий сервис,Ремонт маршрутизаторов_____РАДИОФИД,\N,0.22,true,false,\N,0,0,0,1229508.1967213,0,0,1229508.1967213,0,0,1229508.1967213,0,0,1229508.1967213,4918032.7868852,\N,CF02010200|Услуги по установке оборудования,CF02010200|Услуги по установке оборудования,0,0,1500000,0,0,1500000,0,0,1500000,0,0,1500000,6000000,11020000,CF02010000,4918032.7868852,6000000,CF02
#1029,Не заполнен Фин.клиент | Не заполнен контрагент |,Домен Иннотех,\N,БЕ Мультикарта,\N,Департамент процессинга,Департамент процессинга,ПРОЦЕССИНГ,Нет продукта,\N,\N,Банк,11020402 | Услуги по установке оборудования,\N,11020402 | Установка оборудования,"ООО ""МУЛЬТИКАРТА""",\N,\N,\N,\N,\N,Процессинг,\N,МУЛЬТИКАРТА_11_СЕРВЕРА,МУЛЬТИКАРТА_11_СЕРВЕРА,Процессинг,Ремонт прочего оборудования,\N,0.22,true,false,\N,0,0,0,122950.81967213,0,0,122950.81967213,0,0,122950.81967213,0,0,122950.81967213,491803.27868852,\N,CF02010200|Услуги по установке оборудования,CF02010200|Услуги по установке оборудования,0,0,150000,0,0,150000,0,0,150000,0,0,150000,600000,11020000,CF02010000,491803.27868852,600000,CF02
#1030,Не заполнен Фин.клиент | Не заполнен контрагент |,Домен Иннотех,\N,БЕ Мультикарта,\N,Блок развития бизнеса_Мультикарта,Блок развития бизнеса_Мультикарта,ПРОЦЕССИНГ,Нет продукта,\N,\N,Банк,11020406 | Услуги по заказной разработке ПО,\N,11020406 | Заказная разработка ПО,"ООО ""МУЛЬТИКАРТА""",\N,\N,\N,\N,\N,Процессинг,\N,МУЛЬТИКАРТА_11_ПСР,МУЛЬТИКАРТА_11_ПСР,Процессинг,Предоставление услуг по аналитике_____,\N,0,true,false,\N,0,1110000,1406000,1554000,1628000,1406000,1554000,1702000,1554000,1628000,1628000,1480000,1628000,18278000,\N,CF02010600|Услуги по заказной разработке ПО,CF02010600|Услуги по заказной разработке ПО,1110000,1406000,1554000,1628000,1406000,1554000,1702000,1554000,1628000,1628000,1480000,1628000,18278000,11020000,CF02010000,15762000,15762000,CF02
#1031,Не заполнен Фин.клиент | Не заполнен контрагент |,Домен Иннотех,\N,БЕ Мультикарта,\N,Блок развития бизнеса_Мультикарта,Блок развития бизнеса_Мультикарта,ПРОЦЕССИНГ,Нет продукта,\N,\N,Банк,11020406 | Услуги по заказной разработке ПО,\N,11020406 | Заказная разработка ПО,"ООО ""МУЛЬТИКАРТА""",\N,\N,\N,\N,\N,Процессинг,\N,МУЛЬТИКАРТА_11_ПСР,МУЛЬТИКАРТА_11_ПСР,Процессинг,Предоставление услуг по аналитике_2,\N,0.22,true,false,\N,0,640327.86885246,811081.96721311,896459.01639344,939147.54098361,811081.96721311,896459.01639344,981836.06557377,859106.55737705,939147.54098361,939147.54098361,853770.49180328,939147.54098361,10506713.114754,\N,CF02010600|Услуги по заказной разработке ПО,CF02010600|Услуги по заказной разработке ПО,781200,989520,1093680,1145760,989520,1093680,1197840,1048110,1145760,1145760,1041600,1145760,12818190,11020000,CF02010000,9055303.27868853,11047470,CF02
#1032,Не заполнен Фин.клиент | Не заполнен контрагент |,Домен Иннотех,\N,БЕ Мультикарта,\N,Блок развития бизнеса_Мультикарта,Блок развития бизнеса_Мультикарта,ПРОЦЕССИНГ,Нет продукта,\N,\N,Банк,11020406 | Услуги по заказной разработке ПО,\N,11020406 | Заказная разработка ПО,"ООО ""МУЛЬТИКАРТА""",\N,\N,\N,\N,\N,Процессинг,\N,МУЛЬТИКАРТА_11_ПСР,МУЛЬТИКАРТА_11_ПСР,Процессинг,Предоставление услуг по разработке и тестированию_____,\N,0.22,true,false,\N,0,967868.85245902,1225967.2131148,1355016.3934426,1419540.9836066,1225967.2131148,1355016.3934426,1586622.9508197,1388295.0819672,1517639.3442623,1517639.3442623,1379672.1311475,1517639.3442623,16456885.245902,\N,CF02010600|Услуги по заказной разработке ПО,CF02010600|Услуги по заказной разработке ПО,1180800,1495680,1653120,1731840,1495680,1653120,1935680,1693720,1851520,1851520,1683200,1851520,20077400,11020000,CF02010000,14263049.1803279,17400920,CF02
#1033,Не заполнен Фин.клиент | Не заполнен контрагент |,Домен Иннотех,\N,БЕ Мультикарта,\N,Блок развития бизнеса_Мультикарта,Блок развития бизнеса_Мультикарта,ПРОЦЕССИНГ,Нет продукта,\N,\N,Банк,11020406 | Услуги по заказной разработке ПО,\N,11020406 | Заказная разработка ПО,"ООО ""МУЛЬТИКАРТА""",\N,\N,\N,\N,\N,Процессинг,\N,Договор № SSP240229OL1 от 26___03___2024,Договор № SSP240229OL1 от 26___03___2024,Прочий сервис,Предоставление услуг по аналитике и разработке_____,\N,0.22,true,false,\N,0,777049.18032787,984262.29508197,1087868.852459,1139672.1311475,984262.29508197,1087868.852459,1191475.4098361,1042540.9836066,1139672.1311475,1139672.1311475,1036065.5737705,1139672.1311475,12750081.967213,\N,CF02010600|Услуги по заказной разработке ПО,CF02010600|Услуги по заказной разработке ПО,948000,1200800,1327200,1390400,1200800,1327200,1453600,1271900,1390400,1390400,1264000,1390400,15555100,11020000,CF02010000,10988770.491803171,13406300,CF02
#1034,Не заполнен Фин.клиент | Не заполнен контрагент |,Домен Иннотех,\N,БЕ Мультикарта,\N,Департамент контроля рисков,Департамент контроля рисков,ПРОЦЕССИНГ,Нет продукта,\N,\N,Банк,11020406 | Услуги по заказной разработке ПО,\N,11020406 | Заказная разработка ПО,"ООО ""МУЛЬТИКАРТА""",\N,\N,\N,\N,\N,Процессинг,\N,МУЛЬТИКАРТА_11_АВТОРИЗАЦИИ,МУЛЬТИКАРТА_11_АВТОРИЗАЦИИ,Процессинг,Услуги по проведению тестов на отказ в обслуживании (эмуляция Ddos атак),\N,0.22,true,false,\N,0,0,0,0,0,1229508.1967213,0,0,0,0,0,1229508.1967213,0,2459016.3934426,\N,CF02010600|Услуги по заказной разработке ПО,CF02010600|Услуги по заказной разработке ПО,0,0,0,0,1500000,0,0,0,0,0,1500000,0,3000000,11020000,CF02010000,2459016.3934426,3000000,CF02
#1035,Не заполнен Фин.клиент | Не заполнен контрагент |,Домен Иннотех,\N,БЕ Мультикарта,\N,Департамент контроля рисков,Департамент контроля рисков,ПРОЦЕССИНГ,Нет продукта,\N,\N,Банк,11020406 | Услуги по заказной разработке ПО,\N,11020406 | Заказная разработка ПО,"ООО ""МУЛЬТИКАРТА""",\N,\N,\N,\N,\N,Процессинг,\N,МУЛЬТИКАРТА_11_АВТОРИЗАЦИИ,МУЛЬТИКАРТА_11_АВТОРИЗАЦИИ,Процессинг,Работы по проведению тестов на проникновение в режиме RedTeam/BlueTeam (рекомендация УИБ ВТБ),\N,0.22,true,false,\N,0,0,0,0,0,0,0,0,5327868.852459,0,0,0,0,5327868.852459,\N,CF02010600|Услуги по заказной разработке ПО,CF02010600|Услуги по заказной разработке ПО,0,0,0,0,0,0,0,6500000,0,0,0,0,6500000,11020000,CF02010000,5327868.852459,6500000,CF02
#1036,Не заполнен Фин.клиент | Не заполнен контрагент |,Домен Иннотех,\N,БЕ Мультикарта,\N,Департамент контроля рисков,Департамент контроля рисков,ПРОЦЕССИНГ,Нет продукта,\N,\N,Банк,11020406 | Услуги по заказной разработке ПО,\N,11020406 | Заказная разработка ПО,"ООО ""МУЛЬТИКАРТА""",\N,\N,\N,\N,\N,Процессинг,\N,МУЛЬТИКАРТА_11_СЕРВЕРА,МУЛЬТИКАРТА_11_СЕРВЕРА,Процессинг,Услуги по проведению ASV-сканирования,\N,0.22,true,false,\N,0,0,491803.27868853,0,0,491803.27868853,0,0,491803.27868853,0,0,491803.27868853,0,1967213.1147541,\N,CF02010600|Услуги по заказной разработке ПО,CF02010600|Услуги по заказной разработке ПО,0,600000,0,0,600000,0,0,600000,0,0,600000,0,2400000,11020000,CF02010000,1475409.83606559,1800000,CF02
#1037,Не заполнен Фин.клиент | Не заполнен контрагент |,Домен Иннотех,\N,БЕ Мультикарта,\N,Департамент контроля рисков,Департамент контроля рисков,ПРОЦЕССИНГ,Нет продукта,\N,\N,Банк,11020406 | Услуги по заказной разработке ПО,\N,11020406 | Заказная разработка ПО,"ООО ""МУЛЬТИКАРТА""",\N,\N,\N,\N,\N,Процессинг,\N,МУЛЬТИКАРТА_11_СЕРВЕРА,МУЛЬТИКАРТА_11_СЕРВЕРА,Процессинг,"Работы по миграция IDM ""Аванпост""с версии 6 на версию 7",\N,0,true,false,\N,0,0,0,12000000,0,0,0,0,0,0,0,0,0,12000000,\N,CF02010600|Услуги по заказной разработке ПО,CF02010600|Услуги по заказной разработке ПО,0,0,12000000,0,0,0,0,0,0,0,0,0,12000000,11020000,CF02010000,12000000,12000000,CF02
#1038,Не заполнен Фин.клиент | Не заполнен контрагент |,Домен Иннотех,\N,БЕ Мультикарта,\N,Департамент контроля рисков,Департамент контроля рисков,ПРОЦЕССИНГ,Нет продукта,\N,\N,Банк,11020406 | Услуги по заказной разработке ПО,\N,11020406 | Заказная разработка ПО,"ООО ""МУЛЬТИКАРТА""",\N,\N,\N,\N,\N,Процессинг,\N,МУЛЬТИКАРТА_11_ИМПОРТОЗАМЕЩЕНИЕ,МУЛЬТИКАРТА_11_ИМПОРТОЗАМЕЩЕНИЕ,Процессинг,"Работы по внедрению Програмный комплекс для защиты эл___почты и Интернет от утечек КИ, система класса ""DLP""+ анализатор контента",\N,0,true,false,\N,0,6000000,0,0,0,0,0,0,0,0,0,0,0,6000000,\N,CF02010600|Услуги по заказной разработке ПО,CF02010600|Услуги по заказной разработке ПО,6000000,0,0,0,0,0,0,0,0,0,0,0,6000000,11020000,CF02010000,0,0,CF02
#1039,Не заполнен Фин.клиент | Не заполнен контрагент |,Домен Иннотех,\N,БЕ Мультикарта,\N,Департамент контроля рисков,Департамент контроля рисков,ПРОЦЕССИНГ,Нет продукта,\N,\N,Банк,11020406 | Услуги по заказной разработке ПО,\N,11020406 | Заказная разработка ПО,"ООО ""МУЛЬТИКАРТА""",\N,\N,\N,\N,\N,Процессинг,\N,МУЛЬТИКАРТА_11_РЫНОК,МУЛЬТИКАРТА_11_РЫНОК,Процессинг,Поддержка миграции Jet Detective на Posgre,\N,0.22,true,false,\N,0,0,0,0,0,0,0,0,0,7377049.1803279,0,0,0,7377049.1803279,\N,CF02010600|Услуги по заказной разработке ПО,CF02010600|Услуги по заказной разработке ПО,0,0,0,0,0,0,0,0,9000000,0,0,0,9000000,11020000,CF02010000,7377049.1803279,9000000,CF02
#1040,Не заполнен Фин.клиент | Не заполнен контрагент |,Домен Иннотех,\N,БЕ Мультикарта,\N,Департамент развития технологий,Департамент развития технологий,ПРОЦЕССИНГ,Нет продукта,\N,\N,Банк,11020406 | Услуги по заказной разработке ПО,\N,11020406 | Заказная разработка ПО,"ООО ""МУЛЬТИКАРТА""",\N,\N,\N,\N,\N,Процессинг,\N,МУЛЬТИКАРТА_11_ПСР,МУЛЬТИКАРТА_11_ПСР,Процессинг,Услуги аутстаффа по новым проектам_____,\N,0.22,true,false,\N,0,543108.19672131,543108.19672131,543108.19672131,543108.19672131,543108.19672131,543108.19672131,543108.19672131,543108.19672131,543108.19672131,543108.19672131,543108.19672131,543108.19672131,6517298.3606557,\N,CF02010600|Услуги по заказной разработке ПО,CF02010600|Услуги по заказной разработке ПО,662592,662592,662592,662592,662592,662592,662592,662592,662592,662592,662592,662592,7951104,11020000,CF02010000,5431081.967213099,6625920,CF02
#1041,Не заполнен Фин.клиент | Не заполнен контрагент |,Домен Иннотех,\N,БЕ Мультикарта,\N,Департамент развития технологий,Департамент развития технологий,ПРОЦЕССИНГ,Нет продукта,\N,\N,Банк,11020406 | Услуги по заказной разработке ПО,\N,11020406 | Заказная разработка ПО,"ООО ""МУЛЬТИКАРТА""",\N,\N,\N,\N,\N,Процессинг,\N,МУЛЬТИКАРТА_11_АВТОРИЗАЦИИ,МУЛЬТИКАРТА_11_АВТОРИЗАЦИИ,Процессинг,_____текущие работы,\N,0.22,true,false,\N,0,2595628,2595628,2595628,2595628,2595628,2595628,2595628,2595628,2595628,2595628,2595628,2595628,31147536,\N,CF02010600|Услуги по заказной разработке ПО,CF02010600|Услуги по заказной разработке ПО,3166667,3166667,3166667,3166667,3166667,3166667,3166667,3166667,3166667,3166667,3166667,3166667,38000004,11020000,CF02010000,25956280,31666670,CF02
#1042,Не заполнен Фин.клиент | Не заполнен контрагент |,Домен Иннотех,\N,БЕ Мультикарта,\N,Блок развития бизнеса_Мультикарта,Блок развития бизнеса_Мультикарта,ПРОЦЕССИНГ,Нет продукта,\N,\N,Банк,11020410 | Прочий субподряд,\N,11020410 | Прочий субподряд,"ООО ""МУЛЬТИКАРТА""",\N,\N,\N,\N,\N,Процессинг,\N,МУЛЬТИКАРТА_11_IPSP,МУЛЬТИКАРТА_11_IPSP,Процессинг,IPSP,\N,0,true,false,\N,0,4000000,4050000,4100000,4150000,4200000,4250000,4300000,4350000,4400000,4450000,4500000,4550000,51300000,\N,CF02011000|Прочий субподряд,CF02011000|Прочий субподряд,4000000,4050000,4100000,4150000,4200000,4250000,4300000,4350000,4400000,4450000,4500000,4550000,51300000,11020000,CF02010000,43250000,43250000,CF02
#1043,Не заполнен Фин.клиент | Не заполнен контрагент |,Домен Иннотех,\N,БЕ Мультикарта,\N,Финансовый отдел_Мультикарта,Финансовый отдел_Мультикарта,ПРОЦЕССИНГ,Нет продукта,\N,\N,Банк,22031101 | Налоги и иные платежи в бюджет,\N,22031101 | Налоги и иные платежи в бюджет,"ООО ""МУЛЬТИКАРТА""",\N,\N,\N,\N,\N,Процессинг,\N,Мультикарта_Финансовый блок_Бюджет МВЗ,Мультикарта_Финансовый блок_Бюджет МВЗ,Внутренние проекты,Налог на телеком,\N,0,true,false,\N,0,0,0,160000,0,0,160000,0,0,160000,0,0,160000,640000,\N,CF02170300|Прочие налоги и сборы,CF02170300|Прочие налоги и сборы,160000,0,0,160000,0,0,160000,0,0,160000,0,0,640000,22030000,CF02170000,640000,480000,CF02
#1044,Не заполнен Фин.клиент |,Домен Иннотех,\N,БЕ Мультикарта,\N,Департамент процессинга,Департамент процессинга,ПРОЦЕССИНГ,Нет продукта,\N,\N,Банк,11020407 | Услуги по облачным сервисам,\N,11020407 | Облачные сервисы,"ООО ""МУЛЬТИКАРТА""",Домен Интеграция,БЕ Т1 Клауд,\N,Т1КЛАУД ООО,\N,Процессинг,\N,МУЛЬТИКАРТА_11_ЧИСЛЕННОСТЬ,МУЛЬТИКАРТА_11_ЧИСЛЕННОСТЬ,Процессинг,DION и Виртуальный Дата центр,\N,0.22,true,false,\N,0,24922,24922,24922,24922,24922,24922,24922,24922,24922,24922,24922,24922,299064,\N,CF02010700|Услуги по облачным сервисам,CF02010700|Услуги по облачным сервисам,30404.84,30404.84,30404.84,30404.84,30404.84,30404.84,30404.84,30404.84,30404.84,30404.84,30404.84,30404.84,364858.08,11020000,CF02010000,249220,304048.4,CF02
#1045,Не заполнен Фин.клиент | Не заполнен контрагент |,Домен Иннотех,\N,БЕ Мультикарта,\N,Департамент контроля качества,Департамент контроля качества,ПРОЦЕССИНГ,Нет продукта,\N,\N,Банк,11020406 | Услуги по заказной разработке ПО,\N,11020406 | Заказная разработка ПО,"ООО ""МУЛЬТИКАРТА""",\N,\N,\N,\N,\N,Процессинг,\N,МУЛЬТИКАРТА_11_АВТОРИЗАЦИИ,МУЛЬТИКАРТА_11_АВТОРИЗАЦИИ,Процессинг,Привлечение тестировщиков на аутстаф_____,\N,0.22,true,false,\N,0,3934426.2295082,3934426.2295082,3934426.2295082,3934426.2295082,3934426.2295082,3934426.2295082,3934426.2295082,3934426.2295082,3934426.2295082,3934426.2295082,3934426.2295082,3934426.2295082,47213114.754098,\N,CF02010600|Услуги по заказной разработке ПО,CF02010600|Услуги по заказной разработке ПО,4800000,4800000,4800000,4800000,4800000,4800000,4800000,4800000,4800000,4800000,4800000,4800000,57600000,11020000,CF02010000,39344262.295081995,48000000,CF02
#1046,Не заполнен Фин.клиент | Не заполнен контрагент |,Домен Иннотех,\N,БЕ Мультикарта,\N,Департамент процессинга,Департамент процессинга,ПРОЦЕССИНГ,Нет продукта,\N,\N,Банк,11020406 | Услуги по заказной разработке ПО,\N,11020406 | Заказная разработка ПО,"ООО ""МУЛЬТИКАРТА""",\N,\N,\N,\N,\N,Процессинг,\N,МУЛЬТИКАРТА_11_ИМПОРТОЗАМЕЩЕНИЕ,МУЛЬТИКАРТА_11_ИМПОРТОЗАМЕЩЕНИЕ,Процессинг,ЭДНА,\N,0.22,true,false,\N,0,0,0,0,0,0,0,0,0,1229508.1967213,0,0,0,1229508.1967213,\N,CF02010600|Услуги по заказной разработке ПО,CF02010600|Услуги по заказной разработке ПО,0,0,0,0,0,0,0,0,1500000,0,0,0,1500000,11020000,CF02010000,1229508.1967213,1500000,CF02
#1047,Не заполнен Фин.клиент | Не заполнен контрагент |,Домен Иннотех,\N,БЕ Мультикарта,\N,Департамент развития технологий,Департамент развития технологий,ПРОЦЕССИНГ,Нет продукта,\N,\N,Банк,11020406 | Услуги по заказной разработке ПО,\N,11020406 | Заказная разработка ПО,"ООО ""МУЛЬТИКАРТА""",\N,\N,\N,\N,\N,Процессинг,\N,МУЛЬТИКАРТА_11_ПРОЦЕССИНГ,МУЛЬТИКАРТА_11_ПРОЦЕССИНГ,Процессинг,Сметные работы_ДРТ,\N,0.22,true,false,\N,0,1639344.2622951,1639344.2622951,1639344.2622951,1639344.2622951,1639344.2622951,1639344.2622951,1639344.2622951,1639344.2622951,1639344.2622951,1639344.2622951,1639344.2622951,1639344.2622951,19672131.147541,\N,CF02010600|Услуги по заказной разработке ПО,CF02010600|Услуги по заказной разработке ПО,2000000,2000000,2000000,2000000,2000000,2000000,2000000,2000000,2000000,2000000,2000000,2000000,24000000,11020000,CF02010000,16393442.622951,20000000,CF02
#1048,Не заполнен Фин.клиент | Не заполнен контрагент |,Домен Иннотех,\N,БЕ Мультикарта,\N,Центр сопровождения клиентов,Центр сопровождения клиентов,ПРОЦЕССИНГ,Нет продукта,\N,\N,Банк,11020406 | Услуги по заказной разработке ПО,\N,11020406 | Заказная разработка ПО,"ООО ""МУЛЬТИКАРТА""",\N,\N,\N,\N,\N,Процессинг,\N,МУЛЬТИКАРТА_11_ЦБ,МУЛЬТИКАРТА_11_ЦБ,Процессинг,ФИНЕЙТИВ,\N,0,true,false,\N,0,12055500,5000000,3164400,2540700,1500000,2000000,3500000,2000000,1600000,2000000,2000000,2000000,39360600,\N,CF02010600|Услуги по заказной разработке ПО,CF02010600|Услуги по заказной разработке ПО,12055500,5000000,3164400,2540700,1500000,2000000,3500000,2000000,1600000,2000000,2000000,2000000,39360600,11020000,CF02010000,22305100,22305100,CF02
#1049,Не заполнен Фин.клиент | Не заполнен контрагент |,Домен Иннотех,\N,БЕ Мультикарта,\N,Департамент контроля рисков,Департамент контроля рисков,ПРОЦЕССИНГ,Нет продукта,\N,\N,Банк,11020405 | Услуги по IT консалтингу,\N,11020405 | IT консалтинг,"ООО ""МУЛЬТИКАРТА""",\N,\N,\N,\N,\N,Процессинг,\N,МУЛЬТИКАРТА_11_АВТОРИЗАЦИИ,МУЛЬТИКАРТА_11_АВТОРИЗАЦИИ,Процессинг,Договор на услуги внешних и внутренних тестов на проникновение и аудита соответствия требованиям PCI DSS и PCI PIN Security___ Аудит SoftPos решений и Торгово-Сервисных Предприятий(ТСП),\N,0,true,false,\N,0,0,0,0,0,0,0,0,0,0,0,0,10500000,10500000,\N,CF02010500|Услуги по IT консалтингу,CF02010500|Услуги по IT консалтингу,0,0,0,0,0,0,0,0,0,0,0,10500000,10500000,11020000,CF02010000,10500000,10500000,CF02
#1050,Не заполнен Фин.клиент | Не заполнен контрагент |,Домен Иннотех,\N,БЕ Мультикарта,\N,Департамент контроля рисков,Департамент контроля рисков,ПРОЦЕССИНГ,Нет продукта,\N,\N,Банк,11020405 | Услуги по IT консалтингу,\N,11020405 | IT консалтинг,"ООО ""МУЛЬТИКАРТА""",\N,\N,\N,\N,\N,Процессинг,\N,МУЛЬТИКАРТА_11_АВТОРИЗАЦИИ,МУЛЬТИКАРТА_11_АВТОРИЗАЦИИ,Процессинг,"Договоры на услуги консалтинга и аудита соответствия требованиям 187 ФЗ (КИИ) промышленных систем, с учетом требований по импортозамещению, системы СУНБ (положению ЦБ РФ), разработка необходимой документации",\N,0,true,false,\N,0,3000000,0,0,0,0,8000000,0,0,0,0,0,0,11000000,\N,CF02010500|Услуги по IT консалтингу,CF02010500|Услуги по IT консалтингу,3000000,0,0,0,0,8000000,0,0,0,0,0,0,11000000,11020000,CF02010000,8000000,8000000,CF02
#1051,Не заполнен Фин.клиент | Не заполнен контрагент |,Домен Иннотех,\N,БЕ Мультикарта,\N,Департамент процессинга,Департамент процессинга,ПРОЦЕССИНГ,Нет продукта,\N,\N,Банк,11020411 | Логистические расходы,\N,11020411 | Логистические расходы,"ООО ""МУЛЬТИКАРТА""",\N,\N,\N,\N,\N,Процессинг,\N,Договор № SSP240229OL1 от 26___03___2024,Договор № SSP240229OL1 от 26___03___2024,Прочий сервис,Прочие транспортные расходы,\N,0.22,true,false,\N,0,122950.81967213,122950.81967213,122950.81967213,122950.81967213,122950.81967213,122950.81967213,122950.81967213,122950.81967213,122950.81967213,122950.81967213,122950.81967213,122950.81967213,1475409.8360656,\N,CF02011100|Логистические услуги,CF02011100|Логистические услуги,150000,150000,150000,150000,150000,150000,150000,150000,150000,150000,150000,150000,1800000,11020000,CF02010000,1229508.1967213002,1500000,CF02
#1052,Не заполнен Фин.клиент | Не заполнен контрагент |,Домен Иннотех,\N,БЕ Мультикарта,\N,Департамент контроля рисков,Департамент контроля рисков,ПРОЦЕССИНГ,Нет продукта,\N,\N,Банк,11030213 | Приобретение прочих ТМЦ и расходных материалов (за искл. IT),\N,11030200 |  Канцелярские товары и продукты питания (АХО),"ООО ""МУЛЬТИКАРТА""",\N,\N,\N,\N,\N,Процессинг,\N,МУЛЬТИКАРТА_11_АВТОРИЗАЦИИ,МУЛЬТИКАРТА_11_АВТОРИЗАЦИИ,Процессинг,"секьюрпаки, пин-конверты, маркеры и наклейки",\N,0.22,true,false,\N,0,68306.010928962,68306.010928962,68306.010928962,68306.010928962,68306.010928962,68306.010928962,68306.010928962,68306.010928962,68306.010928962,68306.010928962,68306.010928962,68306.010928962,819672.13114754,\N,CF02050304|Приобретение прочих ТМЦ и расходных материалов (за искл. IT),CF02050304|Приобретение прочих ТМЦ и расходных материалов (за искл. IT),83333.333333333,83333.333333333,83333.333333333,83333.333333333,83333.333333333,83333.333333333,83333.333333333,83333.333333333,83333.333333333,83333.333333333,83333.333333333,83333.333333333,1000000,11030000,CF02050000,683060.1092896202,833333.3333333301,CF02
#1053,Не заполнен Фин.клиент | Не заполнен контрагент |,Домен Иннотех,\N,БЕ Мультикарта,\N,Департамент контроля рисков,Департамент контроля рисков,ПРОЦЕССИНГ,Нет продукта,\N,\N,Банк,11020100 | Расходы на покупку оборудования для перепродажи,\N,11020100 | Себестоимость оборудования для перепродажи,"ООО ""МУЛЬТИКАРТА""",\N,\N,\N,\N,\N,Процессинг,\N,МУЛЬТИКАРТА_11_ЧИСЛЕННОСТЬ,МУЛЬТИКАРТА_11_ЧИСЛЕННОСТЬ,Процессинг,"эл___ключи Jacarta(E-Token) для организации уд___доступа Банков и сотрудников МК, с учетом внедрения криптографии ГОСТ",\N,0.22,true,false,\N,0,0,0,122950.81967213,0,0,122950.81967213,0,0,122950.81967213,0,0,122950.81967213,491803.27868852,\N,"CF02020100|Платежи за покупку оборудования для перепродажи, кроме продажи ПАК","CF02020100|Платежи за покупку оборудования для перепродажи, кроме продажи ПАК",0,0,150000,0,0,150000,0,0,150000,0,0,150000,600000,11020000,CF02020000,491803.27868852,600000,CF02
#1054,Не заполнен Фин.клиент | Не заполнен контрагент |,Домен Иннотех,\N,БЕ Мультикарта,\N,Департамент процессинга,Департамент процессинга,ПРОЦЕССИНГ,Нет продукта,\N,\N,Банк,11030213 | Приобретение прочих ТМЦ и расходных материалов (за искл. IT),\N,11030200 |  Канцелярские товары и продукты питания (АХО),"ООО ""МУЛЬТИКАРТА""",\N,\N,\N,\N,\N,Процессинг,\N,МУЛЬТИКАРТА_11_ЧИСЛЕННОСТЬ,МУЛЬТИКАРТА_11_ЧИСЛЕННОСТЬ,Процессинг,РМ УВСиТ,\N,0.22,true,false,\N,0,0,0,409836.06557377,0,0,409836.06557377,0,0,409836.06557377,0,0,409836.06557377,1639344.2622951,\N,CF02050304|Приобретение прочих ТМЦ и расходных материалов (за искл. IT),CF02050304|Приобретение прочих ТМЦ и расходных материалов (за искл. IT),0,0,500000,0,0,500000,0,0,500000,0,0,500000,2000000,11030000,CF02050000,1639344.26229508,2000000,CF02
#1055,Не заполнен Фин.клиент | Не заполнен контрагент |,Домен Иннотех,\N,БЕ Мультикарта,\N,Департамент процессинга,Департамент процессинга,ПРОЦЕССИНГ,Нет продукта,\N,\N,Банк,"22030600 | Услуги связи (интернет, мобильная связь, почта и другие)",\N,"22030600 | Услуги связи (интернет, мобильная связь, почта и другие)","ООО ""МУЛЬТИКАРТА""",\N,\N,\N,\N,\N,Процессинг,\N,Мультикарта_Департамент процессинга_Бюджет МВЗ,Мультикарта_Департамент процессинга_Бюджет МВЗ,Внутренние проекты,Стационарная связь,\N,0.22,true,false,\N,0,180327.86885246,180327.86885246,180327.86885246,180327.86885246,180327.86885246,180327.86885246,180327.86885246,180327.86885246,180327.86885246,180327.86885246,180327.86885246,180327.86885246,2163934.4262295,\N,"CF02080000|Услуги связи (интернет, мобильная связь, почта и другие)","CF02080000|Услуги связи (интернет, мобильная связь, почта и другие)",220000,220000,220000,220000,220000,220000,220000,220000,220000,220000,220000,220000,2640000,22030000,CF02080000,1803278.6885246004,2200000,CF02
#1056,Не заполнен Фин.клиент | Не заполнен контрагент |,Домен Иннотех,\N,БЕ Мультикарта,\N,Департамент процессинга,Департамент процессинга,ПРОЦЕССИНГ,Нет продукта,\N,\N,Банк,"22030600 | Услуги связи (интернет, мобильная связь, почта и другие)",\N,"22030600 | Услуги связи (интернет, мобильная связь, почта и другие)","ООО ""МУЛЬТИКАРТА""",\N,\N,\N,\N,\N,Процессинг,\N,Мультикарта_Департамент процессинга_Бюджет МВЗ,Мультикарта_Департамент процессинга_Бюджет МВЗ,Внутренние проекты,Мобильная связь,\N,0.22,true,false,\N,0,180327.86885246,180327.86885246,180327.86885246,180327.86885246,180327.86885246,180327.86885246,180327.86885246,180327.86885246,180327.86885246,180327.86885246,180327.86885246,180327.86885246,2163934.4262295,\N,"CF02080000|Услуги связи (интернет, мобильная связь, почта и другие)","CF02080000|Услуги связи (интернет, мобильная связь, почта и другие)",220000,220000,220000,220000,220000,220000,220000,220000,220000,220000,220000,220000,2640000,22030000,CF02080000,1803278.6885246004,2200000,CF02
#1057,Не заполнен Фин.клиент | Не заполнен контрагент |,Домен Иннотех,\N,БЕ Мультикарта,\N,Департамент процессинга,Департамент процессинга,ПРОЦЕССИНГ,Нет продукта,\N,\N,Банк,"22030600 | Услуги связи (интернет, мобильная связь, почта и другие)",\N,"22030600 | Услуги связи (интернет, мобильная связь, почта и другие)","ООО ""МУЛЬТИКАРТА""",\N,\N,\N,\N,\N,Процессинг,\N,Мультикарта_Департамент процессинга_Бюджет МВЗ,Мультикарта_Департамент процессинга_Бюджет МВЗ,Внутренние проекты,интернет офисный,\N,0.22,true,false,\N,0,450819.67213115,450819.67213115,450819.67213115,450819.67213115,450819.67213115,450819.67213115,450819.67213115,450819.67213115,450819.67213115,450819.67213115,450819.67213115,450819.67213115,5409836.0655738,\N,"CF02080000|Услуги связи (интернет, мобильная связь, почта и другие)","CF02080000|Услуги связи (интернет, мобильная связь, почта и другие)",550000,550000,550000,550000,550000,550000,550000,550000,550000,550000,550000,550000,6600000,22030000,CF02080000,4508196.721311499,5500000,CF02
#1058,Не заполнен Фин.клиент | Не заполнен контрагент |,Домен Иннотех,\N,БЕ Мультикарта,\N,Департамент процессинга,Департамент процессинга,ПРОЦЕССИНГ,Нет продукта,\N,\N,Банк,22020100 | Расходы на техническое обслуживание ИТ,\N,22020100 | Расходы на техническое обслуживание ИТ,"ООО ""МУЛЬТИКАРТА""",\N,\N,\N,\N,\N,Процессинг,\N,Мультикарта_Департамент процессинга_Бюджет МВЗ,Мультикарта_Департамент процессинга_Бюджет МВЗ,Внутренние проекты,Расходные материалы офисного оборудования,\N,0.22,true,false,\N,0,40983.606557377,40983.606557377,40983.606557377,40983.606557377,40983.606557377,40983.606557377,40983.606557377,40983.606557377,40983.606557377,40983.606557377,40983.606557377,40983.606557377,491803.27868852,\N,"CF02040600|Прочие платежи за IT оборудование, технику для собственных нужд","CF02040600|Прочие платежи за IT оборудование, технику для собственных нужд",50000,50000,50000,50000,50000,50000,50000,50000,50000,50000,50000,50000,600000,22020000,CF02040000,409836.0655737701,500000,CF02
#1059,Не заполнен Фин.клиент | Не заполнен контрагент |,Домен Иннотех,\N,БЕ Мультикарта,\N,Финансовый отдел_Мультикарта,Финансовый отдел_Мультикарта,ПРОЦЕССИНГ,Нет продукта,\N,\N,Банк,29010200 | Расходы на расчетно-кассовое обслуживание,\N,29010200 | Расчетно-кассовое обслуживание (расходы),"ООО ""МУЛЬТИКАРТА""",\N,\N,\N,\N,\N,Процессинг,\N,Мультикарта_Финансовый блок_Бюджет МВЗ,Мультикарта_Финансовый блок_Бюджет МВЗ,Внутренние проекты,Расчетно-кассовое обслуживание,\N,0,true,false,\N,0,40000,40000,40000,40000,40000,40000,40000,40000,40000,40000,40000,40000,480000,\N,CF02180100|Платежи за расчетно-кассовое обслуживание,CF02180100|Платежи за расчетно-кассовое обслуживание,40000,40000,40000,40000,40000,40000,40000,40000,40000,40000,40000,40000,480000,29010000,CF02180000,400000,400000,CF02
#1060,Не заполнен Фин.клиент | Не заполнен контрагент |,Домен Иннотех,\N,БЕ Мультикарта,\N,Операционный блок_Мультикарта,Операционный блок_Мультикарта,ПРОЦЕССИНГ,Нет продукта,\N,\N,Банк,22060200 | Консультационные услуги,\N,22060200 | Консалтинговые услуги,"ООО ""МУЛЬТИКАРТА""",\N,\N,\N,\N,\N,Процессинг,\N,Мультикарта_Финансовый блок_Бюджет МВЗ,Мультикарта_Финансовый блок_Бюджет МВЗ,Внутренние проекты,КОНСУЛЬТАНТ+_____,\N,0.22,true,false,\N,0,98360.655737705,98360.655737705,98360.655737705,98360.655737705,98360.655737705,98360.655737705,98360.655737705,98360.655737705,98360.655737705,98360.655737705,98360.655737705,98360.655737705,1180327.8688525,\N,CF02160100|Платежи за получение доступа к информационным системам,CF02160100|Платежи за получение доступа к информационным системам,120000,120000,120000,120000,120000,120000,120000,120000,120000,120000,120000,120000,1440000,22060000,CF02160000,983606.5573770502,1200000,CF02
#1061,Не заполнен Фин.клиент | Не заполнен контрагент |,Домен Иннотех,\N,БЕ Мультикарта,\N,Финансовый отдел_Мультикарта,Финансовый отдел_Мультикарта,ПРОЦЕССИНГ,Нет продукта,\N,\N,Банк,22060200 | Консультационные услуги,\N,22060200 | Консалтинговые услуги,"ООО ""МУЛЬТИКАРТА""",\N,\N,\N,\N,\N,Процессинг,\N,Мультикарта_Финансовый блок_Бюджет МВЗ,Мультикарта_Финансовый блок_Бюджет МВЗ,Внутренние проекты,ТаксКом,\N,0.22,true,false,\N,0,11612.021857924,11612.021857924,11612.021857924,11612.021857924,11612.021857924,11612.021857924,11612.021857924,11612.021857924,11612.021857924,11612.021857924,11612.021857924,11612.021857924,139344.26229508,\N,CF02160100|Платежи за получение доступа к информационным системам,CF02160100|Платежи за получение доступа к информационным системам,0,0,0,0,0,0,0,170000,0,0,0,0,170000,22060000,CF02160000,116120.21857924001,170000,CF02
#1062,Не заполнен Фин.клиент | Не заполнен контрагент |,Домен Иннотех,\N,БЕ Мультикарта,\N,Департамент процессинга,Департамент процессинга,ПРОЦЕССИНГ,Нет продукта,\N,\N,Банк,22060200 | Консультационные услуги,\N,22060200 | Консалтинговые услуги,"ООО ""МУЛЬТИКАРТА""",\N,\N,\N,\N,\N,Процессинг,\N,Мультикарта_Департамент процессинга_Бюджет МВЗ,Мультикарта_Департамент процессинга_Бюджет МВЗ,Внутренние проекты,Гарант-Сервис,\N,0,true,false,\N,0,41666.666666667,41666.666666667,41666.666666667,41666.666666667,41666.666666667,41666.666666667,41666.666666667,41666.666666667,41666.666666667,41666.666666667,41666.666666667,41666.666666667,500000,\N,CF02160100|Платежи за получение доступа к информационным системам,CF02160100|Платежи за получение доступа к информационным системам,0,0,0,0,0,0,0,0,0,0,0,500000,500000,22060000,CF02160000,416666.66666666995,500000,CF02
#1063,Не заполнен Фин.клиент | Не заполнен контрагент |,Домен Иннотех,\N,БЕ Мультикарта,\N,Финансовый отдел_Мультикарта,Финансовый отдел_Мультикарта,ПРОЦЕССИНГ,Нет продукта,\N,\N,Банк,22060200 | Консультационные услуги,\N,22060200 | Консалтинговые услуги,"ООО ""МУЛЬТИКАРТА""",\N,\N,\N,\N,\N,Процессинг,\N,Мультикарта_Финансовый блок_Бюджет МВЗ,Мультикарта_Финансовый блок_Бюджет МВЗ,Внутренние проекты,Актион,\N,0,true,false,\N,0,5416.6666666667,5416.6666666667,5416.6666666667,5416.6666666667,5416.6666666667,5416.6666666667,5416.6666666667,5416.6666666667,5416.6666666667,5416.6666666667,5416.6666666667,5416.6666666667,65000,\N,CF02160100|Платежи за получение доступа к информационным системам,CF02160100|Платежи за получение доступа к информационным системам,0,0,0,0,0,0,0,0,0,65000,0,0,65000,22060000,CF02160000,54166.666666667,65000,CF02
#1064,Не заполнен Фин.клиент | Не заполнен контрагент |,Домен Иннотех,\N,БЕ Мультикарта,\N,Направление по обеспечению безопасности,Направление по обеспечению безопасности,ПРОЦЕССИНГ,Нет продукта,\N,\N,Банк,22060200 | Консультационные услуги,\N,22060200 | Консалтинговые услуги,"ООО ""МУЛЬТИКАРТА""",\N,\N,\N,\N,\N,Процессинг,\N,Мультикарта_Направление по обеспечению безопасности_Бюджет МВЗ,Мультикарта_Направление по обеспечению безопасности_Бюджет МВЗ,Внутренние проекты,Информационно-справочная система СПАРК,\N,0.22,true,false,\N,0,41311.475409836,41311.475409836,41311.475409836,41311.475409836,41311.475409836,41311.475409836,41311.475409836,41311.475409836,41311.475409836,41311.475409836,41311.475409836,41311.475409836,495737.70491803,\N,CF02160100|Платежи за получение доступа к информационным системам,CF02160100|Платежи за получение доступа к информационным системам,151200,0,0,151200,0,0,151200,0,0,151200,0,0,604800,22060000,CF02160000,413114.7540983599,453600,CF02
#1065,Не заполнен Фин.клиент | Не заполнен контрагент |,Домен Иннотех,\N,БЕ Мультикарта,\N,Направление по обеспечению безопасности,Направление по обеспечению безопасности,ПРОЦЕССИНГ,Нет продукта,\N,\N,Банк,22060200 | Консультационные услуги,\N,22060200 | Консалтинговые услуги,"ООО ""МУЛЬТИКАРТА""",\N,\N,\N,\N,\N,Процессинг,\N,Мультикарта_Направление по обеспечению безопасности_Бюджет МВЗ,Мультикарта_Направление по обеспечению безопасности_Бюджет МВЗ,Внутренние проекты,Информационно-аналитическая система ГЛОБАС,\N,0.22,true,false,\N,0,0,0,0,0,0,0,0,0,0,106721.31147541,0,0,106721.31147541,\N,CF02160100|Платежи за получение доступа к информационным системам,CF02160100|Платежи за получение доступа к информационным системам,0,0,0,0,0,0,0,0,0,130200,0,0,130200,22060000,CF02160000,106721.31147541,130200,CF02
#1066,Не заполнен Фин.клиент | Не заполнен контрагент |,Домен Иннотех,\N,БЕ Мультикарта,\N,Финансовый отдел_Мультикарта,Финансовый отдел_Мультикарта,ПРОЦЕССИНГ,Нет продукта,\N,\N,Банк,22060200 | Консультационные услуги,\N,22060200 | Консалтинговые услуги,"ООО ""МУЛЬТИКАРТА""",\N,\N,\N,\N,\N,Процессинг,\N,Мультикарта_Финансовый блок_Бюджет МВЗ,Мультикарта_Финансовый блок_Бюджет МВЗ,Внутренние проекты,Прочие информационно-консультационные услуги,\N,0.22,true,false,\N,0,40983.606557377,40983.606557377,40983.606557377,40983.606557377,40983.606557377,40983.606557377,40983.606557377,40983.606557377,40983.606557377,40983.606557377,40983.606557377,40983.606557377,491803.27868852,\N,CF02150200|Консультационные услуги,CF02150200|Консультационные услуги,50000,50000,50000,50000,50000,50000,50000,50000,50000,50000,50000,50000,600000,22060000,CF02150000,409836.0655737701,500000,CF02
#1067,Не заполнен Фин.клиент | Не заполнен контрагент |,Домен Иннотех,\N,БЕ Мультикарта,\N,Операционный блок_Мультикарта,Операционный блок_Мультикарта,ПРОЦЕССИНГ,Нет продукта,\N,\N,Банк,22030700 | Представительские расходы,\N,22030700 | Представительские расходы,"ООО ""МУЛЬТИКАРТА""",\N,\N,\N,\N,\N,Процессинг,\N,Мультикарта_Операционный блок_Мультикарта_Бюджет МВЗ,Мультикарта_Операционный блок_Мультикарта_Бюджет МВЗ,Внутренние проекты,Представительские расходы,\N,0.22,true,false,\N,0,98360.655737705,98360.655737705,98360.655737705,98360.655737705,98360.655737705,98360.655737705,98360.655737705,98360.655737705,98360.655737705,98360.655737705,98360.655737705,98360.655737705,1180327.8688525,\N,CF02090000|Представительские платежи,CF02090000|Представительские платежи,120000,120000,120000,120000,120000,120000,120000,120000,120000,120000,120000,120000,1440000,22030000,CF02090000,983606.5573770502,1200000,CF02
#1068,Не заполнен Фин.клиент | Не заполнен контрагент |,Домен Иннотех,\N,БЕ Мультикарта,\N,Департамент процессинга,Департамент процессинга,ПРОЦЕССИНГ,Нет продукта,\N,\N,Банк,22020100 | Расходы на техническое обслуживание ИТ,\N,22020100 | Расходы на техническое обслуживание ИТ,"ООО ""МУЛЬТИКАРТА""",\N,\N,\N,\N,\N,Процессинг,\N,Мультикарта_Департамент процессинга_Бюджет МВЗ,Мультикарта_Департамент процессинга_Бюджет МВЗ,Внутренние проекты,Ремонт офисного оборудования,\N,0.22,true,false,\N,0,40983.606557377,40983.606557377,40983.606557377,40983.606557377,40983.606557377,40983.606557377,40983.606557377,40983.606557377,40983.606557377,40983.606557377,40983.606557377,40983.606557377,491803.27868852,\N,"CF02040300|Платежи за техническое обслуживание ИТ оборудования, техники для собственных нужд","CF02040300|Платежи за техническое обслуживание ИТ оборудования, техники для собственных нужд",50000,50000,50000,50000,50000,50000,50000,50000,50000,50000,50000,50000,600000,22020000,CF02040000,409836.0655737701,500000,CF02
#1069,Не заполнен Фин.клиент | Не заполнен контрагент |,Домен Иннотех,\N,БЕ Мультикарта,\N,Операционный блок_Мультикарта,Операционный блок_Мультикарта,ПРОЦЕССИНГ,Нет продукта,\N,\N,Банк,22010800 | Прочие HR расходы,\N,22010800 | Прочие HR,"ООО ""МУЛЬТИКАРТА""",\N,\N,\N,\N,\N,Процессинг,\N,Мультикарта_Операционный блок_Мультикарта_Бюджет МВЗ,Мультикарта_Операционный блок_Мультикарта_Бюджет МВЗ,Внутренние проекты,Прочие административно-управленческие расходы,\N,0.22,true,false,\N,0,40983.606557377,40983.606557377,40983.606557377,40983.606557377,40983.606557377,122950.81967213,40983.606557377,40983.606557377,40983.606557377,40983.606557377,40983.606557377,40983.606557377,573770.49180328,\N,CF02200400|Прочие платежи по операционной деятельности,CF02200400|Прочие платежи по операционной деятельности,50000,50000,50000,50000,50000,150000,50000,50000,50000,50000,50000,50000,700000,22010000,CF02200000,491803.2786885232,600000,CF02
#1070,Не заполнен Фин.клиент | Не заполнен контрагент |,Домен Иннотех,\N,БЕ Мультикарта,\N,Операционный блок_Мультикарта,Операционный блок_Мультикарта,ПРОЦЕССИНГ,Нет продукта,\N,\N,Банк,22010800 | Прочие HR расходы,\N,22010800 | Прочие HR,"ООО ""МУЛЬТИКАРТА""",\N,\N,\N,\N,\N,Процессинг,\N,Мультикарта_Операционный блок_Мультикарта_Бюджет МВЗ,Мультикарта_Операционный блок_Мультикарта_Бюджет МВЗ,Внутренние проекты,Приобретение продуктов питания,\N,0.22,true,false,\N,0,19672.131147541,27868.852459016,36065.573770492,36065.573770492,31967.213114754,27868.852459016,27868.852459016,27868.852459016,31967.213114754,36065.573770492,31967.213114754,31967.213114754,367213.1147541,\N,CF02200400|Прочие платежи по операционной деятельности,CF02200400|Прочие платежи по операционной деятельности,24000,34000,44000,44000,39000,34000,34000,34000,39000,44000,39000,39000,448000,22010000,CF02200000,319672.13114754,390000,CF02
#1071,Не заполнен Фин.клиент | Не заполнен контрагент |,Домен Иннотех,\N,БЕ Мультикарта,\N,Финансовый отдел_Мультикарта,Финансовый отдел_Мультикарта,ПРОЦЕССИНГ,Нет продукта,\N,\N,Банк,22031101 | Налоги и иные платежи в бюджет,\N,22031101 | Налоги и иные платежи в бюджет,"ООО ""МУЛЬТИКАРТА""",\N,\N,\N,\N,\N,Процессинг,\N,Мультикарта_Финансовый блок_Бюджет МВЗ,Мультикарта_Финансовый блок_Бюджет МВЗ,Внутренние проекты,Квотирование за молодежь,\N,0,true,false,\N,0,150000,150000,150000,150000,150000,150000,150000,150000,150000,150000,150000,150000,1800000,\N,CF02170300|Прочие налоги и сборы,CF02170300|Прочие налоги и сборы,150000,150000,150000,150000,150000,150000,150000,150000,150000,150000,150000,150000,1800000,22030000,CF02170000,1500000,1500000,CF02
#1072,Не заполнен Фин.клиент | Не заполнен контрагент |,Домен Иннотех,\N,БЕ Мультикарта,\N,Операционный блок_Мультикарта,Операционный блок_Мультикарта,ПРОЦЕССИНГ,Нет продукта,\N,\N,Банк,22031004 | Техническое обслуживание автотранспорта,\N,22031004 | Техническое обслуживание автотранспорта,"ООО ""МУЛЬТИКАРТА""",\N,\N,\N,\N,\N,Процессинг,\N,Мультикарта_Операционный блок_Мультикарта_Бюджет МВЗ,Мультикарта_Операционный блок_Мультикарта_Бюджет МВЗ,Внутренние проекты,"Ремонт, обслуживание, з/ч, аренда м/мест, мойка авто",\N,0.22,true,false,\N,0,168032.78688525,135245.90163934,192622.95081967,140983.60655738,161475.40983607,128688.52459016,169672.13114754,112295.08196721,161475.40983607,112295.08196721,159836.06557377,110655.73770492,1753278.6885246,\N,CF02120400|Техническое обслуживание автотранспорта,CF02120400|Техническое обслуживание автотранспорта,205000,165000,235000,172000,197000,157000,207000,137000,197000,137000,195000,135000,2139000,22030000,CF02120000,1450000,1769000,CF02
#1073,Не заполнен Фин.клиент | Не заполнен контрагент |,Домен Иннотех,\N,БЕ Мультикарта,\N,Операционный блок_Мультикарта,Операционный блок_Мультикарта,ПРОЦЕССИНГ,Нет продукта,\N,\N,Банк,22031002 | Топливо,\N,22031002 | Топливо,"ООО ""МУЛЬТИКАРТА""",\N,\N,\N,\N,\N,Процессинг,\N,Мультикарта_Операционный блок_Мультикарта_Бюджет МВЗ,Мультикарта_Операционный блок_Мультикарта_Бюджет МВЗ,Внутренние проекты,ГСМ,\N,0.22,true,false,\N,0,40983.606557377,40983.606557377,40983.606557377,40983.606557377,40983.606557377,40983.606557377,40983.606557377,40983.606557377,40983.606557377,40983.606557377,40983.606557377,40983.606557377,491803.27868852,\N,CF02120200|Топливо,CF02120200|Топливо,50000,50000,50000,50000,50000,50000,50000,50000,50000,50000,50000,50000,600000,22030000,CF02120000,409836.0655737701,500000,CF02
#1074,Не заполнен Фин.клиент | Не заполнен контрагент |,Домен Иннотех,\N,БЕ Мультикарта,\N,Операционный блок_Мультикарта,Операционный блок_Мультикарта,ПРОЦЕССИНГ,Нет продукта,\N,\N,Банк,22031003 | Страхование автотранспорта,\N,22031003 | Страхование автотранспорта,"ООО ""МУЛЬТИКАРТА""",\N,\N,\N,\N,\N,Процессинг,\N,Мультикарта_Операционный блок_Мультикарта_Бюджет МВЗ,Мультикарта_Операционный блок_Мультикарта_Бюджет МВЗ,Внутренние проекты,Страховка а/м КАСКО+ОСАГО,\N,0,true,false,\N,0,0,0,0,0,0,0,0,0,0,0,550000,0,550000,\N,CF02120300|Страхование автотранспорта,CF02120300|Страхование автотранспорта,0,0,0,0,0,0,0,0,0,0,550000,0,550000,22030000,CF02120000,550000,550000,CF02
#1075,Не заполнен Фин.клиент | Не заполнен контрагент |,Домен Иннотех,\N,БЕ Мультикарта,\N,Финансовый отдел_Мультикарта,Финансовый отдел_Мультикарта,ПРОЦЕССИНГ,Нет продукта,\N,\N,Банк,29020000 | Невозмещаемый НДС,\N,29020000 | Невозмещаемый НДС,"ООО ""МУЛЬТИКАРТА""",\N,\N,\N,\N,\N,Процессинг,\N,Мультикарта_Финансовый блок_Бюджет МВЗ,Мультикарта_Финансовый блок_Бюджет МВЗ,Внутренние проекты,списание НДС в расходы,\N,0,true,false,\N,0,0,0,0,0,0,0,0,0,0,0,0,0,0,\N,CF02170100|Уплата НДС в бюджет,CF02170100|Уплата НДС в бюджет,10000000,10000000,10000000,43409032.325854,43409032.325854,43409032.325854,45451741.766373,45451741.766373,45451741.766373,27206155.159374,27206155.159374,27206155.159374,378200787.7548,29020000,CF02170000,0,358200787.754803,CF02
#1076,Не заполнен Фин.клиент | Не заполнен контрагент |,Домен Иннотех,\N,БЕ Мультикарта,\N,Финансовый отдел_Мультикарта,Финансовый отдел_Мультикарта,ПРОЦЕССИНГ,Нет продукта,\N,\N,Банк,22031101 | Налоги и иные платежи в бюджет,\N,22031101 | Налоги и иные платежи в бюджет,"ООО ""МУЛЬТИКАРТА""",\N,\N,\N,\N,\N,Процессинг,\N,Мультикарта_Финансовый блок_Бюджет МВЗ,Мультикарта_Финансовый блок_Бюджет МВЗ,Внутренние проекты,Налог на имущество,\N,0,true,false,\N,0,0,0,246011.6723625,0,0,241962.942045,0,0,237914.2117275,0,0,214971.406595,940860.23273,\N,CF02170300|Прочие налоги и сборы,CF02170300|Прочие налоги и сборы,246011.6723625,0,0,246011.6723625,0,0,241962.942045,0,0,237914.2117275,0,0,971900.4984975,22030000,CF02170000,940860.23273,725888.826135,CF02
#1077,Не заполнен Фин.клиент | Не заполнен контрагент |,Домен Иннотех,\N,БЕ Мультикарта,\N,Финансовый отдел_Мультикарта,Финансовый отдел_Мультикарта,ПРОЦЕССИНГ,Нет продукта,\N,\N,Банк,22031101 | Налоги и иные платежи в бюджет,\N,22031101 | Налоги и иные платежи в бюджет,"ООО ""МУЛЬТИКАРТА""",\N,\N,\N,\N,\N,Процессинг,\N,Мультикарта_Финансовый блок_Бюджет МВЗ,Мультикарта_Финансовый блок_Бюджет МВЗ,Внутренние проекты,Транспортный налог,\N,0,true,false,\N,0,0,0,5760,0,0,5760,0,0,5760,0,0,5760,23040,\N,CF02170300|Прочие налоги и сборы,CF02170300|Прочие налоги и сборы,5760,0,0,5760,0,0,5760,0,0,5760,0,0,23040,22030000,CF02170000,23040,17280,CF02
#1078,Не заполнен Фин.клиент | Не заполнен контрагент |,Домен Иннотех,\N,БЕ Мультикарта,\N,Финансовый отдел_Мультикарта,Финансовый отдел_Мультикарта,ПРОЦЕССИНГ,Нет продукта,\N,\N,Банк,37000000 | Расходы на налоги,\N,37000000 | Расходы на налоги,"ООО ""МУЛЬТИКАРТА""",\N,\N,\N,\N,\N,Процессинг,\N,Мультикарта_Финансовый блок_Бюджет МВЗ,Мультикарта_Финансовый блок_Бюджет МВЗ,Внутренние проекты,Налог на прибыль,\N,0,true,false,\N,0,4339803,4253398,-3635623,16626498,337337,-4865510,11351253,3934373,-5205754,5809779,1654665,-913058,33687161,\N,CF02170200|Налог на прибыль,CF02170200|Налог на прибыль,30452419.333333,30452419.333333,0,0,0,0,0,0,0,0,0,0,60904838.666667,37000000,CF02170000,25093960,0,CF02
#1079,\N,Домен Иннотех,\N,БЕ Мультикарта,\N,Финансовый отдел_Мультикарта,Финансовый отдел_Мультикарта,ПРОЦЕССИНГ,Нет продукта,\N,\N,Банк,35040800 | Прочие финансовые расходы,\N,\N,"ООО ""МУЛЬТИКАРТА""",\N,\N,\N,\N,\N,Процессинг,\N,Мультикарта_Финансовый блок_Бюджет МВЗ,Мультикарта_Финансовый блок_Бюджет МВЗ,Внутренние проекты,Перечисление дивидендов учредителю,\N,0,true,false,\N,0,0,0,0,0,0,0,0,0,0,0,0,0,0,\N,CF08030000|Платежи на уплату дивидендов и иных платежей по распределению прибыли в пользу собственников,CF08030000|Платежи на уплату дивидендов и иных платежей по распределению прибыли в пользу собственников,0,0,0,0,0,0,0,0,0,0,0,0,0,35040000,CF08030000,0,0,CF08
#1080,Не заполнен Фин.клиент | Не заполнен контрагент |,Домен Иннотех,\N,БЕ Мультикарта,\N,Административный департамент ЦСП,Административный департамент ЦСП,ПРОЦЕССИНГ,Нет продукта,\N,\N,Банк,"220301011 | Расходы по аренде зданий, офисов, складских помещений",\N,22030101 | Аренда,"ООО ""МУЛЬТИКАРТА""",\N,\N,\N,\N,\N,Процессинг,\N,Мультикарта_Административный департамент ЦСП_Бюджет МВЗ,Мультикарта_Административный департамент ЦСП_Бюджет МВЗ,Кубышка,КОРРЕКТИРОВКА АРЕНДЫ,\N,0,true,false,\N,0,-1173204,-1051555,-1115787,-1032818,-1018121,-937192,-918148,-867450,-789669,-763916,-688297,-662220,-11018377,\N,\N,"CF02050101|Платежи по аренде зданий, офисов, складских помещений",0,0,0,0,0,0,0,0,0,0,0,0,0,22030000,CF02050000,-8793618,0,CF02
#1081,Не заполнен Фин.клиент | Не заполнен контрагент |,Домен Иннотех,\N,БЕ Мультикарта,\N,Административный департамент ЦСП,Административный департамент ЦСП,ПРОЦЕССИНГ,Нет продукта,\N,\N,Банк,35030302 | Убыток от обесценения актива,\N,35030300 | Прочие расходы,"ООО ""МУЛЬТИКАРТА""",\N,\N,\N,\N,\N,Процессинг,\N,Мультикарта_Административный департамент ЦСП_Бюджет МВЗ,Мультикарта_Административный департамент ЦСП_Бюджет МВЗ,Кубышка,КОРРЕКТИРОВКА АРЕНДЫ,\N,0,true,false,\N,0,1173204,1051555,1115787,1032818,1018121,937192,918148,867450,789669,763916,688297,662220,11018377,\N,\N,CF05060300|Прочие платежи по финансовым вложениям,0,0,0,0,0,0,0,0,0,0,0,0,0,35030000,CF05060000,8793618,0,CF05
#1082,\N,\N,\N,\N,\N,\N,\N,\N,\N,\N,\N,\N,\N,\N,\N,\N,\N,\N,\N,\N,\N,\N,\N,\N,\N,\N,\N,\N,0.22,false,false,\N,0,0,0,0,0,0,0,0,0,0,0,0,0,0,\N,\N,\N,0,0,0,0,0,0,0,0,0,0,0,0,0,0,0000,0,0,\N
#1083,\N,Домен Иннотех,\N,БЕ Мультикарта,\N,Финансовый отдел_Мультикарта,Финансовый отдел_Мультикарта,ПРОЦЕССИНГ,Нет продукта,\N,\N,Банк,37000000 | Расходы на налоги,\N,37000000 | Расходы на налоги,"ООО ""МУЛЬТИКАРТА""",\N,\N,\N,\N,\N,Процессинг,\N,Мультикарта_Операционный блок_Мультикарта_Бюджет МВЗ,Мультикарта_Операционный блок_Мультикарта_Бюджет МВЗ,Внутренние проекты,Налог на прибыль,\N,0,true,false,\N,0,0,0,0,0,0,0,0,0,0,0,0,0,0,\N,\N,CF02170300|Прочие налоги и сборы,0,0,0,0,0,0,0,0,0,0,0,0,0,37000000,CF02170000,0,0,CF02
