номер_документа,дата_документа,вид_операции,контрагент,инн_контрагента,кпп_контрагента,договор,номер_договора,регистрационный_номер_договора,дата_регистрации_договора,цфо_договор,статья_ддс,статья_начисления,внутренний_номер_в_до,источник_договора,валюта_документа,п_п,номенклатура,содержание_услуги,этап_проекта_документ,цфо_документ,ндс,ндс_2,сумма,сумма_включает_ндс,счет_доходов,номенклатурная_группа,счет_затрат,номенклатурная_группа_2,статьи_затрат
"ООО ""МУЛЬТИКАРТА""",\N,\N,\N,\N,\N,\N,\N,\N,\N,\N,\N,\N,\N,\N,\N,\N,\N,\N,\N,\N,\N,\N,\N,\N,\N,\N,\N,\N,\N
"Поступление (акт, накладная, УПД) МКУХ-004929 от 01.03.2026 0:00:00",Отражение фактических данных МКУХ-002317 от 01.03.2026 0:00:00,\N,\N,\N,\N,\N,\N,\N,\N,\N,\N,\N,\N,\N,\N,\N,\N,\N,\N,\N,\N,\N,\N,\N,\N,\N,\N,\N,\N
МКУХ-004929,01.03.2026 0:00:00,Услуги,Т2 МОБАЙЛ ООО (КПП 775101001),7743895280,775101001,Договор об оказании услуг связи №50599532 от 01.01.2016,50599532,MK24-10-38-LC,22.10.2024 15:41:21,Департамент процессинга,"CF02080000 Услуги связи (интернет, мобильная связь, почта и другие)","Услуги связи (интернет, мобильная связь, почта и другие)",00ДО-0000169999,ДО,руб.,1,Услуги от поставщика,Услуги связи интернет,Договор № SSP240229OL1 от 26.03.2024,Департамент процессинга,22%,12134.26,67290,Да,\N,\N,20.01,Обеспечение передачи данных фронтальной сети (связь),"Услуги связи (интернет, мобильная связь, почта и другие) (11030700)"
"Поступление (акт, накладная, УПД) МКУХ-005071 от 01.03.2026 0:00:00",Отражение фактических данных МКУХ-003499 от 01.03.2026 0:00:00,\N,\N,\N,\N,\N,\N,\N,\N,\N,\N,\N,\N,\N,\N,\N,\N,\N,\N,\N,\N,\N,\N,\N,\N,\N,\N,\N,\N
МКУХ-005071,01.03.2026 0:00:00,Услуги,"Самарский филиал ПАО ""Ростелеком"" КПП631543001",7707049388,631543001,Договор №В-430-11 от 01.09.2011г.,\N,\N,\N,\N,\N,\N,\N,\N,руб.,1,Услуги от поставщиков / подрядчиков,аб.плата за услуги связи,Договор № SSP240229OL1 от 26.03.2024,Департамент процессинга,22%,6160.69,34163.74,Да,\N,\N,20.01,Обеспечение передачи данных фронтальной сети (связь),"Услуги связи (интернет, мобильная связь, почта и другие) (11030700)"
"Поступление (акт, накладная, УПД) МКУХ-004769 от 01.03.2026 0:00:00",Отражение фактических данных МКУХ-002220 от 01.03.2026 0:00:00,\N,\N,\N,\N,\N,\N,\N,\N,\N,\N,\N,\N,\N,\N,\N,\N,\N,\N,\N,\N,\N,\N,\N,\N,\N,\N,\N,\N
МКУХ-004769,01.03.2026 0:00:00,Услуги,ПОЧТА РОССИИ АО УФПС Г. САНКТ-ПЕТЕРБУРГА И ЛЕНИНГРАДСКОЙ ОБЛАСТИ (контрагент МК),7724490000,783843001,Оплата без договора,б/н,\N,\N,\N,\N,\N,\N,УХ,руб.,1,Услуги от поставщиков / подрядчиков,\N,Мультикарта_Операционный блок_Мультикарта_Бюджет МВЗ,Административный департамент ЦСП,22%,192.59,1068,Да,\N,\N,26,"Услуги связи (интернет, мобильная связь, почта и другие) (22030600)",\N
"Поступление (акт, накладная, УПД) МКУХ-004838 от 01.03.2026 0:00:00",Отражение фактических данных МКУХ-002239 от 01.03.2026 0:00:00,\N,\N,\N,\N,\N,\N,\N,\N,\N,\N,\N,\N,\N,\N,\N,\N,\N,\N,\N,\N,\N,\N,\N,\N,\N,\N,\N,\N
МКУХ-004838,01.03.2026 0:00:00,Услуги,"Макрорегиональный филиал ""Центр"" ПАО ""Ростелеком""",7707049388,773443001,Договор IN/FP-1526-08 от 29.10.2008г.,IN/FP-1526-08,4095/МК,29.10.2008 0:00:00,Департамент процессинга,"CF02080000 Услуги связи (интернет, мобильная связь, почта и другие)","Услуги связи (интернет, мобильная связь, почта и другие)",00ДО-0000147628,ДО,руб.,1,Услуги от поставщиков / подрядчиков,услуги связи,Договор № SSP240229OL1 от 26.03.2024,Департамент процессинга,22%,1943.14,10775.6,Да,\N,\N,20.01,Обеспечение передачи данных фронтальной сети (связь),"Услуги связи (интернет, мобильная связь, почта и другие) (11030700)"
"Поступление (акт, накладная, УПД) МКУХ-004948 от 01.03.2026 0:00:00",Отражение фактических данных МКУХ-002237 от 01.03.2026 0:00:00,\N,\N,\N,\N,\N,\N,\N,\N,\N,\N,\N,\N,\N,\N,\N,\N,\N,\N,\N,\N,\N,\N,\N,\N,\N,\N,\N,\N
МКУХ-004948,01.03.2026 0:00:00,Услуги,"Макрорегиональный филиал ""Центр"" ПАО ""Ростелеком""",7707049388,773443001,Договор №12241СМS/21 от 06.10.2021,\N,\N,\N,\N,\N,\N,\N,\N,руб.,1,Услуги от поставщиков / подрядчиков,услуги связи,Договор № SSP240229OL1 от 26.03.2024,Департамент процессинга,22%,54824,304024,Да,\N,\N,20.01,Обеспечение передачи данных фронтальной сети (связь),"Услуги связи (интернет, мобильная связь, почта и другие) (11030700)"
"Поступление (акт, накладная, УПД) МКУХ-004797 от 01.03.2026 0:00:00",Отражение фактических данных МКУХ-002234 от 01.03.2026 0:00:00,\N,\N,\N,\N,\N,\N,\N,\N,\N,\N,\N,\N,\N,\N,\N,\N,\N,\N,\N,\N,\N,\N,\N,\N,\N,\N,\N,\N
МКУХ-004797,01.03.2026 0:00:00,Услуги,ВАЙНАХ ТЕЛЕКОМ АО,2005503932,201401001,Договор №3826ДОУПД-ЮЛ-АО от 08.02.19,3826 ДОУПД-ЮЛ-АО,6561/МК,27.06.2019 0:00:00,Департамент процессинга,"CF02080000 Услуги связи (интернет, мобильная связь, почта и другие)","Услуги связи (интернет, мобильная связь, почта и другие)",00ДО-0000147738,ДО,руб.,1,Услуги от поставщика,Услуги связи,Договор № SSP240229OL1 от 26.03.2024,Департамент процессинга,22%,28690.03,159100,Да,\N,\N,20.01,Обеспечение передачи данных фронтальной сети (связь),"Услуги связи (интернет, мобильная связь, почта и другие) (11030700)"
"Поступление (акт, накладная, УПД) МКУХ-004896 от 01.03.2026 0:00:00",Отражение фактических данных МКУХ-002247 от 01.03.2026 0:00:00,\N,\N,\N,\N,\N,\N,\N,\N,\N,\N,\N,\N,\N,\N,\N,\N,\N,\N,\N,\N,\N,\N,\N,\N,\N,\N,\N,\N
МКУХ-004896,01.03.2026 0:00:00,Услуги,ПЛАТЕЖНЫЙ ООО,7701870710,770101001,Договор №МК17-056 от 12.07.2017,МК17-056,10160/МК,19.10.2017 0:00:00,Блок развития бизнеса_Мультикарта,CF02010400 Услуги по сопровождению/поддержке клиентов,Услуги по сопровождению/поддержке клиентов,00ДО-0000150887,ДО,руб.,1,Услуги по Договору,"ИТ-сопровождение,  IPSP",МУЛЬТИКАРТА_11_IPSP,Центр сопровождения клиентов,Без НДС,\N,113297.41,Да,\N,\N,20.01,ПР: авторизации,Прочий субподряд (11020410)
"Поступление (акт, накладная, УПД) МКУХ-004930 от 01.03.2026 0:00:00",Отражение фактических данных МКУХ-002322 от 01.03.2026 0:00:00,\N,\N,\N,\N,\N,\N,\N,\N,\N,\N,\N,\N,\N,\N,\N,\N,\N,\N,\N,\N,\N,\N,\N,\N,\N,\N,\N,\N
МКУХ-004930,01.03.2026 0:00:00,Услуги,Т2 МОБАЙЛ ООО (КПП 775101001),7743895280,775101001,Договор об оказании услуг связи №50599532 от 01.01.2016,50599532,MK24-10-38-LC,22.10.2024 15:41:21,Департамент процессинга,"CF02080000 Услуги связи (интернет, мобильная связь, почта и другие)","Услуги связи (интернет, мобильная связь, почта и другие)",00ДО-0000169999,ДО,руб.,1,Услуги от поставщика,Услуги связи интернет,Договор № SSP240229OL1 от 26.03.2024,Департамент процессинга,22%,166648.29,924140.49,Да,\N,\N,20.01,Обеспечение передачи данных фронтальной сети (связь),"Услуги связи (интернет, мобильная связь, почта и другие) (11030700)"
"Поступление (акт, накладная, УПД) МКУХ-004834 от 01.03.2026 0:00:00",Отражение фактических данных МКУХ-002232 от 01.03.2026 0:00:00,\N,\N,\N,\N,\N,\N,\N,\N,\N,\N,\N,\N,\N,\N,\N,\N,\N,\N,\N,\N,\N,\N,\N,\N,\N,\N,\N,\N
МКУХ-004834,01.03.2026 0:00:00,Услуги,УПТС-ВОРКУТА ООО,1103042163,110301001,Договор №37152 от 07.05.2015г.,\N,\N,\N,\N,\N,\N,\N,\N,руб.,1,Услуги от поставщиков / подрядчиков,услуги связи,Договор № SSP240229OL1 от 26.03.2024,Департамент процессинга,22%,2610.52,14476.52,Да,\N,\N,20.01,Обеспечение передачи данных фронтальной сети (связь),"Услуги связи (интернет, мобильная связь, почта и другие) (11030700)"
"Поступление (акт, накладная, УПД) МКУХ-005238 от 01.03.2026 0:00:00",Отражение фактических данных МКУХ-002367 от 01.03.2026 0:00:00,\N,\N,\N,\N,\N,\N,\N,\N,\N,\N,\N,\N,\N,\N,\N,\N,\N,\N,\N,\N,\N,\N,\N,\N,\N,\N,\N,\N
МКУХ-005238,01.03.2026 0:00:00,Услуги,КОМПАНИЯ ТРАНСТЕЛЕКОМ АО,7709219099,775050001,Договор №MS006399 на предоставление услуг связи от 30.01.2014,MS006399,MK24-11-47-LC,18.11.2024 9:20:50,Департамент процессинга,"CF02080000 Услуги связи (интернет, мобильная связь, почта и другие)","Услуги связи (интернет, мобильная связь, почта и другие)",00ДО-0000172839,ДО,руб.,1,Услуги от поставщиков / подрядчиков,услуги связи - подключение,Договор № SSP240229OL1 от 26.03.2024,Департамент процессинга,22%,3300,18300,Да,\N,\N,20.01,Обеспечение передачи данных фронтальной сети (связь),"Услуги связи (интернет, мобильная связь, почта и другие) (11030700)"
"Поступление (акт, накладная, УПД) МКУХ-005239 от 01.03.2026 0:00:00",Отражение фактических данных МКУХ-002366 от 01.03.2026 0:00:00,\N,\N,\N,\N,\N,\N,\N,\N,\N,\N,\N,\N,\N,\N,\N,\N,\N,\N,\N,\N,\N,\N,\N,\N,\N,\N,\N,\N
МКУХ-005239,01.03.2026 0:00:00,Услуги,КОМПАНИЯ ТРАНСТЕЛЕКОМ АО,7709219099,775050001,Договор №MS006399 на предоставление услуг связи от 30.01.2014,MS006399,MK24-11-47-LC,18.11.2024 9:20:50,Департамент процессинга,"CF02080000 Услуги связи (интернет, мобильная связь, почта и другие)","Услуги связи (интернет, мобильная связь, почта и другие)",00ДО-0000172839,ДО,руб.,1,Услуги от поставщиков / подрядчиков,услуги связи - подключение,Договор № SSP240229OL1 от 26.03.2024,Департамент процессинга,22%,3300,18300,Да,\N,\N,20.01,Обеспечение передачи данных фронтальной сети (связь),"Услуги связи (интернет, мобильная связь, почта и другие) (11030700)"
"Поступление (акт, накладная, УПД) МКУХ-005229 от 01.03.2026 0:00:00",Отражение фактических данных МКУХ-002373 от 01.03.2026 0:00:00,\N,\N,\N,\N,\N,\N,\N,\N,\N,\N,\N,\N,\N,\N,\N,\N,\N,\N,\N,\N,\N,\N,\N,\N,\N,\N,\N,\N
МКУХ-005229,01.03.2026 0:00:00,Услуги,ЭР-ТЕЛЕКОМ ХОЛДИНГ АО КПП 590501001,5902202276,590501001,Договор IZH00610 от 15.03.2011(Престиж-Интернет),IZH00610,2156/МК,05.05.2011 0:00:00,Департамент процессинга,"CF02080000 Услуги связи (интернет, мобильная связь, почта и другие)","Услуги связи (интернет, мобильная связь, почта и другие)",00ДО-0000148715,ДО,руб.,1,Услуги от поставщиков / подрядчиков,услуги связи ( предоставление доступа),Договор № SSP240229OL1 от 26.03.2024,Департамент процессинга,22%,80267.66,445120.66,Да,\N,\N,20.01,Обеспечение передачи данных фронтальной сети (связь),"Услуги связи (интернет, мобильная связь, почта и другие) (11030700)"
"Поступление (акт, накладная, УПД) МКУХ-005322 от 01.03.2026 0:00:00",Отражение фактических данных МКУХ-002605 от 01.03.2026 0:00:00,\N,\N,\N,\N,\N,\N,\N,\N,\N,\N,\N,\N,\N,\N,\N,\N,\N,\N,\N,\N,\N,\N,\N,\N,\N,\N,\N,\N
МКУХ-005322,01.03.2026 0:00:00,Услуги,ОМЕГА.С ООО,2367030500,237801001,Заявка 2 к OM24-11-3-VG от 16.02.2026,Заявка 2 к OM24-11-3-VG,MK26-02-8-VGO,03.02.2026 11:29:12,Департамент информационных технологий ЦСП,"CF02040200 Платежи за лицензии, за программное обеспечение",Лицензионные сборы за программное обеспечение,00ДО-0000227340,ДО,руб.,2,Услуги от поставщика,Талнэкс модуль Admin расширенная функциональность в составе: Целеполагание Карьерные маршруты Маркет Кафетерий льгот Кабинет руководителя Опросы и оценка Agile-биржа,Мультикарта_Руководство БЕ_Мультикарта_Бюджет МВЗ,Административный департамент ЦСП,Без НДС,\N,115500,Да,\N,\N,26,Расходы на лицензии за программное обеспечение (22020400),\N
МКУХ-005322,01.03.2026 0:00:00,Услуги,ОМЕГА.С ООО,2367030500,237801001,Заявка 2 к OM24-11-3-VG от 16.02.2026,Заявка 2 к OM24-11-3-VG,MK26-02-8-VGO,03.02.2026 11:29:12,Департамент информационных технологий ЦСП,"CF02040200 Платежи за лицензии, за программное обеспечение",Лицензионные сборы за программное обеспечение,00ДО-0000227340,ДО,руб.,1,Услуги от поставщика,Талнэкс модуль Admin базовая функциональность,Мультикарта_Руководство БЕ_Мультикарта_Бюджет МВЗ,Административный департамент ЦСП,Без НДС,\N,144540,Да,\N,\N,26,Расходы на лицензии за программное обеспечение (22020400),\N
"Поступление (акт, накладная, УПД) МКУХ-005198 от 01.03.2026 0:00:00",Отражение фактических данных МКУХ-002241 от 01.03.2026 0:00:00,\N,\N,\N,\N,\N,\N,\N,\N,\N,\N,\N,\N,\N,\N,\N,\N,\N,\N,\N,\N,\N,\N,\N,\N,\N,\N,\N,\N
МКУХ-005198,01.03.2026 0:00:00,Услуги,АВЕЛАКОМ БИЗНЕС ООО,7743195070,774301001,Договор № 77/357 от 01.07.2017,77/357,7669/МК,03.08.2017 0:00:00,Департамент процессинга,"CF02080000 Услуги связи (интернет, мобильная связь, почта и другие)","Услуги связи (интернет, мобильная связь, почта и другие)",00ДО-0000146733,ДО,руб.,1,Услуги от поставщика,Услуги связи,Договор № SSP240229OL1 от 26.03.2024,Департамент процессинга,22%,4327.87,24000,Да,\N,\N,20.01,ПР: авторизации,"Услуги связи (интернет, мобильная связь, почта и другие) (11030700)"
"Поступление (акт, накладная, УПД) МКУХ-005199 от 01.03.2026 0:00:00",Отражение фактических данных МКУХ-002243 от 01.03.2026 0:00:00,\N,\N,\N,\N,\N,\N,\N,\N,\N,\N,\N,\N,\N,\N,\N,\N,\N,\N,\N,\N,\N,\N,\N,\N,\N,\N,\N,\N
МКУХ-005199,01.03.2026 0:00:00,Услуги,ФЛЕКС ООО,5031018470,503101001,Договор №208/INTБ-1 от 22.08.2011,208/INTБ-1,5088/МК,15.09.2011 0:00:00,Департамент процессинга,"CF02080000 Услуги связи (интернет, мобильная связь, почта и другие)","Услуги связи (интернет, мобильная связь, почта и другие)",00ДО-0000148712,ДО,руб.,1,Услуги от поставщиков / подрядчиков,Предоставление доступа к услугам связи,Договор № SSP240229OL1 от 26.03.2024,Департамент процессинга,22%,139017.69,770915.03,Да,\N,\N,20.01,Обеспечение передачи данных фронтальной сети (связь),"Услуги связи (интернет, мобильная связь, почта и другие) (11030700)"
"Поступление (акт, накладная, УПД) МКУХ-005203 от 01.03.2026 0:00:00",Отражение фактических данных МКУХ-002318 от 01.03.2026 0:00:00,\N,\N,\N,\N,\N,\N,\N,\N,\N,\N,\N,\N,\N,\N,\N,\N,\N,\N,\N,\N,\N,\N,\N,\N,\N,\N,\N,\N
МКУХ-005203,01.03.2026 0:00:00,Услуги,"Макрорегиональный филиал ""Центр"" ПАО ""Ростелеком""",7707049388,773443001,Договор №ЦПКК-11-115000001975/2001/11-Ц от 14.06.2011,ЦПКК-11-115000001975/2001/11-Ц,3157/МК,23.06.2011 0:00:00,Департамент процессинга,"CF02080000 Услуги связи (интернет, мобильная связь, почта и другие)","Услуги связи (интернет, мобильная связь, почта и другие)",00ДО-0000149314,ДО,руб.,1,Услуги от поставщика,услуги связи,Договор № SSP240229OL1 от 26.03.2024,Департамент процессинга,22%,82935.7,459916.32,Да,\N,\N,20.01,Обеспечение передачи данных фронтальной сети (связь),"Услуги связи (интернет, мобильная связь, почта и другие) (11030700)"
"Поступление (акт, накладная, УПД) МКУХ-005382 от 01.03.2026 3:59:59",Отражение фактических данных МКУХ-002741 от 01.03.2026 3:59:59,\N,\N,\N,\N,\N,\N,\N,\N,\N,\N,\N,\N,\N,\N,\N,\N,\N,\N,\N,\N,\N,\N,\N,\N,\N,\N,\N,\N
МКУХ-005382,01.03.2026 3:59:59,Услуги,БАНК ВТБ (ПАО) (КПП 783543005) СЗ (аренда),7702070139,783543005,Договор Аренды N 405-07/11С от 21.07.2010г. электроэнергия,N 405-07/11С,\N,\N,\N,\N,\N,\N,\N,руб.,1,Услуги от поставщика,Электроэнергия за декабрь 2025,Мультикарта_Операционный блок_Мультикарта_Бюджет МВЗ,Административный департамент ЦСП,Без НДС,\N,945736.68,Нет,\N,\N,26,"Расходы по аренде зданий, офисов, складских помещений (220301011)",\N
"Поступление (акт, накладная, УПД) МКУХ-005457 от 01.03.2026 17:57:20",Отражение фактических данных МКУХ-003141 от 01.03.2026 17:57:20,\N,\N,\N,\N,\N,\N,\N,\N,\N,\N,\N,\N,\N,\N,\N,\N,\N,\N,\N,\N,\N,\N,\N,\N,\N,\N,\N,\N
МКУХ-005457,01.03.2026 17:57:20,Услуги,МИРАНДА-МЕДИА ООО,7702527584,910201001,К911 от 15.06.2025,К911,MK25-06-33-LC,02.06.2025 16:23:09,Департамент процессинга,"CF02080000 Услуги связи (интернет, мобильная связь, почта и другие)","Услуги связи (интернет, мобильная связь, почта и другие)",00ДО-0000198688,ДО,руб.,1,Услуги от поставщиков / подрядчиков,услуги связи за декабрь 2024,Договор № SSP240229OL1 от 26.03.2024,Департамент процессинга,20%,3617.2,21703.23,Да,\N,\N,20.01,Обеспечение передачи данных фронтальной сети (связь),"Услуги связи (интернет, мобильная связь, почта и другие) (11030700)"
"Поступление (акт, накладная, УПД) МКУХ-004983 от 01.03.2026 19:48:07",Отражение фактических данных МКУХ-001908 от 01.03.2026 19:48:07,\N,\N,\N,\N,\N,\N,\N,\N,\N,\N,\N,\N,\N,\N,\N,\N,\N,\N,\N,\N,\N,\N,\N,\N,\N,\N,\N,\N
МКУХ-004983,01.03.2026 19:48:07,Услуги,ФАТУМ-3 ООО,1657048628,165901001,4142-25/3 от 20.02.2026,4142-25/3,MK26-02-15-LC,09.02.2026 17:10:02,Департамент процессинга,"CF02080000 Услуги связи (интернет, мобильная связь, почта и другие)","Услуги связи (интернет, мобильная связь, почта и другие)",00ДО-0000228144,ДО,руб.,1,Услуги связи,Услуги связи за март 2026 г.,Договор № SSP240229OL1 от 26.03.2024,Департамент процессинга,5%,1180.95,24800,Да,\N,\N,20.01,Обеспечение передачи данных фронтальной сети (связь),"Услуги связи (интернет, мобильная связь, почта и другие) (11030700)"
"Поступление (акт, накладная, УПД) МКУХ-005315 от 01.03.2026 23:25:45",Отражение фактических данных МКУХ-002589 от 01.03.2026 23:25:45,\N,\N,\N,\N,\N,\N,\N,\N,\N,\N,\N,\N,\N,\N,\N,\N,\N,\N,\N,\N,\N,\N,\N,\N,\N,\N,\N,\N
МКУХ-005315,01.03.2026 23:25:45,Услуги,МАГЛАН ООО,4909906720,490901001,Договор №1204108 от 01.04.12,1204108,4120/МК,02.05.2012 0:00:00,Департамент процессинга,"CF02080000 Услуги связи (интернет, мобильная связь, почта и другие)","Услуги связи (интернет, мобильная связь, почта и другие)",00ДО-0000149176,ДО,руб.,1,Услуги от поставщиков / подрядчиков,Услуги связи,Договор № SSP240229OL1 от 26.03.2024,Департамент процессинга,22%,2478.67,13745.34,Да,\N,\N,20.01,Обеспечение передачи данных фронтальной сети (связь),"Услуги связи (интернет, мобильная связь, почта и другие) (11030700)"
"Поступление (акт, накладная, УПД) МКУХ-005186 от 01.03.2026 23:59:59",Отражение фактических данных МКУХ-002218 от 01.03.2026 23:59:59,\N,\N,\N,\N,\N,\N,\N,\N,\N,\N,\N,\N,\N,\N,\N,\N,\N,\N,\N,\N,\N,\N,\N,\N,\N,\N,\N,\N
МКУХ-005186,01.03.2026 23:59:59,Услуги,ИНФОЛАДА ООО,6320006309,632101001,Договор №1162278 от 12.08.2011,1162278,4602/МК,29.08.2011 0:00:00,Департамент процессинга,"CF02080000 Услуги связи (интернет, мобильная связь, почта и другие)","Услуги связи (интернет, мобильная связь, почта и другие)",00ДО-0000149085,ДО,руб.,1,Услуги от поставщика,Услуги связи,Договор № SSP240229OL1 от 26.03.2024,Департамент процессинга,22%,7326,40626,Да,\N,\N,20.01,Обеспечение передачи данных фронтальной сети (связь),"Услуги связи (интернет, мобильная связь, почта и другие) (11030700)"
"Поступление (акт, накладная, УПД) МКУХ-005187 от 01.03.2026 23:59:59",Отражение фактических данных МКУХ-002219 от 01.03.2026 23:59:59,\N,\N,\N,\N,\N,\N,\N,\N,\N,\N,\N,\N,\N,\N,\N,\N,\N,\N,\N,\N,\N,\N,\N,\N,\N,\N,\N,\N
МКУХ-005187,01.03.2026 23:59:59,Услуги,УФАНЕТ АО,278109628,27801001,Договор №RK9420-11 от 27/10/11,RK9420-11,313/МК,16.01.2012 0:00:00,Департамент процессинга,"CF02080000 Услуги связи (интернет, мобильная связь, почта и другие)","Услуги связи (интернет, мобильная связь, почта и другие)",00ДО-0000146737,ДО,руб.,1,Услуги от поставщиков / подрядчиков,Абонентская плата за услуги связи по сети интернет,Договор № SSP240229OL1 от 26.03.2024,Департамент процессинга,22%,10680.27,59226.96,Да,\N,\N,20.01,Обеспечение передачи данных фронтальной сети (связь),"Услуги связи (интернет, мобильная связь, почта и другие) (11030700)"
"Поступление (акт, накладная, УПД) МКУХ-005188 от 01.03.2026 23:59:59",Отражение фактических данных МКУХ-002221 от 01.03.2026 23:59:59,\N,\N,\N,\N,\N,\N,\N,\N,\N,\N,\N,\N,\N,\N,\N,\N,\N,\N,\N,\N,\N,\N,\N,\N,\N,\N,\N,\N
МКУХ-005188,01.03.2026 23:59:59,Услуги,ОКТОПУСНЕТ ООО,2536136712,253601001,Договор №305109 от 13.02.2018,\N,\N,\N,\N,\N,\N,\N,\N,руб.,1,Услуги от поставщиков / подрядчиков,услуги связи,Договор № SSP240229OL1 от 26.03.2024,Департамент процессинга,22%,531.61,2948,Да,\N,\N,20.01,Обеспечение передачи данных фронтальной сети (связь),"Услуги связи (интернет, мобильная связь, почта и другие) (11030700)"
"Поступление (акт, накладная, УПД) МКУХ-005189 от 01.03.2026 23:59:59",Отражение фактических данных МКУХ-002222 от 01.03.2026 23:59:59,\N,\N,\N,\N,\N,\N,\N,\N,\N,\N,\N,\N,\N,\N,\N,\N,\N,\N,\N,\N,\N,\N,\N,\N,\N,\N,\N,\N
МКУХ-005189,01.03.2026 23:59:59,Услуги,ОКТОПУСНЕТ ООО,2536136712,253601001,Договор №305109 от 13.02.2018,\N,\N,\N,\N,\N,\N,\N,\N,руб.,1,Услуги от поставщиков / подрядчиков,услуги связи,Договор № SSP240229OL1 от 26.03.2024,Департамент процессинга,22%,220,1220,Да,\N,\N,20.01,Обеспечение передачи данных фронтальной сети (связь),"Услуги связи (интернет, мобильная связь, почта и другие) (11030700)"
"Поступление (акт, накладная, УПД) МКУХ-005191 от 01.03.2026 23:59:59",Отражение фактических данных МКУХ-002225 от 01.03.2026 23:59:59,\N,\N,\N,\N,\N,\N,\N,\N,\N,\N,\N,\N,\N,\N,\N,\N,\N,\N,\N,\N,\N,\N,\N,\N,\N,\N,\N,\N
МКУХ-005191,01.03.2026 23:59:59,Услуги,ПОЧТА РОССИИ АО 997650001,7724490000,997650001,1939/24-МР77 от 18.11.2024,1939/24-МР77,MK24-09-21-LLС,09.09.2024 13:09:40,Административный департамент ЦСП,"CF02080000 Услуги связи (интернет, мобильная связь, почта и другие)","Услуги связи (интернет, мобильная связь, почта и другие)",00ДО-0000163296,ДО,руб.,1,Услуги от поставщика,Почтовые услуги,Мультикарта_Операционный блок_Мультикарта_Бюджет МВЗ,Административный департамент ЦСП,22%,850.13,4714.38,Да,\N,\N,26,"Услуги связи (интернет, мобильная связь, почта и другие) (22030600)",\N
"Поступление (акт, накладная, УПД) МКУХ-005192 от 01.03.2026 23:59:59",Отражение фактических данных МКУХ-002229 от 01.03.2026 23:59:59,\N,\N,\N,\N,\N,\N,\N,\N,\N,\N,\N,\N,\N,\N,\N,\N,\N,\N,\N,\N,\N,\N,\N,\N,\N,\N,\N,\N
МКУХ-005192,01.03.2026 23:59:59,Услуги,КПС ООО,2464236955,770301001,Договор  № 81956 от 27.08.2018,\N,\N,\N,\N,\N,\N,\N,\N,руб.,1,Услуги от поставщика,Услуги связи,Договор № SSP240229OL1 от 26.03.2024,Департамент процессинга,22%,91.97,510,Да,\N,\N,20.01,Обеспечение передачи данных фронтальной сети (связь),"Услуги связи (интернет, мобильная связь, почта и другие) (11030700)"
"Поступление (акт, накладная, УПД) МКУХ-005193 от 01.03.2026 23:59:59",Отражение фактических данных МКУХ-002230 от 01.03.2026 23:59:59,\N,\N,\N,\N,\N,\N,\N,\N,\N,\N,\N,\N,\N,\N,\N,\N,\N,\N,\N,\N,\N,\N,\N,\N,\N,\N,\N,\N
МКУХ-005193,01.03.2026 23:59:59,Услуги,ГОРПТУС ООО,3128057285,312801001,Договор №00286 от 01.02.2011,\N,\N,\N,\N,\N,\N,\N,\N,руб.,1,Услуги от поставщика,Абон. плата,Договор № SSP240229OL1 от 26.03.2024,Департамент процессинга,5%,28.57,600,Да,\N,\N,20.01,Обеспечение передачи данных фронтальной сети (связь),"Услуги связи (интернет, мобильная связь, почта и другие) (11030700)"
"Поступление (акт, накладная, УПД) МКУХ-005194 от 01.03.2026 23:59:59",Отражение фактических данных МКУХ-002231 от 01.03.2026 23:59:59,\N,\N,\N,\N,\N,\N,\N,\N,\N,\N,\N,\N,\N,\N,\N,\N,\N,\N,\N,\N,\N,\N,\N,\N,\N,\N,\N,\N
МКУХ-005194,01.03.2026 23:59:59,Услуги,ГОРПТУС ООО,3128057285,312801001,Договор №19563,\N,\N,\N,\N,\N,\N,\N,\N,руб.,1,Услуги от поставщика,Абон. плата,Договор № SSP240229OL1 от 26.03.2024,Департамент процессинга,5%,80,1680,Да,\N,\N,20.01,Обеспечение передачи данных фронтальной сети (связь),"Услуги связи (интернет, мобильная связь, почта и другие) (11030700)"
"Поступление (акт, накладная, УПД) МКУХ-005195 от 01.03.2026 23:59:59",Отражение фактических данных МКУХ-002233 от 01.03.2026 23:59:59,\N,\N,\N,\N,\N,\N,\N,\N,\N,\N,\N,\N,\N,\N,\N,\N,\N,\N,\N,\N,\N,\N,\N,\N,\N,\N,\N,\N
МКУХ-005195,01.03.2026 23:59:59,Услуги,"Макрорегиональный филиал""Северо-Запад"" ПАО ""Ростелеком""",7707049388,784243002,Договор №1130/2008 от 20.08.2008,1130/2008,3555/МК,01.10.2008 0:00:00,Департамент процессинга,"CF02080000 Услуги связи (интернет, мобильная связь, почта и другие)","Услуги связи (интернет, мобильная связь, почта и другие)",00ДО-0000147212,ДО,руб.,1,Услуги от поставщика,Услуги связи,Договор № SSP240229OL1 от 26.03.2024,Департамент процессинга,22%,569289.06,3156966.64,Да,\N,\N,20.01,Обеспечение передачи данных фронтальной сети (связь),"Услуги связи (интернет, мобильная связь, почта и другие) (11030700)"
"Поступление (акт, накладная, УПД) МКУХ-005196 от 01.03.2026 23:59:59",Отражение фактических данных МКУХ-002235 от 01.03.2026 23:59:59,\N,\N,\N,\N,\N,\N,\N,\N,\N,\N,\N,\N,\N,\N,\N,\N,\N,\N,\N,\N,\N,\N,\N,\N,\N,\N,\N,\N
МКУХ-005196,01.03.2026 23:59:59,Услуги,66 ПАРАЛЛЕЛЬ ООО,6658408544,745201001,Договор №01-04-2016 от 04.04.2016г.,04.01.2016,8419/МК,13.09.2016 0:00:00,Департамент процессинга,"CF02080000 Услуги связи (интернет, мобильная связь, почта и другие)","Услуги связи (интернет, мобильная связь, почта и другие)",00ДО-0000146744,ДО,руб.,1,Услуги от поставщиков / подрядчиков,услуги связи,Договор № SSP240229OL1 от 26.03.2024,Департамент процессинга,22%,7150,39650,Да,\N,\N,20.01,Обеспечение передачи данных фронтальной сети (связь),"Услуги связи (интернет, мобильная связь, почта и другие) (11030700)"
"Поступление (акт, накладная, УПД) МКУХ-005197 от 01.03.2026 23:59:59",Отражение фактических данных МКУХ-002240 от 01.03.2026 23:59:59,\N,\N,\N,\N,\N,\N,\N,\N,\N,\N,\N,\N,\N,\N,\N,\N,\N,\N,\N,\N,\N,\N,\N,\N,\N,\N,\N,\N
МКУХ-005197,01.03.2026 23:59:59,Услуги,ВЫМПЕЛКОМ ПАО (КПП 997750001),7713076301,997750001,Договор №518738260 от 29.04.2014,518738260,5441/МК,13.05.2014 0:00:00,Департамент процессинга,"CF02080000 Услуги связи (интернет, мобильная связь, почта и другие)","Услуги связи (интернет, мобильная связь, почта и другие)",00ДО-0000147991,ДО,руб.,1,Услуги от поставщика,смс-информирование,МУЛЬТИКАРТА_11_АВТОРИЗАЦИИ,Департамент процессинга,22%,341976.16,1896413.26,Да,\N,\N,20.01,SMS: формирование и отправка сообщений,SMS-СЕРВИС: услуги связи по операциям Держателей карт Банка (11020416)
"Поступление (акт, накладная, УПД) МКУХ-005200 от 01.03.2026 23:59:59",Отражение фактических данных МКУХ-002250 от 01.03.2026 23:59:59,\N,\N,\N,\N,\N,\N,\N,\N,\N,\N,\N,\N,\N,\N,\N,\N,\N,\N,\N,\N,\N,\N,\N,\N,\N,\N,\N,\N
МКУХ-005200,01.03.2026 23:59:59,Услуги,АВЕЛАКОМ БИЗНЕС ООО,7743195070,774301001,Договор № 77/357 от 01.07.2017,77/357,7669/МК,03.08.2017 0:00:00,Департамент процессинга,"CF02080000 Услуги связи (интернет, мобильная связь, почта и другие)","Услуги связи (интернет, мобильная связь, почта и другие)",00ДО-0000146733,ДО,руб.,1,Услуги от поставщика,Услуги связи,Договор № SSP240229OL1 от 26.03.2024,Департамент процессинга,22%,1106.6,6136.6,Да,\N,\N,20.01,ПР: авторизации,"Услуги связи (интернет, мобильная связь, почта и другие) (11030700)"
"Поступление (акт, накладная, УПД) МКУХ-005202 от 01.03.2026 23:59:59",Отражение фактических данных МКУХ-002316 от 01.03.2026 23:59:59,\N,\N,\N,\N,\N,\N,\N,\N,\N,\N,\N,\N,\N,\N,\N,\N,\N,\N,\N,\N,\N,\N,\N,\N,\N,\N,\N,\N
МКУХ-005202,01.03.2026 23:59:59,Услуги,ИНФОРМСЕРВИС ООО,3444082321,344301001,Договор МК СПБ 11-02 от 01.06.2011,МК СПБ 11-02,\N,\N,\N,\N,\N,\N,\N,руб.,1,Услуги от поставщиков / подрядчиков,услуги связи,Договор № SSP240229OL1 от 26.03.2024,Департамент процессинга,5%,2476.19,52000,Да,\N,\N,20.01,Обеспечение передачи данных фронтальной сети (связь),"Услуги связи (интернет, мобильная связь, почта и другие) (11030700)"
"Поступление (акт, накладная, УПД) МКУХ-005207 от 01.03.2026 23:59:59",Отражение фактических данных МКУХ-002321 от 01.03.2026 23:59:59,\N,\N,\N,\N,\N,\N,\N,\N,\N,\N,\N,\N,\N,\N,\N,\N,\N,\N,\N,\N,\N,\N,\N,\N,\N,\N,\N,\N
МКУХ-005207,01.03.2026 23:59:59,Услуги,АТЕЛРЫБИНСК ООО,7610103240,761001001,Договор №60066-02-2015 от 01.02.2015,60066-02-2015,6034/МК,29.07.2015 0:00:00,Департамент процессинга,"CF02080000 Услуги связи (интернет, мобильная связь, почта и другие)","Услуги связи (интернет, мобильная связь, почта и другие)",00ДО-0000147729,ДО,руб.,1,Услуги от поставщиков / подрядчиков,услуги связи,Договор № SSP240229OL1 от 26.03.2024,Департамент процессинга,5%,222.85,4680,Да,\N,\N,20.01,Обеспечение передачи данных фронтальной сети (связь),"Услуги связи (интернет, мобильная связь, почта и другие) (11030700)"
"Поступление (акт, накладная, УПД) МКУХ-005208 от 01.03.2026 23:59:59",Отражение фактических данных МКУХ-002323 от 01.03.2026 23:59:59,\N,\N,\N,\N,\N,\N,\N,\N,\N,\N,\N,\N,\N,\N,\N,\N,\N,\N,\N,\N,\N,\N,\N,\N,\N,\N,\N,\N
МКУХ-005208,01.03.2026 23:59:59,Услуги,КОМПСЕРВИС ООО,6907009782,690701001,Договор №ию-0142 от 30.01.2014г.,\N,\N,\N,\N,\N,\N,\N,\N,руб.,1,Услуги от поставщиков / подрядчиков,услуги связи,Договор № SSP240229OL1 от 26.03.2024,Департамент процессинга,5%,150.62,3163,Да,\N,\N,20.01,Обеспечение передачи данных фронтальной сети (связь),"Услуги связи (интернет, мобильная связь, почта и другие) (11030700)"
"Поступление (акт, накладная, УПД) МКУХ-005209 от 01.03.2026 23:59:59",Отражение фактических данных МКУХ-002325 от 01.03.2026 23:59:59,\N,\N,\N,\N,\N,\N,\N,\N,\N,\N,\N,\N,\N,\N,\N,\N,\N,\N,\N,\N,\N,\N,\N,\N,\N,\N,\N,\N
МКУХ-005209,01.03.2026 23:59:59,Услуги,ГИГАБИТ ООО,7111020781,711101001,Договор №052 от 01.01.2017г.,52,3973/МК,27.04.2017 0:00:00,Департамент процессинга,"CF02080000 Услуги связи (интернет, мобильная связь, почта и другие)","Услуги связи (интернет, мобильная связь, почта и другие)",00ДО-0000147692,ДО,руб.,1,Услуги от поставщика,Услуги связи,Договор № SSP240229OL1 от 26.03.2024,Департамент процессинга,5%,118,2478,Да,\N,\N,20.01,Обеспечение передачи данных фронтальной сети (связь),"Услуги связи (интернет, мобильная связь, почта и другие) (11030700)"
"Поступление (акт, накладная, УПД) МКУХ-005210 от 01.03.2026 23:59:59",Отражение фактических данных МКУХ-002326 от 01.03.2026 23:59:59,\N,\N,\N,\N,\N,\N,\N,\N,\N,\N,\N,\N,\N,\N,\N,\N,\N,\N,\N,\N,\N,\N,\N,\N,\N,\N,\N,\N
МКУХ-005210,01.03.2026 23:59:59,Услуги,МАКСНЕТ СИСТЕМЫ ООО,4025045699,402501001,Договор №22011 от 01.06.2012г.,21011,6768/МК,26.07.2012 0:00:00,Департамент процессинга,"CF02080000 Услуги связи (интернет, мобильная связь, почта и другие)","Услуги связи (интернет, мобильная связь, почта и другие)",00ДО-0000147007,ДО,руб.,1,Услуги от поставщика,Услуги связи,Договор № SSP240229OL1 от 26.03.2024,Департамент процессинга,22%,2485.45,13782.95,Да,\N,\N,20.01,Обеспечение передачи данных фронтальной сети (связь),"Услуги связи (интернет, мобильная связь, почта и другие) (11030700)"
"Поступление (акт, накладная, УПД) МКУХ-005211 от 01.03.2026 23:59:59",Отражение фактических данных МКУХ-002327 от 01.03.2026 23:59:59,\N,\N,\N,\N,\N,\N,\N,\N,\N,\N,\N,\N,\N,\N,\N,\N,\N,\N,\N,\N,\N,\N,\N,\N,\N,\N,\N,\N
МКУХ-005211,01.03.2026 23:59:59,Услуги,МТС ПАО КПП 997750001,7740000076,997750001,Договор 2-07/МБ/74792 от 01.07.2010,\N,\N,\N,\N,\N,\N,\N,\N,руб.,1,Услуги от поставщиков / подрядчиков,услуги связи,Договор № SSP240229OL1 от 26.03.2024,Департамент процессинга,22%,32490.25,180173.21,Да,\N,\N,20.01,Обеспечение передачи данных фронтальной сети (связь),"Услуги связи (интернет, мобильная связь, почта и другие) (11030700)"
"Поступление (акт, накладная, УПД) МКУХ-005212 от 01.03.2026 23:59:59",Отражение фактических данных МКУХ-002328 от 01.03.2026 23:59:59,\N,\N,\N,\N,\N,\N,\N,\N,\N,\N,\N,\N,\N,\N,\N,\N,\N,\N,\N,\N,\N,\N,\N,\N,\N,\N,\N,\N
МКУХ-005212,01.03.2026 23:59:59,Услуги,МТС ПАО КПП 997750001,7740000076,997750001,Договор №2-СПБ/70421 от 10.02.2010г.,\N,\N,\N,Департамент процессинга,"CF02080000 Услуги связи (интернет, мобильная связь, почта и другие)",Прочие общепроизводственные расходы,\N,УХ,руб.,1,Услуги от поставщиков / подрядчиков,услуги связи,Договор № SSP240229OL1 от 26.03.2024,Департамент процессинга,22%,9129.86,50629.23,Да,\N,\N,20.01,Обеспечение передачи данных фронтальной сети (связь),"Услуги связи (интернет, мобильная связь, почта и другие) (11030700)"
"Поступление (акт, накладная, УПД) МКУХ-005214 от 01.03.2026 23:59:59",Отражение фактических данных МКУХ-002330 от 01.03.2026 23:59:59,\N,\N,\N,\N,\N,\N,\N,\N,\N,\N,\N,\N,\N,\N,\N,\N,\N,\N,\N,\N,\N,\N,\N,\N,\N,\N,\N,\N
МКУХ-005214,01.03.2026 23:59:59,Услуги,ТИС - ДИАЛОГ ООО,3908602823,390601001,Договор №515980 от 26.03.2012г.,515980,4737/МК,22.05.2012 0:00:00,Департамент процессинга,"CF02080000 Услуги связи (интернет, мобильная связь, почта и другие)","Услуги связи (интернет, мобильная связь, почта и другие)",00ДО-0000146741,ДО,руб.,1,Услуги от поставщиков / подрядчиков,услуги связи,Договор № SSP240229OL1 от 26.03.2024,Департамент процессинга,22%,9689.01,53730,Да,\N,\N,20.01,Обеспечение передачи данных фронтальной сети (связь),"Услуги связи (интернет, мобильная связь, почта и другие) (11030700)"
"Поступление (акт, накладная, УПД) МКУХ-005215 от 01.03.2026 23:59:59",Отражение фактических данных МКУХ-002331 от 01.03.2026 23:59:59,\N,\N,\N,\N,\N,\N,\N,\N,\N,\N,\N,\N,\N,\N,\N,\N,\N,\N,\N,\N,\N,\N,\N,\N,\N,\N,\N,\N
МКУХ-005215,01.03.2026 23:59:59,Услуги,ИСТ ООО,1831084185,183101001,Договор 3757 от 06.06.11,\N,\N,\N,\N,\N,\N,\N,\N,руб.,1,Услуги от поставщика,Услуги связи интернет,Договор № SSP240229OL1 от 26.03.2024,Департамент процессинга,5%,766.66,16100,Да,\N,\N,20.01,Обеспечение передачи данных фронтальной сети (связь),"Услуги связи (интернет, мобильная связь, почта и другие) (11030700)"
"Поступление (акт, накладная, УПД) МКУХ-005216 от 01.03.2026 23:59:59",Отражение фактических данных МКУХ-002332 от 01.03.2026 23:59:59,\N,\N,\N,\N,\N,\N,\N,\N,\N,\N,\N,\N,\N,\N,\N,\N,\N,\N,\N,\N,\N,\N,\N,\N,\N,\N,\N,\N
МКУХ-005216,01.03.2026 23:59:59,Услуги,Русская компания,7224079602,720301001,Договор №202208.1430/ВЛО от 10.08.2022,202208.1430/ВЛО,01622/22,26.08.2022 0:00:00,Департамент процессинга,"CF02080000 Услуги связи (интернет, мобильная связь, почта и другие)","Услуги связи (интернет, мобильная связь, почта и другие)",00ДО-0000148524,ДО,руб.,1,Услуги от поставщика,Организация выделенной линии интернет,Договор № SSP240229OL1 от 26.03.2024,Департамент процессинга,22%,2098.8,11638.8,Да,\N,\N,20.01,Обеспечение передачи данных фронтальной сети (связь),"Услуги связи (интернет, мобильная связь, почта и другие) (11030700)"
"Поступление (акт, накладная, УПД) МКУХ-005241 от 01.03.2026 23:59:59",Отражение фактических данных МКУХ-002365 от 01.03.2026 23:59:59,\N,\N,\N,\N,\N,\N,\N,\N,\N,\N,\N,\N,\N,\N,\N,\N,\N,\N,\N,\N,\N,\N,\N,\N,\N,\N,\N,\N
МКУХ-005241,01.03.2026 23:59:59,Услуги,ИИАТ ООО,7702217896,770201001,Договор № 442 от 06.12.2018,\N,\N,\N,\N,\N,\N,\N,\N,руб.,1,Услуги от поставщиков / подрядчиков,аб.плата услуг связи,Договор № SSP240229OL1 от 26.03.2024,Департамент процессинга,22%,880,4880,Да,\N,\N,20.01,Обеспечение передачи данных фронтальной сети (связь),"Услуги связи (интернет, мобильная связь, почта и другие) (11030700)"
"Поступление (акт, накладная, УПД) МКУХ-005242 от 01.03.2026 23:59:59",Отражение фактических данных МКУХ-002368 от 01.03.2026 23:59:59,\N,\N,\N,\N,\N,\N,\N,\N,\N,\N,\N,\N,\N,\N,\N,\N,\N,\N,\N,\N,\N,\N,\N,\N,\N,\N,\N,\N
МКУХ-005242,01.03.2026 23:59:59,Услуги,ЭлектронТелеком,7802184161,780201001,Договор № Ком\1772 от 15.12.2021,Ком\1772,ФУ 01704/МК,17.05.2022 0:00:00,Департамент процессинга,"CF02080000 Услуги связи (интернет, мобильная связь, почта и другие)","Услуги связи (интернет, мобильная связь, почта и другие)",00ДО-0000148210,ДО,руб.,1,Услуги от поставщика,Услуги связи,Договор № SSP240229OL1 от 26.03.2024,Департамент процессинга,22%,1995.86,11068,Да,\N,\N,20.01,Обеспечение передачи данных фронтальной сети (связь),"Услуги связи (интернет, мобильная связь, почта и другие) (11030700)"
"Поступление (акт, накладная, УПД) МКУХ-005243 от 01.03.2026 23:59:59",Отражение фактических данных МКУХ-002369 от 01.03.2026 23:59:59,\N,\N,\N,\N,\N,\N,\N,\N,\N,\N,\N,\N,\N,\N,\N,\N,\N,\N,\N,\N,\N,\N,\N,\N,\N,\N,\N,\N
МКУХ-005243,01.03.2026 23:59:59,Услуги,МКС ООО (ИНН 9402011009),9402011009,940301001,697/10-24 от 31.07.2024,697/10-24,MK24-08-12-LC,06.08.2024 10:29:33,Департамент процессинга,"CF02080000 Услуги связи (интернет, мобильная связь, почта и другие)","Услуги связи (интернет, мобильная связь, почта и другие)",00ДО-0000158465,ДО,руб.,1,Услуги от поставщиков / подрядчиков,услуги связи,Договор № SSP240229OL1 от 26.03.2024,Департамент процессинга,22%,277.83,1540.68,Да,\N,\N,20.01,Обеспечение передачи данных фронтальной сети (связь),"Услуги связи (интернет, мобильная связь, почта и другие) (11030700)"
"Поступление (акт, накладная, УПД) МКУХ-005244 от 01.03.2026 23:59:59",Отражение фактических данных МКУХ-002370 от 01.03.2026 23:59:59,\N,\N,\N,\N,\N,\N,\N,\N,\N,\N,\N,\N,\N,\N,\N,\N,\N,\N,\N,\N,\N,\N,\N,\N,\N,\N,\N,\N
МКУХ-005244,01.03.2026 23:59:59,Услуги,УДАЧНЫЙ ВЫБОР ООО (Контрагент МультиКарты),7710489237,781101001,Договор №171218-107014 от 17.12.2018,\N,\N,\N,\N,\N,\N,\N,\N,руб.,2,Услуги от поставщика,Экспресс доставка,Договор № SSP240229OL1 от 26.03.2024,Департамент процессинга,22%,408.98,2268,Да,\N,\N,20.01,Обеспечение передачи данных фронтальной сети (связь),Логистические расходы (11020411)
МКУХ-005244,01.03.2026 23:59:59,Услуги,УДАЧНЫЙ ВЫБОР ООО (Контрагент МультиКарты),7710489237,781101001,Договор №171218-107014 от 17.12.2018,\N,\N,\N,\N,\N,\N,\N,\N,руб.,1,Услуги от поставщика,Экспресс доставка,Мультикарта_Операционный блок_Мультикарта_Бюджет МВЗ,Административный департамент ЦСП,22%,432.79,2400,Да,\N,\N,26,"Услуги связи (интернет, мобильная связь, почта и другие) (22030600)",\N
"Поступление (акт, накладная, УПД) МКУХ-005247 от 01.03.2026 23:59:59",Отражение фактических данных МКУХ-002374 от 01.03.2026 23:59:59,\N,\N,\N,\N,\N,\N,\N,\N,\N,\N,\N,\N,\N,\N,\N,\N,\N,\N,\N,\N,\N,\N,\N,\N,\N,\N,\N,\N
МКУХ-005247,01.03.2026 23:59:59,Услуги,МТРЕНД ООО,2634081081,263101001,Договор МК СПБ-12-02 от 01.04.2012,\N,\N,\N,\N,\N,\N,\N,\N,руб.,1,Услуги от поставщиков / подрядчиков,услуги связи,Договор № SSP240229OL1 от 26.03.2024,Департамент процессинга,22%,396.73,2200,Да,\N,\N,20.01,Обеспечение передачи данных фронтальной сети (связь),"Услуги связи (интернет, мобильная связь, почта и другие) (11030700)"
"Поступление (акт, накладная, УПД) МКУХ-005248 от 01.03.2026 23:59:59",Отражение фактических данных МКУХ-002375 от 01.03.2026 23:59:59,\N,\N,\N,\N,\N,\N,\N,\N,\N,\N,\N,\N,\N,\N,\N,\N,\N,\N,\N,\N,\N,\N,\N,\N,\N,\N,\N,\N
МКУХ-005248,01.03.2026 23:59:59,Услуги,МТС ПАО КПП 997750001,7740000076,997750001,Договор № Н15942 от 25.01.2012,\N,\N,\N,\N,\N,\N,\N,\N,руб.,2,Услуги от поставщика,Услуги связи,Мультикарта_Департамент процессинга_Бюджет МВЗ,Департамент процессинга,22%,3080.44,17082.43,Да,\N,\N,26,"Услуги связи (интернет, мобильная связь, почта и другие) (22030600)",\N
МКУХ-005248,01.03.2026 23:59:59,Услуги,МТС ПАО КПП 997750001,7740000076,997750001,Договор № Н15942 от 25.01.2012,\N,\N,\N,\N,\N,\N,\N,\N,руб.,1,Услуги от поставщика,Услуги связи,Договор № SSP240229OL1 от 26.03.2024,Департамент процессинга,22%,964215.65,5347014.08,Да,\N,\N,20.01,Обеспечение передачи данных фронтальной сети (связь),"Услуги связи (интернет, мобильная связь, почта и другие) (11030700)"
"Поступление (акт, накладная, УПД) МКУХ-005253 от 01.03.2026 23:59:59",Отражение фактических данных МКУХ-002380 от 01.03.2026 23:59:59,\N,\N,\N,\N,\N,\N,\N,\N,\N,\N,\N,\N,\N,\N,\N,\N,\N,\N,\N,\N,\N,\N,\N,\N,\N,\N,\N,\N
МКУХ-005253,01.03.2026 23:59:59,Услуги,ЦС ООО,3664252480,366401001,Договор №CS000604 от 22.11.2024,CS000604,MK24-10-44-LC,31.10.2024 12:40:39,Департамент процессинга,"CF02080000 Услуги связи (интернет, мобильная связь, почта и другие)","Услуги связи (интернет, мобильная связь, почта и другие)",00ДО-0000171326,ДО,руб.,1,Услуги от поставщиков / подрядчиков,услуги связи интернет,Договор № SSP240229OL1 от 26.03.2024,Департамент процессинга,22%,2420,13420,Да,\N,\N,20.01,Обеспечение передачи данных фронтальной сети (связь),"Услуги связи (интернет, мобильная связь, почта и другие) (11030700)"
"Поступление (акт, накладная, УПД) МКУХ-005254 от 01.03.2026 23:59:59",Отражение фактических данных МКУХ-002381 от 01.03.2026 23:59:59,\N,\N,\N,\N,\N,\N,\N,\N,\N,\N,\N,\N,\N,\N,\N,\N,\N,\N,\N,\N,\N,\N,\N,\N,\N,\N,\N,\N
МКУХ-005254,01.03.2026 23:59:59,Услуги,ТЕЛЕКОМ-СЕРВИС ООО,6311072390,631701001,Договор №453 И от 01.03.2018г.,\N,\N,\N,\N,\N,\N,\N,\N,руб.,1,Услуги от поставщика,Услуги связи,Договор № SSP240229OL1 от 26.03.2024,Департамент процессинга,5%,32.29,678,Да,\N,\N,20.01,Обеспечение передачи данных фронтальной сети (связь),"Услуги связи (интернет, мобильная связь, почта и другие) (11030700)"
"Поступление (акт, накладная, УПД) МКУХ-005255 от 01.03.2026 23:59:59",Отражение фактических данных МКУХ-002382 от 01.03.2026 23:59:59,\N,\N,\N,\N,\N,\N,\N,\N,\N,\N,\N,\N,\N,\N,\N,\N,\N,\N,\N,\N,\N,\N,\N,\N,\N,\N,\N,\N
МКУХ-005255,01.03.2026 23:59:59,Услуги,ООО СМАРТ ТЕЛЕКОМ,7825365252,784201001,Договор №19791/07/14-С от 01.07.2014,19791/07/14-С,9428/МК,25.08.2014 0:00:00,Департамент процессинга,"CF02080000 Услуги связи (интернет, мобильная связь, почта и другие)","Услуги связи (интернет, мобильная связь, почта и другие)",00ДО-0000147744,ДО,руб.,1,Услуги от поставщиков / подрядчиков,услуги связи,Договор № SSP240229OL1 от 26.03.2024,Департамент процессинга,22%,4347.28,24107.59,Да,\N,\N,20.01,Обеспечение передачи данных фронтальной сети (связь),"Услуги связи (интернет, мобильная связь, почта и другие) (11030700)"
"Поступление (акт, накладная, УПД) МКУХ-005256 от 01.03.2026 23:59:59",Отражение фактических данных МКУХ-002383 от 01.03.2026 23:59:59,\N,\N,\N,\N,\N,\N,\N,\N,\N,\N,\N,\N,\N,\N,\N,\N,\N,\N,\N,\N,\N,\N,\N,\N,\N,\N,\N,\N
МКУХ-005256,01.03.2026 23:59:59,Услуги,ПРОЦЕССНЫЕ ТЕХНОЛОГИИ ООО,7727179931,772701001,Договор №МК23-021 от 22.03.2023,МК23-021,000220/ФУ,22.03.2023 0:00:00,Блок развития бизнеса_Мультикарта,CF02011000 Прочий субподряд,Прочий субподряд,00ДО-0000150757,ДО,руб.,1,Услуги от поставщиков / подрядчиков,Работы за период с «02» февраля 2026 г. по «27» февраля 2026 г.,Договор № SSP240229OL1 от 26.03.2024,Департамент реализации проектов и поддержки клиентов,22%,255022.17,1414213.84,Да,\N,\N,20.01,ПР: авторизации,Услуги по заказной разработке ПО (11020406)
"Поступление (акт, накладная, УПД) МКУХ-005260 от 01.03.2026 23:59:59",Отражение фактических данных МКУХ-002385 от 01.03.2026 23:59:59,\N,\N,\N,\N,\N,\N,\N,\N,\N,\N,\N,\N,\N,\N,\N,\N,\N,\N,\N,\N,\N,\N,\N,\N,\N,\N,\N,\N
МКУХ-005260,01.03.2026 23:59:59,Услуги,ЦЕНТРАЛЬНЫЙ ТЕЛЕГРАФ ПАО,7710146208,775101001,Договор N 1.1-500514 от 03.06.10,1.1-500514,2171/МК,29.06.2010 0:00:00,Департамент процессинга,"CF02080000 Услуги связи (интернет, мобильная связь, почта и другие)","Услуги связи (интернет, мобильная связь, почта и другие)",00ДО-0000149374,ДО,руб.,1,Услуги от поставщика,Услуги связи,Договор № SSP240229OL1 от 26.03.2024,Департамент процессинга,22%,770,4270,Да,\N,\N,20.01,Обеспечение передачи данных фронтальной сети (связь),"Услуги связи (интернет, мобильная связь, почта и другие) (11030700)"
"Поступление (акт, накладная, УПД) МКУХ-005263 от 01.03.2026 23:59:59",Отражение фактических данных МКУХ-002422 от 01.03.2026 23:59:59,\N,\N,\N,\N,\N,\N,\N,\N,\N,\N,\N,\N,\N,\N,\N,\N,\N,\N,\N,\N,\N,\N,\N,\N,\N,\N,\N,\N
МКУХ-005263,01.03.2026 23:59:59,Услуги,МИРАНДА-МЕДИА ООО,7702527584,910201001,И2406 от 24.01.2025,И2406,MK24-11-51-LC,29.11.2024 14:09:01,Департамент процессинга,"CF02080000 Услуги связи (интернет, мобильная связь, почта и другие)","Услуги связи (интернет, мобильная связь, почта и другие)",00ДО-0000176014,ДО,руб.,1,Услуги от поставщика,Услуги связи,Договор № SSP240229OL1 от 26.03.2024,Департамент процессинга,22%,108985.08,604366.6,Да,\N,\N,20.01,Обеспечение передачи данных фронтальной сети (связь),"Услуги связи (интернет, мобильная связь, почта и другие) (11030700)"
"Поступление (акт, накладная, УПД) МКУХ-005265 от 01.03.2026 23:59:59",Отражение фактических данных МКУХ-002424 от 01.03.2026 23:59:59,\N,\N,\N,\N,\N,\N,\N,\N,\N,\N,\N,\N,\N,\N,\N,\N,\N,\N,\N,\N,\N,\N,\N,\N,\N,\N,\N,\N
МКУХ-005265,01.03.2026 23:59:59,Услуги,МИРАНДА-МЕДИА ООО,7702527584,910201001,К911 от 15.06.2025,К911,MK25-06-33-LC,02.06.2025 16:23:09,Департамент процессинга,"CF02080000 Услуги связи (интернет, мобильная связь, почта и другие)","Услуги связи (интернет, мобильная связь, почта и другие)",00ДО-0000198688,ДО,руб.,1,Услуги от поставщика,Услуги связи,Договор № SSP240229OL1 от 26.03.2024,Департамент процессинга,22%,65667.12,364153.77,Да,\N,\N,20.01,Обеспечение передачи данных фронтальной сети (связь),"Услуги связи (интернет, мобильная связь, почта и другие) (11030700)"
"Поступление (акт, накладная, УПД) МКУХ-005267 от 01.03.2026 23:59:59",Отражение фактических данных МКУХ-002426 от 01.03.2026 23:59:59,\N,\N,\N,\N,\N,\N,\N,\N,\N,\N,\N,\N,\N,\N,\N,\N,\N,\N,\N,\N,\N,\N,\N,\N,\N,\N,\N,\N
МКУХ-005267,01.03.2026 23:59:59,Услуги,УФАНЕТ АО,278109628,27801001,Договор №RK9420-11 от 27/10/11,RK9420-11,313/МК,16.01.2012 0:00:00,Департамент процессинга,"CF02080000 Услуги связи (интернет, мобильная связь, почта и другие)","Услуги связи (интернет, мобильная связь, почта и другие)",00ДО-0000146737,ДО,руб.,1,Услуги от поставщика,Услуги связи(подключение),Договор № SSP240229OL1 от 26.03.2024,Департамент процессинга,22%,180.33,1000,Да,\N,\N,20.01,Обеспечение передачи данных фронтальной сети (связь),"Услуги связи (интернет, мобильная связь, почта и другие) (11030700)"
"Поступление (акт, накладная, УПД) МКУХ-005270 от 01.03.2026 23:59:59",Отражение фактических данных МКУХ-002429 от 01.03.2026 23:59:59,\N,\N,\N,\N,\N,\N,\N,\N,\N,\N,\N,\N,\N,\N,\N,\N,\N,\N,\N,\N,\N,\N,\N,\N,\N,\N,\N,\N
МКУХ-005270,01.03.2026 23:59:59,Услуги,ТЕЛКО ЗАО,2636033069,263401001,Договор №ТЛК-УН-5609 от 08.09.2017,ТЛК-УН-5609,2080/МК,27.02.2018 0:00:00,Департамент процессинга,"CF02080000 Услуги связи (интернет, мобильная связь, почта и другие)","Услуги связи (интернет, мобильная связь, почта и другие)",00ДО-0000149177,ДО,руб.,1,Услуги от поставщиков / подрядчиков,услуги связи,Договор № SSP240229OL1 от 26.03.2024,Департамент процессинга,7%,6001.73,91740,Да,\N,\N,20.01,Обеспечение передачи данных фронтальной сети (связь),"Услуги связи (интернет, мобильная связь, почта и другие) (11030700)"
"Поступление (акт, накладная, УПД) МКУХ-005271 от 01.03.2026 23:59:59",Отражение фактических данных МКУХ-002430 от 01.03.2026 23:59:59,\N,\N,\N,\N,\N,\N,\N,\N,\N,\N,\N,\N,\N,\N,\N,\N,\N,\N,\N,\N,\N,\N,\N,\N,\N,\N,\N,\N
МКУХ-005271,01.03.2026 23:59:59,Услуги,БИЗНЕСКОНТАКТ AO,7722553871,772201001,№83/25/2 от 21.03.2025,№83/25/2,MK25-03-16-LLС,13.03.2025 15:11:45,Административный департамент ЦСП,"CF02050101 Платежи по аренде зданий, офисов, складских помещений","Расходы по аренде зданий, офисов, складских помещений",00ДО-0000189998,ДО,руб.,1,Услуги от поставщиков / подрядчиков,Переменная часть аренды за 1-22 февраль 2026 г. по договору№83/25/2 от 21.03.2025,Мультикарта_Операционный блок_Мультикарта_Бюджет МВЗ,Административный департамент ЦСП,22%,1856.38,10294.47,Да,\N,\N,26,"Расходы по аренде зданий, офисов, складских помещений (220301011)",\N
"Поступление (акт, накладная, УПД) МКУХ-005272 от 01.03.2026 23:59:59",Отражение фактических данных МКУХ-002431 от 01.03.2026 23:59:59,\N,\N,\N,\N,\N,\N,\N,\N,\N,\N,\N,\N,\N,\N,\N,\N,\N,\N,\N,\N,\N,\N,\N,\N,\N,\N,\N,\N
МКУХ-005272,01.03.2026 23:59:59,Услуги,БИЗНЕСКОНТАКТ AO,7722553871,772201001,№83/25/2 от 21.03.2025,№83/25/2,MK25-03-16-LLС,13.03.2025 15:11:45,Административный департамент ЦСП,"CF02050101 Платежи по аренде зданий, офисов, складских помещений","Расходы по аренде зданий, офисов, складских помещений",00ДО-0000189998,ДО,руб.,1,Услуги от поставщиков / подрядчиков,Аренда помещения по договору аренды №83/25/2 от 21.03.2025 за 1-22 февраль 2026 г.,Мультикарта_Операционный блок_Мультикарта_Бюджет МВЗ,Административный департамент ЦСП,22%,10933.46,60631,Да,\N,\N,26,"Расходы по аренде зданий, офисов, складских помещений (220301011)",\N
"Поступление (акт, накладная, УПД) МКУХ-005273 от 01.03.2026 23:59:59",Отражение фактических данных МКУХ-002432 от 01.03.2026 23:59:59,\N,\N,\N,\N,\N,\N,\N,\N,\N,\N,\N,\N,\N,\N,\N,\N,\N,\N,\N,\N,\N,\N,\N,\N,\N,\N,\N,\N
МКУХ-005273,01.03.2026 23:59:59,Услуги,АССИСТ,7825478305,780601001,Договор №МК17-135 от 25.12.2017,МК17-135,216,02.03.2021 0:00:00,Блок развития бизнеса_Мультикарта,CF02010400 Услуги по сопровождению/поддержке клиентов,Услуги по сопровождению/поддержке клиентов,00ДО-0000150883,ДО,руб.,1,Услуги от поставщика,Услуги от поставщика  IPSP,МУЛЬТИКАРТА_11_IPSP,Центр сопровождения клиентов,22%,3185.27,17663.77,Да,\N,\N,20.01,ПР: авторизации,Прочий субподряд (11020410)
"Поступление (акт, накладная, УПД) МКУХ-005274 от 01.03.2026 23:59:59",Отражение фактических данных МКУХ-002433 от 01.03.2026 23:59:59,\N,\N,\N,\N,\N,\N,\N,\N,\N,\N,\N,\N,\N,\N,\N,\N,\N,\N,\N,\N,\N,\N,\N,\N,\N,\N,\N,\N
МКУХ-005274,01.03.2026 23:59:59,Услуги,АССИСТ,7825478305,780601001,Договор №МК17-135 от 25.12.2017,МК17-135,216,02.03.2021 0:00:00,Блок развития бизнеса_Мультикарта,CF02010400 Услуги по сопровождению/поддержке клиентов,Услуги по сопровождению/поддержке клиентов,00ДО-0000150883,ДО,руб.,1,Услуги от поставщика,Услуги от поставщика  IPSP,МУЛЬТИКАРТА_11_IPSP,Центр сопровождения клиентов,22%,68302.89,378770.59,Да,\N,\N,20.01,ПР: авторизации,Прочий субподряд (11020410)
"Поступление (акт, накладная, УПД) МКУХ-005275 от 01.03.2026 23:59:59",Отражение фактических данных МКУХ-002434 от 01.03.2026 23:59:59,\N,\N,\N,\N,\N,\N,\N,\N,\N,\N,\N,\N,\N,\N,\N,\N,\N,\N,\N,\N,\N,\N,\N,\N,\N,\N,\N,\N
МКУХ-005275,01.03.2026 23:59:59,Услуги,ЧЕЧЕНТЕЛЕКОМ ООО,2015008743,201501001,Договор № 034 от 29.03.2022 г,\N,\N,\N,\N,\N,\N,\N,\N,руб.,1,Услуги от поставщиков / подрядчиков,услуги связи,Договор № SSP240229OL1 от 26.03.2024,Департамент процессинга,22%,20035.71,111107.14,Да,\N,\N,20.01,Обеспечение передачи данных фронтальной сети (связь),"Услуги связи (интернет, мобильная связь, почта и другие) (11030700)"
"Поступление (акт, накладная, УПД) МКУХ-005282 от 01.03.2026 23:59:59",Отражение фактических данных МКУХ-002438 от 01.03.2026 23:59:59,\N,\N,\N,\N,\N,\N,\N,\N,\N,\N,\N,\N,\N,\N,\N,\N,\N,\N,\N,\N,\N,\N,\N,\N,\N,\N,\N,\N
МКУХ-005282,01.03.2026 23:59:59,Услуги,СОФТИНФОРМ ООО,7017198320,701701001,Договор МК22-084 от 04.08.2022,МК22-084,ФУ 04648/МК,28.11.2022 0:00:00,Блок развития бизнеса_Мультикарта,CF02011000 Прочий субподряд,Прочий субподряд,00ДО-0000150689,ДО,руб.,1,Услуги от поставщиков / подрядчиков,Работы по Аналитике,МУЛЬТИКАРТА_11_ПСР,Департамент реализации проектов и поддержки клиентов,7%,31323.36,478800,Да,\N,\N,20.01,ПР: авторизации,Услуги по заказной разработке ПО (11020406)
"Поступление (акт, накладная, УПД) МКУХ-005283 от 01.03.2026 23:59:59",Отражение фактических данных МКУХ-002439 от 01.03.2026 23:59:59,\N,\N,\N,\N,\N,\N,\N,\N,\N,\N,\N,\N,\N,\N,\N,\N,\N,\N,\N,\N,\N,\N,\N,\N,\N,\N,\N,\N
МКУХ-005283,01.03.2026 23:59:59,Услуги,ССП-СОФТ ООО,9724033448,772401001,Договор №МК22-097 от 04.08.2022г.,МК22-097,ФУ 04662/МК,28.11.2022 0:00:00,Блок развития бизнеса_Мультикарта,CF02010600 Услуги по заказной разработке ПО,Услуги по заказной разработке ПО,00ДО-0000150797,ДО,руб.,1,Услуги от поставщиков / подрядчиков,Работы по разработке Java и ручному тестированию ПО,МУЛЬТИКАРТА_11_ПСР,Департамент реализации проектов и поддержки клиентов,22%,269712.79,1495680,Да,\N,\N,20.01,ПР: авторизации,Услуги по заказной разработке ПО (11020406)
"Поступление (акт, накладная, УПД) МКУХ-005284 от 01.03.2026 23:59:59",Отражение фактических данных МКУХ-002440 от 01.03.2026 23:59:59,\N,\N,\N,\N,\N,\N,\N,\N,\N,\N,\N,\N,\N,\N,\N,\N,\N,\N,\N,\N,\N,\N,\N,\N,\N,\N,\N,\N
МКУХ-005284,01.03.2026 23:59:59,Услуги,ОРИЕНТ-ТЕЛЕКОМ АО,3808047630,380801001,Договор №1552-04 от 01.01.2013г.,1552-04,4448/МК,23.05.2013 0:00:00,Департамент процессинга,"CF02080000 Услуги связи (интернет, мобильная связь, почта и другие)","Услуги связи (интернет, мобильная связь, почта и другие)",00ДО-0000148864,ДО,руб.,1,Услуги от поставщиков / подрядчиков,услуги связи,Договор № SSP240229OL1 от 26.03.2024,Департамент процессинга,22%,330,1830,Да,\N,\N,20.01,Обеспечение передачи данных фронтальной сети (связь),"Услуги связи (интернет, мобильная связь, почта и другие) (11030700)"
"Поступление (акт, накладная, УПД) МКУХ-005295 от 01.03.2026 23:59:59",Отражение фактических данных МКУХ-002477 от 01.03.2026 23:59:59,\N,\N,\N,\N,\N,\N,\N,\N,\N,\N,\N,\N,\N,\N,\N,\N,\N,\N,\N,\N,\N,\N,\N,\N,\N,\N,\N,\N
МКУХ-005295,01.03.2026 23:59:59,Услуги,ЛТК ООО,9402004604,940201001,Договор № 570317 на оказание услуг связи от 01.10.2024,570317,24-07-6-LC,03.07.2024 15:18:54,Департамент процессинга,"CF02080000 Услуги связи (интернет, мобильная связь, почта и другие)","Услуги связи (интернет, мобильная связь, почта и другие)",00ДО-0000155201,ДО,руб.,1,Услуги от поставщиков / подрядчиков,услуги связи,Договор № SSP240229OL1 от 26.03.2024,Департамент процессинга,22%,25804.17,143095.65,Да,\N,\N,20.01,Обеспечение передачи данных фронтальной сети (связь),"Услуги связи (интернет, мобильная связь, почта и другие) (11030700)"
"Поступление (акт, накладная, УПД) МКУХ-005296 от 01.03.2026 23:59:59",Отражение фактических данных МКУХ-002478 от 01.03.2026 23:59:59,\N,\N,\N,\N,\N,\N,\N,\N,\N,\N,\N,\N,\N,\N,\N,\N,\N,\N,\N,\N,\N,\N,\N,\N,\N,\N,\N,\N
МКУХ-005296,01.03.2026 23:59:59,Услуги,СМС ТРАФИК ООО,7705642257,772301001,МК25-003 от 13.02.2025,МК25-003,MK25-01-3-LC,31.01.2025 11:06:12,Департамент процессинга,"CF02080000 Услуги связи (интернет, мобильная связь, почта и другие)","Услуги связи (интернет, мобильная связь, почта и другие)",00ДО-0000184492,ДО,руб.,1,Услуги от поставщиков / подрядчиков,услуги связи,МУЛЬТИКАРТА_11_АВТОРИЗАЦИИ,Департамент процессинга,22%,15840,87840,Да,\N,\N,20.01,SMS: формирование и отправка сообщений,SMS-СЕРВИС: услуги связи по операциям Держателей карт Банка (11020416)
"Поступление (акт, накладная, УПД) МКУХ-005297 от 01.03.2026 23:59:59",Отражение фактических данных МКУХ-002479 от 01.03.2026 23:59:59,\N,\N,\N,\N,\N,\N,\N,\N,\N,\N,\N,\N,\N,\N,\N,\N,\N,\N,\N,\N,\N,\N,\N,\N,\N,\N,\N,\N
МКУХ-005297,01.03.2026 23:59:59,Услуги,СМС ТРАФИК ООО,7705642257,772301001,МК25-003 от 13.02.2025,МК25-003,MK25-01-3-LC,31.01.2025 11:06:12,Департамент процессинга,"CF02080000 Услуги связи (интернет, мобильная связь, почта и другие)","Услуги связи (интернет, мобильная связь, почта и другие)",00ДО-0000184492,ДО,руб.,1,Услуги от поставщиков / подрядчиков,услуги связи,МУЛЬТИКАРТА_11_АВТОРИЗАЦИИ,Департамент процессинга,22%,119283.31,661480.22,Да,\N,\N,20.01,SMS: формирование и отправка сообщений,SMS-СЕРВИС: услуги связи по операциям Держателей карт Банка (11020416)
"Поступление (акт, накладная, УПД) МКУХ-005298 от 01.03.2026 23:59:59",Отражение фактических данных МКУХ-002480 от 01.03.2026 23:59:59,\N,\N,\N,\N,\N,\N,\N,\N,\N,\N,\N,\N,\N,\N,\N,\N,\N,\N,\N,\N,\N,\N,\N,\N,\N,\N,\N,\N
МКУХ-005298,01.03.2026 23:59:59,Услуги,СМС ТРАФИК ООО,7705642257,772301001,МК25-003 от 13.02.2025,МК25-003,MK25-01-3-LC,31.01.2025 11:06:12,Департамент процессинга,"CF02080000 Услуги связи (интернет, мобильная связь, почта и другие)","Услуги связи (интернет, мобильная связь, почта и другие)",00ДО-0000184492,ДО,руб.,1,Услуги от поставщиков / подрядчиков,услуги связи,МУЛЬТИКАРТА_11_АВТОРИЗАЦИИ,Департамент процессинга,22%,178546.1,990119.29,Да,\N,\N,20.01,SMS: формирование и отправка сообщений,SMS-СЕРВИС: услуги связи по операциям Держателей карт Банка (11020416)
"Поступление (акт, накладная, УПД) МКУХ-005299 от 01.03.2026 23:59:59",Отражение фактических данных МКУХ-002481 от 01.03.2026 23:59:59,\N,\N,\N,\N,\N,\N,\N,\N,\N,\N,\N,\N,\N,\N,\N,\N,\N,\N,\N,\N,\N,\N,\N,\N,\N,\N,\N,\N
МКУХ-005299,01.03.2026 23:59:59,Услуги,СМС ТРАФИК ООО,7705642257,772301001,МК25-003 от 13.02.2025,МК25-003,MK25-01-3-LC,31.01.2025 11:06:12,Департамент процессинга,"CF02080000 Услуги связи (интернет, мобильная связь, почта и другие)","Услуги связи (интернет, мобильная связь, почта и другие)",00ДО-0000184492,ДО,руб.,1,Услуги от поставщиков / подрядчиков,услуги связи,МУЛЬТИКАРТА_11_АВТОРИЗАЦИИ,Департамент процессинга,22%,164134.06,910197.78,Да,\N,\N,20.01,SMS: формирование и отправка сообщений,SMS-СЕРВИС: услуги связи по операциям Держателей карт Банка (11020416)
"Поступление (акт, накладная, УПД) МКУХ-005300 от 01.03.2026 23:59:59",Отражение фактических данных МКУХ-002482 от 01.03.2026 23:59:59,\N,\N,\N,\N,\N,\N,\N,\N,\N,\N,\N,\N,\N,\N,\N,\N,\N,\N,\N,\N,\N,\N,\N,\N,\N,\N,\N,\N
МКУХ-005300,01.03.2026 23:59:59,Услуги,СКЛ ИЛИ АО СМАРТКАРДЛИНК АО,7734198004,772301001,Договор №101108/ТКК от 10.11.08,101108/ТКК,ФУ 02048/МК,16.06.2022 0:00:00,Департамент процессинга,"CF02080000 Услуги связи (интернет, мобильная связь, почта и другие)","Услуги связи (интернет, мобильная связь, почта и другие)",00ДО-0000148350,ДО,руб.,1,Услуги от поставщиков / подрядчиков,услуги связи смс - информирование,МУЛЬТИКАРТА_11_АВТОРИЗАЦИИ,Департамент процессинга,22%,21597.42,119767.52,Да,\N,\N,20.01,SMS: формирование и отправка сообщений,SMS-СЕРВИС: услуги связи по операциям Держателей карт Банка (11020416)
"Поступление (акт, накладная, УПД) МКУХ-005306 от 01.03.2026 23:59:59",Отражение фактических данных МКУХ-002516 от 01.03.2026 23:59:59,\N,\N,\N,\N,\N,\N,\N,\N,\N,\N,\N,\N,\N,\N,\N,\N,\N,\N,\N,\N,\N,\N,\N,\N,\N,\N,\N,\N
МКУХ-005306,01.03.2026 23:59:59,Услуги,КРЭЛКОМ ООО,9102031188,910201001,5474 от 23.04.2025,5474,MK25-03-17-LC,26.03.2025 14:51:08,Департамент процессинга,"CF02080000 Услуги связи (интернет, мобильная связь, почта и другие)","Услуги связи (интернет, мобильная связь, почта и другие)",00ДО-0000191590,ДО,руб.,1,Услуги от поставщиков / подрядчиков,услуги связи,Договор № SSP240229OL1 от 26.03.2024,Департамент процессинга,22%,215554.5,1195347.67,Да,\N,\N,20.01,Обеспечение передачи данных фронтальной сети (связь),"Услуги связи (интернет, мобильная связь, почта и другие) (11030700)"
"Поступление (акт, накладная, УПД) МКУХ-005358 от 01.03.2026 23:59:59",Отражение фактических данных МКУХ-002653 от 01.03.2026 23:59:59,\N,\N,\N,\N,\N,\N,\N,\N,\N,\N,\N,\N,\N,\N,\N,\N,\N,\N,\N,\N,\N,\N,\N,\N,\N,\N,\N,\N
МКУХ-005358,01.03.2026 23:59:59,Услуги,ВТБ МОБАЙЛ ООО,9705121882,771401001,№04-01Э/9 от 11.02.2026г,№04-01Э/9,\N,\N,Департамент процессинга,"CF02080000 Услуги связи (интернет, мобильная связь, почта и другие)","Услуги связи (интернет, мобильная связь, почта и другие)",\N,УХ,руб.,1,Услуги от поставщиков / подрядчиков,услуги связи,Договор № SSP240229OL1 от 26.03.2024,Департамент процессинга,22%,21581.56,119679.56,Да,\N,\N,20.01,Обеспечение передачи данных фронтальной сети (связь),"Услуги связи (интернет, мобильная связь, почта и другие) (11030700)"
"Поступление (акт, накладная, УПД) МКУХ-005359 от 01.03.2026 23:59:59",Отражение фактических данных МКУХ-002654 от 01.03.2026 23:59:59,\N,\N,\N,\N,\N,\N,\N,\N,\N,\N,\N,\N,\N,\N,\N,\N,\N,\N,\N,\N,\N,\N,\N,\N,\N,\N,\N,\N
МКУХ-005359,01.03.2026 23:59:59,Услуги,ИНТЕРРА СЕВЕРО-ВОСТОК ООО,6681005215,668101001,Договор №Л-58 от 01.01.2015г.,Л-58,2127/МК,26.03.2015 0:00:00,Департамент процессинга,"CF02080000 Услуги связи (интернет, мобильная связь, почта и другие)","Услуги связи (интернет, мобильная связь, почта и другие)",00ДО-0000147060,ДО,руб.,1,Услуги от поставщиков / подрядчиков,услуги связи,Договор № SSP240229OL1 от 26.03.2024,Департамент процессинга,5%,190.48,4000,Да,\N,\N,20.01,Обеспечение передачи данных фронтальной сети (связь),"Услуги связи (интернет, мобильная связь, почта и другие) (11030700)"
"Поступление (акт, накладная, УПД) МКУХ-005360 от 01.03.2026 23:59:59",Отражение фактических данных МКУХ-002655 от 01.03.2026 23:59:59,\N,\N,\N,\N,\N,\N,\N,\N,\N,\N,\N,\N,\N,\N,\N,\N,\N,\N,\N,\N,\N,\N,\N,\N,\N,\N,\N,\N
МКУХ-005360,01.03.2026 23:59:59,Услуги,ИНТЕРРА СЕВЕРО-ВОСТОК ООО,6681005215,668101001,Договор №Л-58 от 01.01.2015г.,Л-58,2127/МК,26.03.2015 0:00:00,Департамент процессинга,"CF02080000 Услуги связи (интернет, мобильная связь, почта и другие)","Услуги связи (интернет, мобильная связь, почта и другие)",00ДО-0000147060,ДО,руб.,1,Услуги от поставщиков / подрядчиков,услуги связи,Договор № SSP240229OL1 от 26.03.2024,Департамент процессинга,5%,190.48,4000,Да,\N,\N,20.01,Обеспечение передачи данных фронтальной сети (связь),"Услуги связи (интернет, мобильная связь, почта и другие) (11030700)"
"Поступление (акт, накладная, УПД) МКУХ-005361 от 01.03.2026 23:59:59",Отражение фактических данных МКУХ-002656 от 01.03.2026 23:59:59,\N,\N,\N,\N,\N,\N,\N,\N,\N,\N,\N,\N,\N,\N,\N,\N,\N,\N,\N,\N,\N,\N,\N,\N,\N,\N,\N,\N
МКУХ-005361,01.03.2026 23:59:59,Услуги,ИНТЕРРА СЕВЕРО-ВОСТОК ООО,6681005215,668101001,Договор №Л-58 от 01.01.2015г.,Л-58,2127/МК,26.03.2015 0:00:00,Департамент процессинга,"CF02080000 Услуги связи (интернет, мобильная связь, почта и другие)","Услуги связи (интернет, мобильная связь, почта и другие)",00ДО-0000147060,ДО,руб.,1,Услуги от поставщиков / подрядчиков,услуги связи,Договор № SSP240229OL1 от 26.03.2024,Департамент процессинга,5%,285.71,6000,Да,\N,\N,20.01,Обеспечение передачи данных фронтальной сети (связь),"Услуги связи (интернет, мобильная связь, почта и другие) (11030700)"
"Поступление (акт, накладная, УПД) МКУХ-005362 от 01.03.2026 23:59:59",Отражение фактических данных МКУХ-002657 от 01.03.2026 23:59:59,\N,\N,\N,\N,\N,\N,\N,\N,\N,\N,\N,\N,\N,\N,\N,\N,\N,\N,\N,\N,\N,\N,\N,\N,\N,\N,\N,\N
МКУХ-005362,01.03.2026 23:59:59,Услуги,ИНТЕРРА СЕВЕРО-ВОСТОК ООО,6681005215,668101001,Договор №Л-58 от 01.01.2015г.,Л-58,2127/МК,26.03.2015 0:00:00,Департамент процессинга,"CF02080000 Услуги связи (интернет, мобильная связь, почта и другие)","Услуги связи (интернет, мобильная связь, почта и другие)",00ДО-0000147060,ДО,руб.,1,Услуги от поставщиков / подрядчиков,услуги связи,Договор № SSP240229OL1 от 26.03.2024,Департамент процессинга,5%,285.71,6000,Да,\N,\N,20.01,Обеспечение передачи данных фронтальной сети (связь),"Услуги связи (интернет, мобильная связь, почта и другие) (11030700)"
"Поступление (акт, накладная, УПД) МКУХ-005365 от 01.03.2026 23:59:59",Отражение фактических данных МКУХ-002660 от 01.03.2026 23:59:59,\N,\N,\N,\N,\N,\N,\N,\N,\N,\N,\N,\N,\N,\N,\N,\N,\N,\N,\N,\N,\N,\N,\N,\N,\N,\N,\N,\N
МКУХ-005365,01.03.2026 23:59:59,Услуги,Т2 МОБАЙЛ ООО (КПП 997750001),7743895280,997750001,Договор №283/SMS-BULК от 01.07.2015,\N,\N,\N,\N,\N,\N,\N,\N,руб.,1,Услуги от поставщиков / подрядчиков,смс -информирование,МУЛЬТИКАРТА_11_АВТОРИЗАЦИИ,Департамент процессинга,22%,74402.89,412597.82,Да,\N,\N,20.01,SMS: формирование и отправка сообщений,SMS-СЕРВИС: услуги связи по операциям Держателей карт Банка (11020416)
"Поступление (акт, накладная, УПД) МКУХ-005366 от 01.03.2026 23:59:59",Отражение фактических данных МКУХ-002662 от 01.03.2026 23:59:59,\N,\N,\N,\N,\N,\N,\N,\N,\N,\N,\N,\N,\N,\N,\N,\N,\N,\N,\N,\N,\N,\N,\N,\N,\N,\N,\N,\N
МКУХ-005366,01.03.2026 23:59:59,Услуги,ООО «Начало времён»,\N,\N,МК24-048 от,МК24-048,MK24-08-14-LC,08.08.2024 18:55:30,Блок развития бизнеса_Мультикарта,CF02011000 Прочий субподряд,Прочий субподряд,00ДО-0000159249,ДО,руб.,1,Услуги от поставщиков / подрядчиков,Выполненные работы за февраль 26,МУЛЬТИКАРТА_11_ПСР,Блок развития бизнеса_Мультикарта,22%,309320,1715320,Нет,\N,\N,20.01,ПР: авторизации,Услуги по заказной разработке ПО (11020406)
"Поступление (акт, накладная, УПД) МКУХ-005383 от 01.03.2026 23:59:59",Отражение фактических данных МКУХ-002742 от 01.03.2026 23:59:59,\N,\N,\N,\N,\N,\N,\N,\N,\N,\N,\N,\N,\N,\N,\N,\N,\N,\N,\N,\N,\N,\N,\N,\N,\N,\N,\N,\N
МКУХ-005383,01.03.2026 23:59:59,Услуги,БАНК ВТБ (ПАО) (КПП 783543005) СЗ (аренда),7702070139,783543005,Договор Аренды N 405-07/11С от 21.07.2010г. электроэнергия,N 405-07/11С,\N,\N,\N,\N,\N,\N,\N,руб.,1,Услуги от поставщика,Электроэнергия за январь 2026,Мультикарта_Операционный блок_Мультикарта_Бюджет МВЗ,Административный департамент ЦСП,Без НДС,\N,969520.54,Нет,\N,\N,26,"Расходы по аренде зданий, офисов, складских помещений (220301011)",\N
"Поступление (акт, накладная, УПД) МКУХ-005398 от 01.03.2026 23:59:59",Отражение фактических данных МКУХ-002753 от 01.03.2026 23:59:59,\N,\N,\N,\N,\N,\N,\N,\N,\N,\N,\N,\N,\N,\N,\N,\N,\N,\N,\N,\N,\N,\N,\N,\N,\N,\N,\N,\N
МКУХ-005398,01.03.2026 23:59:59,Услуги,ЕКАТЕРИНБУРГ-2000 ООО,6661079603,667001001,Договор №51-000250 от 23.01.2016,51-000250,1064/МК,09.02.2016 0:00:00,Департамент процессинга,"CF02080000 Услуги связи (интернет, мобильная связь, почта и другие)","Услуги связи (интернет, мобильная связь, почта и другие)",00ДО-0000147439,ДО,руб.,1,Услуги от поставщика,смс-информирование,МУЛЬТИКАРТА_11_АВТОРИЗАЦИИ,Департамент процессинга,22%,583.66,3236.66,Да,\N,\N,20.01,SMS: формирование и отправка сообщений,SMS-СЕРВИС: услуги связи по операциям Держателей карт Банка (11020416)
"Поступление (акт, накладная, УПД) МКУХ-005409 от 01.03.2026 23:59:59",Отражение фактических данных МКУХ-002885 от 01.03.2026 23:59:59,\N,\N,\N,\N,\N,\N,\N,\N,\N,\N,\N,\N,\N,\N,\N,\N,\N,\N,\N,\N,\N,\N,\N,\N,\N,\N,\N,\N
МКУХ-005409,01.03.2026 23:59:59,Услуги,ДИКС ТЕЛЕКОМ ООО,3123227624,312301001,Договор №1082/17 от 11.09.2017 г.,1082/17,1768/МК,14.02.2018 0:00:00,Департамент процессинга,"CF02080000 Услуги связи (интернет, мобильная связь, почта и другие)","Услуги связи (интернет, мобильная связь, почта и другие)",00ДО-0000146768,ДО,руб.,1,Услуги от поставщиков / подрядчиков,услуги связи,Договор № SSP240229OL1 от 26.03.2024,Департамент процессинга,Без НДС,\N,800,Да,\N,\N,20.01,Обеспечение передачи данных фронтальной сети (связь),"Услуги связи (интернет, мобильная связь, почта и другие) (11030700)"
"Поступление (акт, накладная, УПД) МКУХ-005426 от 01.03.2026 23:59:59",Отражение фактических данных МКУХ-002984 от 01.03.2026 23:59:59,\N,\N,\N,\N,\N,\N,\N,\N,\N,\N,\N,\N,\N,\N,\N,\N,\N,\N,\N,\N,\N,\N,\N,\N,\N,\N,\N,\N
МКУХ-005426,01.03.2026 23:59:59,Услуги,ТЕНЕТА ТЕЛЕКОМ ООО,4011020197,401101001,Договор №07-17 от 27.01.2017,\N,\N,\N,\N,\N,\N,\N,\N,руб.,1,Услуги от поставщиков / подрядчиков,услуги связи,Договор № SSP240229OL1 от 26.03.2024,Департамент процессинга,5%,104.76,2200,Да,\N,\N,20.01,Обеспечение передачи данных фронтальной сети (связь),"Услуги связи (интернет, мобильная связь, почта и другие) (11030700)"
"Поступление (акт, накладная, УПД) МКУХ-005428 от 01.03.2026 23:59:59",Отражение фактических данных МКУХ-002985 от 01.03.2026 23:59:59,\N,\N,\N,\N,\N,\N,\N,\N,\N,\N,\N,\N,\N,\N,\N,\N,\N,\N,\N,\N,\N,\N,\N,\N,\N,\N,\N,\N
МКУХ-005428,01.03.2026 23:59:59,Услуги,ТРАНССВЯЗЬТЕЛЕКОМ ООО,2808015481,280801001,Договор № 122/ГСПД/UL/22 от 01.06.2022,\N,\N,\N,\N,\N,\N,\N,\N,руб.,1,Услуги от поставщика,Услуги связи январь,Договор № SSP240229OL1 от 26.03.2024,Департамент процессинга,5%,445,9345,Да,\N,\N,20.01,Обеспечение передачи данных фронтальной сети (связь),"Услуги связи (интернет, мобильная связь, почта и другие) (11030700)"
"Поступление (акт, накладная, УПД) МКУХ-005577 от 01.03.2026 23:59:59",Отражение фактических данных МКУХ-003364 от 01.03.2026 23:59:59,\N,\N,\N,\N,\N,\N,\N,\N,\N,\N,\N,\N,\N,\N,\N,\N,\N,\N,\N,\N,\N,\N,\N,\N,\N,\N,\N,\N
МКУХ-005577,01.03.2026 23:59:59,Услуги,КОМПАНИЯ ТРАНСТЕЛЕКОМ АО,7709219099,775050001,Договор №MS006399 на предоставление услуг связи от 30.01.2014,MS006399,MK24-11-47-LC,18.11.2024 9:20:50,Департамент процессинга,"CF02080000 Услуги связи (интернет, мобильная связь, почта и другие)","Услуги связи (интернет, мобильная связь, почта и другие)",00ДО-0000172839,ДО,руб.,1,Услуги от поставщиков / подрядчиков,услуги связи - подключение,Договор № SSP240229OL1 от 26.03.2024,Департамент процессинга,22%,4246,23546,Да,\N,\N,20.01,Обеспечение передачи данных фронтальной сети (связь),"Услуги связи (интернет, мобильная связь, почта и другие) (11030700)"
"Поступление (акт, накладная, УПД) МКУХ-005578 от 01.03.2026 23:59:59",Отражение фактических данных МКУХ-003365 от 01.03.2026 23:59:59,\N,\N,\N,\N,\N,\N,\N,\N,\N,\N,\N,\N,\N,\N,\N,\N,\N,\N,\N,\N,\N,\N,\N,\N,\N,\N,\N,\N
МКУХ-005578,01.03.2026 23:59:59,Услуги,КОМПАНИЯ ТРАНСТЕЛЕКОМ АО,7709219099,775050001,Договор №MS006399 на предоставление услуг связи от 30.01.2014,MS006399,MK24-11-47-LC,18.11.2024 9:20:50,Департамент процессинга,"CF02080000 Услуги связи (интернет, мобильная связь, почта и другие)","Услуги связи (интернет, мобильная связь, почта и другие)",00ДО-0000172839,ДО,руб.,1,Услуги от поставщиков / подрядчиков,услуги связи - подключение,Договор № SSP240229OL1 от 26.03.2024,Департамент процессинга,22%,3300,18300,Да,\N,\N,20.01,Обеспечение передачи данных фронтальной сети (связь),"Услуги связи (интернет, мобильная связь, почта и другие) (11030700)"
"Поступление (акт, накладная, УПД) МКУХ-005584 от 01.03.2026 23:59:59",Отражение фактических данных МКУХ-003371 от 01.03.2026 23:59:59,\N,\N,\N,\N,\N,\N,\N,\N,\N,\N,\N,\N,\N,\N,\N,\N,\N,\N,\N,\N,\N,\N,\N,\N,\N,\N,\N,\N
МКУХ-005584,01.03.2026 23:59:59,Услуги,КОМПАНИЯ ТРАНСТЕЛЕКОМ АО,7709219099,775050001,Договор №MS006399 на предоставление услуг связи от 30.01.2014,MS006399,MK24-11-47-LC,18.11.2024 9:20:50,Департамент процессинга,"CF02080000 Услуги связи (интернет, мобильная связь, почта и другие)","Услуги связи (интернет, мобильная связь, почта и другие)",00ДО-0000172839,ДО,руб.,1,Услуги от поставщиков / подрядчиков,услуги связи - подключение,Договор № SSP240229OL1 от 26.03.2024,Департамент процессинга,22%,3300,18300,Да,\N,\N,20.01,Обеспечение передачи данных фронтальной сети (связь),"Услуги связи (интернет, мобильная связь, почта и другие) (11030700)"
"Поступление (акт, накладная, УПД) МКУХ-005694 от 01.03.2026 23:59:59",Отражение фактических данных МКУХ-003658 от 01.03.2026 23:59:59,\N,\N,\N,\N,\N,\N,\N,\N,\N,\N,\N,\N,\N,\N,\N,\N,\N,\N,\N,\N,\N,\N,\N,\N,\N,\N,\N,\N
МКУХ-005694,01.03.2026 23:59:59,Услуги,ОКТОПУСНЕТ ООО,2536136712,253601001,Договор №305109 от 13.02.2018,\N,\N,\N,\N,\N,\N,\N,\N,руб.,1,Услуги от поставщиков / подрядчиков,услуги связи,Договор № SSP240229OL1 от 26.03.2024,Департамент процессинга,22%,220,1220,Да,\N,\N,20.01,Обеспечение передачи данных фронтальной сети (связь),"Услуги связи (интернет, мобильная связь, почта и другие) (11030700)"
"Поступление (акт, накладная, УПД) МКУХ-005257 от 02.03.2026 0:00:00",Отражение фактических данных МКУХ-002384 от 02.03.2026 0:00:00,\N,\N,\N,\N,\N,\N,\N,\N,\N,\N,\N,\N,\N,\N,\N,\N,\N,\N,\N,\N,\N,\N,\N,\N,\N,\N,\N,\N
МКУХ-005257,02.03.2026 0:00:00,Услуги,ПРОЦЕССНЫЕ ТЕХНОЛОГИИ ООО,7727179931,772701001,МК25-020 от 23.07.2025,МК25-020,MK25-07-45-LC,03.07.2025 14:24:11,Департамент развития технологий,CF02010600 Услуги по заказной разработке ПО,Услуги по заказной разработке ПО,00ДО-0000202147,ДО,руб.,1,Услуги от поставщиков / подрядчиков,Работы по сопровождению СУТС,Договор № SSP240229OL1 от 26.03.2024,Департамент развития технологий,22%,229748.71,1274061.03,Да,\N,\N,20.01,ПР: авторизации,Услуги по поддержке лицензионного ПО (11020403)
"Поступление (акт, накладная, УПД) МКУХ-005326 от 02.03.2026 18:31:52",Отражение фактических данных МКУХ-002608 от 02.03.2026 18:31:52,\N,\N,\N,\N,\N,\N,\N,\N,\N,\N,\N,\N,\N,\N,\N,\N,\N,\N,\N,\N,\N,\N,\N,\N,\N,\N,\N,\N
МКУХ-005326,02.03.2026 18:31:52,Услуги,ИНФОРМ ООО (КПП 997750001),7705514400,997750001,Договор №УХ-677936 от 20.02.2025,УХ-677936,MK25-03-18-LC,27.03.2025 11:06:24,Департамент процессинга,"CF02080000 Услуги связи (интернет, мобильная связь, почта и другие)","Услуги связи (интернет, мобильная связь, почта и другие)",00ДО-0000191727,ДО,руб.,1,Услуги от поставщиков / подрядчиков,услуги связи - подключение,Договор № SSP240229OL1 от 26.03.2024,Департамент процессинга,22%,10471.98,58071.98,Нет,\N,\N,20.01,Обеспечение передачи данных фронтальной сети (связь),"Услуги связи (интернет, мобильная связь, почта и другие) (11030700)"
"Поступление (акт, накладная, УПД) МКУХ-005233 от 02.03.2026 22:00:00",Отражение фактических данных МКУХ-002362 от 02.03.2026 22:00:00,\N,\N,\N,\N,\N,\N,\N,\N,\N,\N,\N,\N,\N,\N,\N,\N,\N,\N,\N,\N,\N,\N,\N,\N,\N,\N,\N,\N
МКУХ-005233,02.03.2026 22:00:00,Услуги,БАНК ВТБ (ПАО) (КПП 784201001),7702070139,784201001,Комиссия ВК,\N,\N,\N,\N,\N,\N,\N,\N,руб.,1,Услуги от поставщика,Комиссия за проведение процедур ВК,Мультикарта_Операционный блок_Мультикарта_Бюджет МВЗ,Финансовый отдел_Мультикарта,22%,241.03,1336.64,Да,\N,\N,91.02,Расходы на расчетно-кассовое обслуживание,\N
"Поступление (акт, накладная, УПД) МКУХ-005324 от 02.03.2026 23:59:59",Отражение фактических данных МКУХ-002607 от 02.03.2026 23:59:59,\N,\N,\N,\N,\N,\N,\N,\N,\N,\N,\N,\N,\N,\N,\N,\N,\N,\N,\N,\N,\N,\N,\N,\N,\N,\N,\N,\N
МКУХ-005324,02.03.2026 23:59:59,Услуги,ТС ИНТЕГРАЦИЯ ООО,7720479365,997750001,80-41.22 от 20.03.2023 Заказ 66 от 12.02.2026,80-41.22 от 20.03.2023 Заказ 66,MK26-02-10-VGO,06.02.2026 17:47:22,Департамент процессинга,"CF02020300 Платежи за приобретение ПО, лицензий, сертификатов для перепродажи",Расходы на лицензии для перепродажи,00ДО-0000228057,ДО,руб.,1,Услуги от поставщика,"Kaspersky Endpoint Security для бизнеса – Стандартный Russian Edition. 50- 99 Node 3 year Base License – Лицензия, реестровая запись в РРПО № 205",Договор № SSP240229OL1 от 26.03.2024,Департамент процессинга,Без НДС,\N,284358,Да,\N,\N,20.01,Обеспечение передачи данных фронтальной сети (связь),Расходы на лицензии для перепродажи (11020200)
"Поступление (акт, накладная, УПД) МКУХ-005325 от 02.03.2026 23:59:59",\N,\N,\N,\N,\N,\N,\N,\N,\N,\N,\N,\N,\N,\N,\N,\N,\N,\N,\N,\N,\N,\N,\N,\N,\N,\N,\N,\N,\N
МКУХ-005325,02.03.2026 23:59:59,Товары,ТС ИНТЕГРАЦИЯ ООО,7720479365,997750001,80-41.22 от 20.03.2023 Заказ 66 от 12.02.2026,80-41.22 от 20.03.2023 Заказ 66,MK26-02-10-VGO,06.02.2026 17:47:22,Департамент процессинга,"CF02020300 Платежи за приобретение ПО, лицензий, сертификатов для перепродажи",Расходы на лицензии для перепродажи,00ДО-0000228057,ДО,руб.,1,Kaspersky Стандартный Certified media Pack Russian Edition. media Pack - Установочный комплект,\N,Договор № SSP240229OL1 от 26.03.2024,Департамент процессинга,22%,265.29,1471.13,Да,\N,\N,\N,\N,\N
"Поступление (акт, накладная, УПД) МКУХ-005413 от 02.03.2026 23:59:59",Отражение фактических данных МКУХ-002893 от 02.03.2026 23:59:59,\N,\N,\N,\N,\N,\N,\N,\N,\N,\N,\N,\N,\N,\N,\N,\N,\N,\N,\N,\N,\N,\N,\N,\N,\N,\N,\N,\N
МКУХ-005413,02.03.2026 23:59:59,Услуги,ФЛЕКС ООО,5031018470,503101001,Договор №208/INTБ-1 от 22.08.2011,208/INTБ-1,5088/МК,15.09.2011 0:00:00,Департамент процессинга,"CF02080000 Услуги связи (интернет, мобильная связь, почта и другие)","Услуги связи (интернет, мобильная связь, почта и другие)",00ДО-0000148712,ДО,руб.,1,Услуги от поставщиков / подрядчиков,Предоставление доступа к услугам связи,Договор № SSP240229OL1 от 26.03.2024,Департамент процессинга,22%,4414.43,24480,Да,\N,\N,20.01,Обеспечение передачи данных фронтальной сети (связь),"Услуги связи (интернет, мобильная связь, почта и другие) (11030700)"
"Поступление (акт, накладная, УПД) МКУХ-005427 от 02.03.2026 23:59:59",\N,\N,\N,\N,\N,\N,\N,\N,\N,\N,\N,\N,\N,\N,\N,\N,\N,\N,\N,\N,\N,\N,\N,\N,\N,\N,\N,\N,\N
МКУХ-005427,02.03.2026 23:59:59,Товары,АЛЕНТИС ЭЛЕКТРОНИКС ООО,7720310270,772201001,Оплата без договора С поставщиком руб.,б/н,\N,\N,\N,\N,\N,\N,УХ,руб.,1,Удлинитель кабеля 1-wire,\N,МУЛЬТИКАРТА_11_СЕРВЕРА,Департамент процессинга,22%,6057.63,33592.32,Да,\N,\N,\N,\N,\N
"Поступление (акт, накладная, УПД) МКУХ-005586 от 02.03.2026 23:59:59",Отражение фактических данных МКУХ-003373 от 02.03.2026 23:59:59,\N,\N,\N,\N,\N,\N,\N,\N,\N,\N,\N,\N,\N,\N,\N,\N,\N,\N,\N,\N,\N,\N,\N,\N,\N,\N,\N,\N
МКУХ-005586,02.03.2026 23:59:59,Услуги,КОМПАНИЯ ТРАНСТЕЛЕКОМ АО,7709219099,775050001,Договор №MS006399 на предоставление услуг связи от 30.01.2014,MS006399,MK24-11-47-LC,18.11.2024 9:20:50,Департамент процессинга,"CF02080000 Услуги связи (интернет, мобильная связь, почта и другие)","Услуги связи (интернет, мобильная связь, почта и другие)",00ДО-0000172839,ДО,руб.,1,Услуги от поставщиков / подрядчиков,услуги связи - подключение,Договор № SSP240229OL1 от 26.03.2024,Департамент процессинга,22%,3300,18300,Да,\N,\N,20.01,Обеспечение передачи данных фронтальной сети (связь),"Услуги связи (интернет, мобильная связь, почта и другие) (11030700)"
"Поступление (акт, накладная, УПД) МКУХ-005069 от 03.03.2026 23:59:59",\N,\N,\N,\N,\N,\N,\N,\N,\N,\N,\N,\N,\N,\N,\N,\N,\N,\N,\N,\N,\N,\N,\N,\N,\N,\N,\N,\N,\N
МКУХ-005069,03.03.2026 23:59:59,Товары,КОМУС ООО (КПП 997350001),7721793895,997350001,МК24-070 от 13.03.2025,МК24-070,MK24-12-48-LLС,06.12.2024 15:03:54,Административный департамент ЦСП,CF02050301 Приобретение канцелярских товаров не дороже 40 т.р. без НДС,Приобретение канцелярских товаров,00ДО-0000177168,ДО,руб.,1,Клейкие закладки Attache 383732 пласт. Стрелка 8цв. По 15л. 45ммх12 Selection,\N,Мультикарта_Операционный блок_Мультикарта_Бюджет МВЗ,Административный департамент ЦСП,22%,101.93,565.25,Да,\N,\N,\N,\N,\N
МКУХ-005069,03.03.2026 23:59:59,Товары,КОМУС ООО (КПП 997350001),7721793895,997350001,МК24-070 от 13.03.2025,МК24-070,MK24-12-48-LLС,06.12.2024 15:03:54,Административный департамент ЦСП,CF02050301 Приобретение канцелярских товаров не дороже 40 т.р. без НДС,Приобретение канцелярских товаров,00ДО-0000177168,ДО,руб.,2,Клейкие закладки Attache Selection пластиковые 8 цветов по 15 листов 45х12 мм на линейке,\N,Мультикарта_Операционный блок_Мультикарта_Бюджет МВЗ,Административный департамент ЦСП,22%,174.74,969,Да,\N,\N,\N,\N,\N
МКУХ-005069,03.03.2026 23:59:59,Товары,КОМУС ООО (КПП 997350001),7721793895,997350001,МК24-070 от 13.03.2025,МК24-070,MK24-12-48-LLС,06.12.2024 15:03:54,Административный департамент ЦСП,CF02050301 Приобретение канцелярских товаров не дороже 40 т.р. без НДС,Приобретение канцелярских товаров,00ДО-0000177168,ДО,руб.,3,Калькулятор ПОЛНОРАЗМЕРНЫЙ Attache,\N,Мультикарта_Операционный блок_Мультикарта_Бюджет МВЗ,Административный департамент ЦСП,22%,149.68,830.06,Да,\N,\N,\N,\N,\N
МКУХ-005069,03.03.2026 23:59:59,Товары,КОМУС ООО (КПП 997350001),7721793895,997350001,МК24-070 от 13.03.2025,МК24-070,MK24-12-48-LLС,06.12.2024 15:03:54,Административный департамент ЦСП,CF02050301 Приобретение канцелярских товаров не дороже 40 т.р. без НДС,Приобретение канцелярских товаров,00ДО-0000177168,ДО,руб.,4,"Файл-вкладыш А4 40мкм Attache с перфорацией,100 шт., рифлен.пов",\N,Мультикарта_Операционный блок_Мультикарта_Бюджет МВЗ,Административный департамент ЦСП,22%,265.98,1475,Да,\N,\N,\N,\N,\N
"Поступление (акт, накладная, УПД) МКУХ-005250 от 03.03.2026 23:59:59",Отражение фактических данных МКУХ-002377 от 03.03.2026 23:59:59,\N,\N,\N,\N,\N,\N,\N,\N,\N,\N,\N,\N,\N,\N,\N,\N,\N,\N,\N,\N,\N,\N,\N,\N,\N,\N,\N,\N
МКУХ-005250,03.03.2026 23:59:59,Услуги,СИСТЕМА ООО (ИНН 7810914679),7810914679,781001001,Договор № 02/20-К от 25.09.2020 (Тема ООО),02/20-К,001073/ФУ,15.11.2023 0:00:00,Департамент процессинга,"CF02080000 Услуги связи (интернет, мобильная связь, почта и другие)","Услуги связи (интернет, мобильная связь, почта и другие)",00ДО-0000151306,ДО,руб.,1,Услуги от поставщика,Услуги связи(подключение),Договор № SSP240229OL1 от 26.03.2024,Департамент процессинга,5%,600,12600,Да,\N,\N,20.01,Обеспечение передачи данных фронтальной сети (связь),"Услуги связи (интернет, мобильная связь, почта и другие) (11030700)"
"Поступление (акт, накладная, УПД) МКУХ-005561 от 03.03.2026 23:59:59",Отражение фактических данных МКУХ-003348 от 03.03.2026 23:59:59,\N,\N,\N,\N,\N,\N,\N,\N,\N,\N,\N,\N,\N,\N,\N,\N,\N,\N,\N,\N,\N,\N,\N,\N,\N,\N,\N,\N
МКУХ-005561,03.03.2026 23:59:59,Услуги,ИНТЕРСВЯЗЬ-2 АО,7448068879,744801001,Договор №1100-2012/V от 01.07.2012г.,1100-2012/v,9118/МК,12.10.2012 0:00:00,Департамент процессинга,"CF02080000 Услуги связи (интернет, мобильная связь, почта и другие)","Услуги связи (интернет, мобильная связь, почта и другие)",00ДО-0000148226,ДО,руб.,1,Услуги от поставщика,Услуги связи,Договор № SSP240229OL1 от 26.03.2024,Департамент процессинга,22%,4778.69,26500,Да,\N,\N,20.01,Обеспечение передачи данных фронтальной сети (связь),"Услуги связи (интернет, мобильная связь, почта и другие) (11030700)"
"Поступление (акт, накладная, УПД) МКУХ-005061 от 04.03.2026 15:34:49",Отражение фактических данных МКУХ-002047 от 04.03.2026 15:34:49,\N,\N,\N,\N,\N,\N,\N,\N,\N,\N,\N,\N,\N,\N,\N,\N,\N,\N,\N,\N,\N,\N,\N,\N,\N,\N,\N,\N
МКУХ-005061,04.03.2026 15:34:49,Услуги,ДЖИ-ЭМ-О ГЛОБАЛ САЙН РАША ООО,7723863185,770401001,Абонентский договор №23050501-PAR248774 от 05.05.2023,23050501-PAR248774,000453/ФУ,05.05.2023 0:00:00,Департамент контроля рисков,CF02010600 Услуги по заказной разработке ПО,Услуги по заказной разработке ПО,00ДО-0000150126,ДО,руб.,1,Услуги от поставщика,Услуги по оформлению заказа на выпуск цифрового сертификата OrganizationSSL(MSSL) на 1 год (заказ CEPO260224690941),МУЛЬТИКАРТА_11_СЕРВЕРА,Департамент контроля рисков,22%,1965.04,10897.04,Да,\N,\N,20.01,ПР: авторизации,Лицензионные расходы за программное обеспечение компании (11020300)
"Поступление (акт, накладная, УПД) МКУХ-005087 от 04.03.2026 17:47:22",Отражение фактических данных МКУХ-002080 от 04.03.2026 17:47:22,\N,\N,\N,\N,\N,\N,\N,\N,\N,\N,\N,\N,\N,\N,\N,\N,\N,\N,\N,\N,\N,\N,\N,\N,\N,\N,\N,\N
МКУХ-005087,04.03.2026 17:47:22,Услуги,РЖД-ТЕХСЕРВИС ООО,7708316597,770801001,Договор №МК19-118 от 01.11.2019,МК19-118,00950/МК,28.10.2019 0:00:00,Департамент процессинга,"CF02080000 Услуги связи (интернет, мобильная связь, почта и другие)","Услуги связи (интернет, мобильная связь, почта и другие)",00ДО-0000148812,ДО,руб.,1,Услуги от поставщиков / подрядчиков,услуги связи ( подключение),Договор № SSP240229OL1 от 26.03.2024,Департамент процессинга,22%,4453.77,24698.2,Да,\N,\N,20.01,Обеспечение передачи данных фронтальной сети (связь),"Услуги связи (интернет, мобильная связь, почта и другие) (11030700)"
"Поступление (акт, накладная, УПД) МКУХ-005100 от 04.03.2026 23:58:20",Отражение фактических данных МКУХ-002093 от 04.03.2026 23:58:20,\N,\N,\N,\N,\N,\N,\N,\N,\N,\N,\N,\N,\N,\N,\N,\N,\N,\N,\N,\N,\N,\N,\N,\N,\N,\N,\N,\N
МКУХ-005100,04.03.2026 23:58:20,Услуги,РЖД-ТЕХСЕРВИС ООО,7708316597,770801001,Договор №МК19-118 от 01.11.2019,МК19-118,00950/МК,28.10.2019 0:00:00,Департамент процессинга,"CF02080000 Услуги связи (интернет, мобильная связь, почта и другие)","Услуги связи (интернет, мобильная связь, почта и другие)",00ДО-0000148812,ДО,руб.,1,Услуги от поставщиков / подрядчиков,услуги связи ( подключение),Договор № SSP240229OL1 от 26.03.2024,Департамент процессинга,22%,6398.67,35483.51,Да,\N,\N,20.01,Обеспечение передачи данных фронтальной сети (связь),"Услуги связи (интернет, мобильная связь, почта и другие) (11030700)"
"Поступление (акт, накладная, УПД) МКУХ-005101 от 04.03.2026 23:58:21",Отражение фактических данных МКУХ-002094 от 04.03.2026 23:58:21,\N,\N,\N,\N,\N,\N,\N,\N,\N,\N,\N,\N,\N,\N,\N,\N,\N,\N,\N,\N,\N,\N,\N,\N,\N,\N,\N,\N
МКУХ-005101,04.03.2026 23:58:21,Услуги,РЖД-ТЕХСЕРВИС ООО,7708316597,770801001,Договор №МК19-118 от 01.11.2019,МК19-118,00950/МК,28.10.2019 0:00:00,Департамент процессинга,"CF02080000 Услуги связи (интернет, мобильная связь, почта и другие)","Услуги связи (интернет, мобильная связь, почта и другие)",00ДО-0000148812,ДО,руб.,1,Услуги от поставщиков / подрядчиков,услуги связи ( подключение),Договор № SSP240229OL1 от 26.03.2024,Департамент процессинга,22%,1755.56,9735.35,Да,\N,\N,20.01,Обеспечение передачи данных фронтальной сети (связь),"Услуги связи (интернет, мобильная связь, почта и другие) (11030700)"
"Поступление (акт, накладная, УПД) МКУХ-005102 от 04.03.2026 23:58:22",Отражение фактических данных МКУХ-002095 от 04.03.2026 23:58:22,\N,\N,\N,\N,\N,\N,\N,\N,\N,\N,\N,\N,\N,\N,\N,\N,\N,\N,\N,\N,\N,\N,\N,\N,\N,\N,\N,\N
МКУХ-005102,04.03.2026 23:58:22,Услуги,РЖД-ТЕХСЕРВИС ООО,7708316597,770801001,Договор №МК19-118 от 01.11.2019,МК19-118,00950/МК,28.10.2019 0:00:00,Департамент процессинга,"CF02080000 Услуги связи (интернет, мобильная связь, почта и другие)","Услуги связи (интернет, мобильная связь, почта и другие)",00ДО-0000148812,ДО,руб.,1,Услуги от поставщиков / подрядчиков,услуги связи ( подключение),Договор № SSP240229OL1 от 26.03.2024,Департамент процессинга,22%,8345.48,46279.52,Да,\N,\N,20.01,Обеспечение передачи данных фронтальной сети (связь),"Услуги связи (интернет, мобильная связь, почта и другие) (11030700)"
"Поступление (акт, накладная, УПД) МКУХ-005180 от 04.03.2026 23:59:59",Отражение фактических данных МКУХ-002213 от 04.03.2026 23:59:59,\N,\N,\N,\N,\N,\N,\N,\N,\N,\N,\N,\N,\N,\N,\N,\N,\N,\N,\N,\N,\N,\N,\N,\N,\N,\N,\N,\N
МКУХ-005180,04.03.2026 23:59:59,Услуги,ФАТУМ-3 ООО,1657048628,165901001,4142-25/3 от 20.02.2026,4142-25/3,MK26-02-15-LC,09.02.2026 17:10:02,Департамент процессинга,"CF02080000 Услуги связи (интернет, мобильная связь, почта и другие)","Услуги связи (интернет, мобильная связь, почта и другие)",00ДО-0000228144,ДО,руб.,1,Услуги связи,Услуги связи за март 2026 г.,Договор № SSP240229OL1 от 26.03.2024,Департамент процессинга,5%,1514.29,31800,Да,\N,\N,20.01,Обеспечение передачи данных фронтальной сети (связь),"Услуги связи (интернет, мобильная связь, почта и другие) (11030700)"
"Поступление (акт, накладная, УПД) МКУХ-005181 от 04.03.2026 23:59:59",Отражение фактических данных МКУХ-002214 от 04.03.2026 23:59:59,\N,\N,\N,\N,\N,\N,\N,\N,\N,\N,\N,\N,\N,\N,\N,\N,\N,\N,\N,\N,\N,\N,\N,\N,\N,\N,\N,\N
МКУХ-005181,04.03.2026 23:59:59,Услуги,ФАТУМ-3 ООО,1657048628,165901001,4142-25/3 от 20.02.2026,4142-25/3,MK26-02-15-LC,09.02.2026 17:10:02,Департамент процессинга,"CF02080000 Услуги связи (интернет, мобильная связь, почта и другие)","Услуги связи (интернет, мобильная связь, почта и другие)",00ДО-0000228144,ДО,руб.,1,Услуги связи,Услуги связи за март 2026 г.,Договор № SSP240229OL1 от 26.03.2024,Департамент процессинга,5%,814.29,17100,Да,\N,\N,20.01,Обеспечение передачи данных фронтальной сети (связь),"Услуги связи (интернет, мобильная связь, почта и другие) (11030700)"
"Поступление (акт, накладная, УПД) МКУХ-005251 от 04.03.2026 23:59:59",Отражение фактических данных МКУХ-002378 от 04.03.2026 23:59:59,\N,\N,\N,\N,\N,\N,\N,\N,\N,\N,\N,\N,\N,\N,\N,\N,\N,\N,\N,\N,\N,\N,\N,\N,\N,\N,\N,\N
МКУХ-005251,04.03.2026 23:59:59,Услуги,СИСТЕМА ООО (ИНН 7810914679),7810914679,781001001,Договор № 02/20-К от 25.09.2020 (Тема ООО),02/20-К,001073/ФУ,15.11.2023 0:00:00,Департамент процессинга,"CF02080000 Услуги связи (интернет, мобильная связь, почта и другие)","Услуги связи (интернет, мобильная связь, почта и другие)",00ДО-0000151306,ДО,руб.,1,Услуги от поставщика,Услуги связи(подключение),Договор № SSP240229OL1 от 26.03.2024,Департамент процессинга,5%,750,15750,Да,\N,\N,20.01,Обеспечение передачи данных фронтальной сети (связь),"Услуги связи (интернет, мобильная связь, почта и другие) (11030700)"
"Поступление (акт, накладная, УПД) МКУХ-005414 от 04.03.2026 23:59:59",Отражение фактических данных МКУХ-002894 от 04.03.2026 23:59:59,\N,\N,\N,\N,\N,\N,\N,\N,\N,\N,\N,\N,\N,\N,\N,\N,\N,\N,\N,\N,\N,\N,\N,\N,\N,\N,\N,\N
МКУХ-005414,04.03.2026 23:59:59,Услуги,ФЛЕКС ООО,5031018470,503101001,Договор №208/INTБ-1 от 22.08.2011,208/INTБ-1,5088/МК,15.09.2011 0:00:00,Департамент процессинга,"CF02080000 Услуги связи (интернет, мобильная связь, почта и другие)","Услуги связи (интернет, мобильная связь, почта и другие)",00ДО-0000148712,ДО,руб.,1,Услуги от поставщиков / подрядчиков,Предоставление доступа к услугам связи,Договор № SSP240229OL1 от 26.03.2024,Департамент процессинга,22%,4414.43,24480,Да,\N,\N,20.01,Обеспечение передачи данных фронтальной сети (связь),"Услуги связи (интернет, мобильная связь, почта и другие) (11030700)"
"Поступление (акт, накладная, УПД) МКУХ-005490 от 04.03.2026 23:59:59",Отражение фактических данных МКУХ-003212 от 04.03.2026 23:59:59,\N,\N,\N,\N,\N,\N,\N,\N,\N,\N,\N,\N,\N,\N,\N,\N,\N,\N,\N,\N,\N,\N,\N,\N,\N,\N,\N,\N
МКУХ-005490,04.03.2026 23:59:59,Услуги,СВЯЗЬ-ЭНЕРГО ООО,4401088176,440101001,Договор №102/2017 от 29.08.2017,102/2017,9903/МК,13.10.2017 0:00:00,Департамент процессинга,"CF02080000 Услуги связи (интернет, мобильная связь, почта и другие)","Услуги связи (интернет, мобильная связь, почта и другие)",00ДО-0000147587,ДО,руб.,1,Услуги от поставщиков / подрядчиков,Единовременный платеж за предоставление доступа к Услугам связи БЗ№11,Договор № SSP240229OL1 от 26.03.2024,Департамент процессинга,22%,540.98,3000,Да,\N,\N,20.01,Обеспечение передачи данных фронтальной сети (связь),"Услуги связи (интернет, мобильная связь, почта и другие) (11030700)"
"Поступление (акт, накладная, УПД) МКУХ-005190 от 05.03.2026 15:01:03",Отражение фактических данных МКУХ-002224 от 05.03.2026 15:01:03,\N,\N,\N,\N,\N,\N,\N,\N,\N,\N,\N,\N,\N,\N,\N,\N,\N,\N,\N,\N,\N,\N,\N,\N,\N,\N,\N,\N
МКУХ-005190,05.03.2026 15:01:03,Услуги,РЖД-ТЕХСЕРВИС ООО,7708316597,770801001,Договор №МК19-118 от 01.11.2019,МК19-118,00950/МК,28.10.2019 0:00:00,Департамент процессинга,"CF02080000 Услуги связи (интернет, мобильная связь, почта и другие)","Услуги связи (интернет, мобильная связь, почта и другие)",00ДО-0000148812,ДО,руб.,1,Услуги от поставщиков / подрядчиков,услуги связи ( подключение),Договор № SSP240229OL1 от 26.03.2024,Департамент процессинга,22%,9956.39,55212.71,Да,\N,\N,20.01,Обеспечение передачи данных фронтальной сети (связь),"Услуги связи (интернет, мобильная связь, почта и другие) (11030700)"
"Поступление (акт, накладная, УПД) МКУХ-005201 от 05.03.2026 17:46:53",Отражение фактических данных МКУХ-002251 от 05.03.2026 17:46:53,\N,\N,\N,\N,\N,\N,\N,\N,\N,\N,\N,\N,\N,\N,\N,\N,\N,\N,\N,\N,\N,\N,\N,\N,\N,\N,\N,\N
МКУХ-005201,05.03.2026 17:46:53,Услуги,МЭЙДЖОР ЭКСПРЕСС ООО,7743505170,502401001,МК24-033/272245 от 19.06.2024,МК24-033/272245,24-06-1-LLС,06.06.2024 16:38:49,Административный департамент ЦСП,CF02080004 Курьерская доставка. Услуги связи,Курьерская доставка. Услуги связи,00ДО-0000151946,ДО,руб.,1,Услуги от поставщиков / подрядчиков,Транспортно- экспедиционные услуги (экспресс- доставка),Договор № SSP240229OL1 от 26.03.2024,Департамент процессинга,22%,8895.51,49329.65,Нет,\N,\N,20.01,ПР: авторизации,Логистические расходы (11020411)
МКУХ-005201,05.03.2026 17:46:53,Услуги,МЭЙДЖОР ЭКСПРЕСС ООО,7743505170,502401001,МК24-033/272245 от 19.06.2024,МК24-033/272245,24-06-1-LLС,06.06.2024 16:38:49,Административный департамент ЦСП,CF02080004 Курьерская доставка. Услуги связи,Курьерская доставка. Услуги связи,00ДО-0000151946,ДО,руб.,2,Услуги от поставщиков / подрядчиков,Транспортно- экспедиционные услуги (экспресс- доставка),Мультикарта_Операционный блок_Мультикарта_Бюджет МВЗ,Административный департамент ЦСП,22%,3503.38,19427.81,Нет,\N,\N,26,"Услуги связи (интернет, мобильная связь, почта и другие) (22030600)",\N
МКУХ-005201,05.03.2026 17:46:53,Услуги,МЭЙДЖОР ЭКСПРЕСС ООО,7743505170,502401001,МК24-033/272245 от 19.06.2024,МК24-033/272245,24-06-1-LLС,06.06.2024 16:38:49,Административный департамент ЦСП,CF02080004 Курьерская доставка. Услуги связи,Курьерская доставка. Услуги связи,00ДО-0000151946,ДО,руб.,3,Услуги от поставщиков / подрядчиков,Транспортно-экспедиционные услуги (международная доставка),Мультикарта_Операционный блок_Мультикарта_Бюджет МВЗ,Административный департамент ЦСП,0%,\N,6981.58,Нет,\N,\N,26,"Услуги связи (интернет, мобильная связь, почта и другие) (22030600)",\N
"Поступление (акт, накладная, УПД) МКУХ-005235 от 05.03.2026 22:00:00",Отражение фактических данных МКУХ-002363 от 05.03.2026 22:00:00,\N,\N,\N,\N,\N,\N,\N,\N,\N,\N,\N,\N,\N,\N,\N,\N,\N,\N,\N,\N,\N,\N,\N,\N,\N,\N,\N,\N
МКУХ-005235,05.03.2026 22:00:00,Услуги,БАНК ВТБ (ПАО) (КПП 784201001),7702070139,784201001,Комиссия ВК,\N,\N,\N,\N,\N,\N,\N,\N,руб.,1,Услуги от поставщика,Комиссия за проведение процедур ВК,Мультикарта_Операционный блок_Мультикарта_Бюджет МВЗ,Финансовый отдел_Мультикарта,22%,171.16,949.17,Да,\N,\N,91.02,Расходы на расчетно-кассовое обслуживание,\N
"Поступление (акт, накладная, УПД) МКУХ-005219 от 05.03.2026 23:57:48",Отражение фактических данных МКУХ-002334 от 05.03.2026 23:57:48,\N,\N,\N,\N,\N,\N,\N,\N,\N,\N,\N,\N,\N,\N,\N,\N,\N,\N,\N,\N,\N,\N,\N,\N,\N,\N,\N,\N
МКУХ-005219,05.03.2026 23:57:48,Услуги,ГЦБИТ АО,7707113869,500301001,Договор №МК23-072 от 28.08.2023,МК23-072,000815/ФУ,22.08.2023 0:00:00,Руководство БЕ_Мультикарта,CF02060000 Командировочные платежи,Командировочные расходы,00ДО-0000149802,ДО,руб.,1,Услуги от поставщика,Сервисные сборы за приобритение билетов для ГЕРМАН Г А Мск-Спб-Мск 23 и 25 марта 2026г.,Мультикарта_Департамент развития технологий_Бюджет МВЗ,Административный департамент ЦСП,22%,77.54,430,Да,\N,\N,26,Командировочные расходы (22030400),\N
"Поступление (акт, накладная, УПД) МКУХ-005252 от 05.03.2026 23:58:06",Отражение фактических данных МКУХ-002379 от 05.03.2026 23:58:06,\N,\N,\N,\N,\N,\N,\N,\N,\N,\N,\N,\N,\N,\N,\N,\N,\N,\N,\N,\N,\N,\N,\N,\N,\N,\N,\N,\N
МКУХ-005252,05.03.2026 23:58:06,Услуги,СИСТЕМА ООО (ИНН 7810914679),7810914679,781001001,Договор № 02/20-К от 25.09.2020 (Тема ООО),02/20-К,001073/ФУ,15.11.2023 0:00:00,Департамент процессинга,"CF02080000 Услуги связи (интернет, мобильная связь, почта и другие)","Услуги связи (интернет, мобильная связь, почта и другие)",00ДО-0000151306,ДО,руб.,1,Услуги от поставщика,Услуги связи(подключение),Договор № SSP240229OL1 от 26.03.2024,Департамент процессинга,5%,2000,42000,Да,\N,\N,20.01,Обеспечение передачи данных фронтальной сети (связь),"Услуги связи (интернет, мобильная связь, почта и другие) (11030700)"
"Поступление (акт, накладная, УПД) МКУХ-005587 от 05.03.2026 23:59:59",Отражение фактических данных МКУХ-003392 от 05.03.2026 23:59:59,\N,\N,\N,\N,\N,\N,\N,\N,\N,\N,\N,\N,\N,\N,\N,\N,\N,\N,\N,\N,\N,\N,\N,\N,\N,\N,\N,\N
МКУХ-005587,05.03.2026 23:59:59,Услуги,КОМПАНИЯ ТРАНСТЕЛЕКОМ АО,7709219099,775050001,Договор №MS006399 на предоставление услуг связи от 30.01.2014,MS006399,MK24-11-47-LC,18.11.2024 9:20:50,Департамент процессинга,"CF02080000 Услуги связи (интернет, мобильная связь, почта и другие)","Услуги связи (интернет, мобильная связь, почта и другие)",00ДО-0000172839,ДО,руб.,1,Услуги от поставщиков / подрядчиков,услуги связи - подключение,Договор № SSP240229OL1 от 26.03.2024,Департамент процессинга,22%,3300,18300,Да,\N,\N,20.01,Обеспечение передачи данных фронтальной сети (связь),"Услуги связи (интернет, мобильная связь, почта и другие) (11030700)"
"Поступление (акт, накладная, УПД) МКУХ-005633 от 05.03.2026 23:59:59",Отражение фактических данных МКУХ-003503 от 05.03.2026 23:59:59,\N,\N,\N,\N,\N,\N,\N,\N,\N,\N,\N,\N,\N,\N,\N,\N,\N,\N,\N,\N,\N,\N,\N,\N,\N,\N,\N,\N
МКУХ-005633,05.03.2026 23:59:59,Услуги,ООО СМАРТ ТЕЛЕКОМ,7825365252,784201001,Договор №19791/07/14-С от 01.07.2014,19791/07/14-С,9428/МК,25.08.2014 0:00:00,Департамент процессинга,"CF02080000 Услуги связи (интернет, мобильная связь, почта и другие)","Услуги связи (интернет, мобильная связь, почта и другие)",00ДО-0000147744,ДО,руб.,1,Услуги от поставщиков / подрядчиков,услуги связи,Договор № SSP240229OL1 от 26.03.2024,Департамент процессинга,22%,2704.92,15000,Да,\N,\N,20.01,Обеспечение передачи данных фронтальной сети (связь),"Услуги связи (интернет, мобильная связь, почта и другие) (11030700)"
"Поступление (акт, накладная, УПД) МКУХ-005363 от 06.03.2026 0:00:00",\N,\N,\N,\N,\N,\N,\N,\N,\N,\N,\N,\N,\N,\N,\N,\N,\N,\N,\N,\N,\N,\N,\N,\N,\N,\N,\N,\N,\N
МКУХ-005363,06.03.2026 0:00:00,Услуги,ТС ИНТЕГРАЦИЯ ООО,7720479365,997750001,80-41.22 от 20.03.2023 Заказ 69 от 26.02.2026,80-41.22 от 20.03.2023 Заказ 69,MK26-02-16-VGO,16.02.2026 9:33:57,Департамент процессинга,CF02020200 Платежи за покупку программно-аппаратных комплексов (ПАК) для перепродажи,Расходы на покупку оборудования для перепродажи,00ДО-0000228812,ДО,руб.,1,Услуги от поставщиков / подрядчиков,"Сертификат на техническую поддержку Улучшенная для ПАК (Advanced NCD) Сертифицированного программно-аппаратного комплекса Шлюз безопасности PT NGFW 1050, в режиме 24x7, в течение 60 (шестидесяти) месяцев",Договор № SSP240229OL1 от 26.03.2024,Департамент процессинга,22%,182180.41,1010273.2,Да,\N,\N,97.21,Тех. поддержка Улучшенная для сертифицированного ПАК  Шлюз безопасности PT NGFW 1050 для Мск,\N
"Поступление (акт, накладная, УПД) МКУХ-005367 от 06.03.2026 0:00:00",\N,\N,\N,\N,\N,\N,\N,\N,\N,\N,\N,\N,\N,\N,\N,\N,\N,\N,\N,\N,\N,\N,\N,\N,\N,\N,\N,\N,\N
МКУХ-005367,06.03.2026 0:00:00,Услуги,ТС ИНТЕГРАЦИЯ ООО,7720479365,997750001,80-41.22 от 20.03.2023 Заказ 69 от 26.02.2026,80-41.22 от 20.03.2023 Заказ 69,MK26-02-16-VGO,16.02.2026 9:33:57,Департамент процессинга,CF02020200 Платежи за покупку программно-аппаратных комплексов (ПАК) для перепродажи,Расходы на покупку оборудования для перепродажи,00ДО-0000228812,ДО,руб.,1,Услуги от поставщиков / подрядчиков,"Программное обеспечение Positive Technologies Next Generation Firewall. Базовая лицензия на шлюз безопасности GW-1050, обновления в течение 60 (шестидесяти) месяцев,Реестровая запись в РРПО №20399 от 14.12.2023 г.",Договор № SSP240229OL1 от 26.03.2024,Департамент процессинга,Без НДС,\N,1350927.84,Да,\N,\N,08.03,"Аппаратная платформа Positive Technologies Next Generation Firewall GW-1050 (БИОПРОКСИ,в сборе) Спб",Расходы на приобретение IT оборудования производственного назначения (11021101)
МКУХ-005367,06.03.2026 0:00:00,Услуги,ТС ИНТЕГРАЦИЯ ООО,7720479365,997750001,80-41.22 от 20.03.2023 Заказ 69 от 26.02.2026,80-41.22 от 20.03.2023 Заказ 69,MK26-02-16-VGO,16.02.2026 9:33:57,Департамент процессинга,CF02020200 Платежи за покупку программно-аппаратных комплексов (ПАК) для перепродажи,Расходы на покупку оборудования для перепродажи,00ДО-0000228812,ДО,руб.,3,Услуги от поставщиков / подрядчиков,"Программное обеспечение Positive Technologies Next Generation Firewall. Лицензия на программное обеспечение Positive Technologies Next Generation Firewall для ОС Astra Linux*. Лицензия на ОС Astra Linux* для использования в составе ПАК NGFW для GW-10xx, «Усиленный». Обновление в течение 60 (шестидесяти) месяцев,Реестровая запись в РРПО №20399 от 14.12.2023 г.",Договор № SSP240229OL1 от 26.03.2024,Департамент процессинга,Без НДС,\N,331417.53,Да,\N,\N,08.03,"Аппаратная платформа Positive Technologies Next Generation Firewall GW-1050 (БИОПРОКСИ,в сборе) Спб",Расходы на приобретение IT оборудования производственного назначения (11021101)
МКУХ-005367,06.03.2026 0:00:00,Услуги,ТС ИНТЕГРАЦИЯ ООО,7720479365,997750001,80-41.22 от 20.03.2023 Заказ 69 от 26.02.2026,80-41.22 от 20.03.2023 Заказ 69,MK26-02-16-VGO,16.02.2026 9:33:57,Департамент процессинга,CF02020200 Платежи за покупку программно-аппаратных комплексов (ПАК) для перепродажи,Расходы на покупку оборудования для перепродажи,00ДО-0000228812,ДО,руб.,4,Услуги от поставщиков / подрядчиков,"Программное обеспечение Positive Technologies Next Generation Firewall. Базовая лицензия на шлюз безопасности GW-1050, обновления в течение 60 (шестидесяти) месяцев,Реестровая запись в РРПО №20399 от 14.12.2023 г.",Договор № SSP240229OL1 от 26.03.2024,Департамент процессинга,Без НДС,\N,1350927.84,Да,\N,\N,08.03,"Аппаратная платформа Positive Technologies Next Generation Firewall GW-1050 (БИОПРОКСИ,в сборе) Мск",Расходы на приобретение IT оборудования производственного назначения (11021101)
МКУХ-005367,06.03.2026 0:00:00,Услуги,ТС ИНТЕГРАЦИЯ ООО,7720479365,997750001,80-41.22 от 20.03.2023 Заказ 69 от 26.02.2026,80-41.22 от 20.03.2023 Заказ 69,MK26-02-16-VGO,16.02.2026 9:33:57,Департамент процессинга,CF02020200 Платежи за покупку программно-аппаратных комплексов (ПАК) для перепродажи,Расходы на покупку оборудования для перепродажи,00ДО-0000228812,ДО,руб.,5,Услуги от поставщиков / подрядчиков,"Программное обеспечение Positive Technologies Next Generation Firewall. Лицензия на получение сигнатур IPS для шлюза безопасности GW-1050, обновления в течение 60 (шестидесяти) месяцев,Реестровая запись в РРПО №20399 от 14.12.2023 г.",Договор № SSP240229OL1 от 26.03.2024,Департамент процессинга,Без НДС,\N,270185.57,Да,\N,\N,08.03,"Аппаратная платформа Positive Technologies Next Generation Firewall GW-1050 (БИОПРОКСИ,в сборе) Мск",Расходы на приобретение IT оборудования производственного назначения (11021101)
МКУХ-005367,06.03.2026 0:00:00,Услуги,ТС ИНТЕГРАЦИЯ ООО,7720479365,997750001,80-41.22 от 20.03.2023 Заказ 69 от 26.02.2026,80-41.22 от 20.03.2023 Заказ 69,MK26-02-16-VGO,16.02.2026 9:33:57,Департамент процессинга,CF02020200 Платежи за покупку программно-аппаратных комплексов (ПАК) для перепродажи,Расходы на покупку оборудования для перепродажи,00ДО-0000228812,ДО,руб.,6,Услуги от поставщиков / подрядчиков,"Программное обеспечение Positive Technologies Next Generation Firewall. Лицензия на программное обеспечение Positive Technologies Next Generation Firewall для ОС Astra Linux*. Лицензия на ОС Astra Linux* для использования в составе ПАК NGFW для GW-10xx, «Усиленный». Обновление в течение 60 (шестидесяти) месяцев,Реестровая запись в РРПО №20399 от 14.12.2023 г.",Договор № SSP240229OL1 от 26.03.2024,Департамент процессинга,Без НДС,\N,331417.53,Да,\N,\N,08.03,"Аппаратная платформа Positive Technologies Next Generation Firewall GW-1050 (БИОПРОКСИ,в сборе) Мск",Расходы на приобретение IT оборудования производственного назначения (11021101)
МКУХ-005367,06.03.2026 0:00:00,Услуги,ТС ИНТЕГРАЦИЯ ООО,7720479365,997750001,80-41.22 от 20.03.2023 Заказ 69 от 26.02.2026,80-41.22 от 20.03.2023 Заказ 69,MK26-02-16-VGO,16.02.2026 9:33:57,Департамент процессинга,CF02020200 Платежи за покупку программно-аппаратных комплексов (ПАК) для перепродажи,Расходы на покупку оборудования для перепродажи,00ДО-0000228812,ДО,руб.,7,Услуги от поставщиков / подрядчиков,"Программное обеспечение Positive Technologies Next Generation Firewall. Cистема управления для установки на виртуальный хост, лицензия на 20 устройств, обновления в течение 60 (шестидесяти) месяцев,Реестровая запись в РРПО №20399 от 14.12.2023 г",Договор № SSP240229OL1 от 26.03.2024,Департамент процессинга,Без НДС,\N,472824.74,Да,\N,\N,08.03,"Аппаратная платформа Positive Technologies Next Generation Firewall GW-1050 (БИОПРОКСИ,в сборе) Мск",Расходы на приобретение IT оборудования производственного назначения (11021101)
МКУХ-005367,06.03.2026 0:00:00,Услуги,ТС ИНТЕГРАЦИЯ ООО,7720479365,997750001,80-41.22 от 20.03.2023 Заказ 69 от 26.02.2026,80-41.22 от 20.03.2023 Заказ 69,MK26-02-16-VGO,16.02.2026 9:33:57,Департамент процессинга,CF02020200 Платежи за покупку программно-аппаратных комплексов (ПАК) для перепродажи,Расходы на покупку оборудования для перепродажи,00ДО-0000228812,ДО,руб.,2,Услуги от поставщиков / подрядчиков,"Программное обеспечение Positive Technologies Next Generation Firewall. Лицензия на получение сигнатур IPS для шлюза безопасности GW-1050, обновления в течение 60 (шестидесяти) месяцев,Реестровая запись в РРПО №20399 от 14.12.2023 г.",Договор № SSP240229OL1 от 26.03.2024,Департамент процессинга,Без НДС,\N,270185.57,Да,\N,\N,08.03,"Аппаратная платформа Positive Technologies Next Generation Firewall GW-1050 (БИОПРОКСИ,в сборе) Спб",Расходы на приобретение IT оборудования производственного назначения (11021101)
"Поступление (акт, накладная, УПД) МКУХ-005355 от 06.03.2026 0:00:00",\N,\N,\N,\N,\N,\N,\N,\N,\N,\N,\N,\N,\N,\N,\N,\N,\N,\N,\N,\N,\N,\N,\N,\N,\N,\N,\N,\N,\N
МКУХ-005355,06.03.2026 0:00:00,Услуги,ТС ИНТЕГРАЦИЯ ООО,7720479365,997750001,80-41.22 от 20.03.2023 Заказ 69 от 26.02.2026,80-41.22 от 20.03.2023 Заказ 69,MK26-02-16-VGO,16.02.2026 9:33:57,Департамент процессинга,CF02020200 Платежи за покупку программно-аппаратных комплексов (ПАК) для перепродажи,Расходы на покупку оборудования для перепродажи,00ДО-0000228812,ДО,руб.,1,Услуги от поставщиков / подрядчиков,"Сертификат на техническую поддержку Улучшенная для ПАК (Advanced NCD) Сертифицированного программно-аппаратного комплекса Шлюз безопасности PT NGFW 1050, в режиме 24x7, в течение 60 (шестидесяти) месяцев",Договор № SSP240229OL1 от 26.03.2024,Департамент процессинга,22%,182180.41,1010273.2,Да,\N,\N,97.21,Тех. поддержка Улучшенная для сертифицированного ПАК  Шлюз безопасности PT NGFW 1050 для Спб,\N
"Поступление (акт, накладная, УПД) МКУХ-005206 от 06.03.2026 8:16:36",Отражение фактических данных МКУХ-002320 от 06.03.2026 8:16:36,\N,\N,\N,\N,\N,\N,\N,\N,\N,\N,\N,\N,\N,\N,\N,\N,\N,\N,\N,\N,\N,\N,\N,\N,\N,\N,\N,\N
МКУХ-005206,06.03.2026 8:16:36,Услуги,45КА ООО,2453010674,245301001,Договор №KRK-Y-INT-18/29416 на предоставление услуг связи от 31.07.2018,KRK-Y-INT-18/29416,MK25-03-10-LC,18.03.2025 13:47:20,Департамент процессинга,"CF02080000 Услуги связи (интернет, мобильная связь, почта и другие)","Услуги связи (интернет, мобильная связь, почта и другие)",00ДО-0000190449,ДО,руб.,1,Услуги от поставщиков / подрядчиков,услуги связи,Договор № SSP240229OL1 от 26.03.2024,Департамент процессинга,22%,119.02,660,Да,\N,\N,20.01,Обеспечение передачи данных фронтальной сети (связь),"Услуги связи (интернет, мобильная связь, почта и другие) (11030700)"
"Поступление (акт, накладная, УПД) МКУХ-005205 от 06.03.2026 8:26:18",Отражение фактических данных МКУХ-002319 от 06.03.2026 8:26:18,\N,\N,\N,\N,\N,\N,\N,\N,\N,\N,\N,\N,\N,\N,\N,\N,\N,\N,\N,\N,\N,\N,\N,\N,\N,\N,\N,\N
МКУХ-005205,06.03.2026 8:26:18,Услуги,КРИСТЕЛЕКОМ ООО,2455020815,245501001,Договор №127 от 01.08.2014г.,127,9856/МК,09.09.2014 0:00:00,Департамент процессинга,"CF02080000 Услуги связи (интернет, мобильная связь, почта и другие)","Услуги связи (интернет, мобильная связь, почта и другие)",00ДО-0000147059,ДО,руб.,1,Услуги от поставщиков / подрядчиков,услуги связи,Договор № SSP240229OL1 от 26.03.2024,Департамент процессинга,22%,353.44,1960,Да,\N,\N,20.01,Обеспечение передачи данных фронтальной сети (связь),"Услуги связи (интернет, мобильная связь, почта и другие) (11030700)"
"Поступление (акт, накладная, УПД) МКУХ-005218 от 06.03.2026 17:06:05",Отражение фактических данных МКУХ-002333 от 06.03.2026 17:06:05,\N,\N,\N,\N,\N,\N,\N,\N,\N,\N,\N,\N,\N,\N,\N,\N,\N,\N,\N,\N,\N,\N,\N,\N,\N,\N,\N,\N
МКУХ-005218,06.03.2026 17:06:05,Услуги,МЭЙДЖОР ЭКСПРЕСС ООО,7743505170,502401001,МК24-033/272245 от 19.06.2024,МК24-033/272245,24-06-1-LLС,06.06.2024 16:38:49,Административный департамент ЦСП,CF02080004 Курьерская доставка. Услуги связи,Курьерская доставка. Услуги связи,00ДО-0000151946,ДО,руб.,1,Услуги от поставщиков / подрядчиков,Транспортно- экспедиционные услуги (экспресс- доставка),Договор № SSP240229OL1 от 26.03.2024,Департамент процессинга,22%,677.1,3754.8,Да,\N,\N,20.01,ПР: авторизации,Логистические расходы (11020411)
"Поступление (акт, накладная, УПД) МКУХ-005213 от 06.03.2026 17:26:08",Отражение фактических данных МКУХ-002329 от 06.03.2026 17:26:08,\N,\N,\N,\N,\N,\N,\N,\N,\N,\N,\N,\N,\N,\N,\N,\N,\N,\N,\N,\N,\N,\N,\N,\N,\N,\N,\N,\N
МКУХ-005213,06.03.2026 17:26:08,Услуги,ЛАНТА ООО (ИНН 6829003413),6829003413,682901001,Договор №ЮЛ-125628/11от 01.12.2011г,ЮЛ-125628/11,5500/МК,13.06.2012 0:00:00,Департамент процессинга,"CF02080000 Услуги связи (интернет, мобильная связь, почта и другие)","Услуги связи (интернет, мобильная связь, почта и другие)",00ДО-0000148866,ДО,руб.,1,Услуги от поставщиков / подрядчиков,услуги связи,Договор № SSP240229OL1 от 26.03.2024,Департамент процессинга,22%,3840.98,21300,Да,\N,\N,20.01,Обеспечение передачи данных фронтальной сети (связь),"Услуги связи (интернет, мобильная связь, почта и другие) (11030700)"
"Поступление (акт, накладная, УПД) МКУХ-005354 от 06.03.2026 23:59:59",Отражение фактических данных МКУХ-002650 от 06.03.2026 23:59:59,\N,\N,\N,\N,\N,\N,\N,\N,\N,\N,\N,\N,\N,\N,\N,\N,\N,\N,\N,\N,\N,\N,\N,\N,\N,\N,\N,\N
МКУХ-005354,06.03.2026 23:59:59,Услуги,ЭСАРДЖИ-ЭКО ООО,7715580507,770101001,MK25-10-45-LLС от 05.11.2025,MK25-10-45-LLС,MK25-10-45-LLС,16.10.2025 8:56:02,Административный департамент ЦСП,CF02050500 Платежи на мероприятия по охране труда (в т.ч. пожарная безопасность),Расходы на мероприятия по охране труда (в т.ч. пожарная безопасность),00ДО-0000212625,ДО,руб.,1,Услуги от поставщиков / подрядчиков,Обучение по охране труда,Мультикарта_Операционный блок_Мультикарта_Бюджет МВЗ,Административный департамент ЦСП,22%,3036,16836,Да,\N,\N,26,Тренинги (22010300),\N
"Поступление (акт, накладная, УПД) МКУХ-005356 от 06.03.2026 23:59:59",\N,\N,\N,\N,\N,\N,\N,\N,\N,\N,\N,\N,\N,\N,\N,\N,\N,\N,\N,\N,\N,\N,\N,\N,\N,\N,\N,\N,\N
МКУХ-005356,06.03.2026 23:59:59,Товары,ТС ИНТЕГРАЦИЯ ООО,7720479365,997750001,80-41.22 от 20.03.2023 Заказ 69 от 26.02.2026,80-41.22 от 20.03.2023 Заказ 69,MK26-02-16-VGO,16.02.2026 9:33:57,Департамент процессинга,CF02020200 Платежи за покупку программно-аппаратных комплексов (ПАК) для перепродажи,Расходы на покупку оборудования для перепродажи,00ДО-0000228812,ДО,руб.,1,"Модуль оптический PT-SFP-10G-SR (10G, 850nm, 300m., LC, DDM)",\N,Договор № SSP240229OL1 от 26.03.2024,Департамент процессинга,22%,2552.91,14157.04,Да,\N,\N,\N,\N,\N
МКУХ-005356,06.03.2026 23:59:59,Товары,ТС ИНТЕГРАЦИЯ ООО,7720479365,997750001,80-41.22 от 20.03.2023 Заказ 69 от 26.02.2026,80-41.22 от 20.03.2023 Заказ 69,MK26-02-16-VGO,16.02.2026 9:33:57,Департамент процессинга,CF02020200 Платежи за покупку программно-аппаратных комплексов (ПАК) для перепродажи,Расходы на покупку оборудования для перепродажи,00ДО-0000228812,ДО,руб.,2,"Модуль оптический PT-SFP-SX-MMD (1,25G, 550m, Tx850nm, MM, LC, DDM)",\N,Договор № SSP240229OL1 от 26.03.2024,Департамент процессинга,22%,1486.02,8240.66,Да,\N,\N,\N,\N,\N
МКУХ-005356,06.03.2026 23:59:59,Товары,ТС ИНТЕГРАЦИЯ ООО,7720479365,997750001,80-41.22 от 20.03.2023 Заказ 69 от 26.02.2026,80-41.22 от 20.03.2023 Заказ 69,MK26-02-16-VGO,16.02.2026 9:33:57,Департамент процессинга,CF02020200 Платежи за покупку программно-аппаратных комплексов (ПАК) для перепродажи,Расходы на покупку оборудования для перепродажи,00ДО-0000228812,ДО,руб.,3,"Аппаратная платформа Positive Technologies Next Generation Firewall GW-1050, сетевые интерфейсы 4 x 1Gbps RJ45, 2 x 1Gbps SFP/RJ45 Combo, 2 x 10Gbps S",\N,Договор № SSP240229OL1 от 26.03.2024,Департамент процессинга,22%,114309.28,633896.91,Да,\N,\N,\N,\N,\N
МКУХ-005356,06.03.2026 23:59:59,Товары,ТС ИНТЕГРАЦИЯ ООО,7720479365,997750001,80-41.22 от 20.03.2023 Заказ 69 от 26.02.2026,80-41.22 от 20.03.2023 Заказ 69,MK26-02-16-VGO,16.02.2026 9:33:57,Департамент процессинга,CF02020200 Платежи за покупку программно-аппаратных комплексов (ПАК) для перепродажи,Расходы на покупку оборудования для перепродажи,00ДО-0000228812,ДО,руб.,4,Дополнительная сетевая карта для аппаратных платформ Positive Technologies Next Generation Firewall GW-10xx. Аппаратный модуль доверенной загрузки. Ко,\N,Договор № SSP240229OL1 от 26.03.2024,Департамент процессинга,22%,8470,46970,Да,\N,\N,\N,\N,\N
"Поступление (акт, накладная, УПД) МКУХ-005368 от 06.03.2026 23:59:59",\N,\N,\N,\N,\N,\N,\N,\N,\N,\N,\N,\N,\N,\N,\N,\N,\N,\N,\N,\N,\N,\N,\N,\N,\N,\N,\N,\N,\N
МКУХ-005368,06.03.2026 23:59:59,Товары,ТС ИНТЕГРАЦИЯ ООО,7720479365,997750001,80-41.22 от 20.03.2023 Заказ 69 от 26.02.2026,80-41.22 от 20.03.2023 Заказ 69,MK26-02-16-VGO,16.02.2026 9:33:57,Департамент процессинга,CF02020200 Платежи за покупку программно-аппаратных комплексов (ПАК) для перепродажи,Расходы на покупку оборудования для перепродажи,00ДО-0000228812,ДО,руб.,4,Дополнительная сетевая карта для аппаратных платформ Positive Technologies Next Generation Firewall GW-10xx. Аппаратный модуль доверенной загрузки. Ко,\N,Договор № SSP240229OL1 от 26.03.2024,Департамент процессинга,22%,8470,46970,Да,\N,\N,\N,\N,\N
МКУХ-005368,06.03.2026 23:59:59,Товары,ТС ИНТЕГРАЦИЯ ООО,7720479365,997750001,80-41.22 от 20.03.2023 Заказ 69 от 26.02.2026,80-41.22 от 20.03.2023 Заказ 69,MK26-02-16-VGO,16.02.2026 9:33:57,Департамент процессинга,CF02020200 Платежи за покупку программно-аппаратных комплексов (ПАК) для перепродажи,Расходы на покупку оборудования для перепродажи,00ДО-0000228812,ДО,руб.,3,"Аппаратная платформа Positive Technologies Next Generation Firewall GW-1050, сетевые интерфейсы 4 x 1Gbps RJ45, 2 x 1Gbps SFP/RJ45 Combo, 2 x 10Gbps S",\N,Договор № SSP240229OL1 от 26.03.2024,Департамент процессинга,22%,114309.28,633896.91,Да,\N,\N,\N,\N,\N
МКУХ-005368,06.03.2026 23:59:59,Товары,ТС ИНТЕГРАЦИЯ ООО,7720479365,997750001,80-41.22 от 20.03.2023 Заказ 69 от 26.02.2026,80-41.22 от 20.03.2023 Заказ 69,MK26-02-16-VGO,16.02.2026 9:33:57,Департамент процессинга,CF02020200 Платежи за покупку программно-аппаратных комплексов (ПАК) для перепродажи,Расходы на покупку оборудования для перепродажи,00ДО-0000228812,ДО,руб.,2,"Модуль оптический PT-SFP-SX-MMD (1,25G, 550m, Tx850nm, MM, LC, DDM)",\N,Договор № SSP240229OL1 от 26.03.2024,Департамент процессинга,22%,1486.02,8240.66,Да,\N,\N,\N,\N,\N
МКУХ-005368,06.03.2026 23:59:59,Товары,ТС ИНТЕГРАЦИЯ ООО,7720479365,997750001,80-41.22 от 20.03.2023 Заказ 69 от 26.02.2026,80-41.22 от 20.03.2023 Заказ 69,MK26-02-16-VGO,16.02.2026 9:33:57,Департамент процессинга,CF02020200 Платежи за покупку программно-аппаратных комплексов (ПАК) для перепродажи,Расходы на покупку оборудования для перепродажи,00ДО-0000228812,ДО,руб.,1,"Модуль оптический PT-SFP-10G-SR (10G, 850nm, 300m., LC, DDM)",\N,Договор № SSP240229OL1 от 26.03.2024,Департамент процессинга,22%,2552.91,14157.04,Да,\N,\N,\N,\N,\N
"Поступление (акт, накладная, УПД) МКУХ-005560 от 06.03.2026 23:59:59",Отражение фактических данных МКУХ-003346 от 06.03.2026 23:59:59,\N,\N,\N,\N,\N,\N,\N,\N,\N,\N,\N,\N,\N,\N,\N,\N,\N,\N,\N,\N,\N,\N,\N,\N,\N,\N,\N,\N
МКУХ-005560,06.03.2026 23:59:59,Услуги,ФИНЕЙТИВ ООО,2463230816,772901001,Договор №МК23-084 от 01.11.2023,MK23-084,000999/ФУ,19.10.2023 0:00:00,Центр сопровождения клиентов,"CF02020300 Платежи за приобретение ПО, лицензий, сертификатов для перепродажи",Расходы на лицензии для перепродажи,00ДО-0000149807,ДО,руб.,1,Услуги от поставщика,Работы по Доработке ПО по заявке № 17,МУЛЬТИКАРТА_11_ЦБ,Центр сопровождения клиентов,Без НДС,\N,610200,Да,\N,\N,20.01,ПР: авторизации,Услуги по заказной разработке ПО (11020406)
"Поступление (акт, накладная, УПД) МКУХ-005604 от 06.03.2026 23:59:59",Отражение фактических данных МКУХ-003413 от 06.03.2026 23:59:59,\N,\N,\N,\N,\N,\N,\N,\N,\N,\N,\N,\N,\N,\N,\N,\N,\N,\N,\N,\N,\N,\N,\N,\N,\N,\N,\N,\N
МКУХ-005604,06.03.2026 23:59:59,Услуги,"Северо-Западный Филиал ПАО ""МегаФон""",7812014560,780143001,Стандартный договор на предоставление телекоммуникационных услуг (№ 111666 от 01.07.2008),111666,2797/МК,04.08.2008 0:00:00,Департамент процессинга,"CF02080000 Услуги связи (интернет, мобильная связь, почта и другие)","Услуги связи (интернет, мобильная связь, почта и другие)",00ДО-0000147336,ДО,руб.,1,Услуги от поставщиков / подрядчиков,услуги связи,Договор № SSP240229OL1 от 26.03.2024,Департамент процессинга,22%,2200,12200,Да,\N,\N,20.01,Обеспечение передачи данных фронтальной сети (связь),"Услуги связи (интернет, мобильная связь, почта и другие) (11030700)"
"Поступление (акт, накладная, УПД) МКУХ-005232 от 09.03.2026 14:26:03",Отражение фактических данных МКУХ-002361 от 09.03.2026 14:26:03,\N,\N,\N,\N,\N,\N,\N,\N,\N,\N,\N,\N,\N,\N,\N,\N,\N,\N,\N,\N,\N,\N,\N,\N,\N,\N,\N,\N
МКУХ-005232,09.03.2026 14:26:03,Услуги,Т2 МОБАЙЛ ООО (КПП 775101001),7743895280,775101001,Договор об оказании услуг связи №50599532 от 01.01.2016,50599532,MK24-10-38-LC,22.10.2024 15:41:21,Департамент процессинга,"CF02080000 Услуги связи (интернет, мобильная связь, почта и другие)","Услуги связи (интернет, мобильная связь, почта и другие)",00ДО-0000169999,ДО,руб.,1,Услуги от поставщика,Услуги связи интернет,Договор № SSP240229OL1 от 26.03.2024,Департамент процессинга,22%,154519.72,856882.07,Да,\N,\N,20.01,Обеспечение передачи данных фронтальной сети (связь),"Услуги связи (интернет, мобильная связь, почта и другие) (11030700)"
"Поступление (акт, накладная, УПД) МКУХ-005231 от 09.03.2026 14:36:02",Отражение фактических данных МКУХ-002360 от 09.03.2026 14:36:02,\N,\N,\N,\N,\N,\N,\N,\N,\N,\N,\N,\N,\N,\N,\N,\N,\N,\N,\N,\N,\N,\N,\N,\N,\N,\N,\N,\N
МКУХ-005231,09.03.2026 14:36:02,Услуги,Т2 МОБАЙЛ ООО (КПП 775101001),7743895280,775101001,Договор об оказании услуг связи №50599532 от 01.01.2016,50599532,MK24-10-38-LC,22.10.2024 15:41:21,Департамент процессинга,"CF02080000 Услуги связи (интернет, мобильная связь, почта и другие)","Услуги связи (интернет, мобильная связь, почта и другие)",00ДО-0000169999,ДО,руб.,1,Услуги от поставщика,Услуги связи интернет,Договор № SSP240229OL1 от 26.03.2024,Департамент процессинга,22%,110810.26,614493.24,Да,\N,\N,20.01,Обеспечение передачи данных фронтальной сети (связь),"Услуги связи (интернет, мобильная связь, почта и другие) (11030700)"
"Поступление (акт, накладная, УПД) МКУХ-005230 от 09.03.2026 14:46:04",Отражение фактических данных МКУХ-002359 от 09.03.2026 14:46:04,\N,\N,\N,\N,\N,\N,\N,\N,\N,\N,\N,\N,\N,\N,\N,\N,\N,\N,\N,\N,\N,\N,\N,\N,\N,\N,\N,\N
МКУХ-005230,09.03.2026 14:46:04,Услуги,Т2 МОБАЙЛ ООО (КПП 775101001),7743895280,775101001,Договор об оказании услуг связи №50599532 от 01.01.2016,50599532,MK24-10-38-LC,22.10.2024 15:41:21,Департамент процессинга,"CF02080000 Услуги связи (интернет, мобильная связь, почта и другие)","Услуги связи (интернет, мобильная связь, почта и другие)",00ДО-0000169999,ДО,руб.,1,Услуги от поставщика,Услуги связи интернет,Договор № SSP240229OL1 от 26.03.2024,Департамент процессинга,22%,88683.26,491789,Да,\N,\N,20.01,Обеспечение передачи данных фронтальной сети (связь),"Услуги связи (интернет, мобильная связь, почта и другие) (11030700)"
"Поступление (акт, накладная, УПД) МКУХ-005268 от 10.03.2026 0:00:00",Отражение фактических данных МКУХ-002427 от 10.03.2026 0:00:00,\N,\N,\N,\N,\N,\N,\N,\N,\N,\N,\N,\N,\N,\N,\N,\N,\N,\N,\N,\N,\N,\N,\N,\N,\N,\N,\N,\N
МКУХ-005268,10.03.2026 0:00:00,Услуги,ГЦБИТ АО,7707113869,500301001,Договор №МК23-072 от 28.08.2023,МК23-072,000815/ФУ,22.08.2023 0:00:00,Руководство БЕ_Мультикарта,CF02060000 Командировочные платежи,Командировочные расходы,00ДО-0000149802,ДО,руб.,1,Услуги от поставщика,Сервисные сборы за приобритение билетов для СТАНЧЕНКО Н А Мск-Спб-Мск 22 и 25 марта 2026г.,Мультикарта_Департамент развития технологий_Бюджет МВЗ,Административный департамент ЦСП,22%,77.54,430,Да,\N,\N,26,Командировочные расходы (22030400),\N
"Поступление (акт, накладная, УПД) МКУХ-005227 от 10.03.2026 9:17:31",Отражение фактических данных МКУХ-002358 от 10.03.2026 9:17:31,\N,\N,\N,\N,\N,\N,\N,\N,\N,\N,\N,\N,\N,\N,\N,\N,\N,\N,\N,\N,\N,\N,\N,\N,\N,\N,\N,\N
МКУХ-005227,10.03.2026 9:17:31,Услуги,"ООО ""Автолайт-Эксперт""",7709495042,770901001,Договор №МК24-015 от 01.03.2024 г.,МК24-015,000181/ФУ,15.02.2024 0:00:00,Руководство БЕ_Мультикарта,CF02120400 Техническое обслуживание автотранспорта,Техническое обслуживание автотранспорта,00ДО-0000150387,ДО,руб.,1,Услуги от поставщиков / подрядчиков,транспортные услуги,Мультикарта_Операционный блок_Мультикарта_Бюджет МВЗ,Операционный блок_Мультикарта,Без НДС,\N,20000,Да,\N,\N,26,Техническое обслуживание автотранспорта (22031004),\N
"Поступление (акт, накладная, УПД) МКУХ-005226 от 10.03.2026 10:17:26",Отражение фактических данных МКУХ-002357 от 10.03.2026 10:17:26,\N,\N,\N,\N,\N,\N,\N,\N,\N,\N,\N,\N,\N,\N,\N,\N,\N,\N,\N,\N,\N,\N,\N,\N,\N,\N,\N,\N
МКУХ-005226,10.03.2026 10:17:26,Услуги,ИП Пахомова Марина Владимировна,772129243159,\N,Договор №МК22-029 от 14.03.2022,\N,\N,\N,\N,\N,\N,\N,\N,руб.,1,Услуги от поставщиков / подрядчиков,Уход за горшочными растениями за февраль 2026 г.,Мультикарта_Операционный блок_Мультикарта_Бюджет МВЗ,Административный департамент ЦСП,Без НДС,\N,8330,Да,\N,\N,26,Прочие расходы по обслуживанию офиса (220301029),\N
"Поступление (акт, накладная, УПД) МКУХ-005240 от 10.03.2026 14:07:52",Отражение фактических данных МКУХ-002364 от 10.03.2026 14:07:52,\N,\N,\N,\N,\N,\N,\N,\N,\N,\N,\N,\N,\N,\N,\N,\N,\N,\N,\N,\N,\N,\N,\N,\N,\N,\N,\N,\N
МКУХ-005240,10.03.2026 14:07:52,Услуги,РБС ООО,7708149360,770901001,Договор №СП29/17 от 29.05.2017,СП29/17,\N,\N,Блок развития бизнеса_Мультикарта,"0000000002 Оплата товаров, работ, услуг, сырья и иных оборотных активов",Расходы на техническое обслуживание ИТ,00ДО-0000150886,ДО,руб.,1,Услуги по Договору,ИТ-сопровождение,МУЛЬТИКАРТА_11_IPSP,Центр сопровождения клиентов,22%,1049786.48,5821543.19,Да,\N,\N,20.01,ПР: авторизации,Прочий субподряд (11020410)
"Поступление (акт, накладная, УПД) МКУХ-005249 от 10.03.2026 16:53:37",Отражение фактических данных МКУХ-002376 от 10.03.2026 16:53:37,\N,\N,\N,\N,\N,\N,\N,\N,\N,\N,\N,\N,\N,\N,\N,\N,\N,\N,\N,\N,\N,\N,\N,\N,\N,\N,\N,\N
МКУХ-005249,10.03.2026 16:53:37,Услуги,СЕРТУМ-ПРО ООО (КПП 997750001),6673240328,997750001,s2693004425 от 19.02.2026,s2693004425,MK26-02-6-LLС,19.02.2026 12:21:56,Департамент контроля рисков,"CF02040201 Платежи за лицензии, за программное обеспечение для оказания сервисного обслуживания (производственного назначения)",Лицензионные расходы за программное обеспечение компании,00ДО-0000229693,ДО,руб.,2,Услуги от поставщиков / подрядчиков,"Услуги абонентского обслуживания по тарифному плану ""Квалифицированный Классик"" (15 месяцев), без выдачи защищенного носителя",Мультикарта_Департамент контроля рисков_Бюджет МВЗ,Департамент контроля рисков,22%,710.89,3942.19,Да,\N,\N,20.01,ПР: авторизации,Лицензионные расходы за программное обеспечение компании (11020300)
МКУХ-005249,10.03.2026 16:53:37,Услуги,СЕРТУМ-ПРО ООО (КПП 997750001),6673240328,997750001,s2693004425 от 19.02.2026,s2693004425,MK26-02-6-LLС,19.02.2026 12:21:56,Департамент контроля рисков,"CF02040201 Платежи за лицензии, за программное обеспечение для оказания сервисного обслуживания (производственного назначения)",Лицензионные расходы за программное обеспечение компании,00ДО-0000229693,ДО,руб.,1,Услуги от поставщиков / подрядчиков,"Право использования программы для ЭВМ ""АС ""Кабинет УЦ"" по тарифному плану ""Квалифицированный Классик"" (15 месяцев), без выдачи защищенного носителя",Мультикарта_Департамент контроля рисков_Бюджет МВЗ,Департамент контроля рисков,Без НДС,\N,807.82,Да,\N,\N,20.01,ПР: авторизации,Лицензионные расходы за программное обеспечение компании (11020300)
"Поступление (акт, накладная, УПД) МКУХ-005266 от 10.03.2026 23:59:59",Отражение фактических данных МКУХ-002425 от 10.03.2026 23:59:59,\N,\N,\N,\N,\N,\N,\N,\N,\N,\N,\N,\N,\N,\N,\N,\N,\N,\N,\N,\N,\N,\N,\N,\N,\N,\N,\N,\N
МКУХ-005266,10.03.2026 23:59:59,Услуги,ЭР-ТЕЛЕКОМ ХОЛДИНГ АО КПП 590501001,5902202276,590501001,Договор IZH00610 от 15.03.2011(Престиж-Интернет),IZH00610,2156/МК,05.05.2011 0:00:00,Департамент процессинга,"CF02080000 Услуги связи (интернет, мобильная связь, почта и другие)","Услуги связи (интернет, мобильная связь, почта и другие)",00ДО-0000148715,ДО,руб.,1,Услуги от поставщиков / подрядчиков,услуги связи ( предоставление доступа),Договор № SSP240229OL1 от 26.03.2024,Департамент процессинга,22%,34.97,193.9,Да,\N,\N,20.01,Обеспечение передачи данных фронтальной сети (связь),"Услуги связи (интернет, мобильная связь, почта и другие) (11030700)"
"Поступление (акт, накладная, УПД) МКУХ-005563 от 10.03.2026 23:59:59",Отражение фактических данных МКУХ-003350 от 10.03.2026 23:59:59,\N,\N,\N,\N,\N,\N,\N,\N,\N,\N,\N,\N,\N,\N,\N,\N,\N,\N,\N,\N,\N,\N,\N,\N,\N,\N,\N,\N
МКУХ-005563,10.03.2026 23:59:59,Услуги,ИНТЕРСВЯЗЬ-2 АО,7448068879,744801001,Договор №1100-2012/V от 01.07.2012г.,1100-2012/v,9118/МК,12.10.2012 0:00:00,Департамент процессинга,"CF02080000 Услуги связи (интернет, мобильная связь, почта и другие)","Услуги связи (интернет, мобильная связь, почта и другие)",00ДО-0000148226,ДО,руб.,1,Услуги от поставщика,Услуги связи,Договор № SSP240229OL1 от 26.03.2024,Департамент процессинга,22%,1893.44,10500,Да,\N,\N,20.01,Обеспечение передачи данных фронтальной сети (связь),"Услуги связи (интернет, мобильная связь, почта и другие) (11030700)"
"Поступление (акт, накладная, УПД) МКУХ-005262 от 11.03.2026 10:46:53",Отражение фактических данных МКУХ-002421 от 11.03.2026 10:46:53,\N,\N,\N,\N,\N,\N,\N,\N,\N,\N,\N,\N,\N,\N,\N,\N,\N,\N,\N,\N,\N,\N,\N,\N,\N,\N,\N,\N
МКУХ-005262,11.03.2026 10:46:53,Услуги,ООО «Крымком Юг»,9102005389,910201001,КР-0003562 от 13.05.2025,КР-0003562,MK25-04-21-LC,16.04.2025 11:23:47,Департамент процессинга,"CF02080000 Услуги связи (интернет, мобильная связь, почта и другие)","Услуги связи (интернет, мобильная связь, почта и другие)",00ДО-0000193897,ДО,руб.,1,Услуги от поставщиков / подрядчиков,услуги связи,Договор № SSP240229OL1 от 26.03.2024,Департамент процессинга,22%,65065,360815,Да,\N,\N,20.01,Обеспечение передачи данных фронтальной сети (связь),"Услуги связи (интернет, мобильная связь, почта и другие) (11030700)"
"Поступление (акт, накладная, УПД) МКУХ-005261 от 11.03.2026 11:27:43",Отражение фактических данных МКУХ-002420 от 11.03.2026 11:27:43,\N,\N,\N,\N,\N,\N,\N,\N,\N,\N,\N,\N,\N,\N,\N,\N,\N,\N,\N,\N,\N,\N,\N,\N,\N,\N,\N,\N
МКУХ-005261,11.03.2026 11:27:43,Услуги,АО КЭМЗ,3305004421,330501001,Договор № 79-ИН/Ю/12 на Абонентское обслуживание в сети Internet от 01.09.2012,79-ИН/Ю/12,MK24-08-21-LC,15.08.2024 9:24:10,Департамент процессинга,"CF02080000 Услуги связи (интернет, мобильная связь, почта и другие)","Услуги связи (интернет, мобильная связь, почта и другие)",00ДО-0000160153,ДО,руб.,1,Услуги от поставщиков / подрядчиков,услуги связи за январь 2026г.,Договор № SSP240229OL1 от 26.03.2024,Департамент процессинга,22%,473.22,2624.22,Да,\N,\N,20.01,Обеспечение передачи данных фронтальной сети (связь),"Услуги связи (интернет, мобильная связь, почта и другие) (11030700)"
"Поступление (акт, накладная, УПД) МКУХ-005281 от 11.03.2026 22:32:25",Отражение фактических данных МКУХ-002437 от 11.03.2026 22:32:25,\N,\N,\N,\N,\N,\N,\N,\N,\N,\N,\N,\N,\N,\N,\N,\N,\N,\N,\N,\N,\N,\N,\N,\N,\N,\N,\N,\N
МКУХ-005281,11.03.2026 22:32:25,Услуги,РЖД-ТЕХСЕРВИС ООО,7708316597,770801001,Договор №МК19-118 от 01.11.2019,МК19-118,00950/МК,28.10.2019 0:00:00,Департамент процессинга,"CF02080000 Услуги связи (интернет, мобильная связь, почта и другие)","Услуги связи (интернет, мобильная связь, почта и другие)",00ДО-0000148812,ДО,руб.,1,Услуги от поставщиков / подрядчиков,услуги связи ( подключение),Договор № SSP240229OL1 от 26.03.2024,Департамент процессинга,22%,1635,9066.82,Да,\N,\N,20.01,Обеспечение передачи данных фронтальной сети (связь),"Услуги связи (интернет, мобильная связь, почта и другие) (11030700)"
"Поступление (акт, накладная, УПД) МКУХ-005303 от 11.03.2026 23:59:59",\N,\N,\N,\N,\N,\N,\N,\N,\N,\N,\N,\N,\N,\N,\N,\N,\N,\N,\N,\N,\N,\N,\N,\N,\N,\N,\N,\N,\N
МКУХ-005303,11.03.2026 23:59:59,Товары,ТС ИНТЕГРАЦИЯ ООО,7720479365,997750001,80-41.22 от 20.03.2023 Заказ 68 от 12.02.2026,80-41.22 от 20.03.2023 Заказ 68,MK26-02-12-VGO,06.02.2026 17:47:44,Департамент процессинга,"CF02020100 Платежи за покупку оборудования для перепродажи, кроме продажи ПАК",Расходы на покупку оборудования для перепродажи,00ДО-0000228059,ДО,руб.,7,"Маркер кабельный самоклеящийся,символы ""1~45"", белый, 10 листов NMC-CMW-FF-WT-10-K (Nikomax)",\N,Мультикарта_Департамент процессинга_Бюджет МВЗ,Департамент процессинга,22%,247.27,1371.23,Да,\N,\N,\N,\N,\N
МКУХ-005303,11.03.2026 23:59:59,Товары,ТС ИНТЕГРАЦИЯ ООО,7720479365,997750001,80-41.22 от 20.03.2023 Заказ 68 от 12.02.2026,80-41.22 от 20.03.2023 Заказ 68,MK26-02-12-VGO,06.02.2026 17:47:44,Департамент процессинга,"CF02020100 Платежи за покупку оборудования для перепродажи, кроме продажи ПАК",Расходы на покупку оборудования для перепродажи,00ДО-0000228059,ДО,руб.,6,"TSL-150-I-YT, Бесцветные стяжки 150*3.6 мм (100 шт.), от -40 до +85 (HARTER)",\N,Мультикарта_Департамент процессинга_Бюджет МВЗ,Департамент процессинга,22%,17.62,97.71,Да,\N,\N,\N,\N,\N
МКУХ-005303,11.03.2026 23:59:59,Товары,ТС ИНТЕГРАЦИЯ ООО,7720479365,997750001,80-41.22 от 20.03.2023 Заказ 68 от 12.02.2026,80-41.22 от 20.03.2023 Заказ 68,MK26-02-12-VGO,06.02.2026 17:47:44,Департамент процессинга,"CF02020100 Платежи за покупку оборудования для перепродажи, кроме продажи ПАК",Расходы на покупку оборудования для перепродажи,00ДО-0000228059,ДО,руб.,5,"Лента-липучка VR-16*5M-BK ширина 16 мм, длина 5 м, рулон,черная LS709899 (LTC)",\N,Мультикарта_Департамент процессинга_Бюджет МВЗ,Департамент процессинга,22%,189.62,1051.54,Да,\N,\N,\N,\N,\N
МКУХ-005303,11.03.2026 23:59:59,Товары,ТС ИНТЕГРАЦИЯ ООО,7720479365,997750001,80-41.22 от 20.03.2023 Заказ 68 от 12.02.2026,80-41.22 от 20.03.2023 Заказ 68,MK26-02-12-VGO,06.02.2026 17:47:44,Департамент процессинга,"CF02020100 Платежи за покупку оборудования для перепродажи, кроме продажи ПАК",Расходы на покупку оборудования для перепродажи,00ДО-0000228059,ДО,руб.,4,"Органайзер кабельный CM-1UPL-BK 19"" с пластиковыми кольцами, 1U, черный LS709881 (LTC)",\N,Мультикарта_Департамент процессинга_Бюджет МВЗ,Департамент процессинга,22%,408.99,2268.04,Да,\N,\N,\N,\N,\N
МКУХ-005303,11.03.2026 23:59:59,Товары,ТС ИНТЕГРАЦИЯ ООО,7720479365,997750001,80-41.22 от 20.03.2023 Заказ 68 от 12.02.2026,80-41.22 от 20.03.2023 Заказ 68,MK26-02-12-VGO,06.02.2026 17:47:44,Департамент процессинга,"CF02020100 Платежи за покупку оборудования для перепродажи, кроме продажи ПАК",Расходы на покупку оборудования для перепродажи,00ДО-0000228059,ДО,руб.,1,"Патч-корд LTC PC-UTP5e-LSZH-WH-1M категории 5е, неэкранированный, оболочка LSZH, белый, 1 м LS793782 (LTC)",\N,Мультикарта_Департамент процессинга_Бюджет МВЗ,Департамент процессинга,22%,349.49,1938.1,Да,\N,\N,\N,\N,\N
МКУХ-005303,11.03.2026 23:59:59,Товары,ТС ИНТЕГРАЦИЯ ООО,7720479365,997750001,80-41.22 от 20.03.2023 Заказ 68 от 12.02.2026,80-41.22 от 20.03.2023 Заказ 68,MK26-02-12-VGO,06.02.2026 17:47:44,Департамент процессинга,"CF02020100 Платежи за покупку оборудования для перепродажи, кроме продажи ПАК",Расходы на покупку оборудования для перепродажи,00ДО-0000228059,ДО,руб.,3,"Патч-корд оптический LTC FO-PC-D3-50/125-OM4-DLC-DLC-LSZH-MG-1M 50/125, многомодовый, OM4, Duplex LC-LC, LSZH, маджента, 1 м. LS809559 (LTC)",\N,Мультикарта_Департамент процессинга_Бюджет МВЗ,Департамент процессинга,22%,589.7,3270.15,Да,\N,\N,\N,\N,\N
МКУХ-005303,11.03.2026 23:59:59,Товары,ТС ИНТЕГРАЦИЯ ООО,7720479365,997750001,80-41.22 от 20.03.2023 Заказ 68 от 12.02.2026,80-41.22 от 20.03.2023 Заказ 68,MK26-02-12-VGO,06.02.2026 17:47:44,Департамент процессинга,"CF02020100 Платежи за покупку оборудования для перепродажи, кроме продажи ПАК",Расходы на покупку оборудования для перепродажи,00ДО-0000228059,ДО,руб.,2,"Патч-корд LTC PC-UTP5e-LSZH-WH-3M категории 5e, неэкранированный, оболочка LSZH, белый, 3 м LS763271 (LTC)",\N,Мультикарта_Департамент процессинга_Бюджет МВЗ,Департамент процессинга,22%,263.24,1459.8,Да,\N,\N,\N,\N,\N
"Поступление (акт, накладная, УПД) МКУХ-005304 от 11.03.2026 23:59:59",\N,\N,\N,\N,\N,\N,\N,\N,\N,\N,\N,\N,\N,\N,\N,\N,\N,\N,\N,\N,\N,\N,\N,\N,\N,\N,\N,\N,\N
МКУХ-005304,11.03.2026 23:59:59,Товары,ТС ИНТЕГРАЦИЯ ООО,7720479365,997750001,80-41.22 от 20.03.2023 Заказ 68 от 12.02.2026,80-41.22 от 20.03.2023 Заказ 68,MK26-02-12-VGO,06.02.2026 17:47:44,Департамент процессинга,"CF02020100 Платежи за покупку оборудования для перепродажи, кроме продажи ПАК",Расходы на покупку оборудования для перепродажи,00ДО-0000228059,ДО,руб.,1,"Патч-корд LTC PC-UTP5e-LSZH-WH-1M категории 5е, неэкранированный, оболочка LSZH, белый, 1 м LS793782 (LTC)",\N,Мультикарта_Департамент процессинга_Бюджет МВЗ,Департамент процессинга,22%,524.24,2907.15,Да,\N,\N,\N,\N,\N
МКУХ-005304,11.03.2026 23:59:59,Товары,ТС ИНТЕГРАЦИЯ ООО,7720479365,997750001,80-41.22 от 20.03.2023 Заказ 68 от 12.02.2026,80-41.22 от 20.03.2023 Заказ 68,MK26-02-12-VGO,06.02.2026 17:47:44,Департамент процессинга,"CF02020100 Платежи за покупку оборудования для перепродажи, кроме продажи ПАК",Расходы на покупку оборудования для перепродажи,00ДО-0000228059,ДО,руб.,2,"Патч-корд LTC PC-UTP5e-LSZH-WH-3M категории 5e, неэкранированный, оболочка LSZH, белый, 3 м LS763271 (LTC)",\N,Мультикарта_Департамент процессинга_Бюджет МВЗ,Департамент процессинга,22%,394.86,2189.7,Да,\N,\N,\N,\N,\N
МКУХ-005304,11.03.2026 23:59:59,Товары,ТС ИНТЕГРАЦИЯ ООО,7720479365,997750001,80-41.22 от 20.03.2023 Заказ 68 от 12.02.2026,80-41.22 от 20.03.2023 Заказ 68,MK26-02-12-VGO,06.02.2026 17:47:44,Департамент процессинга,"CF02020100 Платежи за покупку оборудования для перепродажи, кроме продажи ПАК",Расходы на покупку оборудования для перепродажи,00ДО-0000228059,ДО,руб.,3,"Патч-корд оптический LTC FO-PC-D3-50/125-OM4-DLC-DLC-LSZH-MG-1M 50/125, многомодовый, OM4, Duplex LC-LC, LSZH, маджента, 1 м. LS809559 (LTC)",\N,Мультикарта_Департамент процессинга_Бюджет МВЗ,Департамент процессинга,22%,589.7,3270.15,Да,\N,\N,\N,\N,\N
МКУХ-005304,11.03.2026 23:59:59,Товары,ТС ИНТЕГРАЦИЯ ООО,7720479365,997750001,80-41.22 от 20.03.2023 Заказ 68 от 12.02.2026,80-41.22 от 20.03.2023 Заказ 68,MK26-02-12-VGO,06.02.2026 17:47:44,Департамент процессинга,"CF02020100 Платежи за покупку оборудования для перепродажи, кроме продажи ПАК",Расходы на покупку оборудования для перепродажи,00ДО-0000228059,ДО,руб.,4,"Органайзер кабельный CM-1UPL-BK 19"" с пластиковыми кольцами, 1U, черный LS709881 (LTC)",\N,Мультикарта_Департамент процессинга_Бюджет МВЗ,Департамент процессинга,22%,408.99,2268.04,Да,\N,\N,\N,\N,\N
МКУХ-005304,11.03.2026 23:59:59,Товары,ТС ИНТЕГРАЦИЯ ООО,7720479365,997750001,80-41.22 от 20.03.2023 Заказ 68 от 12.02.2026,80-41.22 от 20.03.2023 Заказ 68,MK26-02-12-VGO,06.02.2026 17:47:44,Департамент процессинга,"CF02020100 Платежи за покупку оборудования для перепродажи, кроме продажи ПАК",Расходы на покупку оборудования для перепродажи,00ДО-0000228059,ДО,руб.,5,"Лента-липучка VR-16*5M-BK ширина 16 мм, длина 5 м, рулон,черная LS709899 (LTC)",\N,Мультикарта_Департамент процессинга_Бюджет МВЗ,Департамент процессинга,22%,189.62,1051.54,Да,\N,\N,\N,\N,\N
МКУХ-005304,11.03.2026 23:59:59,Товары,ТС ИНТЕГРАЦИЯ ООО,7720479365,997750001,80-41.22 от 20.03.2023 Заказ 68 от 12.02.2026,80-41.22 от 20.03.2023 Заказ 68,MK26-02-12-VGO,06.02.2026 17:47:44,Департамент процессинга,"CF02020100 Платежи за покупку оборудования для перепродажи, кроме продажи ПАК",Расходы на покупку оборудования для перепродажи,00ДО-0000228059,ДО,руб.,6,"TSL-150-I-YT, Бесцветные стяжки 150*3.6 мм (100 шт.), от -40 до +85 (HARTER)",\N,Мультикарта_Департамент процессинга_Бюджет МВЗ,Департамент процессинга,22%,17.62,97.71,Да,\N,\N,\N,\N,\N
МКУХ-005304,11.03.2026 23:59:59,Товары,ТС ИНТЕГРАЦИЯ ООО,7720479365,997750001,80-41.22 от 20.03.2023 Заказ 68 от 12.02.2026,80-41.22 от 20.03.2023 Заказ 68,MK26-02-12-VGO,06.02.2026 17:47:44,Департамент процессинга,"CF02020100 Платежи за покупку оборудования для перепродажи, кроме продажи ПАК",Расходы на покупку оборудования для перепродажи,00ДО-0000228059,ДО,руб.,7,"Маркер кабельный самоклеящийся,символы ""1~45"", белый, 10 листов NMC-CMW-FF-WT-10-K (Nikomax)",\N,Мультикарта_Департамент процессинга_Бюджет МВЗ,Департамент процессинга,22%,247.27,1371.23,Да,\N,\N,\N,\N,\N
"Поступление (акт, накладная, УПД) МКУХ-005392 от 11.03.2026 23:59:59",\N,\N,\N,\N,\N,\N,\N,\N,\N,\N,\N,\N,\N,\N,\N,\N,\N,\N,\N,\N,\N,\N,\N,\N,\N,\N,\N,\N,\N
МКУХ-005392,11.03.2026 23:59:59,Товары,РАДИОФИД СИСТЕМЫ ООО (КОНТРАГЕНТ МУЛЬТИКАРТЫ),7802491148,780201001,МК25-042 от 09.02.2026,МК25-042,MK26-01-14-LC,27.01.2026 13:52:57,Департамент процессинга,CF02010200 Услуги по установке оборудования,Услуги по установке оборудования,00ДО-0000226325,ДО,руб.,4,Преобразователь GST25A12-P1J,\N,Договор № SSP240229OL1 от 26.03.2024,Департамент процессинга,22%,175711.47,974400,Нет,\N,\N,\N,\N,\N
МКУХ-005392,11.03.2026 23:59:59,Товары,РАДИОФИД СИСТЕМЫ ООО (КОНТРАГЕНТ МУЛЬТИКАРТЫ),7802491148,780201001,МК25-042 от 09.02.2026,МК25-042,MK26-01-14-LC,27.01.2026 13:52:57,Департамент процессинга,CF02010200 Услуги по установке оборудования,Услуги по установке оборудования,00ДО-0000226325,ДО,руб.,3,Преобразователь GST25A12-P1J,\N,Договор № SSP240229OL1 от 26.03.2024,Департамент процессинга,22%,69534.43,385600,Нет,\N,\N,\N,\N,\N
МКУХ-005392,11.03.2026 23:59:59,Товары,РАДИОФИД СИСТЕМЫ ООО (КОНТРАГЕНТ МУЛЬТИКАРТЫ),7802491148,780201001,МК25-042 от 09.02.2026,МК25-042,MK26-01-14-LC,27.01.2026 13:52:57,Департамент процессинга,CF02010200 Услуги по установке оборудования,Услуги по установке оборудования,00ДО-0000226325,ДО,руб.,2,Блок питания GST18A12-P1J,\N,Договор № SSP240229OL1 от 26.03.2024,Департамент процессинга,22%,16445.9,91200,Нет,\N,\N,\N,\N,\N
МКУХ-005392,11.03.2026 23:59:59,Товары,РАДИОФИД СИСТЕМЫ ООО (КОНТРАГЕНТ МУЛЬТИКАРТЫ),7802491148,780201001,МК25-042 от 09.02.2026,МК25-042,MK26-01-14-LC,27.01.2026 13:52:57,Департамент процессинга,CF02010200 Услуги по установке оборудования,Услуги по установке оборудования,00ДО-0000226325,ДО,руб.,1,Блок питания GST18A12-P1J,\N,Договор № SSP240229OL1 от 26.03.2024,Департамент процессинга,22%,12406.56,68800,Нет,\N,\N,\N,\N,\N
"Поступление (акт, накладная, УПД) МКУХ-005634 от 11.03.2026 23:59:59",Отражение фактических данных МКУХ-003504 от 11.03.2026 23:59:59,\N,\N,\N,\N,\N,\N,\N,\N,\N,\N,\N,\N,\N,\N,\N,\N,\N,\N,\N,\N,\N,\N,\N,\N,\N,\N,\N,\N
МКУХ-005634,11.03.2026 23:59:59,Услуги,ООО СМАРТ ТЕЛЕКОМ,7825365252,784201001,Договор №19791/07/14-С от 01.07.2014,19791/07/14-С,9428/МК,25.08.2014 0:00:00,Департамент процессинга,"CF02080000 Услуги связи (интернет, мобильная связь, почта и другие)","Услуги связи (интернет, мобильная связь, почта и другие)",00ДО-0000147744,ДО,руб.,1,Услуги от поставщиков / подрядчиков,услуги связи,Договор № SSP240229OL1 от 26.03.2024,Департамент процессинга,22%,2704.92,15000,Да,\N,\N,20.01,Обеспечение передачи данных фронтальной сети (связь),"Услуги связи (интернет, мобильная связь, почта и другие) (11030700)"
"Поступление (акт, накладная, УПД) МКУХ-005287 от 12.03.2026 11:50:04",Отражение фактических данных МКУХ-002475 от 12.03.2026 11:50:04,\N,\N,\N,\N,\N,\N,\N,\N,\N,\N,\N,\N,\N,\N,\N,\N,\N,\N,\N,\N,\N,\N,\N,\N,\N,\N,\N,\N
МКУХ-005287,12.03.2026 11:50:04,Услуги,АТЭКС+ ООО,7610063477,761001001,Договор №ИК/12/26402 от 12.01.2012,ИК/12/26402,2830/МК,23.03.2012 0:00:00,Департамент процессинга,"CF02080000 Услуги связи (интернет, мобильная связь, почта и другие)","Услуги связи (интернет, мобильная связь, почта и другие)",00ДО-0000147586,ДО,руб.,1,Услуги от поставщиков / подрядчиков,услуги связи - аб.плата,Договор № SSP240229OL1 от 26.03.2024,Департамент процессинга,5%,38.95,817.95,Да,\N,\N,20.01,Обеспечение передачи данных фронтальной сети (связь),"Услуги связи (интернет, мобильная связь, почта и другие) (11030700)"
"Поступление (акт, накладная, УПД) МКУХ-005387 от 12.03.2026 12:40:52",Отражение фактических данных МКУХ-002744 от 12.03.2026 12:40:52,\N,\N,\N,\N,\N,\N,\N,\N,\N,\N,\N,\N,\N,\N,\N,\N,\N,\N,\N,\N,\N,\N,\N,\N,\N,\N,\N,\N
МКУХ-005387,12.03.2026 12:40:52,Услуги,БИЗНЕСКОНТАКТ AO,7722553871,772201001,№51/26/2 от 20.02.2026,№51/26/2,MK26-02-8-LLС,20.02.2026 14:21:37,Административный департамент ЦСП,"CF02050101 Платежи по аренде зданий, офисов, складских помещений","Расходы по аренде зданий, офисов, складских помещений",00ДО-0000229901,ДО,руб.,1,Услуги от поставщиков / подрядчиков,\N,Мультикарта_Операционный блок_Мультикарта_Бюджет МВЗ,Административный департамент ЦСП,22%,736.75,4085.63,Да,\N,\N,26,"Расходы по аренде зданий, офисов, складских помещений (220301011)",\N
"Поступление (акт, накладная, УПД) МКУХ-005386 от 12.03.2026 13:00:54",Отражение фактических данных МКУХ-002743 от 12.03.2026 13:00:54,\N,\N,\N,\N,\N,\N,\N,\N,\N,\N,\N,\N,\N,\N,\N,\N,\N,\N,\N,\N,\N,\N,\N,\N,\N,\N,\N,\N
МКУХ-005386,12.03.2026 13:00:54,Услуги,БИЗНЕСКОНТАКТ AO,7722553871,772201001,№51/26/2 от 20.02.2026,№51/26/2,MK26-02-8-LLС,20.02.2026 14:21:37,Административный департамент ЦСП,"CF02050101 Платежи по аренде зданий, офисов, складских помещений","Расходы по аренде зданий, офисов, складских помещений",00ДО-0000229901,ДО,руб.,1,Услуги от поставщиков / подрядчиков,\N,Мультикарта_Операционный блок_Мультикарта_Бюджет МВЗ,Административный департамент ЦСП,22%,3279.98,18189,Да,\N,\N,26,"Расходы по аренде зданий, офисов, складских помещений (220301011)",\N
"Поступление (акт, накладная, УПД) МКУХ-005288 от 12.03.2026 13:57:23",Отражение фактических данных МКУХ-002476 от 12.03.2026 13:57:23,\N,\N,\N,\N,\N,\N,\N,\N,\N,\N,\N,\N,\N,\N,\N,\N,\N,\N,\N,\N,\N,\N,\N,\N,\N,\N,\N,\N
МКУХ-005288,12.03.2026 13:57:23,Услуги,ФИНЕЙТИВ ООО,2463230816,772901001,Договор №МК23-084 от 01.11.2023,MK23-084,000999/ФУ,19.10.2023 0:00:00,Центр сопровождения клиентов,"CF02020300 Платежи за приобретение ПО, лицензий, сертификатов для перепродажи",Расходы на лицензии для перепродажи,00ДО-0000149807,ДО,руб.,1,Услуги от поставщика,Работы по тех.поддержке,МУЛЬТИКАРТА_11_ЦБ,Центр сопровождения клиентов,Без НДС,\N,2540700,Да,\N,\N,20.01,ПР: авторизации,Услуги по поддержке лицензионного ПО (11020403)
"Поступление (акт, накладная, УПД) МКУХ-005581 от 12.03.2026 23:59:59",Отражение фактических данных МКУХ-003368 от 12.03.2026 23:59:59,\N,\N,\N,\N,\N,\N,\N,\N,\N,\N,\N,\N,\N,\N,\N,\N,\N,\N,\N,\N,\N,\N,\N,\N,\N,\N,\N,\N
МКУХ-005581,12.03.2026 23:59:59,Услуги,КОМПАНИЯ ТРАНСТЕЛЕКОМ АО,7709219099,775050001,Договор №MS006399 на предоставление услуг связи от 30.01.2014,MS006399,MK24-11-47-LC,18.11.2024 9:20:50,Департамент процессинга,"CF02080000 Услуги связи (интернет, мобильная связь, почта и другие)","Услуги связи (интернет, мобильная связь, почта и другие)",00ДО-0000172839,ДО,руб.,1,Услуги от поставщиков / подрядчиков,услуги связи,Договор № SSP240229OL1 от 26.03.2024,Департамент процессинга,22%,8800,48800,Да,\N,\N,20.01,Обеспечение передачи данных фронтальной сети (связь),"Услуги связи (интернет, мобильная связь, почта и другие) (11030700)"
"Поступление (акт, накладная, УПД) МКУХ-005657 от 12.03.2026 23:59:59",Отражение фактических данных МКУХ-003552 от 12.03.2026 23:59:59,\N,\N,\N,\N,\N,\N,\N,\N,\N,\N,\N,\N,\N,\N,\N,\N,\N,\N,\N,\N,\N,\N,\N,\N,\N,\N,\N,\N
МКУХ-005657,12.03.2026 23:59:59,Услуги,НОВОТЕЛЕКОМ ООО,5406260827,540601001,Договор  №630318 от 07.11.2017,630318,1666,12.02.2018 0:00:00,Департамент процессинга,"CF02080000 Услуги связи (интернет, мобильная связь, почта и другие)","Услуги связи (интернет, мобильная связь, почта и другие)",00ДО-0000150200,ДО,руб.,1,Услуги от поставщика,услуги связи,Договор № SSP240229OL1 от 26.03.2024,Департамент процессинга,22%,1262.3,7000,Да,\N,\N,20.01,Обеспечение передачи данных фронтальной сети (связь),"Услуги связи (интернет, мобильная связь, почта и другие) (11030700)"
"Поступление (акт, накладная, УПД) МКУХ-005321 от 13.03.2026 0:00:00",Отражение фактических данных МКУХ-002603 от 13.03.2026 0:00:00,\N,\N,\N,\N,\N,\N,\N,\N,\N,\N,\N,\N,\N,\N,\N,\N,\N,\N,\N,\N,\N,\N,\N,\N,\N,\N,\N,\N
МКУХ-005321,13.03.2026 0:00:00,Услуги,СПУТНИК ООО,7708575182,772701001,Договор №И-40/Т от 04.10.2012г.,\N,\N,\N,\N,\N,\N,\N,\N,руб.,1,Услуги от поставщиков / подрядчиков,услуги связи,Договор № SSP240229OL1 от 26.03.2024,Департамент процессинга,22%,3520,19520,Да,\N,\N,20.01,Обеспечение передачи данных фронтальной сети (связь),"Услуги связи (интернет, мобильная связь, почта и другие) (11030700)"
"Поступление (акт, накладная, УПД) МКУХ-005369 от 13.03.2026 0:00:00",Отражение фактических данных МКУХ-002665 от 13.03.2026 0:00:00,\N,\N,\N,\N,\N,\N,\N,\N,\N,\N,\N,\N,\N,\N,\N,\N,\N,\N,\N,\N,\N,\N,\N,\N,\N,\N,\N,\N
МКУХ-005369,13.03.2026 0:00:00,Услуги,ТС ИНТЕГРАЦИЯ ООО,7720479365,997750001,80-41.22 от 20.03.2023 Заказ 70 от 20.02.2026,80-41.22 от 20.03.2023 Заказ 70,MK26-02-17-VGO,16.02.2026 9:34:27,Департамент процессинга,"CF02020300 Платежи за приобретение ПО, лицензий, сертификатов для перепродажи",Расходы на лицензии для перепродажи,00ДО-0000228813,ДО,руб.,1,Услуги от поставщиков / подрядчиков,"Право использования ПО на условиях простой (неисключительной) лицензии / TD310000020DIG000CN01-SO36 / Лицензия на диспетчер подключений виртуальных рабочих мест Термидеcк, вариант лицензирования ""Termidesk VDI"" на 1 конкурентное соединение, способ передачи электронный, на срок действия исключительного права, с включенными обновлениями Тип 1 на 36 мес.Реестровая запись №5317 от 06.05.2019",Договор № SSP240229OL1 от 26.03.2024,Департамент процессинга,Без НДС,\N,323195.8,Нет,\N,\N,20.01,ПР: авторизации,Лицензионные расходы за программное обеспечение компании (11020300)
МКУХ-005369,13.03.2026 0:00:00,Услуги,ТС ИНТЕГРАЦИЯ ООО,7720479365,997750001,80-41.22 от 20.03.2023 Заказ 70 от 20.02.2026,80-41.22 от 20.03.2023 Заказ 70,MK26-02-17-VGO,16.02.2026 9:34:27,Департамент процессинга,"CF02020300 Платежи за приобретение ПО, лицензий, сертификатов для перепродажи",Расходы на лицензии для перепродажи,00ДО-0000228813,ДО,руб.,2,Услуги от поставщиков / подрядчиков,"Право использования ПО на условиях простой (неисключительной) лицензии / AD0101X8610DIG000MD01-SO36 / Лицензия на Программный комплекс ""ALD Pro"" РДЦП.10101-02 (ФСТЭК) на 1 управляемое устройство, способ передачи электронный, на срок действия исключительного права, с включенными обновлениями Тип 1 на 36 мес.Реестровая запись №12159 от 30.11.2021",Договор № SSP240229OL1 от 26.03.2024,Департамент процессинга,Без НДС,\N,123711.5,Нет,\N,\N,20.01,ПР: авторизации,Лицензионные расходы за программное обеспечение компании (11020300)
МКУХ-005369,13.03.2026 0:00:00,Услуги,ТС ИНТЕГРАЦИЯ ООО,7720479365,997750001,80-41.22 от 20.03.2023 Заказ 70 от 20.02.2026,80-41.22 от 20.03.2023 Заказ 70,MK26-02-17-VGO,16.02.2026 9:34:27,Департамент процессинга,"CF02020300 Платежи за приобретение ПО, лицензий, сертификатов для перепродажи",Расходы на лицензии для перепродажи,00ДО-0000228813,ДО,руб.,3,Услуги от поставщиков / подрядчиков,"Право  использования ПО на условиях простой (неисключительной) лицензии / OS2101X8618DIGSKTSR01-SO36 / Лицензия на операционную систему специального назначения «Astra Linux Special Edition» для 64-х разрядной платформы на базе процессорной архитектуры х86- 64, уровень защищенности «Максимальный» («Смоленск»), РУСБ.10015-01 (ФСТЭК), способ передачи электронный, серверная до 2 сокетов, на срок действия исключительного права, с включенными обновлениями Тип 1 на 36 мес.Реестровая запись №369 от 08.04.2016",Договор № SSP240229OL1 от 26.03.2024,Департамент процессинга,Без НДС,\N,181416.48,Нет,\N,\N,20.01,ПР: авторизации,Лицензионные расходы за программное обеспечение компании (11020300)
"Поступление (акт, накладная, УПД) МКУХ-005357 от 13.03.2026 0:00:00",Отражение фактических данных МКУХ-002652 от 13.03.2026 0:00:00,\N,\N,\N,\N,\N,\N,\N,\N,\N,\N,\N,\N,\N,\N,\N,\N,\N,\N,\N,\N,\N,\N,\N,\N,\N,\N,\N,\N
МКУХ-005357,13.03.2026 0:00:00,Услуги,ТС ИНТЕГРАЦИЯ ООО,7720479365,997750001,80-41.22 от 20.03.2023 Заказ 70 от 20.02.2026,80-41.22 от 20.03.2023 Заказ 70,MK26-02-17-VGO,16.02.2026 9:34:27,Департамент процессинга,"CF02020300 Платежи за приобретение ПО, лицензий, сертификатов для перепродажи",Расходы на лицензии для перепродажи,00ДО-0000228813,ДО,руб.,5,Услуги от поставщиков / подрядчиков,"Сертификат технической поддержки с включенными консультациями по использованию программы для ЭВМ на операционную систему специального назначения «Astra Linux Special Edition» для 64-х разрядной платформы на базе процессорной архитектуры x86-64, уровень защищенности «Максимальный» («Смоленск»), для сервера до 2 сокетов, тип ""Стандарт"", на 24 мес.",Договор № SSP240229OL1 от 26.03.2024,Департамент процессинга,22%,15921.65,88292.79,Да,\N,\N,20.01,ПР: авторизации,Услуги по поддержке лицензионного ПО (11020403)
МКУХ-005357,13.03.2026 0:00:00,Услуги,ТС ИНТЕГРАЦИЯ ООО,7720479365,997750001,80-41.22 от 20.03.2023 Заказ 70 от 20.02.2026,80-41.22 от 20.03.2023 Заказ 70,MK26-02-17-VGO,16.02.2026 9:34:27,Департамент процессинга,"CF02020300 Платежи за приобретение ПО, лицензий, сертификатов для перепродажи",Расходы на лицензии для перепродажи,00ДО-0000228813,ДО,руб.,4,Услуги от поставщиков / подрядчиков,"Сертификат технической поддержки с включенными консультациями по использованию программы для ЭВМ на операционную систему специального назначения «Astra Linux Special Edition» для 64-х разрядной платформы на базе процессорной архитектуры x86-64, уровень защищенности «Максимальный» («Смоленск»), для сервера до 2 сокетов и неограниченного количества виртуальных машин под управлением ""Astra Linux Special Edition"", запущенных на данном сервере, тип ""Стандарт"", на 24 мес.",Договор № SSP240229OL1 от 26.03.2024,Департамент процессинга,22%,245275.28,1360162.89,Да,\N,\N,97.21,Тех. поддержка Astra Linux Special Edition» для 64-х разр. плат. на базе процес. арх. ур-нь Максимал,\N
МКУХ-005357,13.03.2026 0:00:00,Услуги,ТС ИНТЕГРАЦИЯ ООО,7720479365,997750001,80-41.22 от 20.03.2023 Заказ 70 от 20.02.2026,80-41.22 от 20.03.2023 Заказ 70,MK26-02-17-VGO,16.02.2026 9:34:27,Департамент процессинга,"CF02020300 Платежи за приобретение ПО, лицензий, сертификатов для перепродажи",Расходы на лицензии для перепродажи,00ДО-0000228813,ДО,руб.,3,Услуги от поставщиков / подрядчиков,"Сертификат технической поддержки с включенными консультациями по использованию программы для ЭВМ на Программный комплекс ""ALD Pro"" на 1 управляемое устройство и Программный комплекс ACM РДЦП.10301-01 в редакции ""Инвентаризация"", на 1 управляемое устройство, тип «Стандарт», на 24 мес",Договор № SSP240229OL1 от 26.03.2024,Департамент процессинга,22%,8161.19,45257.5,Да,\N,\N,20.01,ПР: авторизации,Услуги по поддержке лицензионного ПО (11020403)
МКУХ-005357,13.03.2026 0:00:00,Услуги,ТС ИНТЕГРАЦИЯ ООО,7720479365,997750001,80-41.22 от 20.03.2023 Заказ 70 от 20.02.2026,80-41.22 от 20.03.2023 Заказ 70,MK26-02-17-VGO,16.02.2026 9:34:27,Департамент процессинга,"CF02020300 Платежи за приобретение ПО, лицензий, сертификатов для перепродажи",Расходы на лицензии для перепродажи,00ДО-0000228813,ДО,руб.,2,Услуги от поставщиков / подрядчиков,"Сертификат технической поддержки с включенными консультациями по использованию программ для ЭВМ на Программный комплекс ""ALD Pro"" РДЦП.10101-01 на 1 контроллер домена, на 8 управляемых устройств и операционную систему специального назначения «Astra Linux Special Edition» для 64-х разрядной платформы на базе процессорной архитектуры x86-64 РУСБ.10015-01 (ФСТЭК) для 8 серверов, тип «Стандарт», на 24 мес.",Договор № SSP240229OL1 от 26.03.2024,Департамент процессинга,22%,25855.67,143381.44,Да,\N,\N,20.01,ПР: авторизации,Услуги по поддержке лицензионного ПО (11020403)
МКУХ-005357,13.03.2026 0:00:00,Услуги,ТС ИНТЕГРАЦИЯ ООО,7720479365,997750001,80-41.22 от 20.03.2023 Заказ 70 от 20.02.2026,80-41.22 от 20.03.2023 Заказ 70,MK26-02-17-VGO,16.02.2026 9:34:27,Департамент процессинга,"CF02020300 Платежи за приобретение ПО, лицензий, сертификатов для перепродажи",Расходы на лицензии для перепродажи,00ДО-0000228813,ДО,руб.,1,Услуги от поставщиков / подрядчиков,"Сертификат технической поддержки с включенными консультациями по использованию программы для ЭВМ на диспетчер подключений виртуальных рабочих мест Термидеcк, вариант лицензирования ""Termidesk VDI"" на 1 конкурентное соединение, тип ""Стандарт"", на 12 мес",Договор № SSP240229OL1 от 26.03.2024,Департамент процессинга,22%,30287.66,167958.8,Да,\N,\N,20.01,ПР: авторизации,Услуги по поддержке лицензионного ПО (11020403)
"Поступление (акт, накладная, УПД) МКУХ-005327 от 13.03.2026 23:35:35",\N,\N,\N,\N,\N,\N,\N,\N,\N,\N,\N,\N,\N,\N,\N,\N,\N,\N,\N,\N,\N,\N,\N,\N,\N,\N,\N,\N,\N
МКУХ-005327,13.03.2026 23:35:35,Товары,КОМУС ООО (КПП 997350001),7721793895,997350001,МК24-070 от 13.03.2025,МК24-070,MK24-12-48-LLС,06.12.2024 15:03:54,Административный департамент ЦСП,CF02050301 Приобретение канцелярских товаров не дороже 40 т.р. без НДС,Приобретение канцелярских товаров,00ДО-0000177168,ДО,руб.,1,Салфетки бумажные Luscan 476872 1сл24х24 белые 100шт/уп,\N,Мультикарта_Операционный блок_Мультикарта_Бюджет МВЗ,Административный департамент ЦСП,22%,108.02,599,Да,\N,\N,\N,\N,\N
МКУХ-005327,13.03.2026 23:35:35,Товары,КОМУС ООО (КПП 997350001),7721793895,997350001,МК24-070 от 13.03.2025,МК24-070,MK24-12-48-LLС,06.12.2024 15:03:54,Административный департамент ЦСП,CF02050301 Приобретение канцелярских товаров не дороже 40 т.р. без НДС,Приобретение канцелярских товаров,00ДО-0000177168,ДО,руб.,2,"Кофе растворимый сублимированный Monarch Gold, 500гр пакет",\N,Мультикарта_Операционный блок_Мультикарта_Бюджет МВЗ,Административный департамент ЦСП,22%,2054.66,11394,Да,\N,\N,\N,\N,\N
МКУХ-005327,13.03.2026 23:35:35,Товары,КОМУС ООО (КПП 997350001),7721793895,997350001,МК24-070 от 13.03.2025,МК24-070,MK24-12-48-LLС,06.12.2024 15:03:54,Административный департамент ЦСП,CF02050301 Приобретение канцелярских товаров не дороже 40 т.р. без НДС,Приобретение канцелярских товаров,00ДО-0000177168,ДО,руб.,3,Размешиватель одноразовый деревянный 18см инд.уп. (250шт/уп),\N,Мультикарта_Операционный блок_Мультикарта_Бюджет МВЗ,Административный департамент ЦСП,22%,300.79,1668,Да,\N,\N,\N,\N,\N
МКУХ-005327,13.03.2026 23:35:35,Товары,КОМУС ООО (КПП 997350001),7721793895,997350001,МК24-070 от 13.03.2025,МК24-070,MK24-12-48-LLС,06.12.2024 15:03:54,Административный департамент ЦСП,CF02050301 Приобретение канцелярских товаров не дороже 40 т.р. без НДС,Приобретение канцелярских товаров,00ДО-0000177168,ДО,руб.,4,656554 Сливки Деловой стандарт 10% порционные 10г,\N,Мультикарта_Операционный блок_Мультикарта_Бюджет МВЗ,Административный департамент ЦСП,10%,1216.36,13380,Да,\N,\N,\N,\N,\N
"Поступление (акт, накладная, УПД) МКУХ-005352 от 13.03.2026 23:35:37",\N,\N,\N,\N,\N,\N,\N,\N,\N,\N,\N,\N,\N,\N,\N,\N,\N,\N,\N,\N,\N,\N,\N,\N,\N,\N,\N,\N,\N
МКУХ-005352,13.03.2026 23:35:37,Товары,ТС ИНТЕГРАЦИЯ ООО,7720479365,997750001,80-41.22 от 20.03.2023 Заказ 71 от 17.02.2026,80-41.22 от 20.03.2023 Заказ 71,MK26-02-18-VGO,16.02.2026 9:34:30,Департамент процессинга,"CF02020100 Платежи за покупку оборудования для перепродажи, кроме продажи ПАК",Расходы на покупку оборудования для перепродажи,00ДО-0000228814,ДО,USD,5,Модуль SFP B4Com B4T-SFP-1G-T,\N,Договор № SSP240229OL1 от 26.03.2024,Департамент процессинга,22%,92.51,513,Да,\N,\N,\N,\N,\N
МКУХ-005352,13.03.2026 23:35:37,Товары,ТС ИНТЕГРАЦИЯ ООО,7720479365,997750001,80-41.22 от 20.03.2023 Заказ 71 от 17.02.2026,80-41.22 от 20.03.2023 Заказ 71,MK26-02-18-VGO,16.02.2026 9:34:30,Департамент процессинга,"CF02020100 Платежи за покупку оборудования для перепродажи, кроме продажи ПАК",Расходы на покупку оборудования для перепродажи,00ДО-0000228814,ДО,USD,4,Трансивер B4Com B4T-SFP-10G-SR-LC2,\N,Договор № SSP240229OL1 от 26.03.2024,Департамент процессинга,22%,40.9,226.8,Да,\N,\N,\N,\N,\N
МКУХ-005352,13.03.2026 23:35:37,Товары,ТС ИНТЕГРАЦИЯ ООО,7720479365,997750001,80-41.22 от 20.03.2023 Заказ 71 от 17.02.2026,80-41.22 от 20.03.2023 Заказ 71,MK26-02-18-VGO,16.02.2026 9:34:30,Департамент процессинга,"CF02020100 Платежи за покупку оборудования для перепродажи, кроме продажи ПАК",Расходы на покупку оборудования для перепродажи,00ДО-0000228814,ДО,USD,3,Кабель DAC B4Com B4T-SFP10G-DAC-3M пассив. 3м SFP+-SFP+,\N,Договор № SSP240229OL1 от 26.03.2024,Департамент процессинга,22%,99.32,550.8,Да,\N,\N,\N,\N,\N
МКУХ-005352,13.03.2026 23:35:37,Товары,ТС ИНТЕГРАЦИЯ ООО,7720479365,997750001,80-41.22 от 20.03.2023 Заказ 71 от 17.02.2026,80-41.22 от 20.03.2023 Заказ 71,MK26-02-18-VGO,16.02.2026 9:34:30,Департамент процессинга,"CF02020100 Платежи за покупку оборудования для перепродажи, кроме продажи ПАК",Расходы на покупку оборудования для перепродажи,00ДО-0000228814,ДО,USD,2,Кабель DAC B4Com B4T-SFP10G-DAC-1M пассив. 1м SFP+-SFP+,\N,Договор № SSP240229OL1 от 26.03.2024,Департамент процессинга,22%,58.43,324,Да,\N,\N,\N,\N,\N
МКУХ-005352,13.03.2026 23:35:37,Товары,ТС ИНТЕГРАЦИЯ ООО,7720479365,997750001,80-41.22 от 20.03.2023 Заказ 71 от 17.02.2026,80-41.22 от 20.03.2023 Заказ 71,MK26-02-18-VGO,16.02.2026 9:34:30,Департамент процессинга,"CF02020100 Платежи за покупку оборудования для перепродажи, кроме продажи ПАК",Расходы на покупку оборудования для перепродажи,00ДО-0000228814,ДО,USD,1,"B4COM CS4148Q-8U,  Коммутатор  48x25GbE SFP28  & 8x100GbE QSFP28 switch, 4 Тб/с HW&SW, включая ПО BCOM-OS, Port-to-Power air, 2xAC, 2xC13-C14 cords, Р",\N,Договор № SSP240229OL1 от 26.03.2024,Департамент процессинга,22%,9706.58,53827.4,Да,\N,\N,\N,\N,\N
"Поступление (акт, накладная, УПД) МКУХ-005353 от 13.03.2026 23:35:38",\N,\N,\N,\N,\N,\N,\N,\N,\N,\N,\N,\N,\N,\N,\N,\N,\N,\N,\N,\N,\N,\N,\N,\N,\N,\N,\N,\N,\N
МКУХ-005353,13.03.2026 23:35:38,Товары,ТС ИНТЕГРАЦИЯ ООО,7720479365,997750001,80-41.22 от 20.03.2023 Заказ 71 от 17.02.2026,80-41.22 от 20.03.2023 Заказ 71,MK26-02-18-VGO,16.02.2026 9:34:30,Департамент процессинга,"CF02020100 Платежи за покупку оборудования для перепродажи, кроме продажи ПАК",Расходы на покупку оборудования для перепродажи,00ДО-0000228814,ДО,USD,5,Модуль SFP B4Com B4T-SFP-1G-T,\N,Договор № SSP240229OL1 от 26.03.2024,Департамент процессинга,22%,138.76,769.5,Да,\N,\N,\N,\N,\N
МКУХ-005353,13.03.2026 23:35:38,Товары,ТС ИНТЕГРАЦИЯ ООО,7720479365,997750001,80-41.22 от 20.03.2023 Заказ 71 от 17.02.2026,80-41.22 от 20.03.2023 Заказ 71,MK26-02-18-VGO,16.02.2026 9:34:30,Департамент процессинга,"CF02020100 Платежи за покупку оборудования для перепродажи, кроме продажи ПАК",Расходы на покупку оборудования для перепродажи,00ДО-0000228814,ДО,USD,4,Трансивер B4Com B4T-SFP-10G-SR-LC2,\N,Договор № SSP240229OL1 от 26.03.2024,Департамент процессинга,22%,40.9,226.8,Да,\N,\N,\N,\N,\N
МКУХ-005353,13.03.2026 23:35:38,Товары,ТС ИНТЕГРАЦИЯ ООО,7720479365,997750001,80-41.22 от 20.03.2023 Заказ 71 от 17.02.2026,80-41.22 от 20.03.2023 Заказ 71,MK26-02-18-VGO,16.02.2026 9:34:30,Департамент процессинга,"CF02020100 Платежи за покупку оборудования для перепродажи, кроме продажи ПАК",Расходы на покупку оборудования для перепродажи,00ДО-0000228814,ДО,USD,3,Кабель DAC B4Com B4T-SFP10G-DAC-3M пассив. 3м SFP+-SFP+,\N,Договор № SSP240229OL1 от 26.03.2024,Департамент процессинга,22%,198.65,1101.6,Да,\N,\N,\N,\N,\N
МКУХ-005353,13.03.2026 23:35:38,Товары,ТС ИНТЕГРАЦИЯ ООО,7720479365,997750001,80-41.22 от 20.03.2023 Заказ 71 от 17.02.2026,80-41.22 от 20.03.2023 Заказ 71,MK26-02-18-VGO,16.02.2026 9:34:30,Департамент процессинга,"CF02020100 Платежи за покупку оборудования для перепродажи, кроме продажи ПАК",Расходы на покупку оборудования для перепродажи,00ДО-0000228814,ДО,USD,2,Кабель DAC B4Com B4T-SFP10G-DAC-1M пассив. 1м SFP+-SFP+,\N,Договор № SSP240229OL1 от 26.03.2024,Департамент процессинга,22%,58.43,324,Да,\N,\N,\N,\N,\N
МКУХ-005353,13.03.2026 23:35:38,Товары,ТС ИНТЕГРАЦИЯ ООО,7720479365,997750001,80-41.22 от 20.03.2023 Заказ 71 от 17.02.2026,80-41.22 от 20.03.2023 Заказ 71,MK26-02-18-VGO,16.02.2026 9:34:30,Департамент процессинга,"CF02020100 Платежи за покупку оборудования для перепродажи, кроме продажи ПАК",Расходы на покупку оборудования для перепродажи,00ДО-0000228814,ДО,USD,1,"B4COM CS4148Q-8U,  Коммутатор  48x25GbE SFP28  & 8x100GbE QSFP28 switch, 4 Тб/с HW&SW, включая ПО BCOM-OS, Port-to-Power air, 2xAC, 2xC13-C14 cords, Р",\N,Договор № SSP240229OL1 от 26.03.2024,Департамент процессинга,22%,9706.58,53827.4,Да,\N,\N,\N,\N,\N
"Поступление (акт, накладная, УПД) МКУХ-005574 от 13.03.2026 23:59:59",Отражение фактических данных МКУХ-003361 от 13.03.2026 23:59:59,\N,\N,\N,\N,\N,\N,\N,\N,\N,\N,\N,\N,\N,\N,\N,\N,\N,\N,\N,\N,\N,\N,\N,\N,\N,\N,\N,\N
МКУХ-005574,13.03.2026 23:59:59,Услуги,КОМПАНИЯ ТРАНСТЕЛЕКОМ АО,7709219099,775050001,Договор №MS006399 на предоставление услуг связи от 30.01.2014,MS006399,MK24-11-47-LC,18.11.2024 9:20:50,Департамент процессинга,"CF02080000 Услуги связи (интернет, мобильная связь, почта и другие)","Услуги связи (интернет, мобильная связь, почта и другие)",00ДО-0000172839,ДО,руб.,1,Услуги от поставщиков / подрядчиков,услуги связи - подключение,Договор № SSP240229OL1 от 26.03.2024,Департамент процессинга,22%,2970,16470,Да,\N,\N,20.01,Обеспечение передачи данных фронтальной сети (связь),"Услуги связи (интернет, мобильная связь, почта и другие) (11030700)"
"Поступление (акт, накладная, УПД) МКУХ-005582 от 13.03.2026 23:59:59",Отражение фактических данных МКУХ-003369 от 13.03.2026 23:59:59,\N,\N,\N,\N,\N,\N,\N,\N,\N,\N,\N,\N,\N,\N,\N,\N,\N,\N,\N,\N,\N,\N,\N,\N,\N,\N,\N,\N
МКУХ-005582,13.03.2026 23:59:59,Услуги,КОМПАНИЯ ТРАНСТЕЛЕКОМ АО,7709219099,775050001,Договор №MS006399 на предоставление услуг связи от 30.01.2014,MS006399,MK24-11-47-LC,18.11.2024 9:20:50,Департамент процессинга,"CF02080000 Услуги связи (интернет, мобильная связь, почта и другие)","Услуги связи (интернет, мобильная связь, почта и другие)",00ДО-0000172839,ДО,руб.,1,Услуги от поставщиков / подрядчиков,услуги связи - подключение,Договор № SSP240229OL1 от 26.03.2024,Департамент процессинга,22%,3300,18300,Да,\N,\N,20.01,Обеспечение передачи данных фронтальной сети (связь),"Услуги связи (интернет, мобильная связь, почта и другие) (11030700)"
"Поступление (акт, накладная, УПД) МКУХ-005668 от 13.03.2026 23:59:59",Отражение фактических данных МКУХ-003568 от 13.03.2026 23:59:59,\N,\N,\N,\N,\N,\N,\N,\N,\N,\N,\N,\N,\N,\N,\N,\N,\N,\N,\N,\N,\N,\N,\N,\N,\N,\N,\N,\N
МКУХ-005668,13.03.2026 23:59:59,Услуги,ИНФОРМСЕРВИС ООО,3444082321,344301001,Договор МК СПБ 11-02 от 01.06.2011,МК СПБ 11-02,\N,\N,\N,\N,\N,\N,\N,руб.,1,Услуги от поставщиков / подрядчиков,услуги связи,Договор № SSP240229OL1 от 26.03.2024,Департамент процессинга,5%,476.19,10000,Да,\N,\N,20.01,Обеспечение передачи данных фронтальной сети (связь),"Услуги связи (интернет, мобильная связь, почта и другие) (11030700)"
"Поступление (акт, накладная, УПД) МКУХ-005404 от 15.03.2026 17:55:29",Отражение фактических данных МКУХ-002807 от 15.03.2026 17:55:29,\N,\N,\N,\N,\N,\N,\N,\N,\N,\N,\N,\N,\N,\N,\N,\N,\N,\N,\N,\N,\N,\N,\N,\N,\N,\N,\N,\N
МКУХ-005404,15.03.2026 17:55:29,Услуги,СТОР-ЭКСПРЕСС СЕРВИС ООО,7723457987,772301001,МК24-042 от 11.11.2024,МК24-042,24-07-3-LLС,02.07.2024 14:04:34,Административный департамент ЦСП,CF02080004 Курьерская доставка. Услуги связи,Курьерская доставка. Услуги связи,00ДО-0000155030,ДО,руб.,2,Услуги от поставщиков / подрядчиков,Экспресс-доставка документов,Мультикарта_Операционный блок_Мультикарта_Бюджет МВЗ,Административный департамент ЦСП,22%,1682.42,9329.87,Нет,\N,\N,26,"Услуги связи (интернет, мобильная связь, почта и другие) (22030600)",\N
МКУХ-005404,15.03.2026 17:55:29,Услуги,СТОР-ЭКСПРЕСС СЕРВИС ООО,7723457987,772301001,МК24-042 от 11.11.2024,МК24-042,24-07-3-LLС,02.07.2024 14:04:34,Административный департамент ЦСП,CF02080004 Курьерская доставка. Услуги связи,Курьерская доставка. Услуги связи,00ДО-0000155030,ДО,руб.,1,Услуги от поставщиков / подрядчиков,Экспресс-доставка документов,Договор № SSP240229OL1 от 26.03.2024,Департамент процессинга,22%,2694.02,14939.55,Нет,\N,\N,20.01,Обеспечение передачи данных фронтальной сети (связь),"Услуги связи (интернет, мобильная связь, почта и другие) (11030700)"
"Поступление (акт, накладная, УПД) МКУХ-005323 от 16.03.2026 0:00:00",Отражение фактических данных МКУХ-002606 от 16.03.2026 0:00:00,\N,\N,\N,\N,\N,\N,\N,\N,\N,\N,\N,\N,\N,\N,\N,\N,\N,\N,\N,\N,\N,\N,\N,\N,\N,\N,\N,\N
МКУХ-005323,16.03.2026 0:00:00,Услуги,ЯМАЛТЕЛЕКОМ АО,8901010175,890101001,Договор №374-ИВЛ/ю/СХД от 20.03.2023 г.,\N,\N,\N,\N,\N,\N,\N,\N,руб.,1,Услуги от поставщика,Услуги  связи,Договор № SSP240229OL1 от 26.03.2024,Департамент процессинга,22%,2200,12200,Да,\N,\N,20.01,Обеспечение передачи данных фронтальной сети (связь),"Услуги связи (интернет, мобильная связь, почта и другие) (11030700)"
"Поступление (акт, накладная, УПД) МКУХ-005379 от 16.03.2026 11:20:03",Отражение фактических данных МКУХ-003293 от 16.03.2026 11:20:03,\N,\N,\N,\N,\N,\N,\N,\N,\N,\N,\N,\N,\N,\N,\N,\N,\N,\N,\N,\N,\N,\N,\N,\N,\N,\N,\N,\N
МКУХ-005379,16.03.2026 11:20:03,Услуги,ФИНЕЙТИВ ООО,2463230816,772901001,Договор №МК23-084 от 01.11.2023,MK23-084,000999/ФУ,19.10.2023 0:00:00,Центр сопровождения клиентов,"CF02020300 Платежи за приобретение ПО, лицензий, сертификатов для перепродажи",Расходы на лицензии для перепродажи,00ДО-0000149807,ДО,руб.,1,Услуги от поставщика,Работы по Доработке ПО по заявке № 19,МУЛЬТИКАРТА_11_ЦБ,Центр сопровождения клиентов,Без НДС,\N,4752000,Да,\N,\N,20.01,ПР: авторизации,Услуги по заказной разработке ПО (11020406)
"Поступление (акт, накладная, УПД) МКУХ-005328 от 16.03.2026 23:59:59",Отражение фактических данных МКУХ-002609 от 16.03.2026 23:59:59,\N,\N,\N,\N,\N,\N,\N,\N,\N,\N,\N,\N,\N,\N,\N,\N,\N,\N,\N,\N,\N,\N,\N,\N,\N,\N,\N,\N
МКУХ-005328,16.03.2026 23:59:59,Услуги,ЦАК ПАРТНЕР ООО,4205132492,420501001,MK25-08-36-LLС от 08.10.2025,MK25-08-36-LLС,MK25-08-36-LLС,21.08.2025 13:00:22,Финансовый департамент ЦСП,CF02150300 Платежи за аудиторские услуги,Расходы на аудит,00ДО-0000206895,ДО,руб.,1,Услуги от поставщиков / подрядчиков,Обязательный Аудит РСБУ и отчетности за 2025 год,Мультикарта_Аудит,Финансовый департамент ЦСП,5%,25000,525000,Нет,\N,\N,26,Расходы на аудит (22060300),\N
"Поступление (акт, накладная, УПД) МКУХ-005417 от 16.03.2026 23:59:59",Отражение фактических данных МКУХ-002897 от 16.03.2026 23:59:59,\N,\N,\N,\N,\N,\N,\N,\N,\N,\N,\N,\N,\N,\N,\N,\N,\N,\N,\N,\N,\N,\N,\N,\N,\N,\N,\N,\N
МКУХ-005417,16.03.2026 23:59:59,Услуги,СИСТЕМА ООО (ИНН 7810914679),7810914679,781001001,Договор № 02/20-К от 25.09.2020 (Тема ООО),02/20-К,001073/ФУ,15.11.2023 0:00:00,Департамент процессинга,"CF02080000 Услуги связи (интернет, мобильная связь, почта и другие)","Услуги связи (интернет, мобильная связь, почта и другие)",00ДО-0000151306,ДО,руб.,1,Услуги от поставщика,Услуги связи(подключение),Договор № SSP240229OL1 от 26.03.2024,Департамент процессинга,5%,1150,24150,Да,\N,\N,20.01,Обеспечение передачи данных фронтальной сети (связь),"Услуги связи (интернет, мобильная связь, почта и другие) (11030700)"
"Поступление (акт, накладная, УПД) МКУХ-005320 от 17.03.2026 12:12:32",Отражение фактических данных МКУХ-002602 от 17.03.2026 12:12:32,\N,\N,\N,\N,\N,\N,\N,\N,\N,\N,\N,\N,\N,\N,\N,\N,\N,\N,\N,\N,\N,\N,\N,\N,\N,\N,\N,\N
МКУХ-005320,17.03.2026 12:12:32,Услуги,"ООО ""К-ТЕЛЕКОМ""",2308210371,785150001,Договор №4479136 от 02.07.2024,4479136,24-07-8-LC,12.07.2024 14:20:45,Департамент процессинга,"CF02080000 Услуги связи (интернет, мобильная связь, почта и другие)","Услуги связи (интернет, мобильная связь, почта и другие)",00ДО-0000156437,ДО,руб.,1,Услуги от поставщиков / подрядчиков,услуги связи,Договор № SSP240229OL1 от 26.03.2024,Департамент процессинга,22%,246934.13,1369362,Да,\N,\N,20.01,Обеспечение передачи данных фронтальной сети (связь),"Услуги связи (интернет, мобильная связь, почта и другие) (11030700)"
"Поступление (акт, накладная, УПД) МКУХ-005319 от 17.03.2026 12:12:33",Отражение фактических данных МКУХ-002601 от 17.03.2026 12:12:33,\N,\N,\N,\N,\N,\N,\N,\N,\N,\N,\N,\N,\N,\N,\N,\N,\N,\N,\N,\N,\N,\N,\N,\N,\N,\N,\N,\N
МКУХ-005319,17.03.2026 12:12:33,Услуги,"ООО ""К-ТЕЛЕКОМ""",2308210371,785150001,Договор №4479136 от 02.07.2024,4479136,24-07-8-LC,12.07.2024 14:20:45,Департамент процессинга,"CF02080000 Услуги связи (интернет, мобильная связь, почта и другие)","Услуги связи (интернет, мобильная связь, почта и другие)",00ДО-0000156437,ДО,руб.,1,Услуги от поставщиков / подрядчиков,услуги связи,Договор № SSP240229OL1 от 26.03.2024,Департамент процессинга,22%,595.08,3300,Да,\N,\N,20.01,Обеспечение передачи данных фронтальной сети (связь),"Услуги связи (интернет, мобильная связь, почта и другие) (11030700)"
"Поступление (акт, накладная, УПД) МКУХ-005330 от 17.03.2026 16:49:56",Отражение фактических данных МКУХ-002610 от 17.03.2026 16:49:56,\N,\N,\N,\N,\N,\N,\N,\N,\N,\N,\N,\N,\N,\N,\N,\N,\N,\N,\N,\N,\N,\N,\N,\N,\N,\N,\N,\N
МКУХ-005330,17.03.2026 16:49:56,Услуги,КОНСАЛТИНГ ОНЛАЙН АО,2310203967,231001001,Оплата без договора С поставщиком руб.,б/н,\N,\N,\N,\N,\N,\N,УХ,руб.,1,Услуги от поставщиков / подрядчиков,размещение на федресурсе,Мультикарта_Операционный блок_Мультикарта_Бюджет МВЗ,Финансовый отдел_Мультикарта,5%,856.19,17980,Да,\N,\N,26,Расходы на получение доступа к информационным системам (22070100),\N
"Поступление (акт, накладная, УПД) МКУХ-005372 от 17.03.2026 23:00:00",Отражение фактических данных МКУХ-002727 от 17.03.2026 23:00:00,\N,\N,\N,\N,\N,\N,\N,\N,\N,\N,\N,\N,\N,\N,\N,\N,\N,\N,\N,\N,\N,\N,\N,\N,\N,\N,\N,\N
МКУХ-005372,17.03.2026 23:00:00,Услуги,БАНК ВТБ (ПАО) (КПП 784201001),7702070139,784201001,Комиссия ВК,\N,\N,\N,\N,\N,\N,\N,\N,руб.,1,Услуги от поставщика,Комиссия за проведение процедур ВК,Мультикарта_Операционный блок_Мультикарта_Бюджет МВЗ,Финансовый отдел_Мультикарта,22%,764.48,4239.38,Да,\N,\N,91.02,Расходы на расчетно-кассовое обслуживание,\N
"Поступление (акт, накладная, УПД) МКУХ-005374 от 17.03.2026 23:00:00",Отражение фактических данных МКУХ-002729 от 17.03.2026 23:00:00,\N,\N,\N,\N,\N,\N,\N,\N,\N,\N,\N,\N,\N,\N,\N,\N,\N,\N,\N,\N,\N,\N,\N,\N,\N,\N,\N,\N
МКУХ-005374,17.03.2026 23:00:00,Услуги,БАНК ВТБ (ПАО) (КПП 784201001),7702070139,784201001,Комиссия ВК,\N,\N,\N,\N,\N,\N,\N,\N,руб.,1,Услуги от поставщика,Комиссия за проведение процедур ВК,Мультикарта_Операционный блок_Мультикарта_Бюджет МВЗ,Финансовый отдел_Мультикарта,22%,463.98,2572.98,Да,\N,\N,91.02,Расходы на расчетно-кассовое обслуживание,\N
"Поступление (акт, накладная, УПД) МКУХ-005373 от 17.03.2026 23:59:59",Отражение фактических данных МКУХ-002728 от 17.03.2026 23:59:59,\N,\N,\N,\N,\N,\N,\N,\N,\N,\N,\N,\N,\N,\N,\N,\N,\N,\N,\N,\N,\N,\N,\N,\N,\N,\N,\N,\N
МКУХ-005373,17.03.2026 23:59:59,Услуги,МДС ООО,7725309984,771301001,Оплата без договора С поставщиком руб.,б/н,\N,\N,\N,\N,\N,\N,УХ,руб.,1,Услуги от поставщика,Card Authentication Kit(B) AC (Лицензия для активации авторизации по картам доступа(тип В)),Мультикарта_Департамент процессинга_Бюджет МВЗ,Департамент процессинга,22%,8655.74,48000,Да,\N,\N,20.01,Обеспечение передачи данных фронтальной сети (связь),Лицензионные расходы за программное обеспечение компании (11020300)
"Поступление (акт, накладная, УПД) МКУХ-005395 от 17.03.2026 23:59:59",Отражение фактических данных МКУХ-002750 от 17.03.2026 23:59:59,\N,\N,\N,\N,\N,\N,\N,\N,\N,\N,\N,\N,\N,\N,\N,\N,\N,\N,\N,\N,\N,\N,\N,\N,\N,\N,\N,\N
МКУХ-005395,17.03.2026 23:59:59,Услуги,РОСИН.ТЕЛ АО,7116006212,711601001,Договор 19765/2011 от 10.05.2011,19765/2011,2941/МК,14.06.2011 0:00:00,Департамент процессинга,"CF02080000 Услуги связи (интернет, мобильная связь, почта и другие)","Услуги связи (интернет, мобильная связь, почта и другие)",00ДО-0000147760,ДО,руб.,1,Услуги от поставщика,Услуги связи,Договор № SSP240229OL1 от 26.03.2024,Департамент процессинга,22%,8800,48800,Да,\N,\N,20.01,Обеспечение передачи данных фронтальной сети (связь),"Услуги связи (интернет, мобильная связь, почта и другие) (11030700)"
"Поступление (акт, накладная, УПД) МКУХ-005415 от 17.03.2026 23:59:59",Отражение фактических данных МКУХ-002895 от 17.03.2026 23:59:59,\N,\N,\N,\N,\N,\N,\N,\N,\N,\N,\N,\N,\N,\N,\N,\N,\N,\N,\N,\N,\N,\N,\N,\N,\N,\N,\N,\N
МКУХ-005415,17.03.2026 23:59:59,Услуги,ФЛЕКС ООО,5031018470,503101001,Договор №208/INTБ-1 от 22.08.2011,208/INTБ-1,5088/МК,15.09.2011 0:00:00,Департамент процессинга,"CF02080000 Услуги связи (интернет, мобильная связь, почта и другие)","Услуги связи (интернет, мобильная связь, почта и другие)",00ДО-0000148712,ДО,руб.,1,Услуги от поставщиков / подрядчиков,Предоставление доступа к услугам связи,Договор № SSP240229OL1 от 26.03.2024,Департамент процессинга,22%,4414.43,24480,Да,\N,\N,20.01,Обеспечение передачи данных фронтальной сети (связь),"Услуги связи (интернет, мобильная связь, почта и другие) (11030700)"
"Поступление (акт, накладная, УПД) МКУХ-005377 от 18.03.2026 17:10:22",Отражение фактических данных МКУХ-002735 от 18.03.2026 17:10:22,\N,\N,\N,\N,\N,\N,\N,\N,\N,\N,\N,\N,\N,\N,\N,\N,\N,\N,\N,\N,\N,\N,\N,\N,\N,\N,\N,\N
МКУХ-005377,18.03.2026 17:10:22,Услуги,РЖД-ТЕХСЕРВИС ООО,7708316597,770801001,Договор №МК19-118 от 01.11.2019,МК19-118,00950/МК,28.10.2019 0:00:00,Департамент процессинга,"CF02080000 Услуги связи (интернет, мобильная связь, почта и другие)","Услуги связи (интернет, мобильная связь, почта и другие)",00ДО-0000148812,ДО,руб.,1,Услуги от поставщиков / подрядчиков,услуги связи ( подключение),Договор № SSP240229OL1 от 26.03.2024,Департамент процессинга,22%,6783.09,37615.32,Да,\N,\N,20.01,Обеспечение передачи данных фронтальной сети (связь),"Услуги связи (интернет, мобильная связь, почта и другие) (11030700)"
"Поступление (акт, накладная, УПД) МКУХ-005376 от 18.03.2026 17:20:22",Отражение фактических данных МКУХ-002734 от 18.03.2026 17:20:22,\N,\N,\N,\N,\N,\N,\N,\N,\N,\N,\N,\N,\N,\N,\N,\N,\N,\N,\N,\N,\N,\N,\N,\N,\N,\N,\N,\N
МКУХ-005376,18.03.2026 17:20:22,Услуги,ООО Телеком.ру,7327049769,732701001,Договор №1023346 от 21.08.2023 г.,1023346,000975/ФУ,10.10.2023 0:00:00,Департамент процессинга,"CF02080000 Услуги связи (интернет, мобильная связь, почта и другие)","Услуги связи (интернет, мобильная связь, почта и другие)",00ДО-0000150660,ДО,руб.,1,Услуги от поставщика,Услуги связи,Договор № SSP240229OL1 от 26.03.2024,Департамент процессинга,22%,737,4086.99,Да,\N,\N,20.01,Обеспечение передачи данных фронтальной сети (связь),"Услуги связи (интернет, мобильная связь, почта и другие) (11030700)"
"Поступление (акт, накладная, УПД) МКУХ-005375 от 18.03.2026 18:49:54",Отражение фактических данных МКУХ-002733 от 18.03.2026 18:49:54,\N,\N,\N,\N,\N,\N,\N,\N,\N,\N,\N,\N,\N,\N,\N,\N,\N,\N,\N,\N,\N,\N,\N,\N,\N,\N,\N,\N
МКУХ-005375,18.03.2026 18:49:54,Услуги,ДЖИ-ЭМ-О ГЛОБАЛ САЙН РАША ООО,7723863185,770401001,Абонентский договор №23050501-PAR248774 от 05.05.2023,23050501-PAR248774,000453/ФУ,05.05.2023 0:00:00,Департамент контроля рисков,CF02010600 Услуги по заказной разработке ПО,Услуги по заказной разработке ПО,00ДО-0000150126,ДО,руб.,1,Услуги от поставщика,Услуги по оформлению заказа на выпуск цифрового сертификата OrganizationSSL(MSSL) на 1 год,Договор № SSP240229OL1 от 26.03.2024,Департамент контроля рисков,22%,11251.46,62394.46,Да,\N,\N,20.01,ПР: авторизации,Лицензионные расходы за программное обеспечение компании (11020300)
"Поступление (акт, накладная, УПД) МКУХ-005394 от 18.03.2026 23:59:59",Отражение фактических данных МКУХ-002748 от 18.03.2026 23:59:59,\N,\N,\N,\N,\N,\N,\N,\N,\N,\N,\N,\N,\N,\N,\N,\N,\N,\N,\N,\N,\N,\N,\N,\N,\N,\N,\N,\N
МКУХ-005394,18.03.2026 23:59:59,Услуги,РОСИН.ТЕЛ АО,7116006212,711601001,Договор 19765/2011 от 10.05.2011,19765/2011,2941/МК,14.06.2011 0:00:00,Департамент процессинга,"CF02080000 Услуги связи (интернет, мобильная связь, почта и другие)","Услуги связи (интернет, мобильная связь, почта и другие)",00ДО-0000147760,ДО,руб.,1,Услуги от поставщика,Услуги связи,Договор № SSP240229OL1 от 26.03.2024,Департамент процессинга,22%,4400,24400,Да,\N,\N,20.01,Обеспечение передачи данных фронтальной сети (связь),"Услуги связи (интернет, мобильная связь, почта и другие) (11030700)"
"Поступление (акт, накладная, УПД) МКУХ-005416 от 18.03.2026 23:59:59",Отражение фактических данных МКУХ-002896 от 18.03.2026 23:59:59,\N,\N,\N,\N,\N,\N,\N,\N,\N,\N,\N,\N,\N,\N,\N,\N,\N,\N,\N,\N,\N,\N,\N,\N,\N,\N,\N,\N
МКУХ-005416,18.03.2026 23:59:59,Услуги,ФЛЕКС ООО,5031018470,503101001,Договор №208/INTБ-1 от 22.08.2011,208/INTБ-1,5088/МК,15.09.2011 0:00:00,Департамент процессинга,"CF02080000 Услуги связи (интернет, мобильная связь, почта и другие)","Услуги связи (интернет, мобильная связь, почта и другие)",00ДО-0000148712,ДО,руб.,1,Услуги от поставщиков / подрядчиков,Предоставление доступа к услугам связи,Договор № SSP240229OL1 от 26.03.2024,Департамент процессинга,22%,4414.43,24480,Да,\N,\N,20.01,Обеспечение передачи данных фронтальной сети (связь),"Услуги связи (интернет, мобильная связь, почта и другие) (11030700)"
"Поступление (акт, накладная, УПД) МКУХ-005418 от 18.03.2026 23:59:59",Отражение фактических данных МКУХ-002898 от 18.03.2026 23:59:59,\N,\N,\N,\N,\N,\N,\N,\N,\N,\N,\N,\N,\N,\N,\N,\N,\N,\N,\N,\N,\N,\N,\N,\N,\N,\N,\N,\N
МКУХ-005418,18.03.2026 23:59:59,Услуги,СИСТЕМА ООО (ИНН 7810914679),7810914679,781001001,Договор № 02/20-К от 25.09.2020 (Тема ООО),02/20-К,001073/ФУ,15.11.2023 0:00:00,Департамент процессинга,"CF02080000 Услуги связи (интернет, мобильная связь, почта и другие)","Услуги связи (интернет, мобильная связь, почта и другие)",00ДО-0000151306,ДО,руб.,1,Услуги от поставщика,Услуги связи(подключение),Договор № SSP240229OL1 от 26.03.2024,Департамент процессинга,5%,1350,28350,Да,\N,\N,20.01,Обеспечение передачи данных фронтальной сети (связь),"Услуги связи (интернет, мобильная связь, почта и другие) (11030700)"
"Поступление (акт, накладная, УПД) МКУХ-005443 от 18.03.2026 23:59:59",Отражение фактических данных МКУХ-003031 от 18.03.2026 23:59:59,\N,\N,\N,\N,\N,\N,\N,\N,\N,\N,\N,\N,\N,\N,\N,\N,\N,\N,\N,\N,\N,\N,\N,\N,\N,\N,\N,\N
МКУХ-005443,18.03.2026 23:59:59,Услуги,ИНФОСИСТЕМЫ ДЖЕТ АО,7729058675,774950001,МК26-001 от 11.03.2026,МК26-001,MK26-02-23-LC,19.02.2026 17:51:38,Департамент контроля рисков,CF02010500 Услуги по IT консалтингу,Услуги по IT консалтингу,00ДО-0000229790,ДО,руб.,1,Услуги от поставщика,Работы по внешнему (ASV) сканированию - сканирование уязвимостей в соответствии с требованиями стандарта PCI DSS 4.0.1 согласно заданию на работы к Договору № МК26-001 от 11.03.2026. Первый этап сканирования.,МУЛЬТИКАРТА_11_АВТОРИЗАЦИИ,Департамент контроля рисков,22%,22523.31,124902,Да,\N,\N,20.01,ПР: транзакции,Услуги по поддержке лицензионного ПО (11020403)
"Поступление (акт, накладная, УПД) МКУХ-005621 от 18.03.2026 23:59:59",Отражение фактических данных МКУХ-003442 от 18.03.2026 23:59:59,\N,\N,\N,\N,\N,\N,\N,\N,\N,\N,\N,\N,\N,\N,\N,\N,\N,\N,\N,\N,\N,\N,\N,\N,\N,\N,\N,\N
МКУХ-005621,18.03.2026 23:59:59,Услуги,ФЛЕКС ООО,5031018470,503101001,Договор №208/INTБ-1 от 22.08.2011,208/INTБ-1,5088/МК,15.09.2011 0:00:00,Департамент процессинга,"CF02080000 Услуги связи (интернет, мобильная связь, почта и другие)","Услуги связи (интернет, мобильная связь, почта и другие)",00ДО-0000148712,ДО,руб.,1,Услуги от поставщиков / подрядчиков,Предоставление доступа к услугам связи,Договор № SSP240229OL1 от 26.03.2024,Департамент процессинга,22%,4414.43,24480,Да,\N,\N,20.01,Обеспечение передачи данных фронтальной сети (связь),"Услуги связи (интернет, мобильная связь, почта и другие) (11030700)"
"Поступление (акт, накладная, УПД) МКУХ-005391 от 19.03.2026 16:30:06",\N,\N,\N,\N,\N,\N,\N,\N,\N,\N,\N,\N,\N,\N,\N,\N,\N,\N,\N,\N,\N,\N,\N,\N,\N,\N,\N,\N,\N
МКУХ-005391,19.03.2026 16:30:06,Товары,РАДИОФИД СИСТЕМЫ ООО (КОНТРАГЕНТ МУЛЬТИКАРТЫ),7802491148,780201001,МК25-042 от 09.02.2026,МК25-042,MK26-01-14-LC,27.01.2026 13:52:57,Департамент процессинга,CF02010200 Услуги по установке оборудования,Услуги по установке оборудования,00ДО-0000226325,ДО,руб.,6,Преобразователь GST25A12-P1J,\N,Договор № SSP240229OL1 от 26.03.2024,Департамент процессинга,22%,31449.18,174400,Нет,\N,\N,\N,\N,\N
МКУХ-005391,19.03.2026 16:30:06,Товары,РАДИОФИД СИСТЕМЫ ООО (КОНТРАГЕНТ МУЛЬТИКАРТЫ),7802491148,780201001,МК25-042 от 09.02.2026,МК25-042,MK26-01-14-LC,27.01.2026 13:52:57,Департамент процессинга,CF02010200 Услуги по установке оборудования,Услуги по установке оборудования,00ДО-0000226325,ДО,руб.,5,Преобразователь GST25A12-P1J,\N,Договор № SSP240229OL1 от 26.03.2024,Департамент процессинга,22%,69534.43,385600,Нет,\N,\N,\N,\N,\N
МКУХ-005391,19.03.2026 16:30:06,Товары,РАДИОФИД СИСТЕМЫ ООО (КОНТРАГЕНТ МУЛЬТИКАРТЫ),7802491148,780201001,МК25-042 от 09.02.2026,МК25-042,MK26-01-14-LC,27.01.2026 13:52:57,Департамент процессинга,CF02010200 Услуги по установке оборудования,Услуги по установке оборудования,00ДО-0000226325,ДО,руб.,4,Блок питания GST18A12-P1J,\N,Договор № SSP240229OL1 от 26.03.2024,Департамент процессинга,22%,8367.21,46400,Нет,\N,\N,\N,\N,\N
МКУХ-005391,19.03.2026 16:30:06,Товары,РАДИОФИД СИСТЕМЫ ООО (КОНТРАГЕНТ МУЛЬТИКАРТЫ),7802491148,780201001,МК25-042 от 09.02.2026,МК25-042,MK26-01-14-LC,27.01.2026 13:52:57,Департамент процессинга,CF02010200 Услуги по установке оборудования,Услуги по установке оборудования,00ДО-0000226325,ДО,руб.,3,Блок питания GST18A12-P1J,\N,Договор № SSP240229OL1 от 26.03.2024,Департамент процессинга,22%,5770.49,32000,Нет,\N,\N,\N,\N,\N
МКУХ-005391,19.03.2026 16:30:06,Товары,РАДИОФИД СИСТЕМЫ ООО (КОНТРАГЕНТ МУЛЬТИКАРТЫ),7802491148,780201001,МК25-042 от 09.02.2026,МК25-042,MK26-01-14-LC,27.01.2026 13:52:57,Департамент процессинга,CF02010200 Услуги по установке оборудования,Услуги по установке оборудования,00ДО-0000226325,ДО,руб.,2,Блок питания GST18A12-P1J,\N,Договор № SSP240229OL1 от 26.03.2024,Департамент процессинга,22%,31160.66,172800,Нет,\N,\N,\N,\N,\N
МКУХ-005391,19.03.2026 16:30:06,Товары,РАДИОФИД СИСТЕМЫ ООО (КОНТРАГЕНТ МУЛЬТИКАРТЫ),7802491148,780201001,МК25-042 от 09.02.2026,МК25-042,MK26-01-14-LC,27.01.2026 13:52:57,Департамент процессинга,CF02010200 Услуги по установке оборудования,Услуги по установке оборудования,00ДО-0000226325,ДО,руб.,1,Блок питания GST18A12-P1J,\N,Договор № SSP240229OL1 от 26.03.2024,Департамент процессинга,22%,12406.56,68800,Нет,\N,\N,\N,\N,\N
"Поступление (акт, накладная, УПД) МКУХ-005393 от 19.03.2026 17:09:14",Отражение фактических данных МКУХ-002745 от 19.03.2026 17:09:14,\N,\N,\N,\N,\N,\N,\N,\N,\N,\N,\N,\N,\N,\N,\N,\N,\N,\N,\N,\N,\N,\N,\N,\N,\N,\N,\N,\N
МКУХ-005393,19.03.2026 17:09:14,Услуги,ТЛС ООО,9705131425,770501001,ТЭО- МК24-067 от,ТЭО- МК24-067,MK24-11-43-LLС,28.11.2024 12:17:25,Операционный блок_Мультикарта,CF02011100 Логистические услуги,Логистические расходы,00ДО-0000175762,ДО,руб.,1,Услуги от поставщиков / подрядчиков,Погрузочно-разгрузочные услуги,Мультикарта_Операционный блок_Мультикарта_Бюджет МВЗ,Административный департамент ЦСП,22%,10981.97,60900,Да,\N,\N,26,Прочие административные расходы (22031104),\N
"Поступление (акт, накладная, УПД) МКУХ-005396 от 19.03.2026 19:10:45",Отражение фактических данных МКУХ-002751 от 19.03.2026 19:10:45,\N,\N,\N,\N,\N,\N,\N,\N,\N,\N,\N,\N,\N,\N,\N,\N,\N,\N,\N,\N,\N,\N,\N,\N,\N,\N,\N,\N
МКУХ-005396,19.03.2026 19:10:45,Услуги,ЭДНА ООО,7705658056,772501001,EDNA 2156/25 от 08.10.2025,EDNA 2156/25,MK25-08-65-LC,27.08.2025 9:09:49,Департамент процессинга,"CF02080000 Услуги связи (интернет, мобильная связь, почта и другие)","Услуги связи (интернет, мобильная связь, почта и другие)",00ДО-0000206210,ДО,руб.,1,Услуги от поставщиков / подрядчиков,Абонентская плата за услуги по определению принадлежности оператору абон.номера,МУЛЬТИКАРТА_11_АВТОРИЗАЦИИ,Департамент процессинга,22%,22000,122000,Да,\N,\N,20.01,SMS: формирование и отправка сообщений,SMS-СЕРВИС: услуги связи по операциям Держателей карт Банка (11020416)
"Поступление (акт, накладная, УПД) МКУХ-005400 от 19.03.2026 19:43:03",\N,\N,\N,\N,\N,\N,\N,\N,\N,\N,\N,\N,\N,\N,\N,\N,\N,\N,\N,\N,\N,\N,\N,\N,\N,\N,\N,\N,\N
МКУХ-005400,19.03.2026 19:43:03,Товары,"Филиал Центральный ООО ""ДНС Ритейл""",2540167061,772043001,Оплата без договора С поставщиком руб.,б/н,\N,\N,\N,\N,\N,\N,УХ,руб.,2,"Монитор MSI 27"" Modern MD272UPHW [60Hz, 3840x2160, IPS, 4 ms, 400 cd/m², HAS, Pivot, 2xHDMI, DP, USB-C, 4xUSB, 2x3W]",\N,Мультикарта_Департамент процессинга_Бюджет МВЗ,Департамент процессинга,22%,20196,111996,Да,\N,\N,\N,\N,\N
МКУХ-005400,19.03.2026 19:43:03,Товары,"Филиал Центральный ООО ""ДНС Ритейл""",2540167061,772043001,Оплата без договора С поставщиком руб.,б/н,\N,\N,\N,\N,\N,\N,УХ,руб.,1,Неттоп Asus PN64-S5436AD Intel 16GB (1x16GB)/512GB SSD/Wi-fi+BT/Windows 11 Pro/Black,\N,Мультикарта_Департамент процессинга_Бюджет МВЗ,Департамент процессинга,22%,15652.28,86799,Да,\N,\N,\N,\N,\N
"Поступление (акт, накладная, УПД) МКУХ-005406 от 19.03.2026 23:59:59",\N,\N,\N,\N,\N,\N,\N,\N,\N,\N,\N,\N,\N,\N,\N,\N,\N,\N,\N,\N,\N,\N,\N,\N,\N,\N,\N,\N,\N
МКУХ-005406,19.03.2026 23:59:59,Товары,КОМУС ООО (КПП 997350001),7721793895,997350001,МК24-070 от 13.03.2025,МК24-070,MK24-12-48-LLС,06.12.2024 15:03:54,Административный департамент ЦСП,CF02050301 Приобретение канцелярских товаров не дороже 40 т.р. без НДС,Приобретение канцелярских товаров,00ДО-0000177168,ДО,руб.,1,"Приправа для кофе Kotanyi Соленая карамель, мельница, 65г",\N,Мультикарта_Операционный блок_Мультикарта_Бюджет МВЗ,Административный департамент ЦСП,22%,142.1,788,Да,\N,\N,\N,\N,\N
МКУХ-005406,19.03.2026 23:59:59,Товары,КОМУС ООО (КПП 997350001),7721793895,997350001,МК24-070 от 13.03.2025,МК24-070,MK24-12-48-LLС,06.12.2024 15:03:54,Административный департамент ЦСП,CF02050301 Приобретение канцелярских товаров не дороже 40 т.р. без НДС,Приобретение канцелярских товаров,00ДО-0000177168,ДО,руб.,2,Фрукты Лимоны 1кг Рег,\N,Мультикарта_Операционный блок_Мультикарта_Бюджет МВЗ,Административный департамент ЦСП,10%,108.82,1197,Да,\N,\N,\N,\N,\N
МКУХ-005406,19.03.2026 23:59:59,Товары,КОМУС ООО (КПП 997350001),7721793895,997350001,МК24-070 от 13.03.2025,МК24-070,MK24-12-48-LLС,06.12.2024 15:03:54,Административный департамент ЦСП,CF02050301 Приобретение канцелярских товаров не дороже 40 т.р. без НДС,Приобретение канцелярских товаров,00ДО-0000177168,ДО,руб.,5,"Вода питьевая LEGEND of BAIKAL природная негаз., 0,33л стекло, 12шт/уп",\N,Мультикарта_Операционный блок_Мультикарта_Бюджет МВЗ,Административный департамент ЦСП,22%,129.62,718.8,Да,\N,\N,\N,\N,\N
МКУХ-005406,19.03.2026 23:59:59,Товары,КОМУС ООО (КПП 997350001),7721793895,997350001,МК24-070 от 13.03.2025,МК24-070,MK24-12-48-LLС,06.12.2024 15:03:54,Административный департамент ЦСП,CF02050301 Приобретение канцелярских товаров не дороже 40 т.р. без НДС,Приобретение канцелярских товаров,00ДО-0000177168,ДО,руб.,4,Сахар рафинад Деловой стандарт 1 кг,\N,Мультикарта_Операционный блок_Мультикарта_Бюджет МВЗ,Административный департамент ЦСП,10%,78.55,864,Да,\N,\N,\N,\N,\N
МКУХ-005406,19.03.2026 23:59:59,Товары,КОМУС ООО (КПП 997350001),7721793895,997350001,МК24-070 от 13.03.2025,МК24-070,MK24-12-48-LLС,06.12.2024 15:03:54,Административный департамент ЦСП,CF02050301 Приобретение канцелярских товаров не дороже 40 т.р. без НДС,Приобретение канцелярских товаров,00ДО-0000177168,ДО,руб.,3,Вода питьевая негаз.,\N,Мультикарта_Операционный блок_Мультикарта_Бюджет МВЗ,Административный департамент ЦСП,10%,43.05,473.52,Да,\N,\N,\N,\N,\N
"Поступление (акт, накладная, УПД) МКУХ-005407 от 19.03.2026 23:59:59",\N,\N,\N,\N,\N,\N,\N,\N,\N,\N,\N,\N,\N,\N,\N,\N,\N,\N,\N,\N,\N,\N,\N,\N,\N,\N,\N,\N,\N
МКУХ-005407,19.03.2026 23:59:59,Товары,КОМУС ООО (КПП 997350001),7721793895,997350001,МК24-070 от 13.03.2025,МК24-070,MK24-12-48-LLС,06.12.2024 15:03:54,Административный департамент ЦСП,CF02050301 Приобретение канцелярских товаров не дороже 40 т.р. без НДС,Приобретение канцелярских товаров,00ДО-0000177168,ДО,руб.,1,Сливки порционные Ehrmann для кофе ультрапастеризованные 10% 10гx10шт/уп,\N,Мультикарта_Операционный блок_Мультикарта_Бюджет МВЗ,Административный департамент ЦСП,10%,26.15,287.6,Да,\N,\N,\N,\N,\N
"Поступление (акт, накладная, УПД) МКУХ-005419 от 19.03.2026 23:59:59",Отражение фактических данных МКУХ-002899 от 19.03.2026 23:59:59,\N,\N,\N,\N,\N,\N,\N,\N,\N,\N,\N,\N,\N,\N,\N,\N,\N,\N,\N,\N,\N,\N,\N,\N,\N,\N,\N,\N
МКУХ-005419,19.03.2026 23:59:59,Услуги,СИСТЕМА ООО (ИНН 7810914679),7810914679,781001001,Договор № 02/20-К от 25.09.2020 (Тема ООО),02/20-К,001073/ФУ,15.11.2023 0:00:00,Департамент процессинга,"CF02080000 Услуги связи (интернет, мобильная связь, почта и другие)","Услуги связи (интернет, мобильная связь, почта и другие)",00ДО-0000151306,ДО,руб.,1,Услуги от поставщика,Услуги связи(подключение),Договор № SSP240229OL1 от 26.03.2024,Департамент процессинга,5%,750,15750,Да,\N,\N,20.01,Обеспечение передачи данных фронтальной сети (связь),"Услуги связи (интернет, мобильная связь, почта и другие) (11030700)"
"Поступление (акт, накладная, УПД) МКУХ-005410 от 20.03.2026 23:59:59",Отражение фактических данных МКУХ-002886 от 20.03.2026 23:59:59,\N,\N,\N,\N,\N,\N,\N,\N,\N,\N,\N,\N,\N,\N,\N,\N,\N,\N,\N,\N,\N,\N,\N,\N,\N,\N,\N,\N
МКУХ-005410,20.03.2026 23:59:59,Услуги,ГЦБИТ АО,7707113869,500301001,Договор №МК23-072 от 28.08.2023,МК23-072,000815/ФУ,22.08.2023 0:00:00,Руководство БЕ_Мультикарта,CF02060000 Командировочные платежи,Командировочные расходы,00ДО-0000149802,ДО,руб.,1,Услуги от поставщика,"Проживание в гостинице Гранд Отель Эмеральд, РОССИЯ, Санкт-Петербург, , тип размещения: Одноместный , категория номера: Стандарт Премиум, с 17.03.2026 по 20.03.2026, АЛАЕВ ДЕНИС ВАЛЕРЬЕВИЧ",Мультикарта_Департамент развития технологий_Бюджет МВЗ,Административный департамент ЦСП,0%,\N,26100,Да,\N,\N,26,Командировочные расходы (22030400),\N
"Поступление (акт, накладная, УПД) МКУХ-005412 от 20.03.2026 23:59:59",Отражение фактических данных МКУХ-002889 от 20.03.2026 23:59:59,\N,\N,\N,\N,\N,\N,\N,\N,\N,\N,\N,\N,\N,\N,\N,\N,\N,\N,\N,\N,\N,\N,\N,\N,\N,\N,\N,\N
МКУХ-005412,20.03.2026 23:59:59,Услуги,ГЦБИТ АО,7707113869,500301001,Договор №МК23-072 от 28.08.2023,МК23-072,000815/ФУ,22.08.2023 0:00:00,Руководство БЕ_Мультикарта,CF02060000 Командировочные платежи,Командировочные расходы,00ДО-0000149802,ДО,руб.,1,Услуги от поставщика,Сервисные и прочие сборы за приобретение Ж/Д билетов для АЛАЕВА по маршруту Мск-СПб-Мск с 17 по 20 марта 2026г.,Мультикарта_Департамент развития технологий_Бюджет МВЗ,Административный департамент ЦСП,22%,128.93,715,Да,\N,\N,26,Командировочные расходы (22030400),\N
МКУХ-005412,20.03.2026 23:59:59,Услуги,ГЦБИТ АО,7707113869,500301001,Договор №МК23-072 от 28.08.2023,МК23-072,000815/ФУ,22.08.2023 0:00:00,Руководство БЕ_Мультикарта,CF02060000 Командировочные платежи,Командировочные расходы,00ДО-0000149802,ДО,руб.,2,Услуги от поставщика,Сервисные и прочие сборы за приобретение Ж/Д билетов для ДЕНИСЁНКА по маршруту Мск-СПб-Мск с 23  по 25 марта 2026г.,Мультикарта_Департамент контроля качества_Бюджет МВЗ,Административный департамент ЦСП,22%,77.54,430,Да,\N,\N,26,Командировочные расходы (22030400),\N
"Поступление (акт, накладная, УПД) МКУХ-005420 от 20.03.2026 23:59:59",Отражение фактических данных МКУХ-002900 от 20.03.2026 23:59:59,\N,\N,\N,\N,\N,\N,\N,\N,\N,\N,\N,\N,\N,\N,\N,\N,\N,\N,\N,\N,\N,\N,\N,\N,\N,\N,\N,\N
МКУХ-005420,20.03.2026 23:59:59,Услуги,СИСТЕМА ООО (ИНН 7810914679),7810914679,781001001,Договор № 02/20-К от 25.09.2020 (Тема ООО),02/20-К,001073/ФУ,15.11.2023 0:00:00,Департамент процессинга,"CF02080000 Услуги связи (интернет, мобильная связь, почта и другие)","Услуги связи (интернет, мобильная связь, почта и другие)",00ДО-0000151306,ДО,руб.,1,Услуги от поставщика,Услуги связи(подключение),Договор № SSP240229OL1 от 26.03.2024,Департамент процессинга,5%,1250,26250,Да,\N,\N,20.01,Обеспечение передачи данных фронтальной сети (связь),"Услуги связи (интернет, мобильная связь, почта и другие) (11030700)"
"Поступление (акт, накладная, УПД) МКУХ-005438 от 23.03.2026 0:00:00",\N,\N,\N,\N,\N,\N,\N,\N,\N,\N,\N,\N,\N,\N,\N,\N,\N,\N,\N,\N,\N,\N,\N,\N,\N,\N,\N,\N,\N
МКУХ-005438,23.03.2026 0:00:00,Товары,ТС ИНТЕГРАЦИЯ ООО,7720479365,997750001,80-41.22 от 20.03.2023 Заказ 74 от 27.02.2026,80-41.22 от 20.03.2023 Заказ 74,MK26-02-23-VGO,26.02.2026 12:06:59,Департамент процессинга,CF05020103 Системы хранения данных свыше 40 т.р.,Амортизация НМА,00ДО-0000230403,ДО,USD,1,Комплект модернизации (Тип 1) системы хранения данных TATLIN.UNIFIED Gen2,\N,МУЛЬТИКАРТА_11_ИМПОРТОЗАМЕЩЕНИЕ,Департамент процессинга,22%,1937,10741.55,Да,\N,\N,\N,\N,\N
"Поступление (акт, накладная, УПД) МКУХ-005441 от 23.03.2026 0:00:00",\N,\N,\N,\N,\N,\N,\N,\N,\N,\N,\N,\N,\N,\N,\N,\N,\N,\N,\N,\N,\N,\N,\N,\N,\N,\N,\N,\N,\N
МКУХ-005441,23.03.2026 0:00:00,Товары,ТС ИНТЕГРАЦИЯ ООО,7720479365,997750001,80-41.22 от 20.03.2023 Заказ 74 от 27.02.2026,80-41.22 от 20.03.2023 Заказ 74,MK26-02-23-VGO,26.02.2026 12:06:59,Департамент процессинга,CF05020103 Системы хранения данных свыше 40 т.р.,Амортизация НМА,00ДО-0000230403,ДО,USD,1,Комплект модернизации (Тип 1) системы хранения данных TATLIN.UNIFIED Gen2,\N,МУЛЬТИКАРТА_11_ИМПОРТОЗАМЕЩЕНИЕ,Департамент процессинга,22%,1937,10741.55,Да,\N,\N,\N,\N,\N
"Поступление (акт, накладная, УПД) МКУХ-005408 от 23.03.2026 10:27:03",Отражение фактических данных МКУХ-002884 от 23.03.2026 10:27:03,\N,\N,\N,\N,\N,\N,\N,\N,\N,\N,\N,\N,\N,\N,\N,\N,\N,\N,\N,\N,\N,\N,\N,\N,\N,\N,\N,\N
МКУХ-005408,23.03.2026 10:27:03,Услуги,ДИКС ТЕЛЕКОМ ООО,3123227624,312301001,Договор №1082/17 от 11.09.2017 г.,1082/17,1768/МК,14.02.2018 0:00:00,Департамент процессинга,"CF02080000 Услуги связи (интернет, мобильная связь, почта и другие)","Услуги связи (интернет, мобильная связь, почта и другие)",00ДО-0000146768,ДО,руб.,1,Услуги от поставщиков / подрядчиков,услуги связи,Договор № SSP240229OL1 от 26.03.2024,Департамент процессинга,Без НДС,\N,800,Да,\N,\N,20.01,Обеспечение передачи данных фронтальной сети (связь),"Услуги связи (интернет, мобильная связь, почта и другие) (11030700)"
"Поступление (акт, накладная, УПД)  от 23.03.2026 18:27:39",\N,\N,\N,\N,\N,\N,\N,\N,\N,\N,\N,\N,\N,\N,\N,\N,\N,\N,\N,\N,\N,\N,\N,\N,\N,\N,\N,\N,\N
\N,23.03.2026 18:27:39,Услуги,"Северо-Западный Филиал ПАО ""МегаФон""",7812014560,780143001,Договор №ФД15/67 от 21.04.2014 ( л/с № 123166188361),ФД 15/67,5497/МК,14.05.2014 0:00:00,Департамент процессинга,"CF02080000 Услуги связи (интернет, мобильная связь, почта и другие)","Услуги связи (интернет, мобильная связь, почта и другие)",00ДО-0000148699,ДО,руб.,1,Услуги от поставщиков / подрядчиков,\N,МУЛЬТИКАРТА_11_АВТОРИЗАЦИИ,Департамент процессинга,22%,138401.03,767496.6,Нет,\N,\N,26,"Услуги связи (интернет, мобильная связь, почта и другие) (11030700)",\N
"Поступление (акт, накладная, УПД) МКУХ-005431 от 23.03.2026 22:00:00",Отражение фактических данных МКУХ-003023 от 23.03.2026 22:00:00,\N,\N,\N,\N,\N,\N,\N,\N,\N,\N,\N,\N,\N,\N,\N,\N,\N,\N,\N,\N,\N,\N,\N,\N,\N,\N,\N,\N
МКУХ-005431,23.03.2026 22:00:00,Услуги,БАНК ВТБ (ПАО) (КПП 784201001),7702070139,784201001,Комиссия ВК,\N,\N,\N,\N,\N,\N,\N,\N,руб.,1,Услуги от поставщика,Комиссия за проведение процедур ВК,Мультикарта_Операционный блок_Мультикарта_Бюджет МВЗ,Финансовый отдел_Мультикарта,22%,184.8,1024.78,Да,\N,\N,91.02,Расходы на расчетно-кассовое обслуживание,\N
"Поступление (акт, накладная, УПД) МКУХ-005432 от 23.03.2026 22:00:00",Отражение фактических данных МКУХ-003024 от 23.03.2026 22:00:00,\N,\N,\N,\N,\N,\N,\N,\N,\N,\N,\N,\N,\N,\N,\N,\N,\N,\N,\N,\N,\N,\N,\N,\N,\N,\N,\N,\N
МКУХ-005432,23.03.2026 22:00:00,Услуги,БАНК ВТБ (ПАО) (КПП 784201001),7702070139,784201001,Комиссия ВК,\N,\N,\N,\N,\N,\N,\N,\N,руб.,1,Услуги от поставщика,Комиссия за проведение процедур ВК,Мультикарта_Операционный блок_Мультикарта_Бюджет МВЗ,Финансовый отдел_Мультикарта,22%,195.76,1085.57,Да,\N,\N,91.02,Расходы на расчетно-кассовое обслуживание,\N
"Поступление (акт, накладная, УПД) МКУХ-005433 от 23.03.2026 22:00:00",Отражение фактических данных МКУХ-003025 от 23.03.2026 22:00:00,\N,\N,\N,\N,\N,\N,\N,\N,\N,\N,\N,\N,\N,\N,\N,\N,\N,\N,\N,\N,\N,\N,\N,\N,\N,\N,\N,\N
МКУХ-005433,23.03.2026 22:00:00,Услуги,БАНК ВТБ (ПАО) (КПП 784201001),7702070139,784201001,Комиссия ВК,\N,\N,\N,\N,\N,\N,\N,\N,руб.,1,Услуги от поставщика,Комиссия за проведение процедур ВК,Мультикарта_Операционный блок_Мультикарта_Бюджет МВЗ,Финансовый отдел_Мультикарта,22%,184.8,1024.78,Да,\N,\N,91.02,Расходы на расчетно-кассовое обслуживание,\N
"Поступление (акт, накладная, УПД) МКУХ-005434 от 23.03.2026 22:00:00",Отражение фактических данных МКУХ-003026 от 23.03.2026 22:00:00,\N,\N,\N,\N,\N,\N,\N,\N,\N,\N,\N,\N,\N,\N,\N,\N,\N,\N,\N,\N,\N,\N,\N,\N,\N,\N,\N,\N
МКУХ-005434,23.03.2026 22:00:00,Услуги,БАНК ВТБ (ПАО) (КПП 784201001),7702070139,784201001,Комиссия ВК,\N,\N,\N,\N,\N,\N,\N,\N,руб.,1,Услуги от поставщика,Комиссия за проведение процедур ВК,Мультикарта_Операционный блок_Мультикарта_Бюджет МВЗ,Финансовый отдел_Мультикарта,22%,216.22,1199.02,Да,\N,\N,91.02,Расходы на расчетно-кассовое обслуживание,\N
"Поступление (акт, накладная, УПД) МКУХ-005435 от 23.03.2026 23:00:00",Отражение фактических данных МКУХ-003027 от 23.03.2026 23:00:00,\N,\N,\N,\N,\N,\N,\N,\N,\N,\N,\N,\N,\N,\N,\N,\N,\N,\N,\N,\N,\N,\N,\N,\N,\N,\N,\N,\N
МКУХ-005435,23.03.2026 23:00:00,Услуги,БАНК ВТБ (ПАО) (КПП 784201001),7702070139,784201001,Комиссия ВК,\N,\N,\N,\N,\N,\N,\N,\N,руб.,1,Услуги от поставщика,Комиссия за проведение процедур ВК,Мультикарта_Операционный блок_Мультикарта_Бюджет МВЗ,Финансовый отдел_Мультикарта,22%,246.6,1367.52,Да,\N,\N,91.02,Расходы на расчетно-кассовое обслуживание,\N
"Поступление (акт, накладная, УПД) МКУХ-005436 от 23.03.2026 23:00:00",Отражение фактических данных МКУХ-003028 от 23.03.2026 23:00:00,\N,\N,\N,\N,\N,\N,\N,\N,\N,\N,\N,\N,\N,\N,\N,\N,\N,\N,\N,\N,\N,\N,\N,\N,\N,\N,\N,\N
МКУХ-005436,23.03.2026 23:00:00,Услуги,БАНК ВТБ (ПАО) (КПП 784201001),7702070139,784201001,Комиссия ВК,\N,\N,\N,\N,\N,\N,\N,\N,руб.,1,Услуги от поставщика,Комиссия за проведение процедур ВК,Мультикарта_Операционный блок_Мультикарта_Бюджет МВЗ,Финансовый отдел_Мультикарта,22%,184.8,1024.78,Да,\N,\N,91.02,Расходы на расчетно-кассовое обслуживание,\N
"Поступление (акт, накладная, УПД) МКУХ-005425 от 23.03.2026 23:59:59",\N,\N,\N,\N,\N,\N,\N,\N,\N,\N,\N,\N,\N,\N,\N,\N,\N,\N,\N,\N,\N,\N,\N,\N,\N,\N,\N,\N,\N
МКУХ-005425,23.03.2026 23:59:59,Товары,КОМУС ООО (КПП 997350001),7721793895,997350001,МК24-070 от 13.03.2025,МК24-070,MK24-12-48-LLС,06.12.2024 15:03:54,Административный департамент ЦСП,CF02050301 Приобретение канцелярских товаров не дороже 40 т.р. без НДС,Приобретение канцелярских товаров,00ДО-0000177168,ДО,руб.,1,"Сироп Деловой Стандарт шоколад, стекло,1л",\N,Мультикарта_Операционный блок_Мультикарта_Бюджет МВЗ,Административный департамент ЦСП,22%,161.93,898,Да,\N,\N,\N,\N,\N
МКУХ-005425,23.03.2026 23:59:59,Товары,КОМУС ООО (КПП 997350001),7721793895,997350001,МК24-070 от 13.03.2025,МК24-070,MK24-12-48-LLС,06.12.2024 15:03:54,Административный департамент ЦСП,CF02050301 Приобретение канцелярских товаров не дороже 40 т.р. без НДС,Приобретение канцелярских товаров,00ДО-0000177168,ДО,руб.,2,Салфетки бумажные 100 шт,\N,Мультикарта_Операционный блок_Мультикарта_Бюджет МВЗ,Административный департамент ЦСП,22%,144.49,801.28,Да,\N,\N,\N,\N,\N
МКУХ-005425,23.03.2026 23:59:59,Товары,КОМУС ООО (КПП 997350001),7721793895,997350001,МК24-070 от 13.03.2025,МК24-070,MK24-12-48-LLС,06.12.2024 15:03:54,Административный департамент ЦСП,CF02050301 Приобретение канцелярских товаров не дороже 40 т.р. без НДС,Приобретение канцелярских товаров,00ДО-0000177168,ДО,руб.,3,Сливки порционные Ehrmann для кофе ультрапастеризованные 10% 10гx10шт/уп,\N,Мультикарта_Операционный блок_Мультикарта_Бюджет МВЗ,Административный департамент ЦСП,10%,370.36,4074,Да,\N,\N,\N,\N,\N
МКУХ-005425,23.03.2026 23:59:59,Товары,КОМУС ООО (КПП 997350001),7721793895,997350001,МК24-070 от 13.03.2025,МК24-070,MK24-12-48-LLС,06.12.2024 15:03:54,Административный департамент ЦСП,CF02050301 Приобретение канцелярских товаров не дороже 40 т.р. без НДС,Приобретение канцелярских товаров,00ДО-0000177168,ДО,руб.,4,"Сироп Деловой Стандарт Ирландский крем, стекло, 1л",\N,Мультикарта_Операционный блок_Мультикарта_Бюджет МВЗ,Административный департамент ЦСП,22%,323.87,1796,Да,\N,\N,\N,\N,\N
"Поступление (акт, накладная, УПД) МКУХ-005430 от 24.03.2026 17:45:30",\N,\N,\N,\N,\N,\N,\N,\N,\N,\N,\N,\N,\N,\N,\N,\N,\N,\N,\N,\N,\N,\N,\N,\N,\N,\N,\N,\N,\N
МКУХ-005430,24.03.2026 17:45:30,Товары,ПРОИНТЕХ ООО,7801578212,780101001,МК24-069 от 20.02.2025,МК24-069,MK24-12-57-LC,04.12.2024 11:51:34,Департамент процессинга,CF05020104 Сетевое оборудование свыше 40 т.р.,"Прочие расходы на IT оборудование, технику",00ДО-0000176669,ДО,руб.,1,Модуль SFP-G-T,\N,МУЛЬТИКАРТА_11_СЕРВЕРА,Департамент процессинга,22%,2869.31,15911.63,Да,\N,\N,\N,\N,\N
МКУХ-005430,24.03.2026 17:45:30,Товары,ПРОИНТЕХ ООО,7801578212,780101001,МК24-069 от 20.02.2025,МК24-069,MK24-12-57-LC,04.12.2024 11:51:34,Департамент процессинга,CF05020104 Сетевое оборудование свыше 40 т.р.,"Прочие расходы на IT оборудование, технику",00ДО-0000176669,ДО,руб.,2,Модуль SFP+-10G-SR,\N,МУЛЬТИКАРТА_11_СЕРВЕРА,Департамент процессинга,22%,4434.41,24590.81,Да,\N,\N,\N,\N,\N
МКУХ-005430,24.03.2026 17:45:30,Товары,ПРОИНТЕХ ООО,7801578212,780101001,МК24-069 от 20.02.2025,МК24-069,MK24-12-57-LC,04.12.2024 11:51:34,Департамент процессинга,CF05020104 Сетевое оборудование свыше 40 т.р.,"Прочие расходы на IT оборудование, технику",00ДО-0000176669,ДО,руб.,3,Модуль SFP+-10G-DA-1,\N,МУЛЬТИКАРТА_11_СЕРВЕРА,Департамент процессинга,22%,314.08,1741.72,Да,\N,\N,\N,\N,\N
МКУХ-005430,24.03.2026 17:45:30,Товары,ПРОИНТЕХ ООО,7801578212,780101001,МК24-069 от 20.02.2025,МК24-069,MK24-12-57-LC,04.12.2024 11:51:34,Департамент процессинга,CF05020104 Сетевое оборудование свыше 40 т.р.,"Прочие расходы на IT оборудование, технику",00ДО-0000176669,ДО,руб.,4,Модуль SFP+-10G-DA-2,\N,МУЛЬТИКАРТА_11_СЕРВЕРА,Департамент процессинга,22%,2988.2,16570.92,Да,\N,\N,\N,\N,\N
МКУХ-005430,24.03.2026 17:45:30,Товары,ПРОИНТЕХ ООО,7801578212,780101001,МК24-069 от 20.02.2025,МК24-069,MK24-12-57-LC,04.12.2024 11:51:34,Департамент процессинга,CF05020104 Сетевое оборудование свыше 40 т.р.,"Прочие расходы на IT оборудование, технику",00ДО-0000176669,ДО,руб.,5,Модуль SFP28-25G-DA-2,\N,МУЛЬТИКАРТА_11_СЕРВЕРА,Департамент процессинга,22%,3845.28,21323.84,Да,\N,\N,\N,\N,\N
МКУХ-005430,24.03.2026 17:45:30,Товары,ПРОИНТЕХ ООО,7801578212,780101001,МК24-069 от 20.02.2025,МК24-069,MK24-12-57-LC,04.12.2024 11:51:34,Департамент процессинга,CF05020104 Сетевое оборудование свыше 40 т.р.,"Прочие расходы на IT оборудование, технику",00ДО-0000176669,ДО,руб.,6,Модуль SFP28-25G-DA-3,\N,МУЛЬТИКАРТА_11_СЕРВЕРА,Департамент процессинга,22%,4436.19,24600.67,Да,\N,\N,\N,\N,\N
"Поступление (акт, накладная, УПД) МКУХ-005444 от 24.03.2026 23:59:59",Отражение фактических данных МКУХ-003032 от 24.03.2026 23:59:59,\N,\N,\N,\N,\N,\N,\N,\N,\N,\N,\N,\N,\N,\N,\N,\N,\N,\N,\N,\N,\N,\N,\N,\N,\N,\N,\N,\N
МКУХ-005444,24.03.2026 23:59:59,Услуги,САФИБ ООО,3661031853,366401001,55 от 09.02.2026,55,MK26-02-16-LC,11.02.2026 13:32:48,Департамент процессинга,"CF02040200 Платежи за лицензии, за программное обеспечение",Лицензионные расходы за программное обеспечение компании,00ДО-0000228307,ДО,руб.,1,Услуги от поставщиков / подрядчиков,Право использования дополнительных управляющих соединений программы для ЭВМ «Система удаленного мониторинга и управления «Ассистент» пакет из 1 (одного) соединения,МУЛЬТИКАРТА_11_ИМПОРТОЗАМЕЩЕНИЕ,Департамент процессинга,Без НДС,\N,36500,Да,\N,\N,20.01,ПР: авторизации,Лицензионные расходы за программное обеспечение компании (11020300)
"Поступление (акт, накладная, УПД) МКУХ-005579 от 24.03.2026 23:59:59",Отражение фактических данных МКУХ-003366 от 24.03.2026 23:59:59,\N,\N,\N,\N,\N,\N,\N,\N,\N,\N,\N,\N,\N,\N,\N,\N,\N,\N,\N,\N,\N,\N,\N,\N,\N,\N,\N,\N
МКУХ-005579,24.03.2026 23:59:59,Услуги,КОМПАНИЯ ТРАНСТЕЛЕКОМ АО,7709219099,775050001,Договор №MS006399 на предоставление услуг связи от 30.01.2014,MS006399,MK24-11-47-LC,18.11.2024 9:20:50,Департамент процессинга,"CF02080000 Услуги связи (интернет, мобильная связь, почта и другие)","Услуги связи (интернет, мобильная связь, почта и другие)",00ДО-0000172839,ДО,руб.,1,Услуги от поставщиков / подрядчиков,услуги связи - подключение,Договор № SSP240229OL1 от 26.03.2024,Департамент процессинга,22%,12100,67100,Да,\N,\N,20.01,Обеспечение передачи данных фронтальной сети (связь),"Услуги связи (интернет, мобильная связь, почта и другие) (11030700)"
"Поступление (акт, накладная, УПД) МКУХ-005442 от 25.03.2026 16:47:01",Отражение фактических данных МКУХ-003030 от 25.03.2026 16:47:01,\N,\N,\N,\N,\N,\N,\N,\N,\N,\N,\N,\N,\N,\N,\N,\N,\N,\N,\N,\N,\N,\N,\N,\N,\N,\N,\N,\N
МКУХ-005442,25.03.2026 16:47:01,Услуги,"ТЕХНО ООО (Курск, ИНН 4632054801)",4632054801,463201001,Договор ТИ-472 от 21.12.2011,ТИ-472 in,8092/МК,23.12.2011 0:00:00,Департамент процессинга,"CF02080000 Услуги связи (интернет, мобильная связь, почта и другие)","Услуги связи (интернет, мобильная связь, почта и другие)",00ДО-0000147577,ДО,руб.,1,Услуги от поставщиков / подрядчиков,услуги связи,Договор № SSP240229OL1 от 26.03.2024,Департамент процессинга,Без НДС,\N,11080,Да,\N,\N,20.01,Обеспечение передачи данных фронтальной сети (связь),"Услуги связи (интернет, мобильная связь, почта и другие) (11030700)"
"Поступление (акт, накладная, УПД) МКУХ-005451 от 25.03.2026 23:59:59",Отражение фактических данных МКУХ-003092 от 25.03.2026 23:59:59,\N,\N,\N,\N,\N,\N,\N,\N,\N,\N,\N,\N,\N,\N,\N,\N,\N,\N,\N,\N,\N,\N,\N,\N,\N,\N,\N,\N
МКУХ-005451,25.03.2026 23:59:59,Услуги,ГЦБИТ АО,7707113869,500301001,Договор №МК23-072 от 28.08.2023,МК23-072,000815/ФУ,22.08.2023 0:00:00,Руководство БЕ_Мультикарта,CF02060000 Командировочные платежи,Командировочные расходы,00ДО-0000149802,ДО,руб.,2,Услуги от поставщика,"Проживание в гостинице Коринтия Санкт-Петербург, РОССИЯ, Санкт-Петербург, , тип размещения: Одноместный , категория номера: Делюкс Кинг / Deluxe King, с 22.03.2026 по 25.03.2026, КРЮКОВА СВЕТЛАНА ВАСИЛЬЕВНА",Мультикарта_Департамент реализации проектов и поддержки клиентов_Бюджет МВЗ,Административный департамент ЦСП,0%,\N,24900,Да,\N,\N,26,Командировочные расходы (22030400),\N
МКУХ-005451,25.03.2026 23:59:59,Услуги,ГЦБИТ АО,7707113869,500301001,Договор №МК23-072 от 28.08.2023,МК23-072,000815/ФУ,22.08.2023 0:00:00,Руководство БЕ_Мультикарта,CF02060000 Командировочные платежи,Командировочные расходы,00ДО-0000149802,ДО,руб.,1,Услуги от поставщика,"Проживание в гостинице Коринтия Санкт-Петербург, РОССИЯ, Санкт-Петербург, , тип размещения: Одноместный , категория номера: Номер представительского класса/Executive Room, с 22.03.2026 по 25.03.2026, ТЕРЯЕВ ВЛАДИМИР ВЛАДИМИРОВИЧ",Мультикарта_Руководство БЕ_Мультикарта_Бюджет МВЗ,Административный департамент ЦСП,0%,\N,36300,Да,\N,\N,26,Командировочные расходы (22030400),\N
МКУХ-005451,25.03.2026 23:59:59,Услуги,ГЦБИТ АО,7707113869,500301001,Договор №МК23-072 от 28.08.2023,МК23-072,000815/ФУ,22.08.2023 0:00:00,Руководство БЕ_Мультикарта,CF02060000 Командировочные платежи,Командировочные расходы,00ДО-0000149802,ДО,руб.,5,Услуги от поставщика,"Проживание в гостинице Коринтия Санкт-Петербург, РОССИЯ, Санкт-Петербург, , тип размещения: Одноместный , категория номера: Номер представительского класса/Executive Room, с 23.03.2026 по 25.03.2026, ДЕНИСЁНОК ПАВЕЛ ВЛАДИМИРОВИЧ",Мультикарта_Департамент контроля качества_Бюджет МВЗ,Административный департамент ЦСП,0%,\N,24200,Да,\N,\N,26,Командировочные расходы (22030400),\N
МКУХ-005451,25.03.2026 23:59:59,Услуги,ГЦБИТ АО,7707113869,500301001,Договор №МК23-072 от 28.08.2023,МК23-072,000815/ФУ,22.08.2023 0:00:00,Руководство БЕ_Мультикарта,CF02060000 Командировочные платежи,Командировочные расходы,00ДО-0000149802,ДО,руб.,4,Услуги от поставщика,"Проживание в гостинице Коринтия Санкт-Петербург, РОССИЯ, Санкт-Петербург, , тип размещения: Одноместный , категория номера: Стандартный/Superior Room KING, с 23.03.2026 по 25.03.2026, СТАНЧЕНКО НИКОЛАЙ АЛЕКСАНДРОВИЧ",Мультикарта_Департамент развития технологий_Бюджет МВЗ,Административный департамент ЦСП,0%,\N,13600,Да,\N,\N,26,Командировочные расходы (22030400),\N
МКУХ-005451,25.03.2026 23:59:59,Услуги,ГЦБИТ АО,7707113869,500301001,Договор №МК23-072 от 28.08.2023,МК23-072,000815/ФУ,22.08.2023 0:00:00,Руководство БЕ_Мультикарта,CF02060000 Командировочные платежи,Командировочные расходы,00ДО-0000149802,ДО,руб.,3,Услуги от поставщика,"Проживание в гостинице Коринтия Санкт-Петербург, РОССИЯ, Санкт-Петербург, , тип размещения: Одноместный , категория номера: Делюкс Кинг / Deluxe King, с 23.03.2026 по 25.03.2026, ГЕРМАН ГЕОРГИЙ АЛЕКСЕЕВИЧ",Мультикарта_Департамент развития технологий_Бюджет МВЗ,Административный департамент ЦСП,0%,\N,16600,Да,\N,\N,26,Командировочные расходы (22030400),\N
"Поступление (акт, накладная, УПД) МКУХ-005452 от 25.03.2026 23:59:59",Отражение фактических данных МКУХ-003093 от 25.03.2026 23:59:59,\N,\N,\N,\N,\N,\N,\N,\N,\N,\N,\N,\N,\N,\N,\N,\N,\N,\N,\N,\N,\N,\N,\N,\N,\N,\N,\N,\N
МКУХ-005452,25.03.2026 23:59:59,Услуги,ГЦБИТ АО,7707113869,500301001,Договор №МК23-072 от 28.08.2023,МК23-072,000815/ФУ,22.08.2023 0:00:00,Руководство БЕ_Мультикарта,CF02060000 Командировочные платежи,Командировочные расходы,00ДО-0000149802,ДО,руб.,1,Услуги от поставщика,"Сервисный сбор за услуги по бронированию, Коринтия Санкт-Петербург, РОССИЯ, Санкт-Петербург, с 22.03.2026 по 25.03.2026, категория номера: Номер представительского класса/Executive Room, ТЕРЯЕВ ВЛАДИМИР ВЛАДИМИРОВИЧ",Мультикарта_Руководство БЕ_Мультикарта_Бюджет МВЗ,Административный департамент ЦСП,22%,8.11,45,Да,\N,\N,26,Командировочные расходы (22030400),\N
МКУХ-005452,25.03.2026 23:59:59,Услуги,ГЦБИТ АО,7707113869,500301001,Договор №МК23-072 от 28.08.2023,МК23-072,000815/ФУ,22.08.2023 0:00:00,Руководство БЕ_Мультикарта,CF02060000 Командировочные платежи,Командировочные расходы,00ДО-0000149802,ДО,руб.,2,Услуги от поставщика,"Сервисный сбор за услуги по бронированию, Коринтия Санкт-Петербург, РОССИЯ, Санкт-Петербург, с 22.03.2026 по 25.03.2026, категория номера: Делюкс Кинг / Deluxe King, КРЮКОВА СВЕТЛАНА ВАСИЛЬЕВНА",Мультикарта_Департамент реализации проектов и поддержки клиентов_Бюджет МВЗ,Административный департамент ЦСП,22%,8.11,45,Да,\N,\N,26,Командировочные расходы (22030400),\N
МКУХ-005452,25.03.2026 23:59:59,Услуги,ГЦБИТ АО,7707113869,500301001,Договор №МК23-072 от 28.08.2023,МК23-072,000815/ФУ,22.08.2023 0:00:00,Руководство БЕ_Мультикарта,CF02060000 Командировочные платежи,Командировочные расходы,00ДО-0000149802,ДО,руб.,3,Услуги от поставщика,"Сервисный сбор за услуги по бронированию, Коринтия Санкт-Петербург, РОССИЯ, Санкт-Петербург, с 23.03.2026 по 25.03.2026, категория номера: Делюкс Кинг / Deluxe King, ГЕРМАН ГЕОРГИЙ АЛЕКСЕЕВИЧ",Мультикарта_Департамент развития технологий_Бюджет МВЗ,Административный департамент ЦСП,22%,8.11,45,Да,\N,\N,26,Командировочные расходы (22030400),\N
МКУХ-005452,25.03.2026 23:59:59,Услуги,ГЦБИТ АО,7707113869,500301001,Договор №МК23-072 от 28.08.2023,МК23-072,000815/ФУ,22.08.2023 0:00:00,Руководство БЕ_Мультикарта,CF02060000 Командировочные платежи,Командировочные расходы,00ДО-0000149802,ДО,руб.,4,Услуги от поставщика,"Сервисный сбор за услуги по бронированию, Коринтия Санкт-Петербург, РОССИЯ, Санкт-Петербург, с 23.03.2026 по 25.03.2026, категория номера: Номер представительского класса/Executive Room, ДЕНИСЁНОК ПАВЕЛ ВЛАДИМИРОВИЧ",Мультикарта_Департамент контроля качества_Бюджет МВЗ,Административный департамент ЦСП,22%,8.11,45,Да,\N,\N,26,Командировочные расходы (22030400),\N
"Поступление (акт, накладная, УПД) МКУХ-005456 от 25.03.2026 23:59:59",\N,\N,\N,\N,\N,\N,\N,\N,\N,\N,\N,\N,\N,\N,\N,\N,\N,\N,\N,\N,\N,\N,\N,\N,\N,\N,\N,\N,\N
МКУХ-005456,25.03.2026 23:59:59,Товары,ГКМ ООО,7734448141,773401001,Счет-договор № 783 от 10.03.2026,Счет-договор № 783,MK26-03-10-LLС,13.03.2026 17:17:43,Административный департамент ЦСП,CF02050301 Приобретение канцелярских товаров не дороже 40 т.р. без НДС,Приобретение канцелярских товаров,00ДО-0000232320,ДО,руб.,1,Резиновое клише на автоматической оснастке,\N,Мультикарта_Операционный блок_Мультикарта_Бюджет МВЗ,Административный департамент ЦСП,22%,225.41,1250,Да,\N,\N,\N,\N,\N
"Поступление (акт, накладная, УПД) МКУХ-005564 от 25.03.2026 23:59:59",Отражение фактических данных МКУХ-003351 от 25.03.2026 23:59:59,\N,\N,\N,\N,\N,\N,\N,\N,\N,\N,\N,\N,\N,\N,\N,\N,\N,\N,\N,\N,\N,\N,\N,\N,\N,\N,\N,\N
МКУХ-005564,25.03.2026 23:59:59,Услуги,ИНТЕРСВЯЗЬ-2 АО,7448068879,744801001,Договор №1100-2012/V от 01.07.2012г.,1100-2012/v,9118/МК,12.10.2012 0:00:00,Департамент процессинга,"CF02080000 Услуги связи (интернет, мобильная связь, почта и другие)","Услуги связи (интернет, мобильная связь, почта и другие)",00ДО-0000148226,ДО,руб.,1,Услуги от поставщика,Услуги связи,Договор № SSP240229OL1 от 26.03.2024,Департамент процессинга,22%,1803.28,10000,Да,\N,\N,20.01,Обеспечение передачи данных фронтальной сети (связь),"Услуги связи (интернет, мобильная связь, почта и другие) (11030700)"
"Поступление (акт, накладная, УПД) МКУХ-004968 от 26.03.2026 12:00:00",Отражение фактических данных МКУХ-001860 от 26.03.2026 12:00:00,\N,\N,\N,\N,\N,\N,\N,\N,\N,\N,\N,\N,\N,\N,\N,\N,\N,\N,\N,\N,\N,\N,\N,\N,\N,\N,\N,\N
МКУХ-004968,26.03.2026 12:00:00,Услуги,ГЦБИТ АО,7707113869,500301001,Договор №МК23-072 от 28.08.2023,МК23-072,000815/ФУ,22.08.2023 0:00:00,Руководство БЕ_Мультикарта,CF02060000 Командировочные платежи,Командировочные расходы,00ДО-0000149802,ДО,руб.,4,Услуги от поставщика,"Эл. ж/д билет № 72113663769620, Спб-Мск на 25.03.2026г. ТЕРЯЕВ В В",Мультикарта_Руководство БЕ_Мультикарта_Бюджет МВЗ,Административный департамент ЦСП,0%,\N,4552.6,Да,\N,\N,26,Командировочные расходы (22030400),\N
МКУХ-004968,26.03.2026 12:00:00,Услуги,ГЦБИТ АО,7707113869,500301001,Договор №МК23-072 от 28.08.2023,МК23-072,000815/ФУ,22.08.2023 0:00:00,Руководство БЕ_Мультикарта,CF02060000 Командировочные платежи,Командировочные расходы,00ДО-0000149802,ДО,руб.,3,Услуги от поставщика,"Эл. ж/д билет № 72113663769620, Спб-Мск на 25.03.2026г. ТЕРЯЕВ В В",Мультикарта_Руководство БЕ_Мультикарта_Бюджет МВЗ,Административный департамент ЦСП,22%,21.57,119.6,Да,\N,\N,26,Командировочные расходы (22030400),\N
МКУХ-004968,26.03.2026 12:00:00,Услуги,ГЦБИТ АО,7707113869,500301001,Договор №МК23-072 от 28.08.2023,МК23-072,000815/ФУ,22.08.2023 0:00:00,Руководство БЕ_Мультикарта,CF02060000 Командировочные платежи,Командировочные расходы,00ДО-0000149802,ДО,руб.,2,Услуги от поставщика,Эл. ж/д билет №72013663764322  Мск-Спб на 22.03.2026г. ТЕРЯЕВ В В,Мультикарта_Руководство БЕ_Мультикарта_Бюджет МВЗ,Административный департамент ЦСП,0%,\N,4680.2,Да,\N,\N,26,Командировочные расходы (22030400),\N
МКУХ-004968,26.03.2026 12:00:00,Услуги,ГЦБИТ АО,7707113869,500301001,Договор №МК23-072 от 28.08.2023,МК23-072,000815/ФУ,22.08.2023 0:00:00,Руководство БЕ_Мультикарта,CF02060000 Командировочные платежи,Командировочные расходы,00ДО-0000149802,ДО,руб.,7,Услуги от поставщика,Эл. ж/д билет № 72013663837951 Мск -Спб на 22.03.2026г. КРЮКОВА С В,Мультикарта_Департамент реализации проектов и поддержки клиентов_Бюджет МВЗ,Административный департамент ЦСП,22%,21.57,119.6,Да,\N,\N,26,Командировочные расходы (22030400),\N
МКУХ-004968,26.03.2026 12:00:00,Услуги,ГЦБИТ АО,7707113869,500301001,Договор №МК23-072 от 28.08.2023,МК23-072,000815/ФУ,22.08.2023 0:00:00,Руководство БЕ_Мультикарта,CF02060000 Командировочные платежи,Командировочные расходы,00ДО-0000149802,ДО,руб.,1,Услуги от поставщика,Эл. ж/д билет №72013663764322  Мск-Спб на 22.03.2026г. ТЕРЯЕВ В В,Мультикарта_Руководство БЕ_Мультикарта_Бюджет МВЗ,Административный департамент ЦСП,22%,21.57,119.6,Да,\N,\N,26,Командировочные расходы (22030400),\N
МКУХ-004968,26.03.2026 12:00:00,Услуги,ГЦБИТ АО,7707113869,500301001,Договор №МК23-072 от 28.08.2023,МК23-072,000815/ФУ,22.08.2023 0:00:00,Руководство БЕ_Мультикарта,CF02060000 Командировочные платежи,Командировочные расходы,00ДО-0000149802,ДО,руб.,6,Услуги от поставщика,Эл. ж/д билет № 72113663840541 Спб-Мск на 25.03.2026г. КРЮКОВА С В,Мультикарта_Департамент реализации проектов и поддержки клиентов_Бюджет МВЗ,Административный департамент ЦСП,0%,\N,4552.6,Да,\N,\N,26,Командировочные расходы (22030400),\N
МКУХ-004968,26.03.2026 12:00:00,Услуги,ГЦБИТ АО,7707113869,500301001,Договор №МК23-072 от 28.08.2023,МК23-072,000815/ФУ,22.08.2023 0:00:00,Руководство БЕ_Мультикарта,CF02060000 Командировочные платежи,Командировочные расходы,00ДО-0000149802,ДО,руб.,5,Услуги от поставщика,Эл. ж/д билет № 72113663840541 Спб-Мск на 25.03.2026г. КРЮКОВА С В,Мультикарта_Департамент реализации проектов и поддержки клиентов_Бюджет МВЗ,Административный департамент ЦСП,22%,21.57,119.6,Да,\N,\N,26,Командировочные расходы (22030400),\N
МКУХ-004968,26.03.2026 12:00:00,Услуги,ГЦБИТ АО,7707113869,500301001,Договор №МК23-072 от 28.08.2023,МК23-072,000815/ФУ,22.08.2023 0:00:00,Руководство БЕ_Мультикарта,CF02060000 Командировочные платежи,Командировочные расходы,00ДО-0000149802,ДО,руб.,8,Услуги от поставщика,Эл. ж/д билет № 72013663837951 Мск -Спб на 22.03.2026г. КРЮКОВА С В,Мультикарта_Департамент реализации проектов и поддержки клиентов_Бюджет МВЗ,Административный департамент ЦСП,0%,\N,4680.2,Да,\N,\N,26,Командировочные расходы (22030400),\N
"Поступление (акт, накладная, УПД) МКУХ-005220 от 26.03.2026 12:00:01",Отражение фактических данных МКУХ-002335 от 26.03.2026 12:00:01,\N,\N,\N,\N,\N,\N,\N,\N,\N,\N,\N,\N,\N,\N,\N,\N,\N,\N,\N,\N,\N,\N,\N,\N,\N,\N,\N,\N
МКУХ-005220,26.03.2026 12:00:01,Услуги,ГЦБИТ АО,7707113869,500301001,Договор №МК23-072 от 28.08.2023,МК23-072,000815/ФУ,22.08.2023 0:00:00,Руководство БЕ_Мультикарта,CF02060000 Командировочные платежи,Командировочные расходы,00ДО-0000149802,ДО,руб.,3,Услуги от поставщика,"Ж/д билет № 72063676021646, Мск-Спб ГЕРМАН Г А 23.03.2026г.",Мультикарта_Департамент развития технологий_Бюджет МВЗ,Административный департамент ЦСП,22%,21.57,119.6,Да,\N,\N,26,Командировочные расходы (22030400),\N
МКУХ-005220,26.03.2026 12:00:01,Услуги,ГЦБИТ АО,7707113869,500301001,Договор №МК23-072 от 28.08.2023,МК23-072,000815/ФУ,22.08.2023 0:00:00,Руководство БЕ_Мультикарта,CF02060000 Командировочные платежи,Командировочные расходы,00ДО-0000149802,ДО,руб.,4,Услуги от поставщика,"Ж/д билет № 72063676021646, Мск-Спб ГЕРМАН Г А 23.03.2026г.",Мультикарта_Департамент развития технологий_Бюджет МВЗ,Административный департамент ЦСП,0%,\N,5298.4,Да,\N,\N,26,Командировочные расходы (22030400),\N
МКУХ-005220,26.03.2026 12:00:01,Услуги,ГЦБИТ АО,7707113869,500301001,Договор №МК23-072 от 28.08.2023,МК23-072,000815/ФУ,22.08.2023 0:00:00,Руководство БЕ_Мультикарта,CF02060000 Командировочные платежи,Командировочные расходы,00ДО-0000149802,ДО,руб.,1,Услуги от поставщика,"Ж/д билет № 72113676035241, Спб-Мск ГЕРМАН Г А 25.03.2026г.",Мультикарта_Департамент развития технологий_Бюджет МВЗ,Административный департамент ЦСП,22%,21.57,119.6,Да,\N,\N,26,Командировочные расходы (22030400),\N
МКУХ-005220,26.03.2026 12:00:01,Услуги,ГЦБИТ АО,7707113869,500301001,Договор №МК23-072 от 28.08.2023,МК23-072,000815/ФУ,22.08.2023 0:00:00,Руководство БЕ_Мультикарта,CF02060000 Командировочные платежи,Командировочные расходы,00ДО-0000149802,ДО,руб.,2,Услуги от поставщика,"Ж/д билет № 72113676035241, Спб-Мск ГЕРМАН Г А 25.03.2026г.",Мультикарта_Департамент развития технологий_Бюджет МВЗ,Административный департамент ЦСП,0%,\N,4253.6,Да,\N,\N,26,Командировочные расходы (22030400),\N
"Поступление (акт, накладная, УПД) МКУХ-005269 от 26.03.2026 12:00:02",Отражение фактических данных МКУХ-002428 от 26.03.2026 12:00:02,\N,\N,\N,\N,\N,\N,\N,\N,\N,\N,\N,\N,\N,\N,\N,\N,\N,\N,\N,\N,\N,\N,\N,\N,\N,\N,\N,\N
МКУХ-005269,26.03.2026 12:00:02,Услуги,ГЦБИТ АО,7707113869,500301001,Договор №МК23-072 от 28.08.2023,МК23-072,000815/ФУ,22.08.2023 0:00:00,Руководство БЕ_Мультикарта,CF02060000 Командировочные платежи,Командировочные расходы,00ДО-0000149802,ДО,руб.,1,Услуги от поставщика,"Ж/д билет № 72063684008215, Мск-Спб СТАНЧЕНКО Н А 23.03.2026г.",Мультикарта_Департамент развития технологий_Бюджет МВЗ,Административный департамент ЦСП,22%,21.57,119.6,Да,\N,\N,26,Командировочные расходы (22030400),\N
МКУХ-005269,26.03.2026 12:00:02,Услуги,ГЦБИТ АО,7707113869,500301001,Договор №МК23-072 от 28.08.2023,МК23-072,000815/ФУ,22.08.2023 0:00:00,Руководство БЕ_Мультикарта,CF02060000 Командировочные платежи,Командировочные расходы,00ДО-0000149802,ДО,руб.,2,Услуги от поставщика,"Ж/д билет № 72063684008215, Мск-Спб СТАНЧЕНКО Н А 23.03.2026г.",Мультикарта_Департамент развития технологий_Бюджет МВЗ,Административный департамент ЦСП,0%,\N,4853.6,Да,\N,\N,26,Командировочные расходы (22030400),\N
МКУХ-005269,26.03.2026 12:00:02,Услуги,ГЦБИТ АО,7707113869,500301001,Договор №МК23-072 от 28.08.2023,МК23-072,000815/ФУ,22.08.2023 0:00:00,Руководство БЕ_Мультикарта,CF02060000 Командировочные платежи,Командировочные расходы,00ДО-0000149802,ДО,руб.,3,Услуги от поставщика,"Ж/д билет № 72113684010735, Спб-Мск СТАНЧЕНКО Н А 25.03.2026г.",Мультикарта_Департамент развития технологий_Бюджет МВЗ,Административный департамент ЦСП,22%,21.57,119.6,Да,\N,\N,26,Командировочные расходы (22030400),\N
МКУХ-005269,26.03.2026 12:00:02,Услуги,ГЦБИТ АО,7707113869,500301001,Договор №МК23-072 от 28.08.2023,МК23-072,000815/ФУ,22.08.2023 0:00:00,Руководство БЕ_Мультикарта,CF02060000 Командировочные платежи,Командировочные расходы,00ДО-0000149802,ДО,руб.,4,Услуги от поставщика,"Ж/д билет № 72113684010735, Спб-Мск СТАНЧЕНКО Н А 25.03.2026г.",Мультикарта_Департамент развития технологий_Бюджет МВЗ,Административный департамент ЦСП,0%,\N,4529.6,Да,\N,\N,26,Командировочные расходы (22030400),\N
"Поступление (акт, накладная, УПД) МКУХ-005411 от 26.03.2026 12:00:05",Отражение фактических данных МКУХ-002888 от 26.03.2026 12:00:05,\N,\N,\N,\N,\N,\N,\N,\N,\N,\N,\N,\N,\N,\N,\N,\N,\N,\N,\N,\N,\N,\N,\N,\N,\N,\N,\N,\N
МКУХ-005411,26.03.2026 12:00:05,Услуги,ГЦБИТ АО,7707113869,500301001,Договор №МК23-072 от 28.08.2023,МК23-072,000815/ФУ,22.08.2023 0:00:00,Руководство БЕ_Мультикарта,CF02060000 Командировочные платежи,Командировочные расходы,00ДО-0000149802,ДО,руб.,2,Услуги от поставщика,"Электронный ЖД билет № 71913694521025, по маршруту Москва-Окт-Санкт-Петербург-Гл, Сидячий (Эконом), пассажир АЛАЕВ ДЕНИС ВАЛЕРЬЕВИЧ, дата отправления 17.03.2026 (Сервисные услуги облагаемые НДС 22%)",Мультикарта_Департамент развития технологий_Бюджет МВЗ,Административный департамент ЦСП,0%,\N,3419.6,Да,\N,\N,26,Командировочные расходы (22030400),\N
МКУХ-005411,26.03.2026 12:00:05,Услуги,ГЦБИТ АО,7707113869,500301001,Договор №МК23-072 от 28.08.2023,МК23-072,000815/ФУ,22.08.2023 0:00:00,Руководство БЕ_Мультикарта,CF02060000 Командировочные платежи,Командировочные расходы,00ДО-0000149802,ДО,руб.,3,Услуги от поставщика,"Электронный ЖД билет № 71963694560601, по маршруту Санкт-Петербург-Гл-Москва-Окт, СВ, пассажир АЛАЕВ ДЕНИС ВАЛЕРЬЕВИЧ, дата отправления 20.03.2026 (Сервисные услуги облагаемые НДС 22%)",Мультикарта_Департамент развития технологий_Бюджет МВЗ,Административный департамент ЦСП,22%,1108.3,6146,Да,\N,\N,26,Командировочные расходы (22030400),\N
МКУХ-005411,26.03.2026 12:00:05,Услуги,ГЦБИТ АО,7707113869,500301001,Договор №МК23-072 от 28.08.2023,МК23-072,000815/ФУ,22.08.2023 0:00:00,Руководство БЕ_Мультикарта,CF02060000 Командировочные платежи,Командировочные расходы,00ДО-0000149802,ДО,руб.,1,Услуги от поставщика,"Электронный ЖД билет № 71913694521025, по маршруту Москва-Окт-Санкт-Петербург-Гл, Сидячий (Эконом), пассажир АЛАЕВ ДЕНИС ВАЛЕРЬЕВИЧ, дата отправления 17.03.2026 (Сервисные услуги облагаемые НДС 22%)",Мультикарта_Департамент развития технологий_Бюджет МВЗ,Административный департамент ЦСП,22%,21.57,119.6,Да,\N,\N,26,Командировочные расходы (22030400),\N
МКУХ-005411,26.03.2026 12:00:05,Услуги,ГЦБИТ АО,7707113869,500301001,Договор №МК23-072 от 28.08.2023,МК23-072,000815/ФУ,22.08.2023 0:00:00,Руководство БЕ_Мультикарта,CF02060000 Командировочные платежи,Командировочные расходы,00ДО-0000149802,ДО,руб.,4,Услуги от поставщика,"Электронный ЖД билет № 71963694560601, по маршруту Санкт-Петербург-Гл-Москва-Окт, СВ, пассажир АЛАЕВ ДЕНИС ВАЛЕРЬЕВИЧ, дата отправления 20.03.2026(Тариф облагаемый по ставке НДС 0%)",Мультикарта_Департамент развития технологий_Бюджет МВЗ,Административный департамент ЦСП,0%,\N,8162.7,Да,\N,\N,26,Командировочные расходы (22030400),\N
МКУХ-005411,26.03.2026 12:00:05,Услуги,ГЦБИТ АО,7707113869,500301001,Договор №МК23-072 от 28.08.2023,МК23-072,000815/ФУ,22.08.2023 0:00:00,Руководство БЕ_Мультикарта,CF02060000 Командировочные платежи,Командировочные расходы,00ДО-0000149802,ДО,руб.,5,Услуги от поставщика,"Электронный ЖД билет № 71963694574763, по маршруту Санкт-Петербург-Гл-Москва-Окт, Сидячий (Эконом), пассажир АЛАЕВ ДЕНИС ВАЛЕРЬЕВИЧ, дата отправления 20.03.2026 (Сервисные услуги облагаемые НДС 22%)",Мультикарта_Департамент развития технологий_Бюджет МВЗ,Административный департамент ЦСП,22%,21.57,119.6,Да,\N,\N,26,Командировочные расходы (22030400),\N
МКУХ-005411,26.03.2026 12:00:05,Услуги,ГЦБИТ АО,7707113869,500301001,Договор №МК23-072 от 28.08.2023,МК23-072,000815/ФУ,22.08.2023 0:00:00,Руководство БЕ_Мультикарта,CF02060000 Командировочные платежи,Командировочные расходы,00ДО-0000149802,ДО,руб.,6,Услуги от поставщика,"Электронный ЖД билет № 71963694574763, по маршруту Санкт-Петербург-Гл-Москва-Окт, Сидячий (Эконом), пассажир АЛАЕВ ДЕНИС ВАЛЕРЬЕВИЧ, дата отправления 20.03.2026(Тариф облагаемый по ставке НДС 0%)",Мультикарта_Департамент развития технологий_Бюджет МВЗ,Административный департамент ЦСП,0%,\N,5720.8,Да,\N,\N,26,Командировочные расходы (22030400),\N
МКУХ-005411,26.03.2026 12:00:05,Услуги,ГЦБИТ АО,7707113869,500301001,Договор №МК23-072 от 28.08.2023,МК23-072,000815/ФУ,22.08.2023 0:00:00,Руководство БЕ_Мультикарта,CF02060000 Командировочные платежи,Командировочные расходы,00ДО-0000149802,ДО,руб.,10,Услуги от поставщика,"Электронный ЖД билет № 72113698601163, по маршруту Санкт-Петербург-Гл-Москва-Окт, Сидячий (Эконом), пассажир ДЕНИСЁНОК ПАВЕЛ ВЛАДИМИРОВИЧ, дата отправления 25.03.2026 (Сервисные услуги облагаемые НДС 22%)",Мультикарта_Департамент контроля качества_Бюджет МВЗ,Административный департамент ЦСП,0%,\N,6559.6,Да,\N,\N,26,Командировочные расходы (22030400),\N
МКУХ-005411,26.03.2026 12:00:05,Услуги,ГЦБИТ АО,7707113869,500301001,Договор №МК23-072 от 28.08.2023,МК23-072,000815/ФУ,22.08.2023 0:00:00,Руководство БЕ_Мультикарта,CF02060000 Командировочные платежи,Командировочные расходы,00ДО-0000149802,ДО,руб.,9,Услуги от поставщика,"Электронный ЖД билет № 72113698601163, по маршруту Санкт-Петербург-Гл-Москва-Окт, Сидячий (Эконом), пассажир ДЕНИСЁНОК ПАВЕЛ ВЛАДИМИРОВИЧ, дата отправления 25.03.2026 (Сервисные услуги облагаемые НДС 22%)",Мультикарта_Департамент контроля качества_Бюджет МВЗ,Административный департамент ЦСП,22%,21.57,119.6,Да,\N,\N,26,Командировочные расходы (22030400),\N
МКУХ-005411,26.03.2026 12:00:05,Услуги,ГЦБИТ АО,7707113869,500301001,Договор №МК23-072 от 28.08.2023,МК23-072,000815/ФУ,22.08.2023 0:00:00,Руководство БЕ_Мультикарта,CF02060000 Командировочные платежи,Командировочные расходы,00ДО-0000149802,ДО,руб.,8,Услуги от поставщика,"Электронный ЖД билет № 72063698592881, по маршруту Москва-Окт-Санкт-Петербург-Гл, Сидячий (Эконом), пассажир ДЕНИСЁНОК ПАВЕЛ ВЛАДИМИРОВИЧ, дата отправления 23.03.2026 (Сервисные услуги облагаемые НДС 22%)",Мультикарта_Департамент контроля качества_Бюджет МВЗ,Административный департамент ЦСП,0%,\N,4357.6,Да,\N,\N,26,Командировочные расходы (22030400),\N
МКУХ-005411,26.03.2026 12:00:05,Услуги,ГЦБИТ АО,7707113869,500301001,Договор №МК23-072 от 28.08.2023,МК23-072,000815/ФУ,22.08.2023 0:00:00,Руководство БЕ_Мультикарта,CF02060000 Командировочные платежи,Командировочные расходы,00ДО-0000149802,ДО,руб.,7,Услуги от поставщика,"Электронный ЖД билет № 72063698592881, по маршруту Москва-Окт-Санкт-Петербург-Гл, Сидячий (Эконом), пассажир ДЕНИСЁНОК ПАВЕЛ ВЛАДИМИРОВИЧ, дата отправления 23.03.2026 (Сервисные услуги облагаемые НДС 22%)",Мультикарта_Департамент контроля качества_Бюджет МВЗ,Административный департамент ЦСП,22%,21.57,119.6,Да,\N,\N,26,Командировочные расходы (22030400),\N
"Поступление (акт, накладная, УПД) МКУХ-005450 от 26.03.2026 23:59:59",Отражение фактических данных МКУХ-003091 от 26.03.2026 23:59:59,\N,\N,\N,\N,\N,\N,\N,\N,\N,\N,\N,\N,\N,\N,\N,\N,\N,\N,\N,\N,\N,\N,\N,\N,\N,\N,\N,\N
МКУХ-005450,26.03.2026 23:59:59,Услуги,СИСТЕМА ООО (ИНН 7810914679),7810914679,781001001,Договор № 02/20-К от 25.09.2020 (Тема ООО),02/20-К,001073/ФУ,15.11.2023 0:00:00,Департамент процессинга,"CF02080000 Услуги связи (интернет, мобильная связь, почта и другие)","Услуги связи (интернет, мобильная связь, почта и другие)",00ДО-0000151306,ДО,руб.,1,Услуги от поставщика,Услуги связи(подключение),Договор № SSP240229OL1 от 26.03.2024,Департамент процессинга,5%,1000,21000,Да,\N,\N,20.01,Обеспечение передачи данных фронтальной сети (связь),"Услуги связи (интернет, мобильная связь, почта и другие) (11030700)"
"Поступление (акт, накладная, УПД) МКУХ-005620 от 26.03.2026 23:59:59",Отражение фактических данных МКУХ-003441 от 26.03.2026 23:59:59,\N,\N,\N,\N,\N,\N,\N,\N,\N,\N,\N,\N,\N,\N,\N,\N,\N,\N,\N,\N,\N,\N,\N,\N,\N,\N,\N,\N
МКУХ-005620,26.03.2026 23:59:59,Услуги,ФЛЕКС ООО,5031018470,503101001,Договор №208/INTБ-1 от 22.08.2011,208/INTБ-1,5088/МК,15.09.2011 0:00:00,Департамент процессинга,"CF02080000 Услуги связи (интернет, мобильная связь, почта и другие)","Услуги связи (интернет, мобильная связь, почта и другие)",00ДО-0000148712,ДО,руб.,1,Услуги от поставщиков / подрядчиков,Предоставление доступа к услугам связи,Договор № SSP240229OL1 от 26.03.2024,Департамент процессинга,22%,4414.43,24480,Да,\N,\N,20.01,Обеспечение передачи данных фронтальной сети (связь),"Услуги связи (интернет, мобильная связь, почта и другие) (11030700)"
"Поступление (акт, накладная, УПД) МКУХ-005390 от 27.03.2026 0:00:01",Отражение фактических данных МКУХ-002816 от 27.03.2026 0:00:01,\N,\N,\N,\N,\N,\N,\N,\N,\N,\N,\N,\N,\N,\N,\N,\N,\N,\N,\N,\N,\N,\N,\N,\N,\N,\N,\N,\N
МКУХ-005390,27.03.2026 0:00:01,Услуги,Т1 ЦИФРОВАЯ АКАДЕМИЯ АНО ДПО,1683014745,168301001,Заказ 27 от 06.02.2026,Заказ 27,MK26-02-6-VGO,02.02.2026 11:47:25,Департамент корпоративного обучения и развития талантов,CF02030800 Прочие HR платежи,Прочие HR,00ДО-0000227144,ДО,руб.,1,Услуги от поставщиков / подрядчиков,Дополнительная профессиональная программа повышения квалификации «Системный аналитик. Начальный уровень» по Заказу №27 к договору об оказании платных образовательных услуг Т1DA24-10-17-VG от 21.10.2024,Мультикарта_Департамент корпоративного обучения и развития талантов_Бюджет МВЗ,Департамент корпоративного обучения и развития талантов,Без НДС,\N,17200,Да,\N,\N,26,Тренинги (22010300),\N
"Поступление (акт, накладная, УПД)  от 27.03.2026 12:38:32",\N,\N,\N,\N,\N,\N,\N,\N,\N,\N,\N,\N,\N,\N,\N,\N,\N,\N,\N,\N,\N,\N,\N,\N,\N,\N,\N,\N,\N
\N,27.03.2026 12:38:32,Услуги,"ООО ИК ""СИБИНТЕК"" КПП 997750001",7708119944,997750001,Договор №МБ-17-00693 от 24.04.2017,МБ-17-00693,6674/МК,05.07.2017 0:00:00,Департамент процессинга,"CF02080000 Услуги связи (интернет, мобильная связь, почта и другие)","Услуги связи (интернет, мобильная связь, почта и другие)",00ДО-0000146742,ДО,руб.,1,Услуги от поставщиков / подрядчиков,\N,Договор № SSP240229OL1 от 26.03.2024,Департамент процессинга,22%,638.35,3539.92,Нет,\N,\N,26,"Услуги связи (интернет, мобильная связь, почта и другие) (11030700)",\N
"Поступление (акт, накладная, УПД) МКУХ-005625 от 27.03.2026 23:59:59",Отражение фактических данных МКУХ-003447 от 27.03.2026 23:59:59,\N,\N,\N,\N,\N,\N,\N,\N,\N,\N,\N,\N,\N,\N,\N,\N,\N,\N,\N,\N,\N,\N,\N,\N,\N,\N,\N,\N
МКУХ-005625,27.03.2026 23:59:59,Услуги,ПРОЦЕССНЫЕ ТЕХНОЛОГИИ ООО,7727179931,772701001,Договор №МК23-021 от 22.03.2023,МК23-021,000220/ФУ,22.03.2023 0:00:00,Блок развития бизнеса_Мультикарта,CF02011000 Прочий субподряд,Прочий субподряд,00ДО-0000150757,ДО,руб.,1,Услуги от поставщиков / подрядчиков,Работы за период с «01» марта 2026 г. по «27» марта 2026 г.,Договор № SSP240229OL1 от 26.03.2024,Департамент реализации проектов и поддержки клиентов,22%,371316.82,2059120.56,Да,\N,\N,20.01,ПР: авторизации,Услуги по заказной разработке ПО (11020406)
"Поступление (акт, накладная, УПД) МКУХ-005286 от 30.03.2026 10:30:29",Отражение фактических данных МКУХ-003222 от 30.03.2026 10:30:29,\N,\N,\N,\N,\N,\N,\N,\N,\N,\N,\N,\N,\N,\N,\N,\N,\N,\N,\N,\N,\N,\N,\N,\N,\N,\N,\N,\N
МКУХ-005286,30.03.2026 10:30:29,Услуги,СОФТИНФОРМ ООО,7017198320,701701001,Мк25-012 от 16.04.2025,Мк25-012,MK25-04-19-LC,04.04.2025 11:53:02,Департамент процессинга,CF02010600 Услуги по заказной разработке ПО,Услуги по заказной разработке ПО,00ДО-0000192706,ДО,руб.,1,Услуги от поставщиков / подрядчиков,Работы по разработке программного решения «Система управления ресурсами (СУР)» согласно договору №МК25-012 от 16.04.2025 г.,МУЛЬТИКАРТА_11_ПСР,Департамент процессинга,7%,21336,326136,Да,\N,\N,20.01,ПР: авторизации,Услуги по заказной разработке ПО (11020406)
"Поступление (акт, накладная, УПД) МКУХ-005496 от 30.03.2026 23:47:17",Отражение фактических данных МКУХ-003223 от 30.03.2026 23:47:17,\N,\N,\N,\N,\N,\N,\N,\N,\N,\N,\N,\N,\N,\N,\N,\N,\N,\N,\N,\N,\N,\N,\N,\N,\N,\N,\N,\N
МКУХ-005496,30.03.2026 23:47:17,Услуги,СОФТИНФОРМ ООО,7017198320,701701001,Мк25-012 от 16.04.2025,Мк25-012,MK25-04-19-LC,04.04.2025 11:53:02,Департамент процессинга,CF02010600 Услуги по заказной разработке ПО,Услуги по заказной разработке ПО,00ДО-0000192706,ДО,руб.,1,Услуги от поставщиков / подрядчиков,Работы по разработке программного решения «Система управления ресурсами (СУР)» согласно договору №МК25-012 от 16.04.2025 г.,МУЛЬТИКАРТА_11_ПСР,Департамент процессинга,7%,69697.6,1065377.6,Да,\N,\N,20.01,ПР: авторизации,Услуги по заказной разработке ПО (11020406)
"Поступление (акт, накладная, УПД) МКУХ-005497 от 30.03.2026 23:47:18",Отражение фактических данных МКУХ-003224 от 30.03.2026 23:47:18,\N,\N,\N,\N,\N,\N,\N,\N,\N,\N,\N,\N,\N,\N,\N,\N,\N,\N,\N,\N,\N,\N,\N,\N,\N,\N,\N,\N
МКУХ-005497,30.03.2026 23:47:18,Услуги,СОФТИНФОРМ ООО,7017198320,701701001,Мк25-012 от 16.04.2025,Мк25-012,MK25-04-19-LC,04.04.2025 11:53:02,Департамент процессинга,CF02010600 Услуги по заказной разработке ПО,Услуги по заказной разработке ПО,00ДО-0000192706,ДО,руб.,1,Услуги от поставщиков / подрядчиков,Работы по разработке программного решения «Система управления ресурсами (СУР)» согласно договору №МК25-012 от 16.04.2025 г.,МУЛЬТИКАРТА_11_ПСР,Департамент процессинга,7%,9956.8,152196.8,Да,\N,\N,20.01,ПР: авторизации,Услуги по заказной разработке ПО (11020406)
"Поступление (акт, накладная, УПД) МКУХ-005498 от 30.03.2026 23:47:19",Отражение фактических данных МКУХ-003225 от 30.03.2026 23:47:19,\N,\N,\N,\N,\N,\N,\N,\N,\N,\N,\N,\N,\N,\N,\N,\N,\N,\N,\N,\N,\N,\N,\N,\N,\N,\N,\N,\N
МКУХ-005498,30.03.2026 23:47:19,Услуги,СОФТИНФОРМ ООО,7017198320,701701001,Мк25-012 от 16.04.2025,Мк25-012,MK25-04-19-LC,04.04.2025 11:53:02,Департамент процессинга,CF02010600 Услуги по заказной разработке ПО,Услуги по заказной разработке ПО,00ДО-0000192706,ДО,руб.,1,Услуги от поставщиков / подрядчиков,Работы по разработке программного решения «Система файлового обмена (SDF)» согласно договору №МК25-012 от 16.04.2025 г.,МУЛЬТИКАРТА_11_ПСР,Департамент процессинга,7%,22758.4,347878.4,Да,\N,\N,20.01,ПР: авторизации,Услуги по заказной разработке ПО (11020406)
"Поступление (акт, накладная, УПД) МКУХ-005499 от 30.03.2026 23:47:20",Отражение фактических данных МКУХ-003226 от 30.03.2026 23:47:20,\N,\N,\N,\N,\N,\N,\N,\N,\N,\N,\N,\N,\N,\N,\N,\N,\N,\N,\N,\N,\N,\N,\N,\N,\N,\N,\N,\N
МКУХ-005499,30.03.2026 23:47:20,Услуги,СОФТИНФОРМ ООО,7017198320,701701001,Мк25-012 от 16.04.2025,Мк25-012,MK25-04-19-LC,04.04.2025 11:53:02,Департамент процессинга,CF02010600 Услуги по заказной разработке ПО,Услуги по заказной разработке ПО,00ДО-0000192706,ДО,руб.,1,Услуги от поставщиков / подрядчиков,Работы по сопровождению программного решения СУР за период с 01.03.2026г по 31.03.2026г. согласно договору №МК25-012 от 16.04.2025 г.,МУЛЬТИКАРТА_11_ПСР,Департамент процессинга,7%,68275.2,1043635.2,Да,\N,\N,20.01,ПР: авторизации,Услуги по заказной разработке ПО (11020406)
"Поступление (акт, накладная, УПД) МКУХ-005519 от 30.03.2026 23:59:59",Отражение фактических данных МКУХ-003291 от 30.03.2026 23:59:59,\N,\N,\N,\N,\N,\N,\N,\N,\N,\N,\N,\N,\N,\N,\N,\N,\N,\N,\N,\N,\N,\N,\N,\N,\N,\N,\N,\N
МКУХ-005519,30.03.2026 23:59:59,Услуги,СИСТЕМА ООО (ИНН 7810914679),7810914679,781001001,Договор № 02/20-К от 25.09.2020 (Тема ООО),02/20-К,001073/ФУ,15.11.2023 0:00:00,Департамент процессинга,"CF02080000 Услуги связи (интернет, мобильная связь, почта и другие)","Услуги связи (интернет, мобильная связь, почта и другие)",00ДО-0000151306,ДО,руб.,1,Услуги от поставщика,Услуги связи(подключение),Договор № SSP240229OL1 от 26.03.2024,Департамент процессинга,5%,750,15750,Да,\N,\N,20.01,Обеспечение передачи данных фронтальной сети (связь),"Услуги связи (интернет, мобильная связь, почта и другие) (11030700)"
"Поступление (акт, накладная, УПД) МКУХ-005554 от 30.03.2026 23:59:59",Отражение фактических данных МКУХ-003338 от 30.03.2026 23:59:59,\N,\N,\N,\N,\N,\N,\N,\N,\N,\N,\N,\N,\N,\N,\N,\N,\N,\N,\N,\N,\N,\N,\N,\N,\N,\N,\N,\N
МКУХ-005554,30.03.2026 23:59:59,Услуги,"Северо-Западный Филиал ПАО ""МегаФон""",7812014560,780143001,Стандартный договор на предоставление телекоммуникационных услуг (№ 111666 от 01.07.2008),111666,2797/МК,04.08.2008 0:00:00,Департамент процессинга,"CF02080000 Услуги связи (интернет, мобильная связь, почта и другие)","Услуги связи (интернет, мобильная связь, почта и другие)",00ДО-0000147336,ДО,руб.,1,Услуги от поставщиков / подрядчиков,услуги связи,Договор № SSP240229OL1 от 26.03.2024,Департамент процессинга,22%,2200,12200,Да,\N,\N,20.01,Обеспечение передачи данных фронтальной сети (связь),"Услуги связи (интернет, мобильная связь, почта и другие) (11030700)"
"Поступление (акт, накладная, УПД) МКУХ-004789 от 31.03.2026 0:00:00",Отражение фактических данных МКУХ-001192 от 31.03.2026 0:00:00,\N,\N,\N,\N,\N,\N,\N,\N,\N,\N,\N,\N,\N,\N,\N,\N,\N,\N,\N,\N,\N,\N,\N,\N,\N,\N,\N,\N
МКУХ-004789,31.03.2026 0:00:00,Услуги,Т2 МОБАЙЛ ООО (КПП 775101001),7743895280,775101001,Договор об оказании услуг связи №50599532 от 01.01.2016,50599532,MK24-10-38-LC,22.10.2024 15:41:21,Департамент процессинга,"CF02080000 Услуги связи (интернет, мобильная связь, почта и другие)","Услуги связи (интернет, мобильная связь, почта и другие)",00ДО-0000169999,ДО,руб.,1,Услуги от поставщика,Услуги связи интернет,Договор № SSP240229OL1 от 26.03.2024,Департамент процессинга,22%,12190.16,67600,Да,\N,\N,20.01,Обеспечение передачи данных фронтальной сети (связь),"Услуги связи (интернет, мобильная связь, почта и другие) (11030700)"
"Поступление (акт, накладная, УПД) МКУХ-005294 от 31.03.2026 0:00:00",Отражение фактических данных МКУХ-003483 от 31.03.2026 0:00:00,\N,\N,\N,\N,\N,\N,\N,\N,\N,\N,\N,\N,\N,\N,\N,\N,\N,\N,\N,\N,\N,\N,\N,\N,\N,\N,\N,\N
МКУХ-005294,31.03.2026 0:00:00,Услуги,"Филиал в Чувашской Республике ПАО ""Ростелеком"" КПП213043001",7707049388,213043001,Договор №МК22-016 от 04.02.2022,МК22-016,MK24-11-46-LC,12.11.2024 12:34:49,Департамент процессинга,"CF02080000 Услуги связи (интернет, мобильная связь, почта и другие)","Услуги связи (интернет, мобильная связь, почта и другие)",00ДО-0000172907,ДО,руб.,1,Услуги от поставщиков / подрядчиков,услуги связи,Договор № SSP240229OL1 от 26.03.2024,Департамент процессинга,22%,887.64,4922.36,Да,\N,\N,20.01,Обеспечение передачи данных фронтальной сети (связь),"Услуги связи (интернет, мобильная связь, почта и другие) (11030700)"
"Поступление (акт, накладная, УПД) МКУХ-005291 от 31.03.2026 0:00:00",Отражение фактических данных МКУХ-003546 от 31.03.2026 0:00:00,\N,\N,\N,\N,\N,\N,\N,\N,\N,\N,\N,\N,\N,\N,\N,\N,\N,\N,\N,\N,\N,\N,\N,\N,\N,\N,\N,\N
МКУХ-005291,31.03.2026 0:00:00,Услуги,"Макрорегиональный филиал ""Центр"" ПАО ""Ростелеком""",7707049388,773443001,Договор IN/FP-1526-08 от 29.10.2008г.,IN/FP-1526-08,4095/МК,29.10.2008 0:00:00,Департамент процессинга,"CF02080000 Услуги связи (интернет, мобильная связь, почта и другие)","Услуги связи (интернет, мобильная связь, почта и другие)",00ДО-0000147628,ДО,руб.,1,Услуги от поставщиков / подрядчиков,услуги связи,Договор № SSP240229OL1 от 26.03.2024,Департамент процессинга,22%,2120.58,11759.56,Да,\N,\N,20.01,Обеспечение передачи данных фронтальной сети (связь),"Услуги связи (интернет, мобильная связь, почта и другие) (11030700)"
"Поступление (акт, накладная, УПД) МКУХ-005448 от 31.03.2026 0:00:00",Отражение фактических данных МКУХ-003089 от 31.03.2026 0:00:00,\N,\N,\N,\N,\N,\N,\N,\N,\N,\N,\N,\N,\N,\N,\N,\N,\N,\N,\N,\N,\N,\N,\N,\N,\N,\N,\N,\N
МКУХ-005448,31.03.2026 0:00:00,Услуги,РЕГИОНАЛЬНЫЕ ТЕЛЕСИСТЕМЫ ООО,6231052293,623401001,Договор №311011/01 от 31.10.2011,311011/01,1297/МК,07.02.2012 0:00:00,Департамент процессинга,"CF02080000 Услуги связи (интернет, мобильная связь, почта и другие)","Услуги связи (интернет, мобильная связь, почта и другие)",00ДО-0000146734,ДО,руб.,1,Услуги от поставщиков / подрядчиков,услуги связи,Договор № SSP240229OL1 от 26.03.2024,Департамент процессинга,5%,629.76,13225,Да,\N,\N,20.01,Обеспечение передачи данных фронтальной сети (связь),"Услуги связи (интернет, мобильная связь, почта и другие) (11030700)"
"Поступление (акт, накладная, УПД) МКУХ-005459 от 31.03.2026 0:00:00",Отражение фактических данных МКУХ-003586 от 31.03.2026 0:00:00,\N,\N,\N,\N,\N,\N,\N,\N,\N,\N,\N,\N,\N,\N,\N,\N,\N,\N,\N,\N,\N,\N,\N,\N,\N,\N,\N,\N
МКУХ-005459,31.03.2026 0:00:00,Услуги,МИРАНДА-МЕДИА ООО,7702527584,910201001,К911 от 15.06.2025,К911,MK25-06-33-LC,02.06.2025 16:23:09,Департамент процессинга,"CF02080000 Услуги связи (интернет, мобильная связь, почта и другие)","Услуги связи (интернет, мобильная связь, почта и другие)",00ДО-0000198688,ДО,руб.,1,Услуги от поставщика,Услуги связи,Договор № SSP240229OL1 от 26.03.2024,Департамент процессинга,22%,39053.02,216566.6,Да,\N,\N,20.01,Обеспечение передачи данных фронтальной сети (связь),"Услуги связи (интернет, мобильная связь, почта и другие) (11030700)"
"Поступление (акт, накладная, УПД) МКУХ-005468 от 31.03.2026 0:00:00",Отражение фактических данных МКУХ-003145 от 31.03.2026 0:00:00,\N,\N,\N,\N,\N,\N,\N,\N,\N,\N,\N,\N,\N,\N,\N,\N,\N,\N,\N,\N,\N,\N,\N,\N,\N,\N,\N,\N
МКУХ-005468,31.03.2026 0:00:00,Услуги,КАСПНЕТ ООО,545017845,55401001,Договор № 158-23 от 01.01.2023,158-23,00041/23,23.01.2023 0:00:00,Департамент процессинга,"CF02080000 Услуги связи (интернет, мобильная связь, почта и другие)","Услуги связи (интернет, мобильная связь, почта и другие)",00ДО-0000148823,ДО,руб.,1,Услуги от поставщиков / подрядчиков,услуги связи,Договор № SSP240229OL1 от 26.03.2024,Департамент процессинга,5%,65,1365,Да,\N,\N,20.01,Обеспечение передачи данных фронтальной сети (связь),"Услуги связи (интернет, мобильная связь, почта и другие) (11030700)"
"Поступление (акт, накладная, УПД) МКУХ-005510 от 31.03.2026 0:00:00",Отражение фактических данных МКУХ-003280 от 31.03.2026 0:00:00,\N,\N,\N,\N,\N,\N,\N,\N,\N,\N,\N,\N,\N,\N,\N,\N,\N,\N,\N,\N,\N,\N,\N,\N,\N,\N,\N,\N
МКУХ-005510,31.03.2026 0:00:00,Услуги,Красноярская дирекция связи РЖД,7708503727,246045054,Договор №ЦСС002П от 29.05.2015г.,\N,\N,\N,\N,\N,\N,\N,\N,руб.,1,Услуги от поставщиков / подрядчиков,услуги связи,Договор № SSP240229OL1 от 26.03.2024,Департамент процессинга,22%,354.2,1964.2,Да,\N,\N,20.01,Обеспечение передачи данных фронтальной сети (связь),"Услуги связи (интернет, мобильная связь, почта и другие) (11030700)"
"Поступление (акт, накладная, УПД) МКУХ-005537 от 31.03.2026 0:00:00",Отражение фактических данных МКУХ-003319 от 31.03.2026 0:00:00,\N,\N,\N,\N,\N,\N,\N,\N,\N,\N,\N,\N,\N,\N,\N,\N,\N,\N,\N,\N,\N,\N,\N,\N,\N,\N,\N,\N
МКУХ-005537,31.03.2026 0:00:00,Услуги,Хабаровская дирекция связи РЖД,7708503727,272131017,Договор №ЦСС002П от 29.05.2015г. (бывший Хабаровская дирекция связи Центр.станции связи),\N,\N,\N,\N,\N,\N,\N,\N,руб.,1,Услуги от поставщиков / подрядчиков,услуги связи,Договор № SSP240229OL1 от 26.03.2024,Департамент процессинга,22%,4250.4,23570.4,Да,\N,\N,20.01,Обеспечение передачи данных фронтальной сети (связь),"Услуги связи (интернет, мобильная связь, почта и другие) (11030700)"
"Поступление (акт, накладная, УПД) МКУХ-005637 от 31.03.2026 0:00:00",Отражение фактических данных МКУХ-003510 от 31.03.2026 0:00:00,\N,\N,\N,\N,\N,\N,\N,\N,\N,\N,\N,\N,\N,\N,\N,\N,\N,\N,\N,\N,\N,\N,\N,\N,\N,\N,\N,\N
МКУХ-005637,31.03.2026 0:00:00,Услуги,"Новосибирский филиал ПАО ""Ростелеком"" КПП 540643001",7707049388,540643001,Договор №239 от 01.12.2011,239,236/МК,12.01.2012 0:00:00,Департамент процессинга,"CF02080000 Услуги связи (интернет, мобильная связь, почта и другие)","Услуги связи (интернет, мобильная связь, почта и другие)",00ДО-0000148549,ДО,руб.,1,Услуги от поставщиков / подрядчиков,услуги связи,Договор № SSP240229OL1 от 26.03.2024,Департамент процессинга,22%,81259.04,450618.31,Да,\N,\N,20.01,Обеспечение передачи данных фронтальной сети (связь),"Услуги связи (интернет, мобильная связь, почта и другие) (11030700)"
"Поступление (акт, накладная, УПД) МКУХ-005627 от 31.03.2026 0:00:00",Отражение фактических данных МКУХ-003450 от 31.03.2026 0:00:00,\N,\N,\N,\N,\N,\N,\N,\N,\N,\N,\N,\N,\N,\N,\N,\N,\N,\N,\N,\N,\N,\N,\N,\N,\N,\N,\N,\N
МКУХ-005627,31.03.2026 0:00:00,Услуги,ООО СИП-Телеком,6316187620,631601001,Договор №103-1022251 от 05.03.2024,\N,\N,\N,\N,\N,\N,\N,\N,руб.,1,Услуги от поставщиков / подрядчиков,услуги связи,Договор № SSP240229OL1 от 26.03.2024,Департамент процессинга,Без НДС,\N,2050,Да,\N,\N,20.01,Обеспечение передачи данных фронтальной сети (связь),"Услуги связи (интернет, мобильная связь, почта и другие) (11030700)"
"Поступление (акт, накладная, УПД) МКУХ-005628 от 31.03.2026 0:00:00",Отражение фактических данных МКУХ-003451 от 31.03.2026 0:00:00,\N,\N,\N,\N,\N,\N,\N,\N,\N,\N,\N,\N,\N,\N,\N,\N,\N,\N,\N,\N,\N,\N,\N,\N,\N,\N,\N,\N
МКУХ-005628,31.03.2026 0:00:00,Услуги,ТАГИЛ ТЕЛЕКОМ ЗАО,6623003240,662301001,Договор 46/12 от 01.06.12,\N,\N,\N,\N,\N,\N,\N,\N,руб.,1,Услуги от поставщиков / подрядчиков,услуги связи,Договор № SSP240229OL1 от 26.03.2024,Департамент процессинга,22%,20710.75,114849.94,Да,\N,\N,20.01,Обеспечение передачи данных фронтальной сети (связь),"Услуги связи (интернет, мобильная связь, почта и другие) (11030700)"
"Поступление (акт, накладная, УПД) МКУХ-005629 от 31.03.2026 0:00:00",Отражение фактических данных МКУХ-003452 от 31.03.2026 0:00:00,\N,\N,\N,\N,\N,\N,\N,\N,\N,\N,\N,\N,\N,\N,\N,\N,\N,\N,\N,\N,\N,\N,\N,\N,\N,\N,\N,\N
МКУХ-005629,31.03.2026 0:00:00,Услуги,ТАГИЛ ТЕЛЕКОМ ЗАО,6623003240,662301001,Договор 46/12 от 01.06.12,\N,\N,\N,\N,\N,\N,\N,\N,руб.,1,Услуги от поставщиков / подрядчиков,услуги связи,Договор № SSP240229OL1 от 26.03.2024,Департамент процессинга,22%,483.15,2679.3,Да,\N,\N,20.01,Обеспечение передачи данных фронтальной сети (связь),"Услуги связи (интернет, мобильная связь, почта и другие) (11030700)"
"Поступление (акт, накладная, УПД) МКУХ-000035 от 31.03.2026 0:00:01",Отражение фактических данных МКУХ-000078 от 31.03.2026 0:00:01,\N,\N,\N,\N,\N,\N,\N,\N,\N,\N,\N,\N,\N,\N,\N,\N,\N,\N,\N,\N,\N,\N,\N,\N,\N,\N,\N,\N
МКУХ-000035,31.03.2026 0:00:01,Услуги,"ООО ""ТАЙМВЭБ.КЛАУД""",7810945525,168301001,Без договора,\N,\N,\N,\N,\N,\N,\N,УХ,руб.,2,Услуги от поставщика,Предоставление вычислительной мощности (Хостинг),Мультикарта_Руководство БЕ_Мультикарта_Бюджет МВЗ,Централизованная Функция Маркетинга,22%,13.11,72.71,Да,\N,\N,26,Web разработка (22040400),\N
МКУХ-000035,31.03.2026 0:00:01,Услуги,"ООО ""ТАЙМВЭБ.КЛАУД""",7810945525,168301001,Без договора,\N,\N,\N,\N,\N,\N,\N,УХ,руб.,1,Услуги от поставщика,"Неисключительная лицензия на программу для ЭВМ ""Платформа ТАЙМВЭБ.КЛАУД"" за март 2026",Мультикарта_Руководство БЕ_Мультикарта_Бюджет МВЗ,Централизованная Функция Маркетинга,Без НДС,\N,412.01,Да,\N,\N,26,Web разработка (22040400),\N
"Поступление (акт, накладная, УПД) МКУХ-005279 от 31.03.2026 7:40:05",Отражение фактических данных МКУХ-003554 от 31.03.2026 7:40:05,\N,\N,\N,\N,\N,\N,\N,\N,\N,\N,\N,\N,\N,\N,\N,\N,\N,\N,\N,\N,\N,\N,\N,\N,\N,\N,\N,\N
МКУХ-005279,31.03.2026 7:40:05,Услуги,ЭР-ТЕЛЕКОМ ХОЛДИНГ АО КПП 590501001,5902202276,590501001,Договор IZH00610 от 15.03.2011(Престиж-Интернет),IZH00610,2156/МК,05.05.2011 0:00:00,Департамент процессинга,"CF02080000 Услуги связи (интернет, мобильная связь, почта и другие)","Услуги связи (интернет, мобильная связь, почта и другие)",00ДО-0000148715,ДО,руб.,2,Услуги от поставщиков / подрядчиков,услуги связи ( предоставление доступа),Мультикарта_Департамент процессинга_Бюджет МВЗ,Департамент процессинга,22%,3300,18300,Да,\N,\N,26,"Услуги связи (интернет, мобильная связь, почта и другие) (22030600)",\N
МКУХ-005279,31.03.2026 7:40:05,Услуги,ЭР-ТЕЛЕКОМ ХОЛДИНГ АО КПП 590501001,5902202276,590501001,Договор IZH00610 от 15.03.2011(Престиж-Интернет),IZH00610,2156/МК,05.05.2011 0:00:00,Департамент процессинга,"CF02080000 Услуги связи (интернет, мобильная связь, почта и другие)","Услуги связи (интернет, мобильная связь, почта и другие)",00ДО-0000148715,ДО,руб.,1,Услуги от поставщиков / подрядчиков,услуги связи ( предоставление доступа),Договор № SSP240229OL1 от 26.03.2024,Департамент процессинга,22%,948834.01,5261715.74,Да,\N,\N,20.01,Обеспечение передачи данных фронтальной сети (связь),"Услуги связи (интернет, мобильная связь, почта и другие) (11030700)"
"Поступление (акт, накладная, УПД) МКУХ-005280 от 31.03.2026 7:49:44",Отражение фактических данных МКУХ-003555 от 31.03.2026 7:49:44,\N,\N,\N,\N,\N,\N,\N,\N,\N,\N,\N,\N,\N,\N,\N,\N,\N,\N,\N,\N,\N,\N,\N,\N,\N,\N,\N,\N
МКУХ-005280,31.03.2026 7:49:44,Услуги,ЭР-ТЕЛЕКОМ ХОЛДИНГ АО КПП 590501001,5902202276,590501001,Договор IZH00610 от 15.03.2011(Престиж-Интернет),IZH00610,2156/МК,05.05.2011 0:00:00,Департамент процессинга,"CF02080000 Услуги связи (интернет, мобильная связь, почта и другие)","Услуги связи (интернет, мобильная связь, почта и другие)",00ДО-0000148715,ДО,руб.,1,Услуги от поставщиков / подрядчиков,услуги связи ( предоставление доступа),Договор № SSP240229OL1 от 26.03.2024,Департамент процессинга,22%,53537,296887,Да,\N,\N,20.01,Обеспечение передачи данных фронтальной сети (связь),"Услуги связи (интернет, мобильная связь, почта и другие) (11030700)"
"Поступление (акт, накладная, УПД) МКУХ-005301 от 31.03.2026 8:15:16",Отражение фактических данных МКУХ-003448 от 31.03.2026 8:15:16,\N,\N,\N,\N,\N,\N,\N,\N,\N,\N,\N,\N,\N,\N,\N,\N,\N,\N,\N,\N,\N,\N,\N,\N,\N,\N,\N,\N
МКУХ-005301,31.03.2026 8:15:16,Услуги,УФАНЕТ АО,278109628,27801001,Договор №RK9420-11 от 27/10/11,RK9420-11,313/МК,16.01.2012 0:00:00,Департамент процессинга,"CF02080000 Услуги связи (интернет, мобильная связь, почта и другие)","Услуги связи (интернет, мобильная связь, почта и другие)",00ДО-0000146737,ДО,руб.,1,Услуги от поставщиков / подрядчиков,Абонентская плата за услуги связи по сети интернет,Договор № SSP240229OL1 от 26.03.2024,Департамент процессинга,22%,10522.13,58350,Да,\N,\N,20.01,Обеспечение передачи данных фронтальной сети (связь),"Услуги связи (интернет, мобильная связь, почта и другие) (11030700)"
"Поступление (акт, накладная, УПД) МКУХ-005471 от 31.03.2026 9:42:28",Отражение фактических данных МКУХ-003190 от 31.03.2026 9:42:28,\N,\N,\N,\N,\N,\N,\N,\N,\N,\N,\N,\N,\N,\N,\N,\N,\N,\N,\N,\N,\N,\N,\N,\N,\N,\N,\N,\N
МКУХ-005471,31.03.2026 9:42:28,Услуги,РЕАЛ ООО АТК,3015062598,301501001,Договор №А14-0233 от 01.08.2014г.,А14-0233,10671/МК,06.10.2014 0:00:00,Департамент процессинга,"CF02080000 Услуги связи (интернет, мобильная связь, почта и другие)","Услуги связи (интернет, мобильная связь, почта и другие)",00ДО-0000147730,ДО,руб.,1,Услуги от поставщика,услуги связи,Договор № SSP240229OL1 от 26.03.2024,Департамент процессинга,22%,3724.5,20654,Да,\N,\N,20.01,Обеспечение передачи данных фронтальной сети (связь),"Услуги связи (интернет, мобильная связь, почта и другие) (11030700)"
"Поступление (акт, накладная, УПД) МКУХ-005472 от 31.03.2026 9:50:38",Отражение фактических данных МКУХ-003192 от 31.03.2026 9:50:38,\N,\N,\N,\N,\N,\N,\N,\N,\N,\N,\N,\N,\N,\N,\N,\N,\N,\N,\N,\N,\N,\N,\N,\N,\N,\N,\N,\N
МКУХ-005472,31.03.2026 9:50:38,Услуги,ПСКОВЛАЙН ООО,6027058672,602701001,Договор №39458 от 07.04.2015г.,39458,4828/МК,18.06.2015 0:00:00,Департамент процессинга,"CF02080000 Услуги связи (интернет, мобильная связь, почта и другие)","Услуги связи (интернет, мобильная связь, почта и другие)",00ДО-0000147800,ДО,руб.,1,Услуги от поставщиков / подрядчиков,услуги связи,Договор № SSP240229OL1 от 26.03.2024,Департамент процессинга,7%,1049.63,16044.38,Да,\N,\N,20.01,Обеспечение передачи данных фронтальной сети (связь),"Услуги связи (интернет, мобильная связь, почта и другие) (11030700)"
"Поступление (акт, накладная, УПД) МКУХ-005473 от 31.03.2026 9:52:08",Отражение фактических данных МКУХ-003193 от 31.03.2026 9:52:08,\N,\N,\N,\N,\N,\N,\N,\N,\N,\N,\N,\N,\N,\N,\N,\N,\N,\N,\N,\N,\N,\N,\N,\N,\N,\N,\N,\N
МКУХ-005473,31.03.2026 9:52:08,Услуги,ПСКОВЛАЙН ООО,6027058672,602701001,Договор №39458 от 07.04.2015г.,39458,4828/МК,18.06.2015 0:00:00,Департамент процессинга,"CF02080000 Услуги связи (интернет, мобильная связь, почта и другие)","Услуги связи (интернет, мобильная связь, почта и другие)",00ДО-0000147800,ДО,руб.,1,Услуги от поставщиков / подрядчиков,услуги связи,Договор № SSP240229OL1 от 26.03.2024,Департамент процессинга,7%,1049.63,16044.38,Да,\N,\N,20.01,Обеспечение передачи данных фронтальной сети (связь),"Услуги связи (интернет, мобильная связь, почта и другие) (11030700)"
"Поступление (акт, накладная, УПД) МКУХ-005474 от 31.03.2026 9:57:35",Отражение фактических данных МКУХ-003194 от 31.03.2026 9:57:35,\N,\N,\N,\N,\N,\N,\N,\N,\N,\N,\N,\N,\N,\N,\N,\N,\N,\N,\N,\N,\N,\N,\N,\N,\N,\N,\N,\N
МКУХ-005474,31.03.2026 9:57:35,Услуги,СЕРВИС МФУ ООО,7801278667,780101001,Договор № 46 от 20.12.2018,46,2186/МК,01.03.2019 0:00:00,Административный департамент ЦСП,"CF02040300 Платежи за техническое обслуживание ИТ оборудования, техники для собственных нужд",Расходы на техническое обслуживание ИТ,00ДО-0000149139,ДО,руб.,1,Услуги от поставщиков / подрядчиков,Техническое обслуживание Оборудования за 1 квартал 2026 г. по дополнительному соглашению № 2 от 13.03.2026 г. к договору № 46 от 20.12.2018 г.,Мультикарта_Департамент процессинга_Бюджет МВЗ,Департамент процессинга,5%,485.71,10200,Да,\N,\N,26,Расходы на техническое обслуживание ИТ (22020100),\N
"Поступление (акт, накладная, УПД) МКУХ-005475 от 31.03.2026 10:08:48",Отражение фактических данных МКУХ-003195 от 31.03.2026 10:08:48,\N,\N,\N,\N,\N,\N,\N,\N,\N,\N,\N,\N,\N,\N,\N,\N,\N,\N,\N,\N,\N,\N,\N,\N,\N,\N,\N,\N
МКУХ-005475,31.03.2026 10:08:48,Услуги,ИНФОРМ ООО (КПП 997750001),7705514400,997750001,Договор №УХ-677936 от 20.02.2025,УХ-677936,MK25-03-18-LC,27.03.2025 11:06:24,Департамент процессинга,"CF02080000 Услуги связи (интернет, мобильная связь, почта и другие)","Услуги связи (интернет, мобильная связь, почта и другие)",00ДО-0000191727,ДО,руб.,1,Услуги от поставщиков / подрядчиков,услуги связи - подключение,Договор № SSP240229OL1 от 26.03.2024,Департамент процессинга,22%,15814.86,87700.56,Да,\N,\N,20.01,Обеспечение передачи данных фронтальной сети (связь),"Услуги связи (интернет, мобильная связь, почта и другие) (11030700)"
"Поступление (акт, накладная, УПД) МКУХ-005476 от 31.03.2026 10:12:34",Отражение фактических данных МКУХ-003196 от 31.03.2026 10:12:34,\N,\N,\N,\N,\N,\N,\N,\N,\N,\N,\N,\N,\N,\N,\N,\N,\N,\N,\N,\N,\N,\N,\N,\N,\N,\N,\N,\N
МКУХ-005476,31.03.2026 10:12:34,Услуги,ПСКОВЛАЙН ООО,6027058672,602701001,Договор №39458 от 07.04.2015г.,39458,4828/МК,18.06.2015 0:00:00,Департамент процессинга,"CF02080000 Услуги связи (интернет, мобильная связь, почта и другие)","Услуги связи (интернет, мобильная связь, почта и другие)",00ДО-0000147800,ДО,руб.,1,Услуги от поставщиков / подрядчиков,услуги связи,Договор № SSP240229OL1 от 26.03.2024,Департамент процессинга,7%,995.24,15213,Да,\N,\N,20.01,Обеспечение передачи данных фронтальной сети (связь),"Услуги связи (интернет, мобильная связь, почта и другие) (11030700)"
"Поступление (акт, накладная, УПД) МКУХ-005477 от 31.03.2026 10:14:39",Отражение фактических данных МКУХ-003199 от 31.03.2026 10:14:39,\N,\N,\N,\N,\N,\N,\N,\N,\N,\N,\N,\N,\N,\N,\N,\N,\N,\N,\N,\N,\N,\N,\N,\N,\N,\N,\N,\N
МКУХ-005477,31.03.2026 10:14:39,Услуги,ЮЭНСИ ООО,7107052491,710601001,Договор №20-К от 29.09.2011г.,20-К,7985/МК,21.12.2011 0:00:00,Департамент процессинга,"CF02080000 Услуги связи (интернет, мобильная связь, почта и другие)","Услуги связи (интернет, мобильная связь, почта и другие)",00ДО-0000147580,ДО,руб.,1,Услуги от поставщиков / подрядчиков,услуги связи,Договор № SSP240229OL1 от 26.03.2024,Департамент процессинга,22%,19800,109800,Да,\N,\N,20.01,Обеспечение передачи данных фронтальной сети (связь),"Услуги связи (интернет, мобильная связь, почта и другие) (11030700)"
"Поступление (акт, накладная, УПД) МКУХ-005478 от 31.03.2026 10:19:54",Отражение фактических данных МКУХ-003200 от 31.03.2026 10:19:54,\N,\N,\N,\N,\N,\N,\N,\N,\N,\N,\N,\N,\N,\N,\N,\N,\N,\N,\N,\N,\N,\N,\N,\N,\N,\N,\N,\N
МКУХ-005478,31.03.2026 10:19:54,Услуги,ПОТЕНЦИАЛ ООО (ИНН 7718849474),7718849474,772501001,МК25-040 от 24.12.2025,МК25-040,MK25-12-119-LC,17.12.2025 9:54:24,Департамент контроля рисков,CF02010300 Услуги по поддержке лицензионного ПО,Техническая поддержка систем,00ДО-0000221283,ДО,руб.,1,Услуги от поставщика,Услуги по технической поддержке оборудования Заказчика в соответствии с Регламентом оказания Услуг за период с 01.01.2026 по 31.03.2026,МУЛЬТИКАРТА_11_АВТОРИЗАЦИИ,Департамент контроля рисков,22%,227175.3,1259790.3,Да,\N,\N,20.01,ПР: авторизации,Услуги по сопровождению/поддержке клиентов (11020404)
"Поступление (акт, накладная, УПД) МКУХ-005479 от 31.03.2026 10:24:01",Отражение фактических данных МКУХ-003201 от 31.03.2026 10:24:01,\N,\N,\N,\N,\N,\N,\N,\N,\N,\N,\N,\N,\N,\N,\N,\N,\N,\N,\N,\N,\N,\N,\N,\N,\N,\N,\N,\N
МКУХ-005479,31.03.2026 10:24:01,Услуги,СИГНАЛ-КОМ АО,7714028893,772501001,Договор N СО-461-07 от 27.07.2007г.,СО-461-07,ФУ 07608/МК,08.11.2021 0:00:00,Департамент контроля рисков,CF02010300 Услуги по поддержке лицензионного ПО,Услуги по поддержке лицензионного ПО,00ДО-0000150122,ДО,руб.,1,Услуги от поставщиков / подрядчиков,тех. поддержка средств защита инф-ии,МУЛЬТИКАРТА_11_СЕРВЕРА,Департамент контроля рисков,5%,477.5,10027.5,Да,\N,\N,20.01,ПР: авторизации,Услуги по поддержке лицензионного ПО (11020403)
"Поступление (акт, накладная, УПД) МКУХ-005423 от 31.03.2026 10:28:39",Отражение фактических данных МКУХ-003433 от 31.03.2026 10:28:39,\N,\N,\N,\N,\N,\N,\N,\N,\N,\N,\N,\N,\N,\N,\N,\N,\N,\N,\N,\N,\N,\N,\N,\N,\N,\N,\N,\N
МКУХ-005423,31.03.2026 10:28:39,Услуги,МЕГАФОН ПАО (КПП 770701001),7812014560,770701001,Договор №ФД15/67 от 21.04.2014 ( л/с № 123166188361),ФД 15/67,5497/МК,14.05.2014 0:00:00,Департамент процессинга,"CF02080000 Услуги связи (интернет, мобильная связь, почта и другие)","Услуги связи (интернет, мобильная связь, почта и другие)",00ДО-0000148699,ДО,руб.,1,Услуги от поставщика,смс-информирование ХАБ,МУЛЬТИКАРТА_11_АВТОРИЗАЦИИ,Департамент процессинга,22%,329804.46,1828915.62,Да,\N,\N,20.01,SMS: формирование и отправка сообщений,SMS-СЕРВИС: услуги связи по операциям Держателей карт Банка (11020416)
"Поступление (акт, накладная, УПД) МКУХ-005285 от 31.03.2026 10:30:27",Отражение фактических данных МКУХ-003575 от 31.03.2026 10:30:27,\N,\N,\N,\N,\N,\N,\N,\N,\N,\N,\N,\N,\N,\N,\N,\N,\N,\N,\N,\N,\N,\N,\N,\N,\N,\N,\N,\N
МКУХ-005285,31.03.2026 10:30:27,Услуги,ССП-СОФТ ООО,9724033448,772401001,Договор №МК22-097 от 04.08.2022г.,МК22-097,ФУ 04662/МК,28.11.2022 0:00:00,Блок развития бизнеса_Мультикарта,CF02010600 Услуги по заказной разработке ПО,Услуги по заказной разработке ПО,00ДО-0000150797,ДО,руб.,1,Услуги от поставщиков / подрядчиков,Работы по разработке Java и ручному тестированию ПО,МУЛЬТИКАРТА_11_ПСР,Департамент реализации проектов и поддержки клиентов,22%,282523.28,1566720,Да,\N,\N,20.01,ПР: авторизации,Услуги по заказной разработке ПО (11020406)
"Поступление (акт, накладная, УПД) МКУХ-005480 от 31.03.2026 10:47:40",Отражение фактических данных МКУХ-003202 от 31.03.2026 10:47:40,\N,\N,\N,\N,\N,\N,\N,\N,\N,\N,\N,\N,\N,\N,\N,\N,\N,\N,\N,\N,\N,\N,\N,\N,\N,\N,\N,\N
МКУХ-005480,31.03.2026 10:47:40,Услуги,НЕСТЕРТЕЛЕКОМ ООО,917031120,91701001,355-25  от 05.08.2025,355-25,MK25-05-32-LC,30.05.2025 8:50:39,Департамент процессинга,"CF02080000 Услуги связи (интернет, мобильная связь, почта и другие)","Услуги связи (интернет, мобильная связь, почта и другие)",00ДО-0000198419,ДО,руб.,1,Услуги от поставщиков / подрядчиков,услуги связи,Договор № SSP240229OL1 от 26.03.2024,Департамент процессинга,5%,516.67,10850,Да,\N,\N,20.01,Обеспечение передачи данных фронтальной сети (связь),"Услуги связи (интернет, мобильная связь, почта и другие) (11030700)"
"Поступление (акт, накладная, УПД) МКУХ-005464 от 31.03.2026 10:48:45",Отражение фактических данных МКУХ-003506 от 31.03.2026 10:48:45,\N,\N,\N,\N,\N,\N,\N,\N,\N,\N,\N,\N,\N,\N,\N,\N,\N,\N,\N,\N,\N,\N,\N,\N,\N,\N,\N,\N
МКУХ-005464,31.03.2026 10:48:45,Услуги,"Филиал в Республике Мордовия ПАО ""РОСТЕЛЕКОМ"" КПП 132643001",7707049388,132643001,Договор В-430-11 от 01.09.2011г.,\N,\N,\N,\N,\N,\N,\N,\N,руб.,1,Услуги от поставщика,Услуги связи,Договор № SSP240229OL1 от 26.03.2024,Департамент процессинга,22%,4489.77,24897.79,Да,\N,\N,20.01,Обеспечение передачи данных фронтальной сети (связь),"Услуги связи (интернет, мобильная связь, почта и другие) (11030700)"
"Поступление (акт, накладная, УПД) МКУХ-005465 от 31.03.2026 10:48:46",Отражение фактических данных МКУХ-003582 от 31.03.2026 10:48:46,\N,\N,\N,\N,\N,\N,\N,\N,\N,\N,\N,\N,\N,\N,\N,\N,\N,\N,\N,\N,\N,\N,\N,\N,\N,\N,\N,\N
МКУХ-005465,31.03.2026 10:48:46,Услуги,МИРАНДА-МЕДИА ООО,7702527584,910201001,И2406 от 24.01.2025,И2406,MK24-11-51-LC,29.11.2024 14:09:01,Департамент процессинга,"CF02080000 Услуги связи (интернет, мобильная связь, почта и другие)","Услуги связи (интернет, мобильная связь, почта и другие)",00ДО-0000176014,ДО,руб.,1,Услуги от поставщика,Услуги связи,Договор № SSP240229OL1 от 26.03.2024,Департамент процессинга,22%,108985.08,604366.6,Да,\N,\N,20.01,Обеспечение передачи данных фронтальной сети (связь),"Услуги связи (интернет, мобильная связь, почта и другие) (11030700)"
"Поступление (акт, накладная, УПД) МКУХ-005481 от 31.03.2026 10:49:21",Отражение фактических данных МКУХ-003203 от 31.03.2026 10:49:21,\N,\N,\N,\N,\N,\N,\N,\N,\N,\N,\N,\N,\N,\N,\N,\N,\N,\N,\N,\N,\N,\N,\N,\N,\N,\N,\N,\N
МКУХ-005481,31.03.2026 10:49:21,Услуги,АЛЬФАТЕЛ ПЛЮС ООО,1901066023,190101001,Договор №5670 от 01.08.2014г.,\N,\N,\N,\N,\N,\N,\N,\N,руб.,1,Услуги от поставщиков / подрядчиков,услуги связи,Договор № SSP240229OL1 от 26.03.2024,Департамент процессинга,5%,97.61,2050,Да,\N,\N,20.01,Обеспечение передачи данных фронтальной сети (связь),"Услуги связи (интернет, мобильная связь, почта и другие) (11030700)"
"Поступление (акт, накладная, УПД) МКУХ-005225 от 31.03.2026 11:18:05",Отражение фактических данных МКУХ-003439 от 31.03.2026 11:18:05,\N,\N,\N,\N,\N,\N,\N,\N,\N,\N,\N,\N,\N,\N,\N,\N,\N,\N,\N,\N,\N,\N,\N,\N,\N,\N,\N,\N
МКУХ-005225,31.03.2026 11:18:05,Услуги,ПОЧТА РОССИИ АО УФПС Г. САНКТ-ПЕТЕРБУРГА И ЛЕНИНГРАДСКОЙ ОБЛАСТИ (контрагент МК),7724490000,783843001,Оплата без договора,б/н,\N,\N,\N,\N,\N,\N,УХ,руб.,1,Услуги от поставщиков / подрядчиков,\N,Мультикарта_Операционный блок_Мультикарта_Бюджет МВЗ,Административный департамент ЦСП,22%,192.59,1068,Да,\N,\N,26,"Услуги связи (интернет, мобильная связь, почта и другие) (22030600)",\N
"Поступление (акт, накладная, УПД) МКУХ-005313 от 31.03.2026 11:26:59",Отражение фактических данных МКУХ-003424 от 31.03.2026 11:26:59,\N,\N,\N,\N,\N,\N,\N,\N,\N,\N,\N,\N,\N,\N,\N,\N,\N,\N,\N,\N,\N,\N,\N,\N,\N,\N,\N,\N
МКУХ-005313,31.03.2026 11:26:59,Услуги,"Пензенский филиал ПАО ""Ростелеком"" КПП583643001",7707049388,583643001,Договор №В-430/11 от 01.09.11,\N,\N,\N,\N,\N,\N,\N,\N,руб.,1,Услуги от поставщика,Услуги связи,Договор № SSP240229OL1 от 26.03.2024,Департамент процессинга,22%,2856.03,15837.98,Да,\N,\N,20.01,Обеспечение передачи данных фронтальной сети (связь),"Услуги связи (интернет, мобильная связь, почта и другие) (11030700)"
"Поступление (акт, накладная, УПД) МКУХ-005204 от 31.03.2026 11:39:30",Отражение фактических данных МКУХ-003558 от 31.03.2026 11:39:30,\N,\N,\N,\N,\N,\N,\N,\N,\N,\N,\N,\N,\N,\N,\N,\N,\N,\N,\N,\N,\N,\N,\N,\N,\N,\N,\N,\N
МКУХ-005204,31.03.2026 11:39:30,Услуги,ОКС ООО,5504122776,553101001,Договор ЮЛ-И-2698 от 01.12.11,\N,\N,\N,\N,\N,\N,\N,\N,руб.,1,Услуги от поставщиков / подрядчиков,услуги связи,Договор № SSP240229OL1 от 26.03.2024,Департамент процессинга,22%,4587.55,25440,Да,\N,\N,20.01,Обеспечение передачи данных фронтальной сети (связь),"Услуги связи (интернет, мобильная связь, почта и другие) (11030700)"
"Поступление (акт, накладная, УПД) МКУХ-005053 от 31.03.2026 11:46:17",Отражение фактических данных МКУХ-003422 от 31.03.2026 11:46:17,\N,\N,\N,\N,\N,\N,\N,\N,\N,\N,\N,\N,\N,\N,\N,\N,\N,\N,\N,\N,\N,\N,\N,\N,\N,\N,\N,\N
МКУХ-005053,31.03.2026 11:46:17,Услуги,"Саратовский филиал ПАО ""Ростелеком"" КПП 645243001",7707049388,645243001,Договор №В-430-11 л/с 641290015696 от 01.09.2011г.,\N,\N,\N,\N,\N,\N,\N,\N,руб.,1,Услуги от поставщиков / подрядчиков,услуги связи,Договор № R/LAS-21809-129 от 22.08.2018г.,Департамент процессинга,22%,5124.83,28419.5,Да,\N,\N,20.01,Обеспечение передачи данных фронтальной сети (связь),"Услуги связи (интернет, мобильная связь, почта и другие) (11030700)"
"Поступление (акт, накладная, УПД) МКУХ-005054 от 31.03.2026 11:56:31",Отражение фактических данных МКУХ-003481 от 31.03.2026 11:56:31,\N,\N,\N,\N,\N,\N,\N,\N,\N,\N,\N,\N,\N,\N,\N,\N,\N,\N,\N,\N,\N,\N,\N,\N,\N,\N,\N,\N
МКУХ-005054,31.03.2026 11:56:31,Услуги,"Филиал в Чувашской Республике ПАО ""Ростелеком"" КПП213043001",7707049388,213043001,Договор №В-430-11 от 01.09.2011г.,\N,\N,\N,\N,\N,\N,\N,\N,руб.,1,Услуги от поставщика,Услуги связи,Договор № SSP240229OL1 от 26.03.2024,Департамент процессинга,22%,22985.62,127465.75,Да,\N,\N,20.01,Обеспечение передачи данных фронтальной сети (связь),"Услуги связи (интернет, мобильная связь, почта и другие) (11030700)"
"Поступление (акт, накладная, УПД) МКУХ-005482 от 31.03.2026 11:57:24",Отражение фактических данных МКУХ-003204 от 31.03.2026 11:57:24,\N,\N,\N,\N,\N,\N,\N,\N,\N,\N,\N,\N,\N,\N,\N,\N,\N,\N,\N,\N,\N,\N,\N,\N,\N,\N,\N,\N
МКУХ-005482,31.03.2026 11:57:24,Услуги,СИБМЕДИАФОН ООО,2456009733,245601001,Договор №20 от 01.08.2014г.,20,10315/МК,26.09.2014 0:00:00,Департамент процессинга,"CF02080000 Услуги связи (интернет, мобильная связь, почта и другие)","Услуги связи (интернет, мобильная связь, почта и другие)",00ДО-0000149328,ДО,руб.,1,Услуги от поставщиков / подрядчиков,Услуги связи,Договор № SSP240229OL1 от 26.03.2024,Департамент процессинга,5%,40.48,850,Да,\N,\N,20.01,Обеспечение передачи данных фронтальной сети (связь),"Услуги связи (интернет, мобильная связь, почта и другие) (11030700)"
"Поступление (акт, накладная, УПД) МКУХ-005463 от 31.03.2026 11:58:28",Отражение фактических данных МКУХ-003501 от 31.03.2026 11:58:28,\N,\N,\N,\N,\N,\N,\N,\N,\N,\N,\N,\N,\N,\N,\N,\N,\N,\N,\N,\N,\N,\N,\N,\N,\N,\N,\N,\N
МКУХ-005463,31.03.2026 11:58:28,Услуги,"Филиал в Республике Татарстан ПАО ""Ростелеком"" КПП165643001",7707049388,165643001,Договор №В-430-11 от 01.09.2011г.,\N,\N,\N,\N,\N,\N,\N,\N,руб.,1,Услуги от поставщика,Услуги связи,Договор № SSP240229OL1 от 26.03.2024,Департамент процессинга,22%,515.67,2859.64,Да,\N,\N,20.01,Обеспечение передачи данных фронтальной сети (связь),"Услуги связи (интернет, мобильная связь, почта и другие) (11030700)"
"Поступление (акт, накладная, УПД) МКУХ-005483 от 31.03.2026 11:59:02",Отражение фактических данных МКУХ-003205 от 31.03.2026 11:59:02,\N,\N,\N,\N,\N,\N,\N,\N,\N,\N,\N,\N,\N,\N,\N,\N,\N,\N,\N,\N,\N,\N,\N,\N,\N,\N,\N,\N
МКУХ-005483,31.03.2026 11:59:02,Услуги,НС ПЛЮС ООО,3805104897,380501001,Договор №1В00000791/13 от 01.05.2013г.,\N,\N,\N,\N,\N,\N,\N,\N,руб.,1,Услуги от поставщика,Услуги связи интернет,Договор № SSP240229OL1 от 26.03.2024,Департамент процессинга,5%,235.71,4950,Да,\N,\N,20.01,Обеспечение передачи данных фронтальной сети (связь),"Услуги связи (интернет, мобильная связь, почта и другие) (11030700)"
"Поступление (акт, накладная, УПД) МКУХ-005484 от 31.03.2026 12:01:21",Отражение фактических данных МКУХ-003206 от 31.03.2026 12:01:21,\N,\N,\N,\N,\N,\N,\N,\N,\N,\N,\N,\N,\N,\N,\N,\N,\N,\N,\N,\N,\N,\N,\N,\N,\N,\N,\N,\N
МКУХ-005484,31.03.2026 12:01:21,Услуги,КВАНТУМ АО,7825098536,780101001,Договор № С-941 от 21.01.2019,С-941,9001/МК,21.08.2019 0:00:00,Департамент процессинга,"CF02080000 Услуги связи (интернет, мобильная связь, почта и другие)","Услуги связи (интернет, мобильная связь, почта и другие)",00ДО-0000146843,ДО,руб.,1,Услуги от поставщика,Услуги связи,Договор № SSP240229OL1 от 26.03.2024,Департамент процессинга,22%,28853.46,160005.55,Да,\N,\N,20.01,Обеспечение передачи данных фронтальной сети (связь),"Услуги связи (интернет, мобильная связь, почта и другие) (11030700)"
"Поступление (акт, накладная, УПД) МКУХ-005485 от 31.03.2026 12:06:17",Отражение фактических данных МКУХ-003207 от 31.03.2026 12:06:17,\N,\N,\N,\N,\N,\N,\N,\N,\N,\N,\N,\N,\N,\N,\N,\N,\N,\N,\N,\N,\N,\N,\N,\N,\N,\N,\N,\N
МКУХ-005485,31.03.2026 12:06:17,Услуги,Воронежская дирекция связи РЖД,7708503727,366631038,Договор №ЦСС002П от 29.05.2015г.,\N,\N,\N,\N,\N,\N,\N,\N,руб.,1,Услуги от поставщиков / подрядчиков,услуги связи,Договор № SSP240229OL1 от 26.03.2024,Департамент процессинга,22%,354.2,1964.2,Да,\N,\N,20.01,Обеспечение передачи данных фронтальной сети (связь),"Услуги связи (интернет, мобильная связь, почта и другие) (11030700)"
"Поступление (акт, накладная, УПД) МКУХ-005234 от 31.03.2026 12:26:01",Отражение фактических данных МКУХ-003420 от 31.03.2026 12:26:01,\N,\N,\N,\N,\N,\N,\N,\N,\N,\N,\N,\N,\N,\N,\N,\N,\N,\N,\N,\N,\N,\N,\N,\N,\N,\N,\N,\N
МКУХ-005234,31.03.2026 12:26:01,Услуги,"Филиал в Республике Марий Эл ПАО ""Ростелеком"" КПП121543001",7707049388,121543001,Договор №В-430-11 от 01.09.2011г.,\N,\N,\N,\N,\N,\N,\N,\N,руб.,1,Услуги от поставщика,Услуги связи,Договор № SSP240229OL1 от 26.03.2024,Департамент процессинга,22%,3508.05,19453.74,Да,\N,\N,20.01,Обеспечение передачи данных фронтальной сети (связь),"Услуги связи (интернет, мобильная связь, почта и другие) (11030700)"
"Поступление (акт, накладная, УПД) МКУХ-005183 от 31.03.2026 13:17:32",Отражение фактических данных МКУХ-003191 от 31.03.2026 13:17:32,\N,\N,\N,\N,\N,\N,\N,\N,\N,\N,\N,\N,\N,\N,\N,\N,\N,\N,\N,\N,\N,\N,\N,\N,\N,\N,\N,\N
МКУХ-005183,31.03.2026 13:17:32,Услуги,ОАО РЖД,7708503727,997650001,Договор №006/010/15 от 04.03.2015 (бывший Московский ИВЦ),\N,\N,\N,\N,\N,\N,\N,\N,руб.,1,Услуги от поставщиков / подрядчиков,услуги связи,Договор № SSP240229OL1 от 26.03.2024,Департамент процессинга,22%,319415.36,1771303.36,Да,\N,\N,20.01,Обеспечение передачи данных фронтальной сети (связь),"Услуги связи (интернет, мобильная связь, почта и другие) (11030700)"
"Поступление (акт, накладная, УПД) МКУХ-005470 от 31.03.2026 13:17:39",Отражение фактических данных МКУХ-003189 от 31.03.2026 13:17:39,\N,\N,\N,\N,\N,\N,\N,\N,\N,\N,\N,\N,\N,\N,\N,\N,\N,\N,\N,\N,\N,\N,\N,\N,\N,\N,\N,\N
МКУХ-005470,31.03.2026 13:17:39,Услуги,ОАО РЖД,7708503727,997650001,Договор №4054634 от 31.08.2020 г.,4054634,ФУ 07129/МК,25.12.2020 0:00:00,Департамент процессинга,"CF02080000 Услуги связи (интернет, мобильная связь, почта и другие)","Услуги связи (интернет, мобильная связь, почта и другие)",00ДО-0000146724,ДО,руб.,1,Услуги от поставщиков / подрядчиков,услуги связи,Договор № SSP240229OL1 от 26.03.2024,Департамент процессинга,22%,1461.24,8103.24,Да,\N,\N,20.01,Обеспечение передачи данных фронтальной сети (связь),"Услуги связи (интернет, мобильная связь, почта и другие) (11030700)"
"Поступление (акт, накладная, УПД) МКУХ-005047 от 31.03.2026 13:23:51",Отражение фактических данных МКУХ-003283 от 31.03.2026 13:23:51,\N,\N,\N,\N,\N,\N,\N,\N,\N,\N,\N,\N,\N,\N,\N,\N,\N,\N,\N,\N,\N,\N,\N,\N,\N,\N,\N,\N
МКУХ-005047,31.03.2026 13:23:51,Услуги,АЙ ТИ ООО,7107115529,710701001,"Договор №21765 от 01,07,2018 г.",21765,10821/МК,22.11.2018 0:00:00,Департамент процессинга,"CF02080000 Услуги связи (интернет, мобильная связь, почта и другие)","Услуги связи (интернет, мобильная связь, почта и другие)",00ДО-0000146771,ДО,руб.,1,Услуги от поставщиков / подрядчиков,услуги связи,Договор № SSP240229OL1 от 26.03.2024,Департамент процессинга,5%,32.45,681.45,Да,\N,\N,20.01,Обеспечение передачи данных фронтальной сети (связь),"Услуги связи (интернет, мобильная связь, почта и другие) (11030700)"
"Поступление (акт, накладная, УПД) МКУХ-005486 от 31.03.2026 13:30:04",Отражение фактических данных МКУХ-003208 от 31.03.2026 13:30:04,\N,\N,\N,\N,\N,\N,\N,\N,\N,\N,\N,\N,\N,\N,\N,\N,\N,\N,\N,\N,\N,\N,\N,\N,\N,\N,\N,\N
МКУХ-005486,31.03.2026 13:30:04,Услуги,ЛАНТЕР ООО,7710433474,770101001,МК25-037 от 18.12.2025,МК25-037,MK25-12-108-LC,04.12.2025 18:05:03,Блок развития бизнеса_Мультикарта,CF02010300 Услуги по поддержке лицензионного ПО,Техническая поддержка систем,00ДО-0000219358,ДО,руб.,1,Услуги от поставщиков / подрядчиков,техподдержка ПО за 1кв. 2026г.,МУЛЬТИКАРТА_11_СЕРВЕРА,Центр сопровождения клиентов,22%,17785.76,98630.14,Да,\N,\N,20.01,ПР: авторизации,Услуги по поддержке лицензионного ПО (11020403)
"Поступление (акт, накладная, УПД) МКУХ-005487 от 31.03.2026 13:31:39",Отражение фактических данных МКУХ-003209 от 31.03.2026 13:31:39,\N,\N,\N,\N,\N,\N,\N,\N,\N,\N,\N,\N,\N,\N,\N,\N,\N,\N,\N,\N,\N,\N,\N,\N,\N,\N,\N,\N
МКУХ-005487,31.03.2026 13:31:39,Услуги,СВЯЗЬ-ЭНЕРГО ООО,4401088176,440101001,Договор №391/2022 от 01.12.2022,391/2022,01960/22,15.12.2022 0:00:00,Департамент процессинга,"CF02080000 Услуги связи (интернет, мобильная связь, почта и другие)","Услуги связи (интернет, мобильная связь, почта и другие)",00ДО-0000150796,ДО,руб.,1,Услуги от поставщиков / подрядчиков,услуги связи,Договор № SSP240229OL1 от 26.03.2024,Департамент процессинга,22%,17324.93,96074.86,Да,\N,\N,20.01,Обеспечение передачи данных фронтальной сети (связь),"Услуги связи (интернет, мобильная связь, почта и другие) (11030700)"
"Поступление (акт, накладная, УПД) МКУХ-005488 от 31.03.2026 13:32:33",Отражение фактических данных МКУХ-003210 от 31.03.2026 13:32:33,\N,\N,\N,\N,\N,\N,\N,\N,\N,\N,\N,\N,\N,\N,\N,\N,\N,\N,\N,\N,\N,\N,\N,\N,\N,\N,\N,\N
МКУХ-005488,31.03.2026 13:32:33,Услуги,СВЯЗЬ-ЭНЕРГО ООО,4401088176,440101001,Договор №102/2017 от 29.08.2017,102/2017,9903/МК,13.10.2017 0:00:00,Департамент процессинга,"CF02080000 Услуги связи (интернет, мобильная связь, почта и другие)","Услуги связи (интернет, мобильная связь, почта и другие)",00ДО-0000147587,ДО,руб.,1,Услуги от поставщиков / подрядчиков,услуги связи,Договор № SSP240229OL1 от 26.03.2024,Департамент процессинга,22%,4357.42,24163.87,Да,\N,\N,20.01,Обеспечение передачи данных фронтальной сети (связь),"Услуги связи (интернет, мобильная связь, почта и другие) (11030700)"
"Поступление (акт, накладная, УПД) МКУХ-005022 от 31.03.2026 13:34:10",Отражение фактических данных МКУХ-003347 от 31.03.2026 13:34:10,\N,\N,\N,\N,\N,\N,\N,\N,\N,\N,\N,\N,\N,\N,\N,\N,\N,\N,\N,\N,\N,\N,\N,\N,\N,\N,\N,\N
МКУХ-005022,31.03.2026 13:34:10,Услуги,Иркутская дирекция связи РЖД,7708503727,381231015,Договор № ЦСС002П от 29.05.2015,Договор № ЦСС002П,\N,\N,\N,\N,\N,\N,\N,руб.,1,Услуги от поставщиков / подрядчиков,услуги связи,Договор № SSP240229OL1 от 26.03.2024,Департамент процессинга,22%,1062.6,5892.6,Да,\N,\N,20.01,Обеспечение передачи данных фронтальной сети (связь),"Услуги связи (интернет, мобильная связь, почта и другие) (11030700)"
"Поступление (акт, накладная, УПД) МКУХ-005489 от 31.03.2026 13:36:27",Отражение фактических данных МКУХ-003211 от 31.03.2026 13:36:27,\N,\N,\N,\N,\N,\N,\N,\N,\N,\N,\N,\N,\N,\N,\N,\N,\N,\N,\N,\N,\N,\N,\N,\N,\N,\N,\N,\N
МКУХ-005489,31.03.2026 13:36:27,Услуги,СОЛАНТЕК ООО,7843317533,781301001,Договор №МК24-014 от 13.05.2024,\N,\N,\N,\N,\N,\N,\N,\N,руб.,1,Услуги от поставщика,Услуги по технической поддержке опций ПО SOLAR Testing Toolkit за период с 01.01.2026 по 31.03.2026г. по Договору № МК24-014 от 13.05.2024 г.,МУЛЬТИКАРТА_11_АВТОРИЗАЦИИ,Департамент контроля качества,22%,230820.15,1280002.65,Да,\N,\N,20.01,ПР: авторизации,Услуги по поддержке лицензионного ПО (11020403)
"Поступление (акт, накладная, УПД) МКУХ-005491 от 31.03.2026 13:39:40",Отражение фактических данных МКУХ-003213 от 31.03.2026 13:39:40,\N,\N,\N,\N,\N,\N,\N,\N,\N,\N,\N,\N,\N,\N,\N,\N,\N,\N,\N,\N,\N,\N,\N,\N,\N,\N,\N,\N
МКУХ-005491,31.03.2026 13:39:40,Услуги,НКТ СЫЗРАНЬ ООО,6325059216,632501001,СЗР/01-07/25 от 31.07.2025,СЗР/01-07/25,MK25-06-43-LC,26.06.2025 14:46:07,Департамент процессинга,"CF02080000 Услуги связи (интернет, мобильная связь, почта и другие)","Услуги связи (интернет, мобильная связь, почта и другие)",00ДО-0000201390,ДО,руб.,1,Услуги от поставщика,услуги связи,Договор № SSP240229OL1 от 26.03.2024,Департамент процессинга,Без НДС,\N,4000,Да,\N,\N,20.01,Обеспечение передачи данных фронтальной сети (связь),"Услуги связи (интернет, мобильная связь, почта и другие) (11030700)"
"Поступление (акт, накладная, УПД) МКУХ-005492 от 31.03.2026 14:00:49",Отражение фактических данных МКУХ-003268 от 31.03.2026 14:00:49,\N,\N,\N,\N,\N,\N,\N,\N,\N,\N,\N,\N,\N,\N,\N,\N,\N,\N,\N,\N,\N,\N,\N,\N,\N,\N,\N,\N
МКУХ-005492,31.03.2026 14:00:49,Услуги,ГК ИННОТЕХ ООО,9703073496,997750001,ДС 14 к МК23-047 от 01.01.2026,ДС 14 к МК23-047,MK26-03-31-VGO,20.03.2026 13:48:20,Блок по операционному управлению ЦСП,CF02160200 Платежи за услуги по сопровождению бизнес-процессов,Расходы на услуги по сопровождению бизнесс-процессов,00ДО-0000233148,ДО,руб.,13,Услуги от поставщиков / подрядчиков,02.06 Обеспечение адаптации,Мультикарта_Операционный блок_Мультикарта_Бюджет МВЗ,Блок по операционному управлению ЦСП,22%,11329.56,62827.56,Нет,\N,\N,26,Расходы на услуги по сопровождению бизнес-процессов (22070200),\N
МКУХ-005492,31.03.2026 14:00:49,Услуги,ГК ИННОТЕХ ООО,9703073496,997750001,ДС 14 к МК23-047 от 01.01.2026,ДС 14 к МК23-047,MK26-03-31-VGO,20.03.2026 13:48:20,Блок по операционному управлению ЦСП,CF02160200 Платежи за услуги по сопровождению бизнес-процессов,Расходы на услуги по сопровождению бизнесс-процессов,00ДО-0000233148,ДО,руб.,12,Услуги от поставщиков / подрядчиков,02.05 Вознаграждения и льготы,Мультикарта_Операционный блок_Мультикарта_Бюджет МВЗ,Блок по операционному управлению ЦСП,22%,59765.64,331427.64,Нет,\N,\N,26,Расходы на услуги по сопровождению бизнес-процессов (22070200),\N
МКУХ-005492,31.03.2026 14:00:49,Услуги,ГК ИННОТЕХ ООО,9703073496,997750001,ДС 14 к МК23-047 от 01.01.2026,ДС 14 к МК23-047,MK26-03-31-VGO,20.03.2026 13:48:20,Блок по операционному управлению ЦСП,CF02160200 Платежи за услуги по сопровождению бизнес-процессов,Расходы на услуги по сопровождению бизнесс-процессов,00ДО-0000233148,ДО,руб.,11,Услуги от поставщиков / подрядчиков,02.04 Обучение и развитие,Мультикарта_Операционный блок_Мультикарта_Бюджет МВЗ,Блок по операционному управлению ЦСП,22%,42665.7,236600.7,Нет,\N,\N,26,Расходы на услуги по сопровождению бизнес-процессов (22070200),\N
МКУХ-005492,31.03.2026 14:00:49,Услуги,ГК ИННОТЕХ ООО,9703073496,997750001,ДС 14 к МК23-047 от 01.01.2026,ДС 14 к МК23-047,MK26-03-31-VGO,20.03.2026 13:48:20,Блок по операционному управлению ЦСП,CF02160200 Платежи за услуги по сопровождению бизнес-процессов,Расходы на услуги по сопровождению бизнесс-процессов,00ДО-0000233148,ДО,руб.,10,Услуги от поставщиков / подрядчиков,02.03 Внутренние коммуникации,Мультикарта_Операционный блок_Мультикарта_Бюджет МВЗ,Блок по операционному управлению ЦСП,22%,13504.92,74890.92,Нет,\N,\N,26,Расходы на услуги по сопровождению бизнес-процессов (22070200),\N
МКУХ-005492,31.03.2026 14:00:49,Услуги,ГК ИННОТЕХ ООО,9703073496,997750001,ДС 14 к МК23-047 от 01.01.2026,ДС 14 к МК23-047,MK26-03-31-VGO,20.03.2026 13:48:20,Блок по операционному управлению ЦСП,CF02160200 Платежи за услуги по сопровождению бизнес-процессов,Расходы на услуги по сопровождению бизнесс-процессов,00ДО-0000233148,ДО,руб.,9,Услуги от поставщиков / подрядчиков,02.02 Рекрутмент,Мультикарта_Операционный блок_Мультикарта_Бюджет МВЗ,Блок по операционному управлению ЦСП,22%,333441.24,1849083.24,Нет,\N,\N,26,Расходы на услуги по сопровождению бизнес-процессов (22070200),\N
МКУХ-005492,31.03.2026 14:00:49,Услуги,ГК ИННОТЕХ ООО,9703073496,997750001,ДС 14 к МК23-047 от 01.01.2026,ДС 14 к МК23-047,MK26-03-31-VGO,20.03.2026 13:48:20,Блок по операционному управлению ЦСП,CF02160200 Платежи за услуги по сопровождению бизнес-процессов,Расходы на услуги по сопровождению бизнесс-процессов,00ДО-0000233148,ДО,руб.,8,Услуги от поставщиков / подрядчиков,02.01 Кадровое делопроизводство,Мультикарта_Операционный блок_Мультикарта_Бюджет МВЗ,Блок по операционному управлению ЦСП,22%,110463.54,612570.54,Нет,\N,\N,26,Расходы на услуги по сопровождению бизнес-процессов (22070200),\N
МКУХ-005492,31.03.2026 14:00:49,Услуги,ГК ИННОТЕХ ООО,9703073496,997750001,ДС 14 к МК23-047 от 01.01.2026,ДС 14 к МК23-047,MK26-03-31-VGO,20.03.2026 13:48:20,Блок по операционному управлению ЦСП,CF02160200 Платежи за услуги по сопровождению бизнес-процессов,Расходы на услуги по сопровождению бизнесс-процессов,00ДО-0000233148,ДО,руб.,7,Услуги от поставщиков / подрядчиков,"01.07 Финансовый контроль, бизнес-аналитика и автоматизация",Мультикарта_Операционный блок_Мультикарта_Бюджет МВЗ,Блок по операционному управлению ЦСП,22%,854061.12,4736157.12,Нет,\N,\N,26,Расходы на услуги по сопровождению бизнес-процессов (22070200),\N
МКУХ-005492,31.03.2026 14:00:49,Услуги,ГК ИННОТЕХ ООО,9703073496,997750001,ДС 14 к МК23-047 от 01.01.2026,ДС 14 к МК23-047,MK26-03-31-VGO,20.03.2026 13:48:20,Блок по операционному управлению ЦСП,CF02160200 Платежи за услуги по сопровождению бизнес-процессов,Расходы на услуги по сопровождению бизнесс-процессов,00ДО-0000233148,ДО,руб.,6,Услуги от поставщиков / подрядчиков,01.06 Расчеты с персоналом,Мультикарта_Операционный блок_Мультикарта_Бюджет МВЗ,Блок по операционному управлению ЦСП,22%,48787.86,270550.86,Нет,\N,\N,26,Расходы на услуги по сопровождению бизнес-процессов (22070200),\N
МКУХ-005492,31.03.2026 14:00:49,Услуги,ГК ИННОТЕХ ООО,9703073496,997750001,ДС 14 к МК23-047 от 01.01.2026,ДС 14 к МК23-047,MK26-03-31-VGO,20.03.2026 13:48:20,Блок по операционному управлению ЦСП,CF02160200 Платежи за услуги по сопровождению бизнес-процессов,Расходы на услуги по сопровождению бизнесс-процессов,00ДО-0000233148,ДО,руб.,5,Услуги от поставщиков / подрядчиков,01.05 Бухгалтерский и налоговый учет,Мультикарта_Операционный блок_Мультикарта_Бюджет МВЗ,Блок по операционному управлению ЦСП,22%,398888.82,2212019.82,Нет,\N,\N,26,Расходы на услуги по сопровождению бизнес-процессов (22070200),\N
МКУХ-005492,31.03.2026 14:00:49,Услуги,ГК ИННОТЕХ ООО,9703073496,997750001,ДС 14 к МК23-047 от 01.01.2026,ДС 14 к МК23-047,MK26-03-31-VGO,20.03.2026 13:48:20,Блок по операционному управлению ЦСП,CF02160200 Платежи за услуги по сопровождению бизнес-процессов,Расходы на услуги по сопровождению бизнесс-процессов,00ДО-0000233148,ДО,руб.,4,Услуги от поставщиков / подрядчиков,01.04 Закупки,Мультикарта_Операционный блок_Мультикарта_Бюджет МВЗ,Блок по операционному управлению ЦСП,22%,262041.12,1453137.12,Нет,\N,\N,26,Расходы на услуги по сопровождению бизнес-процессов (22070200),\N
МКУХ-005492,31.03.2026 14:00:49,Услуги,ГК ИННОТЕХ ООО,9703073496,997750001,ДС 14 к МК23-047 от 01.01.2026,ДС 14 к МК23-047,MK26-03-31-VGO,20.03.2026 13:48:20,Блок по операционному управлению ЦСП,CF02160200 Платежи за услуги по сопровождению бизнес-процессов,Расходы на услуги по сопровождению бизнесс-процессов,00ДО-0000233148,ДО,руб.,3,Услуги от поставщиков / подрядчиков,01.03 Налоги и консультирование,Мультикарта_Операционный блок_Мультикарта_Бюджет МВЗ,Блок по операционному управлению ЦСП,22%,9946.86,55159.86,Нет,\N,\N,26,Расходы на услуги по сопровождению бизнес-процессов (22070200),\N
МКУХ-005492,31.03.2026 14:00:49,Услуги,ГК ИННОТЕХ ООО,9703073496,997750001,ДС 14 к МК23-047 от 01.01.2026,ДС 14 к МК23-047,MK26-03-31-VGO,20.03.2026 13:48:20,Блок по операционному управлению ЦСП,CF02160200 Платежи за услуги по сопровождению бизнес-процессов,Расходы на услуги по сопровождению бизнесс-процессов,00ДО-0000233148,ДО,руб.,2,Услуги от поставщиков / подрядчиков,01.02 Финансовое планирование и отчетность,Мультикарта_Операционный блок_Мультикарта_Бюджет МВЗ,Блок по операционному управлению ЦСП,22%,238485.06,1322508.06,Нет,\N,\N,26,Расходы на услуги по сопровождению бизнес-процессов (22070200),\N
МКУХ-005492,31.03.2026 14:00:49,Услуги,ГК ИННОТЕХ ООО,9703073496,997750001,ДС 14 к МК23-047 от 01.01.2026,ДС 14 к МК23-047,MK26-03-31-VGO,20.03.2026 13:48:20,Блок по операционному управлению ЦСП,CF02160200 Платежи за услуги по сопровождению бизнес-процессов,Расходы на услуги по сопровождению бизнесс-процессов,00ДО-0000233148,ДО,руб.,1,Услуги от поставщиков / подрядчиков,01.01 Казначейство,Мультикарта_Операционный блок_Мультикарта_Бюджет МВЗ,Блок по операционному управлению ЦСП,22%,126758.28,702932.28,Нет,\N,\N,26,Расходы на услуги по сопровождению бизнес-процессов (22070200),\N
МКУХ-005492,31.03.2026 14:00:49,Услуги,ГК ИННОТЕХ ООО,9703073496,997750001,ДС 14 к МК23-047 от 01.01.2026,ДС 14 к МК23-047,MK26-03-31-VGO,20.03.2026 13:48:20,Блок по операционному управлению ЦСП,CF02160200 Платежи за услуги по сопровождению бизнес-процессов,Расходы на услуги по сопровождению бизнесс-процессов,00ДО-0000233148,ДО,руб.,21,Услуги от поставщиков / подрядчиков,11.01 Комплаенс,Мультикарта_Операционный блок_Мультикарта_Бюджет МВЗ,Блок по операционному управлению ЦСП,22%,11095.92,61531.92,Нет,\N,\N,26,Расходы на услуги по сопровождению бизнес-процессов (22070200),\N
МКУХ-005492,31.03.2026 14:00:49,Услуги,ГК ИННОТЕХ ООО,9703073496,997750001,ДС 14 к МК23-047 от 01.01.2026,ДС 14 к МК23-047,MK26-03-31-VGO,20.03.2026 13:48:20,Блок по операционному управлению ЦСП,CF02160200 Платежи за услуги по сопровождению бизнес-процессов,Расходы на услуги по сопровождению бизнесс-процессов,00ДО-0000233148,ДО,руб.,20,Услуги от поставщиков / подрядчиков,08.01 Маркетинг и бренд-коммуникации,Мультикарта_Операционный блок_Мультикарта_Бюджет МВЗ,Блок по операционному управлению ЦСП,22%,32628.42,180939.42,Нет,\N,\N,26,Расходы на услуги по сопровождению бизнес-процессов (22070200),\N
МКУХ-005492,31.03.2026 14:00:49,Услуги,ГК ИННОТЕХ ООО,9703073496,997750001,ДС 14 к МК23-047 от 01.01.2026,ДС 14 к МК23-047,MK26-03-31-VGO,20.03.2026 13:48:20,Блок по операционному управлению ЦСП,CF02160200 Платежи за услуги по сопровождению бизнес-процессов,Расходы на услуги по сопровождению бизнесс-процессов,00ДО-0000233148,ДО,руб.,19,Услуги от поставщиков / подрядчиков,07.01 Связи с общественностью,Мультикарта_Операционный блок_Мультикарта_Бюджет МВЗ,Блок по операционному управлению ЦСП,22%,61795.14,342682.14,Нет,\N,\N,26,Расходы на услуги по сопровождению бизнес-процессов (22070200),\N
МКУХ-005492,31.03.2026 14:00:49,Услуги,ГК ИННОТЕХ ООО,9703073496,997750001,ДС 14 к МК23-047 от 01.01.2026,ДС 14 к МК23-047,MK26-03-31-VGO,20.03.2026 13:48:20,Блок по операционному управлению ЦСП,CF02160200 Платежи за услуги по сопровождению бизнес-процессов,Расходы на услуги по сопровождению бизнесс-процессов,00ДО-0000233148,ДО,руб.,18,Услуги от поставщиков / подрядчиков,06.01 Автоматизация внутренних систем,Мультикарта_Операционный блок_Мультикарта_Бюджет МВЗ,Блок по операционному управлению ЦСП,22%,181780.5,1008055.5,Нет,\N,\N,26,Расходы на услуги по сопровождению бизнес-процессов (22070200),\N
МКУХ-005492,31.03.2026 14:00:49,Услуги,ГК ИННОТЕХ ООО,9703073496,997750001,ДС 14 к МК23-047 от 01.01.2026,ДС 14 к МК23-047,MK26-03-31-VGO,20.03.2026 13:48:20,Блок по операционному управлению ЦСП,CF02160200 Платежи за услуги по сопровождению бизнес-процессов,Расходы на услуги по сопровождению бизнесс-процессов,00ДО-0000233148,ДО,руб.,17,Услуги от поставщиков / подрядчиков,05. Правовая поддержка,Мультикарта_Операционный блок_Мультикарта_Бюджет МВЗ,Блок по операционному управлению ЦСП,22%,171714.84,952236.84,Нет,\N,\N,26,Расходы на услуги по сопровождению бизнес-процессов (22070200),\N
МКУХ-005492,31.03.2026 14:00:49,Услуги,ГК ИННОТЕХ ООО,9703073496,997750001,ДС 14 к МК23-047 от 01.01.2026,ДС 14 к МК23-047,MK26-03-31-VGO,20.03.2026 13:48:20,Блок по операционному управлению ЦСП,CF02160200 Платежи за услуги по сопровождению бизнес-процессов,Расходы на услуги по сопровождению бизнесс-процессов,00ДО-0000233148,ДО,руб.,16,Услуги от поставщиков / подрядчиков,04.02 Документооборот,Мультикарта_Операционный блок_Мультикарта_Бюджет МВЗ,Блок по операционному управлению ЦСП,22%,46576.2,258286.2,Нет,\N,\N,26,Расходы на услуги по сопровождению бизнес-процессов (22070200),\N
МКУХ-005492,31.03.2026 14:00:49,Услуги,ГК ИННОТЕХ ООО,9703073496,997750001,ДС 14 к МК23-047 от 01.01.2026,ДС 14 к МК23-047,MK26-03-31-VGO,20.03.2026 13:48:20,Блок по операционному управлению ЦСП,CF02160200 Платежи за услуги по сопровождению бизнес-процессов,Расходы на услуги по сопровождению бизнесс-процессов,00ДО-0000233148,ДО,руб.,15,Услуги от поставщиков / подрядчиков,04.01 Административный департамент,Мультикарта_Операционный блок_Мультикарта_Бюджет МВЗ,Блок по операционному управлению ЦСП,22%,610090.8,3383230.8,Нет,\N,\N,26,Расходы на услуги по сопровождению бизнес-процессов (22070200),\N
МКУХ-005492,31.03.2026 14:00:49,Услуги,ГК ИННОТЕХ ООО,9703073496,997750001,ДС 14 к МК23-047 от 01.01.2026,ДС 14 к МК23-047,MK26-03-31-VGO,20.03.2026 13:48:20,Блок по операционному управлению ЦСП,CF02160200 Платежи за услуги по сопровождению бизнес-процессов,Расходы на услуги по сопровождению бизнесс-процессов,00ДО-0000233148,ДО,руб.,14,Услуги от поставщиков / подрядчиков,03.01 Корпоративная безопасность,Мультикарта_Операционный блок_Мультикарта_Бюджет МВЗ,Блок по операционному управлению ЦСП,22%,142585.08,790699.08,Нет,\N,\N,26,Расходы на услуги по сопровождению бизнес-процессов (22070200),\N
"Поступление (акт, накладная, УПД) МКУХ-005493 от 31.03.2026 14:48:03",Отражение фактических данных МКУХ-003215 от 31.03.2026 14:48:03,\N,\N,\N,\N,\N,\N,\N,\N,\N,\N,\N,\N,\N,\N,\N,\N,\N,\N,\N,\N,\N,\N,\N,\N,\N,\N,\N,\N
МКУХ-005493,31.03.2026 14:48:03,Услуги,ИН-ЛАЙН ТЕЛЕКОМ ООО,3123192700,310201001,Договор 167/12 от 01.09.12,167/12,7928/МК,03.09.2012 0:00:00,Департамент процессинга,"CF02080000 Услуги связи (интернет, мобильная связь, почта и другие)","Услуги связи (интернет, мобильная связь, почта и другие)",00ДО-0000147053,ДО,руб.,1,Услуги от поставщиков / подрядчиков,Услуги связи,Договор № SSP240229OL1 от 26.03.2024,Департамент процессинга,Без НДС,\N,1000,Да,\N,\N,20.01,Обеспечение передачи данных фронтальной сети (связь),"Услуги связи (интернет, мобильная связь, почта и другие) (11030700)"
"Поступление (акт, накладная, УПД) МКУХ-005056 от 31.03.2026 14:56:18",Отражение фактических данных МКУХ-003324 от 31.03.2026 14:56:18,\N,\N,\N,\N,\N,\N,\N,\N,\N,\N,\N,\N,\N,\N,\N,\N,\N,\N,\N,\N,\N,\N,\N,\N,\N,\N,\N,\N
МКУХ-005056,31.03.2026 14:56:18,Услуги,ООО КОМПАНИЯ ЭРА-ТЕЛЕКОМ,5262338205,526201001,МК24-058 от 07.11.2024,МК24-058,MK24-10-36-LC,15.10.2024 14:42:31,Департамент процессинга,"CF02080000 Услуги связи (интернет, мобильная связь, почта и другие)","Услуги связи (интернет, мобильная связь, почта и другие)",00ДО-0000168892,ДО,руб.,1,Услуги от поставщиков / подрядчиков,услуги связи,Договор № SSP240229OL1 от 26.03.2024,Департамент процессинга,5%,470,9870,Да,\N,\N,20.01,Обеспечение передачи данных фронтальной сети (связь),"Услуги связи (интернет, мобильная связь, почта и другие) (11030700)"
"Поступление (акт, накладная, УПД) МКУХ-005276 от 31.03.2026 15:37:34",Отражение фактических данных МКУХ-003446 от 31.03.2026 15:37:34,\N,\N,\N,\N,\N,\N,\N,\N,\N,\N,\N,\N,\N,\N,\N,\N,\N,\N,\N,\N,\N,\N,\N,\N,\N,\N,\N,\N
МКУХ-005276,31.03.2026 15:37:34,Услуги,ЭлектронТелеком,7802184161,780201001,Договор № Ком\1772 от 15.12.2021,Ком\1772,ФУ 01704/МК,17.05.2022 0:00:00,Департамент процессинга,"CF02080000 Услуги связи (интернет, мобильная связь, почта и другие)","Услуги связи (интернет, мобильная связь, почта и другие)",00ДО-0000148210,ДО,руб.,1,Услуги от поставщика,Услуги связи,Договор № SSP240229OL1 от 26.03.2024,Департамент процессинга,22%,1995.86,11068,Да,\N,\N,20.01,Обеспечение передачи данных фронтальной сети (связь),"Услуги связи (интернет, мобильная связь, почта и другие) (11030700)"
"Поступление (акт, накладная, УПД) МКУХ-004790 от 31.03.2026 16:09:59",Отражение фактических данных МКУХ-003562 от 31.03.2026 16:09:59,\N,\N,\N,\N,\N,\N,\N,\N,\N,\N,\N,\N,\N,\N,\N,\N,\N,\N,\N,\N,\N,\N,\N,\N,\N,\N,\N,\N
МКУХ-004790,31.03.2026 16:09:59,Услуги,Т2 МОБАЙЛ ООО (КПП 775101001),7743895280,775101001,Договор об оказании услуг связи №50599532 от 01.01.2016,50599532,MK24-10-38-LC,22.10.2024 15:41:21,Департамент процессинга,"CF02080000 Услуги связи (интернет, мобильная связь, почта и другие)","Услуги связи (интернет, мобильная связь, почта и другие)",00ДО-0000169999,ДО,руб.,1,Услуги от поставщика,Услуги связи интернет,Договор № SSP240229OL1 от 26.03.2024,Департамент процессинга,22%,69993.39,388145.18,Да,\N,\N,20.01,Обеспечение передачи данных фронтальной сети (связь),"Услуги связи (интернет, мобильная связь, почта и другие) (11030700)"
"Поступление (акт, накладная, УПД) МКУХ-005558 от 31.03.2026 17:43:26",Отражение фактических данных МКУХ-003343 от 31.03.2026 17:43:26,\N,\N,\N,\N,\N,\N,\N,\N,\N,\N,\N,\N,\N,\N,\N,\N,\N,\N,\N,\N,\N,\N,\N,\N,\N,\N,\N,\N
МКУХ-005558,31.03.2026 17:43:26,Услуги,Саратовская дирекция связи РЖД,7708503727,645045027,Договор №ЦСС002П от 29.05.2015г.,\N,\N,\N,\N,\N,\N,\N,\N,руб.,1,Услуги от поставщиков / подрядчиков,Услуги связи,Договор № SSP240229OL1 от 26.03.2024,Департамент процессинга,22%,3187.8,17677.8,Да,\N,\N,20.01,Обеспечение передачи данных фронтальной сети (связь),"Услуги связи (интернет, мобильная связь, почта и другие) (11030700)"
"Поступление (акт, накладная, УПД) МКУХ-005258 от 31.03.2026 17:47:27",Отражение фактических данных МКУХ-003425 от 31.03.2026 17:47:27,\N,\N,\N,\N,\N,\N,\N,\N,\N,\N,\N,\N,\N,\N,\N,\N,\N,\N,\N,\N,\N,\N,\N,\N,\N,\N,\N,\N
МКУХ-005258,31.03.2026 17:47:27,Услуги,МЕГАФОН ПАО (КПП 770701001),7812014560,770701001,Договор №ФД15/67 от 21.04.2014,\N,\N,\N,\N,\N,\N,\N,\N,руб.,1,Услуги от поставщиков / подрядчиков,Услуги связи,Договор № SSP240229OL1 от 26.03.2024,Департамент процессинга,22%,162.29,899.99,Да,\N,\N,20.01,Обеспечение передачи данных фронтальной сети (связь),"Услуги связи (интернет, мобильная связь, почта и другие) (11030700)"
"Поступление (акт, накладная, УПД) МКУХ-005310 от 31.03.2026 18:01:53",Отражение фактических данных МКУХ-003418 от 31.03.2026 18:01:53,\N,\N,\N,\N,\N,\N,\N,\N,\N,\N,\N,\N,\N,\N,\N,\N,\N,\N,\N,\N,\N,\N,\N,\N,\N,\N,\N,\N
МКУХ-005310,31.03.2026 18:01:53,Услуги,"Ульяновский филиал ПАО ""Ростелеком"" КПП732543001",7707049388,732543001,Договор В-430-11 ОТ 01.09.2011,\N,\N,\N,\N,\N,\N,\N,\N,руб.,1,Услуги от поставщиков / подрядчиков,услуги связи,Договор № R/LAS-21809-129 от 22.08.2018г.,Департамент процессинга,22%,7098.57,39364.8,Да,\N,\N,20.01,Обеспечение передачи данных фронтальной сети (связь),"Услуги связи (интернет, мобильная связь, почта и другие) (11030700)"
"Поступление (акт, накладная, УПД) МКУХ-005259 от 31.03.2026 18:06:56",Отражение фактических данных МКУХ-003428 от 31.03.2026 18:06:56,\N,\N,\N,\N,\N,\N,\N,\N,\N,\N,\N,\N,\N,\N,\N,\N,\N,\N,\N,\N,\N,\N,\N,\N,\N,\N,\N,\N
МКУХ-005259,31.03.2026 18:06:56,Услуги,МЕГАФОН ПАО (КПП 770701001),7812014560,770701001,Договор №ФД15/67 от 21.04.2014,\N,\N,\N,\N,\N,\N,\N,\N,руб.,1,Услуги от поставщика,Услуги связи,Мультикарта_Департамент процессинга_Бюджет МВЗ,Департамент процессинга,22%,2719.39,15080.25,Да,\N,\N,26,"Услуги связи (интернет, мобильная связь, почта и другие) (22030600)",\N
"Поступление (акт, накладная, УПД) МКУХ-005292 от 31.03.2026 18:10:00",Отражение фактических данных МКУХ-003421 от 31.03.2026 18:10:00,\N,\N,\N,\N,\N,\N,\N,\N,\N,\N,\N,\N,\N,\N,\N,\N,\N,\N,\N,\N,\N,\N,\N,\N,\N,\N,\N,\N
МКУХ-005292,31.03.2026 18:10:00,Услуги,"Филиал в Чувашской Республике ПАО ""Ростелеком"" КПП213043001",7707049388,213043001,Договор №МК22-016 от 04.02.2022,МК22-016,MK24-11-46-LC,12.11.2024 12:34:49,Департамент процессинга,"CF02080000 Услуги связи (интернет, мобильная связь, почта и другие)","Услуги связи (интернет, мобильная связь, почта и другие)",00ДО-0000172907,ДО,руб.,1,Услуги от поставщиков / подрядчиков,услуги связи,Договор № SSP240229OL1 от 26.03.2024,Департамент процессинга,22%,887.64,4922.36,Да,\N,\N,20.01,Обеспечение передачи данных фронтальной сети (связь),"Услуги связи (интернет, мобильная связь, почта и другие) (11030700)"
"Поступление (акт, накладная, УПД) МКУХ-005312 от 31.03.2026 18:11:55",Отражение фактических данных МКУХ-003426 от 31.03.2026 18:11:55,\N,\N,\N,\N,\N,\N,\N,\N,\N,\N,\N,\N,\N,\N,\N,\N,\N,\N,\N,\N,\N,\N,\N,\N,\N,\N,\N,\N
МКУХ-005312,31.03.2026 18:11:55,Услуги,"Филиал в Удмуртской Республике ПАО ""Ростелеком"" КПП183143001",7707049388,183143001,Договор №В-430-11 от 01.09.2011,\N,\N,\N,\N,\N,\N,\N,\N,руб.,1,Услуги от поставщика,Услуги связи,Договор № SSP240229OL1 от 26.03.2024,Департамент процессинга,22%,1788.15,9916.12,Да,\N,\N,20.01,Обеспечение передачи данных фронтальной сети (связь),"Услуги связи (интернет, мобильная связь, почта и другие) (11030700)"
"Поступление (акт, накладная, УПД) МКУХ-005388 от 31.03.2026 18:17:20",Отражение фактических данных МКУХ-003429 от 31.03.2026 18:17:20,\N,\N,\N,\N,\N,\N,\N,\N,\N,\N,\N,\N,\N,\N,\N,\N,\N,\N,\N,\N,\N,\N,\N,\N,\N,\N,\N,\N
МКУХ-005388,31.03.2026 18:17:20,Услуги,МЕГАФОН ПАО (КПП 770701001),7812014560,770701001,Договор №ФД15/67 от 21.04.2014,\N,\N,\N,\N,\N,\N,\N,\N,руб.,1,Услуги от поставщика,Услуги связи,Договор № SSP240229OL1 от 26.03.2024,Департамент процессинга,22%,21877.43,121320.28,Да,\N,\N,20.01,Обеспечение передачи данных фронтальной сети (связь),"Услуги связи (интернет, мобильная связь, почта и другие) (11030700)"
"Поступление (акт, накладная, УПД) МКУХ-005052 от 31.03.2026 18:23:55",Отражение фактических данных МКУХ-003432 от 31.03.2026 18:23:55,\N,\N,\N,\N,\N,\N,\N,\N,\N,\N,\N,\N,\N,\N,\N,\N,\N,\N,\N,\N,\N,\N,\N,\N,\N,\N,\N,\N
МКУХ-005052,31.03.2026 18:23:55,Услуги,ОАО РЖД,7708503727,997650001,Договор №ЦСС002П от 29.05.2015,ЦСС002П,\N,\N,\N,\N,\N,\N,\N,руб.,1,Услуги от поставщиков / подрядчиков,услуги связи,Договор № SSP240229OL1 от 26.03.2024,Департамент процессинга,22%,354.2,1964.2,Да,\N,\N,20.01,Обеспечение передачи данных фронтальной сети (связь),"Услуги связи (интернет, мобильная связь, почта и другие) (11030700)"
"Поступление (акт, накладная, УПД) МКУХ-005293 от 31.03.2026 18:30:03",Отражение фактических данных МКУХ-003482 от 31.03.2026 18:30:03,\N,\N,\N,\N,\N,\N,\N,\N,\N,\N,\N,\N,\N,\N,\N,\N,\N,\N,\N,\N,\N,\N,\N,\N,\N,\N,\N,\N
МКУХ-005293,31.03.2026 18:30:03,Услуги,"Филиал в Чувашской Республике ПАО ""Ростелеком"" КПП213043001",7707049388,213043001,Договор №МК22-016 от 04.02.2022,МК22-016,MK24-11-46-LC,12.11.2024 12:34:49,Департамент процессинга,"CF02080000 Услуги связи (интернет, мобильная связь, почта и другие)","Услуги связи (интернет, мобильная связь, почта и другие)",00ДО-0000172907,ДО,руб.,1,Услуги от поставщиков / подрядчиков,услуги связи,Договор № SSP240229OL1 от 26.03.2024,Департамент процессинга,22%,443.82,2461.18,Да,\N,\N,20.01,Обеспечение передачи данных фронтальной сети (связь),"Услуги связи (интернет, мобильная связь, почта и другие) (11030700)"
"Поступление (акт, накладная, УПД) МКУХ-005607 от 31.03.2026 18:31:50",Отражение фактических данных МКУХ-003416 от 31.03.2026 18:31:50,\N,\N,\N,\N,\N,\N,\N,\N,\N,\N,\N,\N,\N,\N,\N,\N,\N,\N,\N,\N,\N,\N,\N,\N,\N,\N,\N,\N
МКУХ-005607,31.03.2026 18:31:50,Услуги,"Оренбургский филиал ПАО ""Ростелеком"" КПП561243001",7707049388,561243001,Договор №В-430-11 от 01.09.2011г.,\N,\N,\N,\N,\N,\N,\N,\N,руб.,1,Услуги от поставщика,Услуги связи,Договор № R/LAS-21809-129 от 22.08.2018г.,Департамент процессинга,22%,6282.19,34837.61,Да,\N,\N,20.01,Обеспечение передачи данных фронтальной сети (связь),"Услуги связи (интернет, мобильная связь, почта и другие) (11030700)"
"Поступление (акт, накладная, УПД) МКУХ-005051 от 31.03.2026 18:33:50",Отражение фактических данных МКУХ-003286 от 31.03.2026 18:33:50,\N,\N,\N,\N,\N,\N,\N,\N,\N,\N,\N,\N,\N,\N,\N,\N,\N,\N,\N,\N,\N,\N,\N,\N,\N,\N,\N,\N
МКУХ-005051,31.03.2026 18:33:50,Услуги,ОАО РЖД,7708503727,997650001,Договор № 7547Р от 01.01.2014,\N,\N,\N,\N,\N,\N,\N,\N,руб.,1,Услуги от поставщиков / подрядчиков,услуги связи,Договор № SSP240229OL1 от 26.03.2024,Департамент процессинга,22%,1389.22,7703.84,Да,\N,\N,20.01,Обеспечение передачи данных фронтальной сети (связь),"Услуги связи (интернет, мобильная связь, почта и другие) (11030700)"
"Поступление (акт, накладная, УПД) МКУХ-005329 от 31.03.2026 18:41:34",Отражение фактических данных МКУХ-003520 от 31.03.2026 18:41:34,\N,\N,\N,\N,\N,\N,\N,\N,\N,\N,\N,\N,\N,\N,\N,\N,\N,\N,\N,\N,\N,\N,\N,\N,\N,\N,\N,\N
МКУХ-005329,31.03.2026 18:41:34,Услуги,"Филиал в Новгородской и Псковской  областях ПАО ""Ростелеком"" КПП532143002",7707049388,532143002,Договор №81395 ОТ 18.03.2009г.,\N,\N,\N,\N,\N,\N,\N,\N,руб.,1,Услуги от поставщика,Услуги связи,Договор № SSP240229OL1 от 26.03.2024,Департамент процессинга,22%,867.17,4808.83,Да,\N,\N,20.01,Обеспечение передачи данных фронтальной сети (связь),"Услуги связи (интернет, мобильная связь, почта и другие) (11030700)"
"Поступление (акт, накладная, УПД) МКУХ-005424 от 31.03.2026 18:47:41",Отражение фактических данных МКУХ-003412 от 31.03.2026 18:47:41,\N,\N,\N,\N,\N,\N,\N,\N,\N,\N,\N,\N,\N,\N,\N,\N,\N,\N,\N,\N,\N,\N,\N,\N,\N,\N,\N,\N
МКУХ-005424,31.03.2026 18:47:41,Услуги,"Северо-Западный Филиал ПАО ""МегаФон""",7812014560,780143001,Стандартный договор на предоставление телекоммуникационных услуг (№ 111666 от 01.07.2008),111666,2797/МК,04.08.2008 0:00:00,Департамент процессинга,"CF02080000 Услуги связи (интернет, мобильная связь, почта и другие)","Услуги связи (интернет, мобильная связь, почта и другие)",00ДО-0000147336,ДО,руб.,2,Услуги от поставщиков / подрядчиков,услуги связи,Мультикарта_Департамент процессинга_Бюджет МВЗ,Департамент процессинга,22%,68811.3,381589.94,Да,\N,\N,26,"Услуги связи (интернет, мобильная связь, почта и другие) (22030600)",\N
МКУХ-005424,31.03.2026 18:47:41,Услуги,"Северо-Западный Филиал ПАО ""МегаФон""",7812014560,780143001,Стандартный договор на предоставление телекоммуникационных услуг (№ 111666 от 01.07.2008),111666,2797/МК,04.08.2008 0:00:00,Департамент процессинга,"CF02080000 Услуги связи (интернет, мобильная связь, почта и другие)","Услуги связи (интернет, мобильная связь, почта и другие)",00ДО-0000147336,ДО,руб.,1,Услуги от поставщиков / подрядчиков,услуги связи,Договор № SSP240229OL1 от 26.03.2024,Департамент процессинга,22%,220608.5,1223374.4,Да,\N,\N,20.01,Обеспечение передачи данных фронтальной сети (связь),"Услуги связи (интернет, мобильная связь, почта и другие) (11030700)"
"Поступление (акт, накладная, УПД) МКУХ-005654 от 31.03.2026 18:56:10",Отражение фактических данных МКУХ-003547 от 31.03.2026 18:56:10,\N,\N,\N,\N,\N,\N,\N,\N,\N,\N,\N,\N,\N,\N,\N,\N,\N,\N,\N,\N,\N,\N,\N,\N,\N,\N,\N,\N
МКУХ-005654,31.03.2026 18:56:10,Услуги,ПАО ТАТТЕЛЕКОМ,1681000024,166001001,Договор №438-19/11 от01.10.11,438-19/11,7083/МК,22.11.2011 0:00:00,Департамент процессинга,"CF02080000 Услуги связи (интернет, мобильная связь, почта и другие)","Услуги связи (интернет, мобильная связь, почта и другие)",00ДО-0000146890,ДО,руб.,1,Услуги от поставщиков / подрядчиков,услуги связи,Договор № SSP240229OL1 от 26.03.2024,Департамент процессинга,22%,12204.48,67679.41,Да,\N,\N,20.01,Обеспечение передачи данных фронтальной сети (связь),"Услуги связи (интернет, мобильная связь, почта и другие) (11030700)"
"Поступление (акт, накладная, УПД) МКУХ-004849 от 31.03.2026 19:00:05",Отражение фактических данных МКУХ-003265 от 31.03.2026 19:00:05,\N,\N,\N,\N,\N,\N,\N,\N,\N,\N,\N,\N,\N,\N,\N,\N,\N,\N,\N,\N,\N,\N,\N,\N,\N,\N,\N,\N
МКУХ-004849,31.03.2026 19:00:05,Услуги,ПРАЙД ООО (ИНН 8603018500),8603018500,860301001,Договор №1494 от 01.09.2011г.,1494,6810/МК,11.11.2011 0:00:00,Департамент процессинга,"CF02080000 Услуги связи (интернет, мобильная связь, почта и другие)","Услуги связи (интернет, мобильная связь, почта и другие)",00ДО-0000146739,ДО,руб.,1,Услуги от поставщиков / подрядчиков,услуги связи,Договор № SSP240229OL1 от 26.03.2024,Департамент процессинга,5%,1787.1,37529.1,Да,\N,\N,20.01,Обеспечение передачи данных фронтальной сети (связь),"Услуги связи (интернет, мобильная связь, почта и другие) (11030700)"
"Поступление (акт, накладная, УПД) МКУХ-005331 от 31.03.2026 19:11:30",Отражение фактических данных МКУХ-003545 от 31.03.2026 19:11:30,\N,\N,\N,\N,\N,\N,\N,\N,\N,\N,\N,\N,\N,\N,\N,\N,\N,\N,\N,\N,\N,\N,\N,\N,\N,\N,\N,\N
МКУХ-005331,31.03.2026 19:11:30,Услуги,"Макрорегиональный филиал ""Центр"" ПАО ""Ростелеком""",7707049388,773443001,Договор №12241СМS/21 от 06.10.2021,\N,\N,\N,\N,\N,\N,\N,\N,руб.,1,Услуги от поставщиков / подрядчиков,услуги связи,Договор № SSP240229OL1 от 26.03.2024,Департамент процессинга,22%,54824,304024,Да,\N,\N,20.01,Обеспечение передачи данных фронтальной сети (связь),"Услуги связи (интернет, мобильная связь, почта и другие) (11030700)"
"Поступление (акт, накладная, УПД) МКУХ-005050 от 31.03.2026 19:13:06",Отражение фактических данных МКУХ-003304 от 31.03.2026 19:13:06,\N,\N,\N,\N,\N,\N,\N,\N,\N,\N,\N,\N,\N,\N,\N,\N,\N,\N,\N,\N,\N,\N,\N,\N,\N,\N,\N,\N
МКУХ-005050,31.03.2026 19:13:06,Услуги,ОАО РЖД,7708503727,997650001,Договор № 7547П от 01.01.2014,\N,\N,\N,\N,\N,\N,\N,\N,руб.,1,Услуги от поставщиков / подрядчиков,услуги связи,Договор № SSP240229OL1 от 26.03.2024,Департамент процессинга,22%,2476.62,13734,Да,\N,\N,20.01,Обеспечение передачи данных фронтальной сети (связь),"Услуги связи (интернет, мобильная связь, почта и другие) (11030700)"
"Поступление (акт, накладная, УПД) МКУХ-005494 от 31.03.2026 19:23:56",Отражение фактических данных МКУХ-003220 от 31.03.2026 19:23:56,\N,\N,\N,\N,\N,\N,\N,\N,\N,\N,\N,\N,\N,\N,\N,\N,\N,\N,\N,\N,\N,\N,\N,\N,\N,\N,\N,\N
МКУХ-005494,31.03.2026 19:23:56,Услуги,РЕНЕТ КОМ ООО,6452052044,645201001,Договор №RC-0105/14 от 01.05.2014г.,RC-0105/14,7411/МК,02.07.2014 0:00:00,Департамент процессинга,"CF02080000 Услуги связи (интернет, мобильная связь, почта и другие)","Услуги связи (интернет, мобильная связь, почта и другие)",00ДО-0000146736,ДО,руб.,1,Услуги от поставщиков / подрядчиков,услуги связи,Договор № SSP240229OL1 от 26.03.2024,Департамент процессинга,22%,8979.19,49793.5,Да,\N,\N,20.01,Обеспечение передачи данных фронтальной сети (связь),"Услуги связи (интернет, мобильная связь, почта и другие) (11030700)"
"Поступление (акт, накладная, УПД) МКУХ-005495 от 31.03.2026 19:25:23",Отражение фактических данных МКУХ-003221 от 31.03.2026 19:25:23,\N,\N,\N,\N,\N,\N,\N,\N,\N,\N,\N,\N,\N,\N,\N,\N,\N,\N,\N,\N,\N,\N,\N,\N,\N,\N,\N,\N
МКУХ-005495,31.03.2026 19:25:23,Услуги,СЕВЕРСТАЛЬ-ИНФОКОМ АО,3528007105,352801001,Договор №85310 от 01.05.2012г.,85310,4735/МК,22.05.2012 0:00:00,Департамент процессинга,"CF02080000 Услуги связи (интернет, мобильная связь, почта и другие)","Услуги связи (интернет, мобильная связь, почта и другие)",00ДО-0000147688,ДО,руб.,1,Услуги от поставщика,Услуги связи,Договор № SSP240229OL1 от 26.03.2024,Департамент процессинга,22%,301.4,1671.4,Да,\N,\N,20.01,Обеспечение передачи данных фронтальной сети (связь),"Услуги связи (интернет, мобильная связь, почта и другие) (11030700)"
"Поступление (акт, накладная, УПД) МКУХ-005447 от 31.03.2026 19:27:38",Отражение фактических данных МКУХ-003321 от 31.03.2026 19:27:38,\N,\N,\N,\N,\N,\N,\N,\N,\N,\N,\N,\N,\N,\N,\N,\N,\N,\N,\N,\N,\N,\N,\N,\N,\N,\N,\N,\N
МКУХ-005447,31.03.2026 19:27:38,Услуги,ГЕЛИОС - СЕТЬ ООО,1435136168,143501001,Договор №2351 от 01.02.2013г.,2351,583/МК,29.01.2013 0:00:00,Департамент процессинга,"CF02080000 Услуги связи (интернет, мобильная связь, почта и другие)","Услуги связи (интернет, мобильная связь, почта и другие)",00ДО-0000147756,ДО,руб.,1,Услуги от поставщиков / подрядчиков,услуги связи,Договор № SSP240229OL1 от 26.03.2024,Департамент процессинга,Без НДС,\N,23000,Да,\N,\N,20.01,Обеспечение передачи данных фронтальной сети (связь),"Услуги связи (интернет, мобильная связь, почта и другие) (11030700)"
"Поступление (акт, накладная, УПД) МКУХ-005500 от 31.03.2026 20:07:43",Отражение фактических данных МКУХ-003227 от 31.03.2026 20:07:43,\N,\N,\N,\N,\N,\N,\N,\N,\N,\N,\N,\N,\N,\N,\N,\N,\N,\N,\N,\N,\N,\N,\N,\N,\N,\N,\N,\N
МКУХ-005500,31.03.2026 20:07:43,Услуги,ООО ФОРМАТ-Ц,3666169693,366201001,Договор №УР/151-14 от 01.12.2014г.,УР/151-14,1725/МК,17.03.2015 0:00:00,Департамент процессинга,"CF02080000 Услуги связи (интернет, мобильная связь, почта и другие)","Услуги связи (интернет, мобильная связь, почта и другие)",00ДО-0000146774,ДО,руб.,1,Услуги от поставщиков / подрядчиков,Услуги связи,Договор № SSP240229OL1 от 26.03.2024,Департамент процессинга,22%,641.52,3557.52,Да,\N,\N,20.01,Обеспечение передачи данных фронтальной сети (связь),"Услуги связи (интернет, мобильная связь, почта и другие) (11030700)"
"Поступление (акт, накладная, УПД) МКУХ-005501 от 31.03.2026 20:09:08",Отражение фактических данных МКУХ-003228 от 31.03.2026 20:09:08,\N,\N,\N,\N,\N,\N,\N,\N,\N,\N,\N,\N,\N,\N,\N,\N,\N,\N,\N,\N,\N,\N,\N,\N,\N,\N,\N,\N
МКУХ-005501,31.03.2026 20:09:08,Услуги,ПРАКТИКА ООО (ИНН 6916009860),6916009860,691601001,Договор №7417 от 30.07.2013г.,7417,11016/МК,22.11.2013 0:00:00,Департамент процессинга,"CF02080000 Услуги связи (интернет, мобильная связь, почта и другие)","Услуги связи (интернет, мобильная связь, почта и другие)",00ДО-0000147010,ДО,руб.,1,Услуги от поставщиков / подрядчиков,услуги связи,Договор № SSP240229OL1 от 26.03.2024,Департамент процессинга,5%,100,2100,Да,\N,\N,20.01,Обеспечение передачи данных фронтальной сети (связь),"Услуги связи (интернет, мобильная связь, почта и другие) (11030700)"
"Поступление (акт, накладная, УПД) МКУХ-005333 от 31.03.2026 21:51:05",Отражение фактических данных МКУХ-003563 от 31.03.2026 21:51:05,\N,\N,\N,\N,\N,\N,\N,\N,\N,\N,\N,\N,\N,\N,\N,\N,\N,\N,\N,\N,\N,\N,\N,\N,\N,\N,\N,\N
МКУХ-005333,31.03.2026 21:51:05,Услуги,РТКОММ.РУ АО (КПП 775101001),7708126998,775101001,Договор №1-3-АГ/10/15 от 20.05.2016г.,1-3-АГ/10/15,7922/МК,26.08.2016 0:00:00,Департамент процессинга,"CF02080000 Услуги связи (интернет, мобильная связь, почта и другие)","Услуги связи (интернет, мобильная связь, почта и другие)",00ДО-0000147946,ДО,руб.,1,Услуги от поставщиков / подрядчиков,Предоставление канала связи,Договор № SSP240229OL1 от 26.03.2024,Департамент процессинга,22%,1682.12,9328.12,Да,\N,\N,20.01,Обеспечение передачи данных фронтальной сети (связь),"Услуги связи (интернет, мобильная связь, почта и другие) (11030700)"
"Поступление (акт, накладная, УПД) МКУХ-004958 от 31.03.2026 23:59:59",Отражение фактических данных МКУХ-001844 от 31.03.2026 23:59:59,\N,\N,\N,\N,\N,\N,\N,\N,\N,\N,\N,\N,\N,\N,\N,\N,\N,\N,\N,\N,\N,\N,\N,\N,\N,\N,\N,\N
МКУХ-004958,31.03.2026 23:59:59,Услуги,КОМПАС ПЛЮС ООО,7444020700,745601001,Договор LA2412/2009 от 14.04.2010,\N,\N,\N,\N,\N,\N,\N,\N,руб.,1,Услуги от поставщика,Поддержка программных продуктов за 1 кв 2026г.,МУЛЬТИКАРТА_11_АВТОРИЗАЦИИ,Департамент развития технологий,22%,423637.5,2349262.5,Да,\N,\N,20.01,ПР: авторизации,Услуги по поддержке лицензионного ПО (11020403)
"Поступление (акт, накладная, УПД) МКУХ-004959 от 31.03.2026 23:59:59",Отражение фактических данных МКУХ-001845 от 31.03.2026 23:59:59,\N,\N,\N,\N,\N,\N,\N,\N,\N,\N,\N,\N,\N,\N,\N,\N,\N,\N,\N,\N,\N,\N,\N,\N,\N,\N,\N,\N
МКУХ-004959,31.03.2026 23:59:59,Услуги,КОМПАС ПЛЮС ООО,7444020700,745601001,Договор LA2412/2009 от 14.04.2010,\N,\N,\N,\N,\N,\N,\N,\N,руб.,1,Услуги от поставщика,Поддержка программных продуктов за 1 кв 2026г.,МУЛЬТИКАРТА_11_АВТОРИЗАЦИИ,Департамент развития технологий,22%,4685927.61,25985598.58,Да,\N,\N,20.01,ПР: авторизации,Услуги по поддержке лицензионного ПО (11020403)
"Поступление (акт, накладная, УПД) МКУХ-005245 от 31.03.2026 23:59:59",Отражение фактических данных МКУХ-002371 от 31.03.2026 23:59:59,\N,\N,\N,\N,\N,\N,\N,\N,\N,\N,\N,\N,\N,\N,\N,\N,\N,\N,\N,\N,\N,\N,\N,\N,\N,\N,\N,\N
МКУХ-005245,31.03.2026 23:59:59,Услуги,КОМФОРТ XXI ВЕК ООО,9109001217,910201001,02ЮЛ2025-14/720277 от 21.05.2025,02ЮЛ2025-14/720277,MK25-12-126-LC,24.12.2025 16:39:38,Департамент процессинга,"CF02080000 Услуги связи (интернет, мобильная связь, почта и другие)","Услуги связи (интернет, мобильная связь, почта и другие)",00ДО-0000222751,ДО,руб.,1,Услуги от поставщиков / подрядчиков,услуги связи,Договор № SSP240229OL1 от 26.03.2024,Департамент процессинга,5%,228.57,4800,Да,\N,\N,20.01,Обеспечение передачи данных фронтальной сети (связь),"Услуги связи (интернет, мобильная связь, почта и другие) (11030700)"
"Поступление (акт, накладная, УПД) МКУХ-005246 от 31.03.2026 23:59:59",Отражение фактических данных МКУХ-002372 от 31.03.2026 23:59:59,\N,\N,\N,\N,\N,\N,\N,\N,\N,\N,\N,\N,\N,\N,\N,\N,\N,\N,\N,\N,\N,\N,\N,\N,\N,\N,\N,\N
МКУХ-005246,31.03.2026 23:59:59,Услуги,КОМФОРТ XXI ВЕК ООО,9109001217,910201001,02ЮЛ2025-14/720277 от 21.05.2025,02ЮЛ2025-14/720277,MK25-12-126-LC,24.12.2025 16:39:38,Департамент процессинга,"CF02080000 Услуги связи (интернет, мобильная связь, почта и другие)","Услуги связи (интернет, мобильная связь, почта и другие)",00ДО-0000222751,ДО,руб.,1,Услуги от поставщиков / подрядчиков,услуги связи,Договор № SSP240229OL1 от 26.03.2024,Департамент процессинга,5%,76.19,1600,Да,\N,\N,20.01,Обеспечение передачи данных фронтальной сети (связь),"Услуги связи (интернет, мобильная связь, почта и другие) (11030700)"
"Поступление (акт, накладная, УПД) МКУХ-005302 от 31.03.2026 23:59:59",Отражение фактических данных МКУХ-002514 от 31.03.2026 23:59:59,\N,\N,\N,\N,\N,\N,\N,\N,\N,\N,\N,\N,\N,\N,\N,\N,\N,\N,\N,\N,\N,\N,\N,\N,\N,\N,\N,\N
МКУХ-005302,31.03.2026 23:59:59,Услуги,СИНТ ООО,2443019893,244301001,Договор №22733 от 01.08.2014г.,22733,12219/МК,24.11.2014 0:00:00,Департамент процессинга,"CF02080000 Услуги связи (интернет, мобильная связь, почта и другие)","Услуги связи (интернет, мобильная связь, почта и другие)",00ДО-0000147748,ДО,руб.,1,Услуги от поставщиков / подрядчиков,услуги связи,Договор № SSP240229OL1 от 26.03.2024,Департамент процессинга,5%,183.81,3860,Да,\N,\N,20.01,Обеспечение передачи данных фронтальной сети (связь),"Услуги связи (интернет, мобильная связь, почта и другие) (11030700)"
"Поступление (акт, накладная, УПД) МКУХ-005307 от 31.03.2026 23:59:59",Отражение фактических данных МКУХ-002518 от 31.03.2026 23:59:59,\N,\N,\N,\N,\N,\N,\N,\N,\N,\N,\N,\N,\N,\N,\N,\N,\N,\N,\N,\N,\N,\N,\N,\N,\N,\N,\N,\N
МКУХ-005307,31.03.2026 23:59:59,Услуги,КОМФОРТ XXI ВЕК ООО,9109001217,910201001,02ЮЛ2025-14/720277 от 21.05.2025,02ЮЛ2025-14/720277,MK25-12-126-LC,24.12.2025 16:39:38,Департамент процессинга,"CF02080000 Услуги связи (интернет, мобильная связь, почта и другие)","Услуги связи (интернет, мобильная связь, почта и другие)",00ДО-0000222751,ДО,руб.,1,Услуги от поставщиков / подрядчиков,услуги связи,Договор № SSP240229OL1 от 26.03.2024,Департамент процессинга,5%,990.47,20800,Да,\N,\N,20.01,Обеспечение передачи данных фронтальной сети (связь),"Услуги связи (интернет, мобильная связь, почта и другие) (11030700)"
"Поступление (акт, накладная, УПД) МКУХ-005308 от 31.03.2026 23:59:59",Отражение фактических данных МКУХ-002519 от 31.03.2026 23:59:59,\N,\N,\N,\N,\N,\N,\N,\N,\N,\N,\N,\N,\N,\N,\N,\N,\N,\N,\N,\N,\N,\N,\N,\N,\N,\N,\N,\N
МКУХ-005308,31.03.2026 23:59:59,Услуги,КОМФОРТ XXI ВЕК ООО,9109001217,910201001,02ЮЛ2025-14/720277 от 21.05.2025,02ЮЛ2025-14/720277,MK25-12-126-LC,24.12.2025 16:39:38,Департамент процессинга,"CF02080000 Услуги связи (интернет, мобильная связь, почта и другие)","Услуги связи (интернет, мобильная связь, почта и другие)",00ДО-0000222751,ДО,руб.,1,Услуги от поставщиков / подрядчиков,услуги связи,Договор № SSP240229OL1 от 26.03.2024,Департамент процессинга,5%,990.47,20800,Да,\N,\N,20.01,Обеспечение передачи данных фронтальной сети (связь),"Услуги связи (интернет, мобильная связь, почта и другие) (11030700)"
"Поступление (акт, накладная, УПД) МКУХ-005309 от 31.03.2026 23:59:59",Отражение фактических данных МКУХ-002520 от 31.03.2026 23:59:59,\N,\N,\N,\N,\N,\N,\N,\N,\N,\N,\N,\N,\N,\N,\N,\N,\N,\N,\N,\N,\N,\N,\N,\N,\N,\N,\N,\N
МКУХ-005309,31.03.2026 23:59:59,Услуги,КОМФОРТ XXI ВЕК ООО,9109001217,910201001,02ЮЛ2025-14/720277 от 21.05.2025,02ЮЛ2025-14/720277,MK25-12-126-LC,24.12.2025 16:39:38,Департамент процессинга,"CF02080000 Услуги связи (интернет, мобильная связь, почта и другие)","Услуги связи (интернет, мобильная связь, почта и другие)",00ДО-0000222751,ДО,руб.,1,Услуги от поставщиков / подрядчиков,услуги связи,Договор № SSP240229OL1 от 26.03.2024,Департамент процессинга,5%,228.57,4800,Да,\N,\N,20.01,Обеспечение передачи данных фронтальной сети (связь),"Услуги связи (интернет, мобильная связь, почта и другие) (11030700)"
"Поступление (акт, накладная, УПД) МКУХ-005364 от 31.03.2026 23:59:59",Отражение фактических данных МКУХ-002659 от 31.03.2026 23:59:59,\N,\N,\N,\N,\N,\N,\N,\N,\N,\N,\N,\N,\N,\N,\N,\N,\N,\N,\N,\N,\N,\N,\N,\N,\N,\N,\N,\N
МКУХ-005364,31.03.2026 23:59:59,Услуги,"Самарский филиал ПАО ""Ростелеком"" КПП631543001",7707049388,631543001,Договор №В-430-11 от 01.09.2011г.,\N,\N,\N,\N,\N,\N,\N,\N,руб.,1,Услуги от поставщиков / подрядчиков,аб.плата за услуги связи,Договор № SSP240229OL1 от 26.03.2024,Департамент процессинга,22%,7011.44,38881.58,Да,\N,\N,20.01,Обеспечение передачи данных фронтальной сети (связь),"Услуги связи (интернет, мобильная связь, почта и другие) (11030700)"
"Поступление (акт, накладная, УПД) МКУХ-005380 от 31.03.2026 23:59:59",\N,\N,\N,\N,\N,\N,\N,\N,\N,\N,\N,\N,\N,\N,\N,\N,\N,\N,\N,\N,\N,\N,\N,\N,\N,\N,\N,\N,\N
МКУХ-005380,31.03.2026 23:59:59,Услуги аренды,БАНК ВТБ (ПАО) (КПП 783543005) СЗ (аренда),7702070139,783543005,Договор Аренды N 405-07/11С от 21.07.2010г. СПБ,405-07/11C,2863/МК,23.08.2010 0:00:00,Административный департамент ЦСП,"CF02050101 Платежи по аренде зданий, офисов, складских помещений","Расходы по аренде зданий, офисов, складских помещений",00ДО-0000150263,ДО,руб.,1,Услуги от поставщика,аренда за март 2026г.,Мультикарта_Операционный блок_Мультикарта_Бюджет МВЗ,Административный департамент ЦСП,22%,275579.95,1528216.1,Да,\N,\N,76.07.1,БАНК ВТБ (ПАО) (КПП 783543005) СЗ (аренда),Договор Аренды N 405-07/11С от 21.07.2010г. СПБ
"Поступление (акт, накладная, УПД) МКУХ-005384 от 31.03.2026 23:59:59",\N,\N,\N,\N,\N,\N,\N,\N,\N,\N,\N,\N,\N,\N,\N,\N,\N,\N,\N,\N,\N,\N,\N,\N,\N,\N,\N,\N,\N
МКУХ-005384,31.03.2026 23:59:59,Услуги аренды,БАНК ВТБ (ПАО) (КПП 784201001),7702070139,784201001,Договор аренды нежилого помещения б/н от 01.12.2015,б/н,\N,\N,\N,\N,\N,\N,\N,руб.,1,Услуги от поставщика,аренда  за март 2026г.,Мультикарта_Операционный блок_Мультикарта_Бюджет МВЗ,Административный департамент ЦСП,22%,207129.92,1148629.54,Да,\N,\N,76.07.1,БАНК ВТБ (ПАО) (КПП 784201001),Договор аренды нежилого помещения б/н от 01.12.2015
"Поступление (акт, накладная, УПД) МКУХ-005385 от 31.03.2026 23:59:59",\N,\N,\N,\N,\N,\N,\N,\N,\N,\N,\N,\N,\N,\N,\N,\N,\N,\N,\N,\N,\N,\N,\N,\N,\N,\N,\N,\N,\N
МКУХ-005385,31.03.2026 23:59:59,Услуги аренды,БАНК ВТБ (ПАО) (КПП 784201001),7702070139,784201001,Договор аренды нежилого помещения б/н от 23.07.2012,б/н,\N,\N,Финансовый департамент ЦСП,"CF02050101 Платежи по аренде зданий, офисов, складских помещений",Амортизация по аренде,\N,\N,руб.,1,Услуги от поставщика,аренда за март 2026г.,Мультикарта_Операционный блок_Мультикарта_Бюджет МВЗ,Административный департамент ЦСП,22%,42844.63,237592.94,Да,\N,\N,76.07.1,БАНК ВТБ (ПАО) (КПП 784201001),Договор аренды нежилого помещения б/н от 23.07.2012
"Поступление (акт, накладная, УПД) МКУХ-005389 от 31.03.2026 23:59:59",\N,\N,\N,\N,\N,\N,\N,\N,\N,\N,\N,\N,\N,\N,\N,\N,\N,\N,\N,\N,\N,\N,\N,\N,\N,\N,\N,\N,\N
МКУХ-005389,31.03.2026 23:59:59,Услуги аренды,БАНК ВТБ (ПАО) (КПП 784201001),7702070139,784201001,Договор аренды нежилого помещения б/н от 13.02.2012г.,б/н,\N,\N,\N,\N,\N,\N,\N,руб.,1,Услуги от поставщика,аренда за март 2025г.,Мультикарта_Операционный блок_Мультикарта_Бюджет МВЗ,Административный департамент ЦСП,22%,619557.29,3435726.79,Да,\N,\N,76.07.1,БАНК ВТБ (ПАО) (КПП 784201001),Договор аренды нежилого помещения б/н от 13.02.2012г.
"Поступление (акт, накладная, УПД) МКУХ-005397 от 31.03.2026 23:59:59",Отражение фактических данных МКУХ-002752 от 31.03.2026 23:59:59,\N,\N,\N,\N,\N,\N,\N,\N,\N,\N,\N,\N,\N,\N,\N,\N,\N,\N,\N,\N,\N,\N,\N,\N,\N,\N,\N,\N
МКУХ-005397,31.03.2026 23:59:59,Услуги,КАРТЕЛЪ ООО,1101125777,110101001,Договор №к-879 т 01.03.2012,К-879,1881/МК,28.02.2012 0:00:00,Департамент процессинга,"CF02080000 Услуги связи (интернет, мобильная связь, почта и другие)","Услуги связи (интернет, мобильная связь, почта и другие)",00ДО-0000147052,ДО,руб.,1,Услуги от поставщика,Услуги  связи интернет,Договор № SSP240229OL1 от 26.03.2024,Департамент процессинга,Без НДС,\N,500,Да,\N,\N,20.01,Обеспечение передачи данных фронтальной сети (связь),"Услуги связи (интернет, мобильная связь, почта и другие) (11030700)"
"Поступление (акт, накладная, УПД) МКУХ-005399 от 31.03.2026 23:59:59",Отражение фактических данных МКУХ-002754 от 31.03.2026 23:59:59,\N,\N,\N,\N,\N,\N,\N,\N,\N,\N,\N,\N,\N,\N,\N,\N,\N,\N,\N,\N,\N,\N,\N,\N,\N,\N,\N,\N
МКУХ-005399,31.03.2026 23:59:59,Услуги,СКАЙНЕТ ООО,725007356,72501001,Договор №3821 от 01.08.2021г,3821,ФУ 06941/МК,20.09.2021 0:00:00,Департамент процессинга,"CF02080000 Услуги связи (интернет, мобильная связь, почта и другие)","Услуги связи (интернет, мобильная связь, почта и другие)",00ДО-0000146723,ДО,руб.,1,Услуги от поставщиков / подрядчиков,абон.плата услуг связи,Договор № SSP240229OL1 от 26.03.2024,Департамент процессинга,Без НДС,\N,22500,Да,\N,\N,20.01,Обеспечение передачи данных фронтальной сети (связь),"Услуги связи (интернет, мобильная связь, почта и другие) (11030700)"
"Поступление (акт, накладная, УПД) МКУХ-005405 от 31.03.2026 23:59:59",Отражение фактических данных МКУХ-002815 от 31.03.2026 23:59:59,\N,\N,\N,\N,\N,\N,\N,\N,\N,\N,\N,\N,\N,\N,\N,\N,\N,\N,\N,\N,\N,\N,\N,\N,\N,\N,\N,\N
МКУХ-005405,31.03.2026 23:59:59,Услуги,АЛРОСА (ПАО) АК КПП 997550001,1433000147,997550001,Договор №20/98-с на оказание услуг от 28.11.2013,20/98-с,MK24-08-18-LC,13.08.2024 10:51:59,Департамент процессинга,"CF02080000 Услуги связи (интернет, мобильная связь, почта и другие)","Услуги связи (интернет, мобильная связь, почта и другие)",00ДО-0000159789,ДО,руб.,1,Услуги от поставщика,Услуги связи,Договор № SSP240229OL1 от 26.03.2024,Департамент процессинга,22%,3288.12,18234.12,Да,\N,\N,20.01,Обеспечение передачи данных фронтальной сети (связь),"Услуги связи (интернет, мобильная связь, почта и другие) (11030700)"
"Поступление (акт, накладная, УПД) МКУХ-005421 от 31.03.2026 23:59:59",Отражение фактических данных МКУХ-002913 от 31.03.2026 23:59:59,\N,\N,\N,\N,\N,\N,\N,\N,\N,\N,\N,\N,\N,\N,\N,\N,\N,\N,\N,\N,\N,\N,\N,\N,\N,\N,\N,\N
МКУХ-005421,31.03.2026 23:59:59,Услуги,ООО ИК СИБИНТЕК,7708119944,24543001,Договор №МБ-17-00693 от 24.04.2017,\N,\N,\N,\N,\N,\N,\N,\N,руб.,1,Услуги от поставщика,Услуги связи,Договор № SSP240229OL1 от 26.03.2024,Департамент процессинга,22%,638.35,3539.92,Да,\N,\N,20.01,Обеспечение передачи данных фронтальной сети (связь),"Услуги связи (интернет, мобильная связь, почта и другие) (11030700)"
"Поступление (акт, накладная, УПД) МКУХ-005437 от 31.03.2026 23:59:59",Отражение фактических данных МКУХ-003029 от 31.03.2026 23:59:59,\N,\N,\N,\N,\N,\N,\N,\N,\N,\N,\N,\N,\N,\N,\N,\N,\N,\N,\N,\N,\N,\N,\N,\N,\N,\N,\N,\N
МКУХ-005437,31.03.2026 23:59:59,Услуги,ООО ЦК,4632021450,463201001,Договор № 2018-12-91 от 10.12.2018 г.,2018-12-91,2513/МК,13.03.2019 0:00:00,Департамент процессинга,"CF02080000 Услуги связи (интернет, мобильная связь, почта и другие)","Услуги связи (интернет, мобильная связь, почта и другие)",00ДО-0000148860,ДО,руб.,1,Услуги от поставщиков / подрядчиков,Услуги связи,Договор № SSP240229OL1 от 26.03.2024,Департамент процессинга,Без НДС,\N,5040,Да,\N,\N,20.01,Обеспечение передачи данных фронтальной сети (связь),"Услуги связи (интернет, мобильная связь, почта и другие) (11030700)"
"Поступление (акт, накладная, УПД) МКУХ-005439 от 31.03.2026 23:59:59",Отражение фактических данных МКУХ-003061 от 31.03.2026 23:59:59,\N,\N,\N,\N,\N,\N,\N,\N,\N,\N,\N,\N,\N,\N,\N,\N,\N,\N,\N,\N,\N,\N,\N,\N,\N,\N,\N,\N
МКУХ-005439,31.03.2026 23:59:59,Услуги,СОГАЗ АО 997950001,7736035485,997950001,24 LM 6699 от 01.11.2024,24 LM 6699,MK25-02-12-LLС,24.02.2025 9:39:01,Управление «Вознаграждения и льготы»,CF02030600 Добровольное медицинское страхование (ДМС),Добровольное медицинское страхование (ДМС медицина),00ДО-0000187581,ДО,руб.,2,Услуги от поставщиков / подрядчиков,ДМС сотрудников за январь-декабрь  2026 г.,Мультикарта_Служба по работе с персоналом_Мультикарта_Нераспределенный Бюджет БЕ,Управление «Вознаграждения и льготы»,Без НДС,\N,4307822.02,Да,\N,\N,76.01.9,СОГАЗ АО 997950001,24 LM 6699 от 01.11.2024
МКУХ-005439,31.03.2026 23:59:59,Услуги,СОГАЗ АО 997950001,7736035485,997950001,24 LM 6699 от 01.11.2024,24 LM 6699,MK25-02-12-LLС,24.02.2025 9:39:01,Управление «Вознаграждения и льготы»,CF02030600 Добровольное медицинское страхование (ДМС),Добровольное медицинское страхование (ДМС медицина),00ДО-0000187581,ДО,руб.,1,Услуги от поставщиков / подрядчиков,ДМС сотрудников за январь-декабрь  2026 г.,Мультикарта_Служба по работе с персоналом_Мультикарта_Нераспределенный Бюджет БЕ,Управление «Вознаграждения и льготы»,Без НДС,\N,10243040.7,Да,\N,\N,76.01.9,СОГАЗ АО 997950001,24 LM 6699 от 01.11.2024
"Поступление (акт, накладная, УПД) МКУХ-005440 от 31.03.2026 23:59:59",Отражение фактических данных МКУХ-003062 от 31.03.2026 23:59:59,\N,\N,\N,\N,\N,\N,\N,\N,\N,\N,\N,\N,\N,\N,\N,\N,\N,\N,\N,\N,\N,\N,\N,\N,\N,\N,\N,\N
МКУХ-005440,31.03.2026 23:59:59,Услуги,СОГАЗ АО 997950001,7736035485,997950001,24 LA 2121 от 01.11.2024,24 LA 2121,MK25-02-11-LLС,21.02.2025 14:12:28,Управление «Вознаграждения и льготы»,CF02030600 Добровольное медицинское страхование (ДМС),Добровольное медицинское страхование (ДМС медицина),00ДО-0000187446,ДО,руб.,2,Услуги от поставщиков / подрядчиков,ДМС от несчастных случаев за февраль 2026 г.,Мультикарта_Служба по работе с персоналом_Мультикарта_Нераспределенный Бюджет БЕ,Управление «Вознаграждения и льготы»,Без НДС,\N,77098.05,Да,\N,\N,76.01.2,СОГАЗ АО 997950001,24 LA 2121 от 01.11.2024 (МК)Страх. несч. случ. 01.01.26-31.10.26
МКУХ-005440,31.03.2026 23:59:59,Услуги,СОГАЗ АО 997950001,7736035485,997950001,24 LA 2121 от 01.11.2024,24 LA 2121,MK25-02-11-LLС,21.02.2025 14:12:28,Управление «Вознаграждения и льготы»,CF02030600 Добровольное медицинское страхование (ДМС),Добровольное медицинское страхование (ДМС медицина),00ДО-0000187446,ДО,руб.,1,Услуги от поставщиков / подрядчиков,ДМС от несчастных случаев за январь 2026 г.,Мультикарта_Служба по работе с персоналом_Мультикарта_Нераспределенный Бюджет БЕ,Управление «Вознаграждения и льготы»,Без НДС,\N,85357.45,Да,\N,\N,76.01.2,СОГАЗ АО 997950001,24 LA 2121 от 01.11.2024 (МК)Страх. несч. случ. 01.01.26-31.10.26
МКУХ-005440,31.03.2026 23:59:59,Услуги,СОГАЗ АО 997950001,7736035485,997950001,24 LA 2121 от 01.11.2024,24 LA 2121,MK25-02-11-LLС,21.02.2025 14:12:28,Управление «Вознаграждения и льготы»,CF02030600 Добровольное медицинское страхование (ДМС),Добровольное медицинское страхование (ДМС медицина),00ДО-0000187446,ДО,руб.,6,Услуги от поставщиков / подрядчиков,ДМС от несчастных случаев за август-октябрь 2026 г.,Мультикарта_Служба по работе с персоналом_Мультикарта_Нераспределенный Бюджет БЕ,Управление «Вознаграждения и льготы»,Без НДС,\N,253331.93,Да,\N,\N,76.01.2,СОГАЗ АО 997950001,24 LA 2121 от 01.11.2024 (МК)Страх. несч. случ. 01.01.26-31.10.26
МКУХ-005440,31.03.2026 23:59:59,Услуги,СОГАЗ АО 997950001,7736035485,997950001,24 LA 2121 от 01.11.2024,24 LA 2121,MK25-02-11-LLС,21.02.2025 14:12:28,Управление «Вознаграждения и льготы»,CF02030600 Добровольное медицинское страхование (ДМС),Добровольное медицинское страхование (ДМС медицина),00ДО-0000187446,ДО,руб.,5,Услуги от поставщиков / подрядчиков,ДМС от несчастных случаев за май-июль 2026 г.,Мультикарта_Служба по работе с персоналом_Мультикарта_Нераспределенный Бюджет БЕ,Управление «Вознаграждения и льготы»,Без НДС,\N,253320.71,Да,\N,\N,76.01.2,СОГАЗ АО 997950001,24 LA 2121 от 01.11.2024 (МК)Страх. несч. случ. 01.01.26-31.10.26
МКУХ-005440,31.03.2026 23:59:59,Услуги,СОГАЗ АО 997950001,7736035485,997950001,24 LA 2121 от 01.11.2024,24 LA 2121,MK25-02-11-LLС,21.02.2025 14:12:28,Управление «Вознаграждения и льготы»,CF02030600 Добровольное медицинское страхование (ДМС),Добровольное медицинское страхование (ДМС медицина),00ДО-0000187446,ДО,руб.,4,Услуги от поставщиков / подрядчиков,ДМС от несчастных случаев за апрель 2026 г.,Мультикарта_Служба по работе с персоналом_Мультикарта_Нераспределенный Бюджет БЕ,Управление «Вознаграждения и льготы»,Без НДС,\N,82605.05,Да,\N,\N,76.01.2,СОГАЗ АО 997950001,24 LA 2121 от 01.11.2024 (МК)Страх. несч. случ. 01.01.26-31.10.26
МКУХ-005440,31.03.2026 23:59:59,Услуги,СОГАЗ АО 997950001,7736035485,997950001,24 LA 2121 от 01.11.2024,24 LA 2121,MK25-02-11-LLС,21.02.2025 14:12:28,Управление «Вознаграждения и льготы»,CF02030600 Добровольное медицинское страхование (ДМС),Добровольное медицинское страхование (ДМС медицина),00ДО-0000187446,ДО,руб.,3,Услуги от поставщиков / подрядчиков,ДМС от несчастных случаев за март 2026 г.,Мультикарта_Служба по работе с персоналом_Мультикарта_Нераспределенный Бюджет БЕ,Управление «Вознаграждения и льготы»,Без НДС,\N,85358.55,Да,\N,\N,76.01.2,СОГАЗ АО 997950001,24 LA 2121 от 01.11.2024 (МК)Страх. несч. случ. 01.01.26-31.10.26
"Поступление (акт, накладная, УПД) МКУХ-005446 от 31.03.2026 23:59:59",Отражение фактических данных МКУХ-003064 от 31.03.2026 23:59:59,\N,\N,\N,\N,\N,\N,\N,\N,\N,\N,\N,\N,\N,\N,\N,\N,\N,\N,\N,\N,\N,\N,\N,\N,\N,\N,\N,\N
МКУХ-005446,31.03.2026 23:59:59,Услуги,ГЭС ООО ИНН 5501065128,5501065128,550301001,Договор №Р654-ОП от 02.04.2018г.,Р 654-ОП,4878/МК,21.05.2018 0:00:00,Департамент процессинга,"CF02080000 Услуги связи (интернет, мобильная связь, почта и другие)","Услуги связи (интернет, мобильная связь, почта и другие)",00ДО-0000147761,ДО,руб.,1,Услуги от поставщика,аб.плата  услуг связи,Договор № SSP240229OL1 от 26.03.2024,Департамент процессинга,Без НДС,\N,800,Да,\N,\N,20.01,Обеспечение передачи данных фронтальной сети (связь),"Услуги связи (интернет, мобильная связь, почта и другие) (11030700)"
"Поступление (акт, накладная, УПД) МКУХ-005455 от 31.03.2026 23:59:59",Отражение фактических данных МКУХ-003105 от 31.03.2026 23:59:59,\N,\N,\N,\N,\N,\N,\N,\N,\N,\N,\N,\N,\N,\N,\N,\N,\N,\N,\N,\N,\N,\N,\N,\N,\N,\N,\N,\N
МКУХ-005455,31.03.2026 23:59:59,Услуги,АРДИНВЕСТ ООО,9102041210,910201001,МК25-011 от 02.06.2025,МК25-011,MK25-04-20-LC,11.04.2025 17:19:51,Департамент процессинга,"CF02080000 Услуги связи (интернет, мобильная связь, почта и другие)","Услуги связи (интернет, мобильная связь, почта и другие)",00ДО-0000191582,ДО,руб.,1,Услуги от поставщика,Услуги связи,Договор № SSP240229OL1 от 26.03.2024,Департамент процессинга,22%,44361.18,246000,Да,\N,\N,20.01,Обеспечение передачи данных фронтальной сети (связь),"Услуги связи (интернет, мобильная связь, почта и другие) (11030700)"
"Поступление (акт, накладная, УПД) МКУХ-005469 от 31.03.2026 23:59:59",Отражение фактических данных МКУХ-003146 от 31.03.2026 23:59:59,\N,\N,\N,\N,\N,\N,\N,\N,\N,\N,\N,\N,\N,\N,\N,\N,\N,\N,\N,\N,\N,\N,\N,\N,\N,\N,\N,\N
МКУХ-005469,31.03.2026 23:59:59,Услуги,МУЛЬТИСЕРВИС ООО,2322028036,232201001,Договор №27866/18-ИТ от 01.06.2018 г.,27866/18-ИТ,6329/МК,02.07.2018 0:00:00,Департамент процессинга,"CF02080000 Услуги связи (интернет, мобильная связь, почта и другие)","Услуги связи (интернет, мобильная связь, почта и другие)",00ДО-0000147685,ДО,руб.,1,Услуги от поставщика,Услуги связи,Договор № SSP240229OL1 от 26.03.2024,Департамент процессинга,5%,75,1575,Да,\N,\N,20.01,Обеспечение передачи данных фронтальной сети (связь),"Услуги связи (интернет, мобильная связь, почта и другие) (11030700)"
"Поступление (акт, накладная, УПД) МКУХ-005505 от 31.03.2026 23:59:59",Отражение фактических данных МКУХ-003262 от 31.03.2026 23:59:59,\N,\N,\N,\N,\N,\N,\N,\N,\N,\N,\N,\N,\N,\N,\N,\N,\N,\N,\N,\N,\N,\N,\N,\N,\N,\N,\N,\N
МКУХ-005505,31.03.2026 23:59:59,Услуги,ФАТУМ-3 ООО,1657048628,165901001,4142-25/3 от 20.02.2026,4142-25/3,MK26-02-15-LC,09.02.2026 17:10:02,Департамент процессинга,"CF02080000 Услуги связи (интернет, мобильная связь, почта и другие)","Услуги связи (интернет, мобильная связь, почта и другие)",00ДО-0000228144,ДО,руб.,1,Услуги связи,Услуги связи за март 2026 г.,Договор № SSP240229OL1 от 26.03.2024,Департамент процессинга,5%,334.1,7016.12,Да,\N,\N,20.01,Обеспечение передачи данных фронтальной сети (связь),"Услуги связи (интернет, мобильная связь, почта и другие) (11030700)"
"Поступление (акт, накладная, УПД) МКУХ-005506 от 31.03.2026 23:59:59",Отражение фактических данных МКУХ-003263 от 31.03.2026 23:59:59,\N,\N,\N,\N,\N,\N,\N,\N,\N,\N,\N,\N,\N,\N,\N,\N,\N,\N,\N,\N,\N,\N,\N,\N,\N,\N,\N,\N
МКУХ-005506,31.03.2026 23:59:59,Услуги,ЦС ООО,3664252480,366401001,Договор №CS000604 от 22.11.2024,CS000604,MK24-10-44-LC,31.10.2024 12:40:39,Департамент процессинга,"CF02080000 Услуги связи (интернет, мобильная связь, почта и другие)","Услуги связи (интернет, мобильная связь, почта и другие)",00ДО-0000171326,ДО,руб.,1,Услуги от поставщиков / подрядчиков,услуги связи интернет,Договор № SSP240229OL1 от 26.03.2024,Департамент процессинга,22%,2420,13420,Да,\N,\N,20.01,Обеспечение передачи данных фронтальной сети (связь),"Услуги связи (интернет, мобильная связь, почта и другие) (11030700)"
"Поступление (акт, накладная, УПД) МКУХ-005507 от 31.03.2026 23:59:59",Отражение фактических данных МКУХ-003264 от 31.03.2026 23:59:59,\N,\N,\N,\N,\N,\N,\N,\N,\N,\N,\N,\N,\N,\N,\N,\N,\N,\N,\N,\N,\N,\N,\N,\N,\N,\N,\N,\N
МКУХ-005507,31.03.2026 23:59:59,Услуги,ООО ССС,1435141513,143501001,Договор №2663 от 23.03.2018 г.,2663,4067/МК,16.04.2018 0:00:00,Департамент процессинга,"CF02080000 Услуги связи (интернет, мобильная связь, почта и другие)","Услуги связи (интернет, мобильная связь, почта и другие)",00ДО-0000147683,ДО,руб.,1,Услуги от поставщика,Доступ сети интернет,Договор № SSP240229OL1 от 26.03.2024,Департамент процессинга,Без НДС,\N,1000,Да,\N,\N,20.01,Обеспечение передачи данных фронтальной сети (связь),"Услуги связи (интернет, мобильная связь, почта и другие) (11030700)"
"Поступление (акт, накладная, УПД) МКУХ-005508 от 31.03.2026 23:59:59",Отражение фактических данных МКУХ-003266 от 31.03.2026 23:59:59,\N,\N,\N,\N,\N,\N,\N,\N,\N,\N,\N,\N,\N,\N,\N,\N,\N,\N,\N,\N,\N,\N,\N,\N,\N,\N,\N,\N
МКУХ-005508,31.03.2026 23:59:59,Услуги,ООО ФИРМА СОТРУДНИК ПЛЮС,2227022549,220401001,Договор №15831 от 01.05.2012г.,\N,\N,\N,\N,\N,\N,\N,\N,руб.,1,Услуги от поставщика,Услуги связи,Договор № SSP240229OL1 от 26.03.2024,Департамент процессинга,22%,474.98,2634,Да,\N,\N,20.01,Обеспечение передачи данных фронтальной сети (связь),"Услуги связи (интернет, мобильная связь, почта и другие) (11030700)"
"Поступление (акт, накладная, УПД) МКУХ-005509 от 31.03.2026 23:59:59",Отражение фактических данных МКУХ-003267 от 31.03.2026 23:59:59,\N,\N,\N,\N,\N,\N,\N,\N,\N,\N,\N,\N,\N,\N,\N,\N,\N,\N,\N,\N,\N,\N,\N,\N,\N,\N,\N,\N
МКУХ-005509,31.03.2026 23:59:59,Услуги,РОСНИИРОС АНО,7734261182,773401001,Договор № 1131/ROS-IP от 12.02.2020,1131/ROS-IP,ФУ 03745/МК,29.07.2020 0:00:00,Департамент процессинга,"CF02080000 Услуги связи (интернет, мобильная связь, почта и другие)","Услуги связи (интернет, мобильная связь, почта и другие)",00ДО-0000147595,ДО,руб.,1,Услуги от поставщика,Предоставление IP адресов,Мультикарта_Департамент процессинга_Бюджет МВЗ,Департамент процессинга,22%,2090,11590,Нет,\N,\N,26,"Услуги связи (интернет, мобильная связь, почта и другие) (22030600)",\N
"Поступление (акт, накладная, УПД) МКУХ-005511 от 31.03.2026 23:59:59",Отражение фактических данных МКУХ-003281 от 31.03.2026 23:59:59,\N,\N,\N,\N,\N,\N,\N,\N,\N,\N,\N,\N,\N,\N,\N,\N,\N,\N,\N,\N,\N,\N,\N,\N,\N,\N,\N,\N
МКУХ-005511,31.03.2026 23:59:59,Услуги,АРТ ИНВЕСТ ООО,3328422023,332801001,договор № 616/12 от 08.10.2012 г.,\N,\N,\N,\N,\N,\N,\N,\N,руб.,1,Услуги от поставщика,Доступ к сети интернет,Договор № SSP240229OL1 от 26.03.2024,Департамент процессинга,Без НДС,\N,1250,Да,\N,\N,20.01,Обеспечение передачи данных фронтальной сети (связь),"Услуги связи (интернет, мобильная связь, почта и другие) (11030700)"
"Поступление (акт, накладная, УПД) МКУХ-005512 от 31.03.2026 23:59:59",Отражение фактических данных МКУХ-003282 от 31.03.2026 23:59:59,\N,\N,\N,\N,\N,\N,\N,\N,\N,\N,\N,\N,\N,\N,\N,\N,\N,\N,\N,\N,\N,\N,\N,\N,\N,\N,\N,\N
МКУХ-005512,31.03.2026 23:59:59,Услуги,КОМПАНИЯ ЕТАЙП ООО,3906305984,390601001,Договор №23274 от 01.11.2011г.,23274,7601/МК,07.12.2011 0:00:00,Департамент процессинга,"CF02080000 Услуги связи (интернет, мобильная связь, почта и другие)","Услуги связи (интернет, мобильная связь, почта и другие)",00ДО-0000147568,ДО,руб.,1,Услуги от поставщиков / подрядчиков,услуги связи,Договор № SSP240229OL1 от 26.03.2024,Департамент процессинга,22%,1452,8052,Нет,\N,\N,20.01,Обеспечение передачи данных фронтальной сети (связь),"Услуги связи (интернет, мобильная связь, почта и другие) (11030700)"
"Поступление (акт, накладная, УПД) МКУХ-005513 от 31.03.2026 23:59:59",Отражение фактических данных МКУХ-003284 от 31.03.2026 23:59:59,\N,\N,\N,\N,\N,\N,\N,\N,\N,\N,\N,\N,\N,\N,\N,\N,\N,\N,\N,\N,\N,\N,\N,\N,\N,\N,\N,\N
МКУХ-005513,31.03.2026 23:59:59,Услуги,ИНТЕРКОМТЕЛ ООО,3702087103,370201001,Договор №АО-ИК-2012-7695 от 01.11.2012 (Коннект МТТ(Иваново)),\N,\N,\N,\N,\N,\N,\N,\N,руб.,1,Услуги от поставщика,Услуги связи,Договор № SSP240229OL1 от 26.03.2024,Департамент процессинга,22%,91.68,508.38,Да,\N,\N,20.01,Обеспечение передачи данных фронтальной сети (связь),"Услуги связи (интернет, мобильная связь, почта и другие) (11030700)"
"Поступление (акт, накладная, УПД) МКУХ-005514 от 31.03.2026 23:59:59",Отражение фактических данных МКУХ-003285 от 31.03.2026 23:59:59,\N,\N,\N,\N,\N,\N,\N,\N,\N,\N,\N,\N,\N,\N,\N,\N,\N,\N,\N,\N,\N,\N,\N,\N,\N,\N,\N,\N
МКУХ-005514,31.03.2026 23:59:59,Услуги,ИНТЕРКОМТЕЛ ООО,3702087103,370201001,Договор №9687-L от 01.09.2011,ДИ-9687-L,5082/МК,15.09.2011 0:00:00,Департамент процессинга,"CF02080000 Услуги связи (интернет, мобильная связь, почта и другие)","Услуги связи (интернет, мобильная связь, почта и другие)",00ДО-0000149797,ДО,руб.,1,Услуги от поставщика,Услуги связи,Договор № SSP240229OL1 от 26.03.2024,Департамент процессинга,22%,4023.81,22313.87,Да,\N,\N,20.01,Обеспечение передачи данных фронтальной сети (связь),"Услуги связи (интернет, мобильная связь, почта и другие) (11030700)"
"Поступление (акт, накладная, УПД) МКУХ-005515 от 31.03.2026 23:59:59",Отражение фактических данных МКУХ-003287 от 31.03.2026 23:59:59,\N,\N,\N,\N,\N,\N,\N,\N,\N,\N,\N,\N,\N,\N,\N,\N,\N,\N,\N,\N,\N,\N,\N,\N,\N,\N,\N,\N
МКУХ-005515,31.03.2026 23:59:59,Услуги,СЕТЬ ООО,2635100562,263401001,Договор №1796-Ю от 02.04.2012г.,1796-Ю,5785/МК,22.06.2012 0:00:00,Департамент процессинга,"CF02080000 Услуги связи (интернет, мобильная связь, почта и другие)","Услуги связи (интернет, мобильная связь, почта и другие)",00ДО-0000146743,ДО,руб.,1,Услуги от поставщиков / подрядчиков,услуги связи,Договор № SSP240229OL1 от 26.03.2024,Департамент процессинга,22%,7357.36,40800,Да,\N,\N,20.01,Обеспечение передачи данных фронтальной сети (связь),"Услуги связи (интернет, мобильная связь, почта и другие) (11030700)"
"Поступление (акт, накладная, УПД) МКУХ-005516 от 31.03.2026 23:59:59",Отражение фактических данных МКУХ-003288 от 31.03.2026 23:59:59,\N,\N,\N,\N,\N,\N,\N,\N,\N,\N,\N,\N,\N,\N,\N,\N,\N,\N,\N,\N,\N,\N,\N,\N,\N,\N,\N,\N
МКУХ-005516,31.03.2026 23:59:59,Услуги,ФГАУ НИЦ Телеком,9709082715,770901001,Договор №818/23-00 от 01.12.2023 г.,\N,\N,\N,\N,\N,\N,\N,\N,руб.,1,Услуги от поставщиков / подрядчиков,смс-информирование,МУЛЬТИКАРТА_11_АВТОРИЗАЦИИ,Департамент процессинга,22%,4400,24400,Да,\N,\N,20.01,SMS: формирование и отправка сообщений,SMS-СЕРВИС: услуги связи по операциям Держателей карт Банка (11020416)
"Поступление (акт, накладная, УПД) МКУХ-005517 от 31.03.2026 23:59:59",Отражение фактических данных МКУХ-003289 от 31.03.2026 23:59:59,\N,\N,\N,\N,\N,\N,\N,\N,\N,\N,\N,\N,\N,\N,\N,\N,\N,\N,\N,\N,\N,\N,\N,\N,\N,\N,\N,\N
МКУХ-005517,31.03.2026 23:59:59,Услуги,РАДИСТ ООО,2320023716,232001001,Договор №111113 от 11.11.2013г.,111113,429/МК,20.01.2014 0:00:00,Департамент процессинга,"CF02080000 Услуги связи (интернет, мобильная связь, почта и другие)","Услуги связи (интернет, мобильная связь, почта и другие)",00ДО-0000147704,ДО,руб.,1,Услуги от поставщиков / подрядчиков,услуги связи,Договор № SSP240229OL1 от 26.03.2024,Департамент процессинга,5%,219.05,4600,Да,\N,\N,20.01,Обеспечение передачи данных фронтальной сети (связь),"Услуги связи (интернет, мобильная связь, почта и другие) (11030700)"
"Поступление (акт, накладная, УПД) МКУХ-005518 от 31.03.2026 23:59:59",Отражение фактических данных МКУХ-003290 от 31.03.2026 23:59:59,\N,\N,\N,\N,\N,\N,\N,\N,\N,\N,\N,\N,\N,\N,\N,\N,\N,\N,\N,\N,\N,\N,\N,\N,\N,\N,\N,\N
МКУХ-005518,31.03.2026 23:59:59,Услуги,ЗОЛОТАЯ ЛИНИЯ АО,5835025759,583801001,Договор №26/2011 от 15.08.2011,26/2011,5841/МК,10.10.2011 0:00:00,Департамент процессинга,"CF02080000 Услуги связи (интернет, мобильная связь, почта и другие)","Услуги связи (интернет, мобильная связь, почта и другие)",00ДО-0000147789,ДО,руб.,1,Услуги от поставщиков / подрядчиков,услуги связи,Договор № SSP240229OL1 от 26.03.2024,Департамент процессинга,5%,1232,25872,Да,\N,\N,20.01,Обеспечение передачи данных фронтальной сети (связь),"Услуги связи (интернет, мобильная связь, почта и другие) (11030700)"
"Поступление (акт, накладная, УПД) МКУХ-005520 от 31.03.2026 23:59:59",Отражение фактических данных МКУХ-003292 от 31.03.2026 23:59:59,\N,\N,\N,\N,\N,\N,\N,\N,\N,\N,\N,\N,\N,\N,\N,\N,\N,\N,\N,\N,\N,\N,\N,\N,\N,\N,\N,\N
МКУХ-005520,31.03.2026 23:59:59,Услуги,СИСТЕМА ООО (ИНН 7810914679),7810914679,781001001,Договор № 02/20-К от 25.09.2020 (Тема ООО),02/20-К,001073/ФУ,15.11.2023 0:00:00,Департамент процессинга,"CF02080000 Услуги связи (интернет, мобильная связь, почта и другие)","Услуги связи (интернет, мобильная связь, почта и другие)",00ДО-0000151306,ДО,руб.,1,Услуги от поставщика,Услуги связи,Договор № SSP240229OL1 от 26.03.2024,Департамент процессинга,5%,31634.09,664315.94,Да,\N,\N,20.01,Обеспечение передачи данных фронтальной сети (связь),"Услуги связи (интернет, мобильная связь, почта и другие) (11030700)"
"Поступление (акт, накладная, УПД) МКУХ-005521 от 31.03.2026 23:59:59",Отражение фактических данных МКУХ-003294 от 31.03.2026 23:59:59,\N,\N,\N,\N,\N,\N,\N,\N,\N,\N,\N,\N,\N,\N,\N,\N,\N,\N,\N,\N,\N,\N,\N,\N,\N,\N,\N,\N
МКУХ-005521,31.03.2026 23:59:59,Услуги,"СМАРТКОМ АО, КПП 550401001",5504084256,550401001,Договор №200225 от 01.12.2011,200225,1009/МК,31.12.2011 0:00:00,Департамент процессинга,"CF02080000 Услуги связи (интернет, мобильная связь, почта и другие)","Услуги связи (интернет, мобильная связь, почта и другие)",00ДО-0000147593,ДО,руб.,1,Услуги от поставщиков / подрядчиков,аб.плата  услуг связи,Договор № SSP240229OL1 от 26.03.2024,Департамент процессинга,5%,1779.5,37369.5,Да,\N,\N,20.01,Обеспечение передачи данных фронтальной сети (связь),"Услуги связи (интернет, мобильная связь, почта и другие) (11030700)"
"Поступление (акт, накладная, УПД) МКУХ-005523 от 31.03.2026 23:59:59",Отражение фактических данных МКУХ-003296 от 31.03.2026 23:59:59,\N,\N,\N,\N,\N,\N,\N,\N,\N,\N,\N,\N,\N,\N,\N,\N,\N,\N,\N,\N,\N,\N,\N,\N,\N,\N,\N,\N
МКУХ-005523,31.03.2026 23:59:59,Услуги,ООО СМОЛТЕЛЕКОМ,6730042163,673001001,Договор №25101102 от 25.10.2011,25101102,374/МК,16.01.2012 0:00:00,Департамент процессинга,"CF02080000 Услуги связи (интернет, мобильная связь, почта и другие)","Услуги связи (интернет, мобильная связь, почта и другие)",00ДО-0000147957,ДО,руб.,1,Услуги от поставщиков / подрядчиков,услуги связи,Договор № SSP240229OL1 от 26.03.2024,Департамент процессинга,22%,9934.16,55089.68,Нет,\N,\N,20.01,Обеспечение передачи данных фронтальной сети (связь),"Услуги связи (интернет, мобильная связь, почта и другие) (11030700)"
"Поступление (акт, накладная, УПД) МКУХ-005524 от 31.03.2026 23:59:59",Отражение фактических данных МКУХ-003297 от 31.03.2026 23:59:59,\N,\N,\N,\N,\N,\N,\N,\N,\N,\N,\N,\N,\N,\N,\N,\N,\N,\N,\N,\N,\N,\N,\N,\N,\N,\N,\N,\N
МКУХ-005524,31.03.2026 23:59:59,Услуги,РУТЕЛЕКОМ ПАО,4230000309,540501001,Договор №23029  от 02.07.2012,23029,9915/МК,08.11.2012 0:00:00,Департамент процессинга,"CF02080000 Услуги связи (интернет, мобильная связь, почта и другие)","Услуги связи (интернет, мобильная связь, почта и другие)",00ДО-0000146790,ДО,руб.,1,Услуги от поставщика,Услуги доступа в интернет,Договор № SSP240229OL1 от 26.03.2024,Департамент процессинга,5%,288.75,6063.75,Да,\N,\N,20.01,Обеспечение передачи данных фронтальной сети (связь),"Услуги связи (интернет, мобильная связь, почта и другие) (11030700)"
"Поступление (акт, накладная, УПД) МКУХ-005525 от 31.03.2026 23:59:59",Отражение фактических данных МКУХ-003298 от 31.03.2026 23:59:59,\N,\N,\N,\N,\N,\N,\N,\N,\N,\N,\N,\N,\N,\N,\N,\N,\N,\N,\N,\N,\N,\N,\N,\N,\N,\N,\N,\N
МКУХ-005525,31.03.2026 23:59:59,Услуги,ДИКС ТЕЛЕКОМ ООО,3123227624,312301001,Договор №1082/17 от 11.09.2017 г.,1082/17,1768/МК,14.02.2018 0:00:00,Департамент процессинга,"CF02080000 Услуги связи (интернет, мобильная связь, почта и другие)","Услуги связи (интернет, мобильная связь, почта и другие)",00ДО-0000146768,ДО,руб.,1,Услуги от поставщиков / подрядчиков,услуги связи,Договор № SSP240229OL1 от 26.03.2024,Департамент процессинга,Без НДС,\N,800,Да,\N,\N,20.01,Обеспечение передачи данных фронтальной сети (связь),"Услуги связи (интернет, мобильная связь, почта и другие) (11030700)"
"Поступление (акт, накладная, УПД) МКУХ-005526 от 31.03.2026 23:59:59",Отражение фактических данных МКУХ-003299 от 31.03.2026 23:59:59,\N,\N,\N,\N,\N,\N,\N,\N,\N,\N,\N,\N,\N,\N,\N,\N,\N,\N,\N,\N,\N,\N,\N,\N,\N,\N,\N,\N
МКУХ-005526,31.03.2026 23:59:59,Услуги,КЭС ООО,2204092652,220401001,Договор №151/12 от 17.10.2012г.,151/12,10932/МК,11.12.2012 0:00:00,Департамент процессинга,"CF02080000 Услуги связи (интернет, мобильная связь, почта и другие)","Услуги связи (интернет, мобильная связь, почта и другие)",00ДО-0000148707,ДО,руб.,1,Услуги от поставщика,Подключение к доступу в интернет,Договор № SSP240229OL1 от 26.03.2024,Департамент процессинга,5%,4573.35,96037.2,Да,\N,\N,20.01,Обеспечение передачи данных фронтальной сети (связь),"Услуги связи (интернет, мобильная связь, почта и другие) (11030700)"
"Поступление (акт, накладная, УПД) МКУХ-005527 от 31.03.2026 23:59:59",Отражение фактических данных МКУХ-003300 от 31.03.2026 23:59:59,\N,\N,\N,\N,\N,\N,\N,\N,\N,\N,\N,\N,\N,\N,\N,\N,\N,\N,\N,\N,\N,\N,\N,\N,\N,\N,\N,\N
МКУХ-005527,31.03.2026 23:59:59,Услуги,ВЛАДИНФО ООО,3328421421,332801001,Договор №55-12/ИУЛ от 01.04.2012г.,55-12/ИУЛ,9119/МК,12.10.2012 0:00:00,Департамент процессинга,"CF02080000 Услуги связи (интернет, мобильная связь, почта и другие)","Услуги связи (интернет, мобильная связь, почта и другие)",00ДО-0000147695,ДО,руб.,1,Услуги от поставщика,Услуги связи,Договор № SSP240229OL1 от 26.03.2024,Департамент процессинга,22%,1760,9760,Да,\N,\N,20.01,Обеспечение передачи данных фронтальной сети (связь),"Услуги связи (интернет, мобильная связь, почта и другие) (11030700)"
"Поступление (акт, накладная, УПД) МКУХ-005528 от 31.03.2026 23:59:59",Отражение фактических данных МКУХ-003301 от 31.03.2026 23:59:59,\N,\N,\N,\N,\N,\N,\N,\N,\N,\N,\N,\N,\N,\N,\N,\N,\N,\N,\N,\N,\N,\N,\N,\N,\N,\N,\N,\N
МКУХ-005528,31.03.2026 23:59:59,Услуги,СПЛАЙН-ЦЕНТР ЗАО,7710250689,770101001,Договор 15698 от 30.12.2021г.,15698,ФУ 00556/МК,14.02.2022 0:00:00,Финансовый отдел_Мультикарта,CF02040500 IT-консалтинг и аутсорсинг для собственных нужд,Консультационные услуги,00ДО-0000146827,ДО,руб.,1,Услуги от поставщика,Информационные услуги,Мультикарта_Финансовый блок_Бюджет МВЗ,Финансовый отдел_Мультикарта,22%,22055.34,122306.88,Да,\N,\N,26,Расходы на получение доступа к информационным системам (22070100),\N
"Поступление (акт, накладная, УПД) МКУХ-005529 от 31.03.2026 23:59:59",Отражение фактических данных МКУХ-003302 от 31.03.2026 23:59:59,\N,\N,\N,\N,\N,\N,\N,\N,\N,\N,\N,\N,\N,\N,\N,\N,\N,\N,\N,\N,\N,\N,\N,\N,\N,\N,\N,\N
МКУХ-005529,31.03.2026 23:59:59,Услуги,ВЛАДИНФО ООО,3328421421,332801001,Договор №09-12/К_ИУЛ от 01.08.2012г.,09-12/К_ИУЛ,9120/МК,12.10.2012 0:00:00,Департамент процессинга,"CF02080000 Услуги связи (интернет, мобильная связь, почта и другие)","Услуги связи (интернет, мобильная связь, почта и другие)",00ДО-0000147694,ДО,руб.,1,Услуги от поставщика,Услуги связи,Договор № SSP240229OL1 от 26.03.2024,Департамент процессинга,22%,560.64,3109,Да,\N,\N,20.01,Обеспечение передачи данных фронтальной сети (связь),"Услуги связи (интернет, мобильная связь, почта и другие) (11030700)"
"Поступление (акт, накладная, УПД) МКУХ-005530 от 31.03.2026 23:59:59",Отражение фактических данных МКУХ-003303 от 31.03.2026 23:59:59,\N,\N,\N,\N,\N,\N,\N,\N,\N,\N,\N,\N,\N,\N,\N,\N,\N,\N,\N,\N,\N,\N,\N,\N,\N,\N,\N,\N
МКУХ-005530,31.03.2026 23:59:59,Услуги,ИНФОСИСТЕМЫ ДЖЕТ АО,7729058675,774950001,МК25-017 от 07.07.2025,МК25-017,MK25-06-38-LC,16.06.2025 14:46:28,Департамент контроля рисков,"CF02040200 Платежи за лицензии, за программное обеспечение",Лицензионные расходы за программное обеспечение компании,00ДО-0000199905,ДО,руб.,1,Услуги по Договору,"Услуги по расширенной технической поддержке системы, ранее созданной на базе программного обеспечения Jet Detective согласно Договору № МК25-017 от 07.07.25 за период с 01.01.2026 – 31.03.2026",МУЛЬТИКАРТА_11_РЫНОК,Департамент контроля рисков,22%,123652.26,685708,Да,\N,\N,20.01,Обеспечение передачи данных фронтальной сети (связь),Услуги по поддержке лицензионного ПО (11020403)
"Поступление (акт, накладная, УПД) МКУХ-005531 от 31.03.2026 23:59:59",Отражение фактических данных МКУХ-003305 от 31.03.2026 23:59:59,\N,\N,\N,\N,\N,\N,\N,\N,\N,\N,\N,\N,\N,\N,\N,\N,\N,\N,\N,\N,\N,\N,\N,\N,\N,\N,\N,\N
МКУХ-005531,31.03.2026 23:59:59,Услуги,Челябинская дирекция связи РЖД,7708503727,745131043,Договор №ЦСС002П от 29.05.2015г.,\N,\N,\N,\N,\N,\N,\N,\N,руб.,1,Услуги от поставщиков / подрядчиков,услуги связи,Договор № SSP240229OL1 от 26.03.2024,Департамент процессинга,22%,354.2,1964.2,Да,\N,\N,20.01,Обеспечение передачи данных фронтальной сети (связь),"Услуги связи (интернет, мобильная связь, почта и другие) (11030700)"
"Поступление (акт, накладная, УПД) МКУХ-005532 от 31.03.2026 23:59:59",Отражение фактических данных МКУХ-003307 от 31.03.2026 23:59:59,\N,\N,\N,\N,\N,\N,\N,\N,\N,\N,\N,\N,\N,\N,\N,\N,\N,\N,\N,\N,\N,\N,\N,\N,\N,\N,\N,\N
МКУХ-005532,31.03.2026 23:59:59,Услуги,БОТИК-ТЕХНОЛОГИИ ООО,7608011753,760801001,Договор М8KZX6YUGAFD/MULTICARTA от 01.11.12,\N,\N,\N,\N,\N,\N,\N,\N,руб.,1,Услуги от поставщика,Услуги связи,Договор № SSP240229OL1 от 26.03.2024,Департамент процессинга,22%,413.03,2290.46,Да,\N,\N,20.01,Обеспечение передачи данных фронтальной сети (связь),"Услуги связи (интернет, мобильная связь, почта и другие) (11030700)"
"Поступление (акт, накладная, УПД) МКУХ-005533 от 31.03.2026 23:59:59",Отражение фактических данных МКУХ-003308 от 31.03.2026 23:59:59,\N,\N,\N,\N,\N,\N,\N,\N,\N,\N,\N,\N,\N,\N,\N,\N,\N,\N,\N,\N,\N,\N,\N,\N,\N,\N,\N,\N
МКУХ-005533,31.03.2026 23:59:59,Услуги,ЗЭТ-ТЕЛЕКОМ СЕВЕРО-ЗАПАД ООО,7805314669,780101001,Договор №21135084 от 12.08.2022 г,21135084,01612/22,23.08.2022 0:00:00,Департамент процессинга,"CF02080000 Услуги связи (интернет, мобильная связь, почта и другие)","Услуги связи (интернет, мобильная связь, почта и другие)",00ДО-0000148848,ДО,руб.,1,Услуги от поставщиков / подрядчиков,услуги связи,Договор № SSP240229OL1 от 26.03.2024,Департамент процессинга,22%,31587.35,175166,Нет,\N,\N,20.01,Обеспечение передачи данных фронтальной сети (связь),"Услуги связи (интернет, мобильная связь, почта и другие) (11030700)"
"Поступление (акт, накладная, УПД) МКУХ-005534 от 31.03.2026 23:59:59",Отражение фактических данных МКУХ-003309 от 31.03.2026 23:59:59,\N,\N,\N,\N,\N,\N,\N,\N,\N,\N,\N,\N,\N,\N,\N,\N,\N,\N,\N,\N,\N,\N,\N,\N,\N,\N,\N,\N
МКУХ-005534,31.03.2026 23:59:59,Услуги,КОСТРОМСКАЯ ГОРОДСКАЯ ТЕЛЕФОННАЯ СЕТЬ ОАО,4401006871,440101001,Договор №49426 от 01.08.2011,\N,\N,\N,\N,\N,\N,\N,\N,руб.,1,Услуги от поставщика,Услуги связи,Договор № SSP240229OL1 от 26.03.2024,Департамент процессинга,22%,2001.64,11100,Да,\N,\N,20.01,Обеспечение передачи данных фронтальной сети (связь),"Услуги связи (интернет, мобильная связь, почта и другие) (11030700)"
"Поступление (акт, накладная, УПД) МКУХ-005535 от 31.03.2026 23:59:59",Отражение фактических данных МКУХ-003311 от 31.03.2026 23:59:59,\N,\N,\N,\N,\N,\N,\N,\N,\N,\N,\N,\N,\N,\N,\N,\N,\N,\N,\N,\N,\N,\N,\N,\N,\N,\N,\N,\N
МКУХ-005535,31.03.2026 23:59:59,Услуги,ЛАБОРАТОРИЯ ПО ИЗВЛЕЧЕНИЮ ИНФОРМАЦИИ ООО,7723740345,772301001,Договор №0808/2019 от 08.08.2019,0808/2019,000155/ФУ,02.03.2023 0:00:00,Департамент процессинга,CF02011000 Прочий субподряд,Прочий субподряд,00ДО-0000148684,ДО,руб.,1,Услуги от поставщиков / подрядчиков,"Предоставление права использования Веб-сервиса ahunter.ru по Договору №0808/2019 от 08.08.2019 , при обработке до 200 тыс. штук контактных данных за месяц.",МУЛЬТИКАРТА_11_IPSP,Департамент процессинга,Без НДС,\N,5000,Да,\N,\N,20.01,ПР: авторизации,Прочий субподряд (11020410)
"Поступление (акт, накладная, УПД) МКУХ-005536 от 31.03.2026 23:59:59",Отражение фактических данных МКУХ-003345 от 31.03.2026 23:59:59,\N,\N,\N,\N,\N,\N,\N,\N,\N,\N,\N,\N,\N,\N,\N,\N,\N,\N,\N,\N,\N,\N,\N,\N,\N,\N,\N,\N
МКУХ-005536,31.03.2026 23:59:59,Услуги,Т1КЛАУД ООО,7720479358,771401001,Договор №МК22-177 от 18.01.23 г.,МК22-177,ФУ 00240/МК,19.01.2023 0:00:00,Департамент процессинга,CF02010700 Услуги по облачным сервисам,Услуги по облачным сервисам,00ДО-0000150411,ДО,руб.,1,Услуги от поставщиков / подрядчиков,Оказание услуги Виртуальный Дата центр в марте 2026,МУЛЬТИКАРТА_11_ЧИСЛЕННОСТЬ,Департамент процессинга,22%,5402.22,29957.76,Да,\N,\N,20.01,ПР: авторизации,Услуги по облачным сервисам (11020407)
"Поступление (акт, накладная, УПД) МКУХ-005538 от 31.03.2026 23:59:59",Отражение фактических данных МКУХ-003320 от 31.03.2026 23:59:59,\N,\N,\N,\N,\N,\N,\N,\N,\N,\N,\N,\N,\N,\N,\N,\N,\N,\N,\N,\N,\N,\N,\N,\N,\N,\N,\N,\N
МКУХ-005538,31.03.2026 23:59:59,Услуги,КОМКОР АО,7717020170,772601001,Договор №Д-978/11 от 01.01.2012г.,Д-978/11,2269/МК,11.03.2012 0:00:00,Департамент процессинга,"CF02080000 Услуги связи (интернет, мобильная связь, почта и другие)","Услуги связи (интернет, мобильная связь, почта и другие)",00ДО-0000147579,ДО,руб.,1,Услуги от поставщика,Услуги связи,Договор № SSP240229OL1 от 26.03.2024,Департамент процессинга,22%,51670.21,286534.72,Да,\N,\N,20.01,Обеспечение передачи данных фронтальной сети (связь),"Услуги связи (интернет, мобильная связь, почта и другие) (11030700)"
"Поступление (акт, накладная, УПД) МКУХ-005539 от 31.03.2026 23:59:59",Отражение фактических данных МКУХ-003323 от 31.03.2026 23:59:59,\N,\N,\N,\N,\N,\N,\N,\N,\N,\N,\N,\N,\N,\N,\N,\N,\N,\N,\N,\N,\N,\N,\N,\N,\N,\N,\N,\N
МКУХ-005539,31.03.2026 23:59:59,Услуги,Е-ЛАЙТ-ТЕЛЕКОМ ООО,4205025388,420501001,Договор № 4664-ю от 01.05.2012г.,\N,\N,\N,\N,\N,\N,\N,\N,руб.,1,Услуги от поставщиков / подрядчиков,услуги связи,Договор № SSP240229OL1 от 26.03.2024,Департамент процессинга,22%,21317.67,118214.72,Да,\N,\N,20.01,Обеспечение передачи данных фронтальной сети (связь),"Услуги связи (интернет, мобильная связь, почта и другие) (11030700)"
"Поступление (акт, накладная, УПД) МКУХ-005540 от 31.03.2026 23:59:59",Отражение фактических данных МКУХ-003325 от 31.03.2026 23:59:59,\N,\N,\N,\N,\N,\N,\N,\N,\N,\N,\N,\N,\N,\N,\N,\N,\N,\N,\N,\N,\N,\N,\N,\N,\N,\N,\N,\N
МКУХ-005540,31.03.2026 23:59:59,Услуги,ООО КОМПАНИЯ ЭРА-ТЕЛЕКОМ,5262338205,526201001,Договор №МК22-017 от 04.02.2022 г.(КОНСЬЕРЖ СЕРВИС ООО (ООО),\N,\N,\N,\N,\N,\N,\N,\N,руб.,1,Услуги от поставщиков / подрядчиков,услуги связи,Договор № SSP240229OL1 от 26.03.2024,Департамент процессинга,5%,166.25,3491.25,Да,\N,\N,20.01,Обеспечение передачи данных фронтальной сети (связь),"Услуги связи (интернет, мобильная связь, почта и другие) (11030700)"
"Поступление (акт, накладная, УПД) МКУХ-005541 от 31.03.2026 23:59:59",Отражение фактических данных МКУХ-003326 от 31.03.2026 23:59:59,\N,\N,\N,\N,\N,\N,\N,\N,\N,\N,\N,\N,\N,\N,\N,\N,\N,\N,\N,\N,\N,\N,\N,\N,\N,\N,\N,\N
МКУХ-005541,31.03.2026 23:59:59,Услуги,РЕИНФОКОМ ООО,3128039670,312801001,Договор №041012 от 04.10.2012г.,41012,10181/МК,20.11.2012 0:00:00,Департамент процессинга,"CF02080000 Услуги связи (интернет, мобильная связь, почта и другие)","Услуги связи (интернет, мобильная связь, почта и другие)",00ДО-0000147591,ДО,руб.,1,Услуги от поставщика,Услуги связи интернет,Договор № SSP240229OL1 от 26.03.2024,Департамент процессинга,22%,2405.24,13338,Да,\N,\N,20.01,Обеспечение передачи данных фронтальной сети (связь),"Услуги связи (интернет, мобильная связь, почта и другие) (11030700)"
"Поступление (акт, накладная, УПД) МКУХ-005542 от 31.03.2026 23:59:59",Отражение фактических данных МКУХ-003327 от 31.03.2026 23:59:59,\N,\N,\N,\N,\N,\N,\N,\N,\N,\N,\N,\N,\N,\N,\N,\N,\N,\N,\N,\N,\N,\N,\N,\N,\N,\N,\N,\N
МКУХ-005542,31.03.2026 23:59:59,Услуги,ООО Связьэнерго,1639028918,166101001,Договор №СПД-1511/23 от 06.06.2023 г.,СПД-1511/23,000505/ФУ,18.05.2023 0:00:00,Департамент процессинга,"CF02080000 Услуги связи (интернет, мобильная связь, почта и другие)","Услуги связи (интернет, мобильная связь, почта и другие)",00ДО-0000150003,ДО,руб.,1,Услуги от поставщика,Услуги связи,Договор № SSP240229OL1 от 26.03.2024,Департамент процессинга,22%,1408,7808,Да,\N,\N,20.01,Обеспечение передачи данных фронтальной сети (связь),"Услуги связи (интернет, мобильная связь, почта и другие) (11030700)"
"Поступление (акт, накладная, УПД) МКУХ-005543 от 31.03.2026 23:59:59",Отражение фактических данных МКУХ-003328 от 31.03.2026 23:59:59,\N,\N,\N,\N,\N,\N,\N,\N,\N,\N,\N,\N,\N,\N,\N,\N,\N,\N,\N,\N,\N,\N,\N,\N,\N,\N,\N,\N
МКУХ-005543,31.03.2026 23:59:59,Услуги,ТК СОТКОМ АО,6231004437,623001001,Договор 1252-ИЮС от 19.04.2011,\N,\N,\N,\N,\N,\N,\N,\N,руб.,1,Услуги от поставщиков / подрядчиков,услуги связи,Договор № SSP240229OL1 от 26.03.2024,Департамент процессинга,22%,1375,7625,Да,\N,\N,20.01,Обеспечение передачи данных фронтальной сети (связь),"Услуги связи (интернет, мобильная связь, почта и другие) (11030700)"
"Поступление (акт, накладная, УПД) МКУХ-005544 от 31.03.2026 23:59:59",Отражение фактических данных МКУХ-003329 от 31.03.2026 23:59:59,\N,\N,\N,\N,\N,\N,\N,\N,\N,\N,\N,\N,\N,\N,\N,\N,\N,\N,\N,\N,\N,\N,\N,\N,\N,\N,\N,\N
МКУХ-005544,31.03.2026 23:59:59,Услуги,"Северо-Западный Филиал ПАО ""МегаФон""",7812014560,780143001,Договор 1221304 от 19.06.08 л.с. 24865794,\N,\N,\N,\N,\N,\N,\N,\N,руб.,1,Услуги от поставщиков / подрядчиков,услуги связи,Мультикарта_Департамент процессинга_Бюджет МВЗ,Департамент процессинга,22%,8840.44,49024.25,Да,\N,\N,26,"Услуги связи (интернет, мобильная связь, почта и другие) (22030600)",\N
"Поступление (акт, накладная, УПД) МКУХ-005545 от 31.03.2026 23:59:59",Отражение фактических данных МКУХ-003330 от 31.03.2026 23:59:59,\N,\N,\N,\N,\N,\N,\N,\N,\N,\N,\N,\N,\N,\N,\N,\N,\N,\N,\N,\N,\N,\N,\N,\N,\N,\N,\N,\N
МКУХ-005545,31.03.2026 23:59:59,Услуги,"Северо-Западный Филиал ПАО ""МегаФон""",7812014560,780143001,Договор № 4795184-ОО от 01.02.2016,\N,\N,\N,\N,\N,\N,\N,\N,руб.,1,Услуги от поставщиков / подрядчиков,услуги связи,Договор № SSP240229OL1 от 26.03.2024,Департамент процессинга,22%,350788.42,1945281.22,Да,\N,\N,20.01,Обеспечение передачи данных фронтальной сети (связь),"Услуги связи (интернет, мобильная связь, почта и другие) (11030700)"
"Поступление (акт, накладная, УПД) МКУХ-005546 от 31.03.2026 23:59:59",Отражение фактических данных МКУХ-003331 от 31.03.2026 23:59:59,\N,\N,\N,\N,\N,\N,\N,\N,\N,\N,\N,\N,\N,\N,\N,\N,\N,\N,\N,\N,\N,\N,\N,\N,\N,\N,\N,\N
МКУХ-005546,31.03.2026 23:59:59,Услуги,"Северо-Западный Филиал ПАО ""МегаФон""",7812014560,780143001,Договор 3488502-ОО от 01.07.2015г.,3488502-ОО,\N,\N,\N,\N,\N,\N,\N,руб.,1,Услуги от поставщика,Услуги связи,Договор № SSP240229OL1 от 26.03.2024,Департамент процессинга,22%,138936.93,770468.42,Да,\N,\N,20.01,Обеспечение передачи данных фронтальной сети (связь),"Услуги связи (интернет, мобильная связь, почта и другие) (11030700)"
"Поступление (акт, накладная, УПД) МКУХ-005547 от 31.03.2026 23:59:59",Отражение фактических данных МКУХ-003332 от 31.03.2026 23:59:59,\N,\N,\N,\N,\N,\N,\N,\N,\N,\N,\N,\N,\N,\N,\N,\N,\N,\N,\N,\N,\N,\N,\N,\N,\N,\N,\N,\N
МКУХ-005547,31.03.2026 23:59:59,Услуги,МЕГАФОН ПАО (КПП 770701001),7812014560,770701001,Договор №ФД15/67 от 21.04.2014,\N,\N,\N,\N,\N,\N,\N,\N,руб.,1,Услуги от поставщиков / подрядчиков,смс-информирование,МУЛЬТИКАРТА_11_АВТОРИЗАЦИИ,Департамент процессинга,22%,182565.46,1012408.48,Да,\N,\N,20.01,SMS: формирование и отправка сообщений,SMS-СЕРВИС: услуги связи по операциям Держателей карт Банка (11020416)
"Поступление (акт, накладная, УПД) МКУХ-005548 от 31.03.2026 23:59:59",Отражение фактических данных МКУХ-003333 от 31.03.2026 23:59:59,\N,\N,\N,\N,\N,\N,\N,\N,\N,\N,\N,\N,\N,\N,\N,\N,\N,\N,\N,\N,\N,\N,\N,\N,\N,\N,\N,\N
МКУХ-005548,31.03.2026 23:59:59,Услуги,МЕГАКОМ-ИТ ООО,5402046082,540101001,Договор №2011-07-05/002 от 01.12.2011 от Мегаком с 01.12.18,2011-07-05/002,998/МК,31.01.2012 0:00:00,Департамент процессинга,"CF02080000 Услуги связи (интернет, мобильная связь, почта и другие)","Услуги связи (интернет, мобильная связь, почта и другие)",00ДО-0000148870,ДО,руб.,1,Услуги от поставщика,Услуги связи,Договор № SSP240229OL1 от 26.03.2024,Департамент процессинга,22%,9777.99,54223.37,Да,\N,\N,20.01,Обеспечение передачи данных фронтальной сети (связь),"Услуги связи (интернет, мобильная связь, почта и другие) (11030700)"
"Поступление (акт, накладная, УПД) МКУХ-005549 от 31.03.2026 23:59:59",Отражение фактических данных МКУХ-003334 от 31.03.2026 23:59:59,\N,\N,\N,\N,\N,\N,\N,\N,\N,\N,\N,\N,\N,\N,\N,\N,\N,\N,\N,\N,\N,\N,\N,\N,\N,\N,\N,\N
МКУХ-005549,31.03.2026 23:59:59,Услуги,МЕГАКОМ-ИТ ООО,5402046082,540101001,Договор №2011-07-05/002 от 01.12.2011 от Мегаком с 01.12.18,2011-07-05/002,998/МК,31.01.2012 0:00:00,Департамент процессинга,"CF02080000 Услуги связи (интернет, мобильная связь, почта и другие)","Услуги связи (интернет, мобильная связь, почта и другие)",00ДО-0000148870,ДО,руб.,1,Услуги от поставщика,Услуги связи,Договор № SSP240229OL1 от 26.03.2024,Департамент процессинга,22%,2915,16165,Да,\N,\N,20.01,Обеспечение передачи данных фронтальной сети (связь),"Услуги связи (интернет, мобильная связь, почта и другие) (11030700)"
"Поступление (акт, накладная, УПД) МКУХ-005550 от 31.03.2026 23:59:59",Отражение фактических данных МКУХ-003335 от 31.03.2026 23:59:59,\N,\N,\N,\N,\N,\N,\N,\N,\N,\N,\N,\N,\N,\N,\N,\N,\N,\N,\N,\N,\N,\N,\N,\N,\N,\N,\N,\N
МКУХ-005550,31.03.2026 23:59:59,Услуги,МЕГАКОМ-ИТ ООО,5402046082,540101001,Договор №2011-07-05/002 от 01.12.2011 от Мегаком с 01.12.18,2011-07-05/002,998/МК,31.01.2012 0:00:00,Департамент процессинга,"CF02080000 Услуги связи (интернет, мобильная связь, почта и другие)","Услуги связи (интернет, мобильная связь, почта и другие)",00ДО-0000148870,ДО,руб.,1,Услуги от поставщика,Услуги связи,Договор № SSP240229OL1 от 26.03.2024,Департамент процессинга,22%,605,3355,Да,\N,\N,20.01,Обеспечение передачи данных фронтальной сети (связь),"Услуги связи (интернет, мобильная связь, почта и другие) (11030700)"
"Поступление (акт, накладная, УПД) МКУХ-005551 от 31.03.2026 23:59:59",Отражение фактических данных МКУХ-003336 от 31.03.2026 23:59:59,\N,\N,\N,\N,\N,\N,\N,\N,\N,\N,\N,\N,\N,\N,\N,\N,\N,\N,\N,\N,\N,\N,\N,\N,\N,\N,\N,\N
МКУХ-005551,31.03.2026 23:59:59,Услуги,Метросеть ООО,8603156041,860301001,Договор № 0005651 от 01.11.2023 г.,5651,001064/ФУ,13.11.2023 0:00:00,Департамент процессинга,"CF02080000 Услуги связи (интернет, мобильная связь, почта и другие)","Услуги связи (интернет, мобильная связь, почта и другие)",00ДО-0000150181,ДО,руб.,1,Услуги от поставщика,Услуги связи,Договор № SSP240229OL1 от 26.03.2024,Департамент процессинга,22%,757.38,4200,Да,\N,\N,20.01,Обеспечение передачи данных фронтальной сети (связь),"Услуги связи (интернет, мобильная связь, почта и другие) (11030700)"
"Поступление (акт, накладная, УПД) МКУХ-005552 от 31.03.2026 23:59:59",Отражение фактических данных МКУХ-003337 от 31.03.2026 23:59:59,\N,\N,\N,\N,\N,\N,\N,\N,\N,\N,\N,\N,\N,\N,\N,\N,\N,\N,\N,\N,\N,\N,\N,\N,\N,\N,\N,\N
МКУХ-005552,31.03.2026 23:59:59,Услуги,"Северо-Западный Филиал ПАО ""МегаФон""",7812014560,780143001,Договор 111666/Мегафон от 01.02.11,\N,\N,\N,\N,\N,\N,\N,\N,руб.,1,Услуги от поставщика,услуги связи,Мультикарта_Департамент процессинга_Бюджет МВЗ,Департамент процессинга,22%,100.09,555.02,Да,\N,\N,26,"Услуги связи (интернет, мобильная связь, почта и другие) (22030600)",\N
"Поступление (акт, накладная, УПД) МКУХ-005553 от 31.03.2026 23:59:59",Отражение фактических данных МКУХ-003437 от 31.03.2026 23:59:59,\N,\N,\N,\N,\N,\N,\N,\N,\N,\N,\N,\N,\N,\N,\N,\N,\N,\N,\N,\N,\N,\N,\N,\N,\N,\N,\N,\N
МКУХ-005553,31.03.2026 23:59:59,Услуги,СЕРВИОНИКА ООО,7727790940,773601001,Договор №МК24-025 от 02.07.2024,\N,\N,\N,\N,\N,\N,\N,УХ,руб.,1,Услуги от поставщиков / подрядчиков,Работы по техническому обслуживанию инженерных систем по договору №МК24-025 от 02.07.2024 за период с «01» марта 2026 г. по «31» марта 2026 г.,МУЛЬТИКАРТА_11_СЕРВЕРА,Департамент процессинга,22%,63573.77,352545.44,Да,\N,\N,20.01,ПР: авторизации,Услуги по сопровождению/поддержке клиентов (11020404)
"Поступление (акт, накладная, УПД) МКУХ-005555 от 31.03.2026 23:59:59",Отражение фактических данных МКУХ-003339 от 31.03.2026 23:59:59,\N,\N,\N,\N,\N,\N,\N,\N,\N,\N,\N,\N,\N,\N,\N,\N,\N,\N,\N,\N,\N,\N,\N,\N,\N,\N,\N,\N
МКУХ-005555,31.03.2026 23:59:59,Услуги,РОСИН.ТЕЛ АО,7116006212,711601001,Договор 19765/2011 от 10.05.2011,19765/2011,2941/МК,14.06.2011 0:00:00,Департамент процессинга,"CF02080000 Услуги связи (интернет, мобильная связь, почта и другие)","Услуги связи (интернет, мобильная связь, почта и другие)",00ДО-0000147760,ДО,руб.,1,Услуги от поставщика,Услуги связи,Договор № SSP240229OL1 от 26.03.2024,Департамент процессинга,22%,12207.34,67694.71,Да,\N,\N,20.01,Обеспечение передачи данных фронтальной сети (связь),"Услуги связи (интернет, мобильная связь, почта и другие) (11030700)"
"Поступление (акт, накладная, УПД) МКУХ-005556 от 31.03.2026 23:59:59",Отражение фактических данных МКУХ-003341 от 31.03.2026 23:59:59,\N,\N,\N,\N,\N,\N,\N,\N,\N,\N,\N,\N,\N,\N,\N,\N,\N,\N,\N,\N,\N,\N,\N,\N,\N,\N,\N,\N
МКУХ-005556,31.03.2026 23:59:59,Услуги,КТК ООО,4632193548,463201001,Договор №2641 от 01.11.2011г.,\N,\N,\N,\N,\N,\N,\N,\N,руб.,1,Услуги от поставщиков / подрядчиков,услуги связи,Договор № SSP240229OL1 от 26.03.2024,Департамент процессинга,5%,1570.67,32984,Да,\N,\N,20.01,Обеспечение передачи данных фронтальной сети (связь),"Услуги связи (интернет, мобильная связь, почта и другие) (11030700)"
"Поступление (акт, накладная, УПД) МКУХ-005557 от 31.03.2026 23:59:59",Отражение фактических данных МКУХ-003342 от 31.03.2026 23:59:59,\N,\N,\N,\N,\N,\N,\N,\N,\N,\N,\N,\N,\N,\N,\N,\N,\N,\N,\N,\N,\N,\N,\N,\N,\N,\N,\N,\N
МКУХ-005557,31.03.2026 23:59:59,Услуги,Октябрьская дирекция связи РЖД,7708503727,783845015,Договор №ЦСС002П от 29.05.2015г.,\N,\N,\N,\N,\N,\N,\N,\N,руб.,1,Услуги от поставщиков / подрядчиков,услуги связи,Договор № SSP240229OL1 от 26.03.2024,Департамент процессинга,22%,708.4,3928.4,Да,\N,\N,20.01,Обеспечение передачи данных фронтальной сети (связь),"Услуги связи (интернет, мобильная связь, почта и другие) (11030700)"
"Поступление (акт, накладная, УПД) МКУХ-005559 от 31.03.2026 23:59:59",Отражение фактических данных МКУХ-003344 от 31.03.2026 23:59:59,\N,\N,\N,\N,\N,\N,\N,\N,\N,\N,\N,\N,\N,\N,\N,\N,\N,\N,\N,\N,\N,\N,\N,\N,\N,\N,\N,\N
МКУХ-005559,31.03.2026 23:59:59,Услуги,ПАРМАТЕЛ ООО,1101170240,110101001,Договор № 590 от 01.04.2012г.,\N,\N,\N,\N,\N,\N,\N,\N,руб.,1,Услуги от поставщика,улуги связи,Договор № SSP240229OL1 от 26.03.2024,Департамент процессинга,5%,1033,21693,Да,\N,\N,20.01,Обеспечение передачи данных фронтальной сети (связь),"Услуги связи (интернет, мобильная связь, почта и другие) (11030700)"
"Поступление (акт, накладная, УПД) МКУХ-005562 от 31.03.2026 23:59:59",Отражение фактических данных МКУХ-003349 от 31.03.2026 23:59:59,\N,\N,\N,\N,\N,\N,\N,\N,\N,\N,\N,\N,\N,\N,\N,\N,\N,\N,\N,\N,\N,\N,\N,\N,\N,\N,\N,\N
МКУХ-005562,31.03.2026 23:59:59,Услуги,ИНТЕРСВЯЗЬ-2 АО,7448068879,744801001,Договор №1100-2012/V от 01.07.2012г.,1100-2012/v,9118/МК,12.10.2012 0:00:00,Департамент процессинга,"CF02080000 Услуги связи (интернет, мобильная связь, почта и другие)","Услуги связи (интернет, мобильная связь, почта и другие)",00ДО-0000148226,ДО,руб.,1,Услуги от поставщика,Услуги связи,Договор № SSP240229OL1 от 26.03.2024,Департамент процессинга,22%,23820.35,132094.68,Да,\N,\N,20.01,Обеспечение передачи данных фронтальной сети (связь),"Услуги связи (интернет, мобильная связь, почта и другие) (11030700)"
"Поступление (акт, накладная, УПД) МКУХ-005565 от 31.03.2026 23:59:59",Отражение фактических данных МКУХ-003352 от 31.03.2026 23:59:59,\N,\N,\N,\N,\N,\N,\N,\N,\N,\N,\N,\N,\N,\N,\N,\N,\N,\N,\N,\N,\N,\N,\N,\N,\N,\N,\N,\N
МКУХ-005565,31.03.2026 23:59:59,Услуги,КВАНТ-ТЕЛЕКОМ АО,3662124236,366201001,Договор 1509-К4732/11 от 01.12.2011,1509-К4732/11,1286/МК,07.02.2012 0:00:00,Департамент процессинга,"CF02080000 Услуги связи (интернет, мобильная связь, почта и другие)","Услуги связи (интернет, мобильная связь, почта и другие)",00ДО-0000147584,ДО,руб.,1,Услуги от поставщиков / подрядчиков,услуги связи,Договор № SSP240229OL1 от 26.03.2024,Департамент процессинга,22%,7092.33,39330.23,Да,\N,\N,20.01,Обеспечение передачи данных фронтальной сети (связь),"Услуги связи (интернет, мобильная связь, почта и другие) (11030700)"
"Поступление (акт, накладная, УПД) МКУХ-005566 от 31.03.2026 23:59:59",Отражение фактических данных МКУХ-003353 от 31.03.2026 23:59:59,\N,\N,\N,\N,\N,\N,\N,\N,\N,\N,\N,\N,\N,\N,\N,\N,\N,\N,\N,\N,\N,\N,\N,\N,\N,\N,\N,\N
МКУХ-005566,31.03.2026 23:59:59,Услуги,МАКОМНЕТ АО,7702029405,770201001,Договор №MCARD.001.4599 от 05.07.2016г.,MCARD.001.4599,9372/МК,13.10.2016 0:00:00,Департамент процессинга,"CF02080000 Услуги связи (интернет, мобильная связь, почта и другие)","Услуги связи (интернет, мобильная связь, почта и другие)",00ДО-0000148709,ДО,руб.,1,Услуги от поставщиков / подрядчиков,услуги связи,Договор № SSP240229OL1 от 26.03.2024,Департамент процессинга,22%,852258,4726158,Да,\N,\N,20.01,Обеспечение передачи данных фронтальной сети (связь),"Услуги связи (интернет, мобильная связь, почта и другие) (11030700)"
"Поступление (акт, накладная, УПД) МКУХ-005567 от 31.03.2026 23:59:59",Отражение фактических данных МКУХ-003354 от 31.03.2026 23:59:59,\N,\N,\N,\N,\N,\N,\N,\N,\N,\N,\N,\N,\N,\N,\N,\N,\N,\N,\N,\N,\N,\N,\N,\N,\N,\N,\N,\N
МКУХ-005567,31.03.2026 23:59:59,Услуги,ФИЛАНКО СПБ ООО,7838492138,783801001,Договор №П180116-3 от 01.02.2016г.,П180116-3,4279/МК,12.05.2016 0:00:00,Департамент процессинга,"CF02080000 Услуги связи (интернет, мобильная связь, почта и другие)","Услуги связи (интернет, мобильная связь, почта и другие)",00ДО-0000147124,ДО,руб.,1,Услуги от поставщика,услуги связи интернет,Договор № SSP240229OL1 от 26.03.2024,Департамент процессинга,22%,4798.98,26612.55,Да,\N,\N,20.01,Обеспечение передачи данных фронтальной сети (связь),"Услуги связи (интернет, мобильная связь, почта и другие) (11030700)"
"Поступление (акт, накладная, УПД) МКУХ-005572 от 31.03.2026 23:59:59",Отражение фактических данных МКУХ-003359 от 31.03.2026 23:59:59,\N,\N,\N,\N,\N,\N,\N,\N,\N,\N,\N,\N,\N,\N,\N,\N,\N,\N,\N,\N,\N,\N,\N,\N,\N,\N,\N,\N
МКУХ-005572,31.03.2026 23:59:59,Услуги,ВИПЛАЙН ООО,3662209835,366201001,Договор №1673/13 от 23.08.13,1673/13,9618/МК,25.10.2013 0:00:00,Департамент процессинга,"CF02080000 Услуги связи (интернет, мобильная связь, почта и другие)","Услуги связи (интернет, мобильная связь, почта и другие)",00ДО-0000147790,ДО,руб.,1,Услуги от поставщика,Подключение к услугам связи,Договор № SSP240229OL1 от 26.03.2024,Департамент процессинга,5%,1908.24,40073,Да,\N,\N,20.01,Обеспечение передачи данных фронтальной сети (связь),"Услуги связи (интернет, мобильная связь, почта и другие) (11030700)"
"Поступление (акт, накладная, УПД) МКУХ-005573 от 31.03.2026 23:59:59",Отражение фактических данных МКУХ-003360 от 31.03.2026 23:59:59,\N,\N,\N,\N,\N,\N,\N,\N,\N,\N,\N,\N,\N,\N,\N,\N,\N,\N,\N,\N,\N,\N,\N,\N,\N,\N,\N,\N
МКУХ-005573,31.03.2026 23:59:59,Услуги,ВТК-МОБАЙЛ ООО,9718174994,771801001,Договор №ВТК-013/14-00155 от 28.11.2014г.(Воентелеком),\N,\N,\N,\N,\N,\N,\N,\N,руб.,1,Услуги от поставщиков / подрядчиков,услуги связи,Договор № SSP240229OL1 от 26.03.2024,Департамент процессинга,22%,5126,28426,Да,\N,\N,20.01,Обеспечение передачи данных фронтальной сети (связь),"Услуги связи (интернет, мобильная связь, почта и другие) (11030700)"
"Поступление (акт, накладная, УПД) МКУХ-005575 от 31.03.2026 23:59:59",Отражение фактических данных МКУХ-003362 от 31.03.2026 23:59:59,\N,\N,\N,\N,\N,\N,\N,\N,\N,\N,\N,\N,\N,\N,\N,\N,\N,\N,\N,\N,\N,\N,\N,\N,\N,\N,\N,\N
МКУХ-005575,31.03.2026 23:59:59,Услуги,КОМПАНИЯ ТРАНСТЕЛЕКОМ АО,7709219099,775050001,Договор №MS006399 на предоставление услуг связи от 30.01.2014,MS006399,MK24-11-47-LC,18.11.2024 9:20:50,Департамент процессинга,"CF02080000 Услуги связи (интернет, мобильная связь, почта и другие)","Услуги связи (интернет, мобильная связь, почта и другие)",00ДО-0000172839,ДО,руб.,1,Услуги от поставщиков / подрядчиков,услуги связи,Договор № SSP240229OL1 от 26.03.2024,Департамент процессинга,22%,290533.42,1611139.86,Да,\N,\N,20.01,Обеспечение передачи данных фронтальной сети (связь),"Услуги связи (интернет, мобильная связь, почта и другие) (11030700)"
"Поступление (акт, накладная, УПД) МКУХ-005576 от 31.03.2026 23:59:59",Отражение фактических данных МКУХ-003363 от 31.03.2026 23:59:59,\N,\N,\N,\N,\N,\N,\N,\N,\N,\N,\N,\N,\N,\N,\N,\N,\N,\N,\N,\N,\N,\N,\N,\N,\N,\N,\N,\N
МКУХ-005576,31.03.2026 23:59:59,Услуги,КВАНТ-ТЕЛЕКОМ АО,3662124236,366201001,Договор 1509-К4732/11 от 01.12.2011,1509-К4732/11,1286/МК,07.02.2012 0:00:00,Департамент процессинга,"CF02080000 Услуги связи (интернет, мобильная связь, почта и другие)","Услуги связи (интернет, мобильная связь, почта и другие)",00ДО-0000147584,ДО,руб.,1,Услуги от поставщиков / подрядчиков,услуги связи,Договор № SSP240229OL1 от 26.03.2024,Департамент процессинга,22%,1341.3,7438.14,Да,\N,\N,20.01,Обеспечение передачи данных фронтальной сети (связь),"Услуги связи (интернет, мобильная связь, почта и другие) (11030700)"
"Поступление (акт, накладная, УПД) МКУХ-005580 от 31.03.2026 23:59:59",Отражение фактических данных МКУХ-003367 от 31.03.2026 23:59:59,\N,\N,\N,\N,\N,\N,\N,\N,\N,\N,\N,\N,\N,\N,\N,\N,\N,\N,\N,\N,\N,\N,\N,\N,\N,\N,\N,\N
МКУХ-005580,31.03.2026 23:59:59,Услуги,ВАЙНАХ ТЕЛЕКОМ АО,2005503932,201401001,Договор №3826ДОУПД-ЮЛ-АО от 08.02.19,3826 ДОУПД-ЮЛ-АО,6561/МК,27.06.2019 0:00:00,Департамент процессинга,"CF02080000 Услуги связи (интернет, мобильная связь, почта и другие)","Услуги связи (интернет, мобильная связь, почта и другие)",00ДО-0000147738,ДО,руб.,1,Услуги от поставщика,Услуги связи,Договор № SSP240229OL1 от 26.03.2024,Департамент процессинга,22%,31016.33,172000,Да,\N,\N,20.01,Обеспечение передачи данных фронтальной сети (связь),"Услуги связи (интернет, мобильная связь, почта и другие) (11030700)"
"Поступление (акт, накладная, УПД) МКУХ-005583 от 31.03.2026 23:59:59",Отражение фактических данных МКУХ-003370 от 31.03.2026 23:59:59,\N,\N,\N,\N,\N,\N,\N,\N,\N,\N,\N,\N,\N,\N,\N,\N,\N,\N,\N,\N,\N,\N,\N,\N,\N,\N,\N,\N
МКУХ-005583,31.03.2026 23:59:59,Услуги,ИНФОРМСВЯЗЬ-ЧЕРНОЗЕМЬЕ АО ИК,3666077347,366601001,Договор №222442 от 30.09.2011,222442,2276/МК,11.03.2012 0:00:00,Департамент процессинга,"CF02080000 Услуги связи (интернет, мобильная связь, почта и другие)","Услуги связи (интернет, мобильная связь, почта и другие)",00ДО-0000148859,ДО,руб.,1,Услуги от поставщика,Услуги связи,Договор № SSP240229OL1 от 26.03.2024,Департамент процессинга,22%,2483.37,13771.4,Да,\N,\N,20.01,Обеспечение передачи данных фронтальной сети (связь),"Услуги связи (интернет, мобильная связь, почта и другие) (11030700)"
"Поступление (акт, накладная, УПД) МКУХ-005585 от 31.03.2026 23:59:59",Отражение фактических данных МКУХ-003372 от 31.03.2026 23:59:59,\N,\N,\N,\N,\N,\N,\N,\N,\N,\N,\N,\N,\N,\N,\N,\N,\N,\N,\N,\N,\N,\N,\N,\N,\N,\N,\N,\N
МКУХ-005585,31.03.2026 23:59:59,Услуги,КОМПАНИЯ ТРАНСТЕЛЕКОМ АО,7709219099,775050001,Договор №MS006399 на предоставление услуг связи от 30.01.2014,MS006399,MK24-11-47-LC,18.11.2024 9:20:50,Департамент процессинга,"CF02080000 Услуги связи (интернет, мобильная связь, почта и другие)","Услуги связи (интернет, мобильная связь, почта и другие)",00ДО-0000172839,ДО,руб.,2,Услуги от поставщиков / подрядчиков,услуги связи,Мультикарта_Департамент процессинга_Бюджет МВЗ,Департамент процессинга,22%,11000,61000,Да,\N,\N,26,"Услуги связи (интернет, мобильная связь, почта и другие) (22030600)",\N
МКУХ-005585,31.03.2026 23:59:59,Услуги,КОМПАНИЯ ТРАНСТЕЛЕКОМ АО,7709219099,775050001,Договор №MS006399 на предоставление услуг связи от 30.01.2014,MS006399,MK24-11-47-LC,18.11.2024 9:20:50,Департамент процессинга,"CF02080000 Услуги связи (интернет, мобильная связь, почта и другие)","Услуги связи (интернет, мобильная связь, почта и другие)",00ДО-0000172839,ДО,руб.,1,Услуги от поставщиков / подрядчиков,услуги связи,Договор № SSP240229OL1 от 26.03.2024,Департамент процессинга,22%,40018,221918,Да,\N,\N,20.01,Обеспечение передачи данных фронтальной сети (связь),"Услуги связи (интернет, мобильная связь, почта и другие) (11030700)"
"Поступление (акт, накладная, УПД) МКУХ-005588 от 31.03.2026 23:59:59",Отражение фактических данных МКУХ-003396 от 31.03.2026 23:59:59,\N,\N,\N,\N,\N,\N,\N,\N,\N,\N,\N,\N,\N,\N,\N,\N,\N,\N,\N,\N,\N,\N,\N,\N,\N,\N,\N,\N
МКУХ-005588,31.03.2026 23:59:59,Услуги,НАЛЬЧИК-ТЕЛЕКОМ ООО,725000921,72501001,Договор №823К от 18.02.2016г.,823К,4476/МК,23.05.2016 0:00:00,Департамент процессинга,"CF02080000 Услуги связи (интернет, мобильная связь, почта и другие)","Услуги связи (интернет, мобильная связь, почта и другие)",00ДО-0000146770,ДО,руб.,1,Услуги от поставщиков / подрядчиков,услуги связи,Договор № SSP240229OL1 от 26.03.2024,Департамент процессинга,22%,6930,38430,Да,\N,\N,20.01,Обеспечение передачи данных фронтальной сети (связь),"Услуги связи (интернет, мобильная связь, почта и другие) (11030700)"
"Поступление (акт, накладная, УПД) МКУХ-005589 от 31.03.2026 23:59:59",Отражение фактических данных МКУХ-003397 от 31.03.2026 23:59:59,\N,\N,\N,\N,\N,\N,\N,\N,\N,\N,\N,\N,\N,\N,\N,\N,\N,\N,\N,\N,\N,\N,\N,\N,\N,\N,\N,\N
МКУХ-005589,31.03.2026 23:59:59,Услуги,ООО ОБИТ,7810204213,784201001,Договор №Д148293 от 15.03.2021,\N,\N,\N,\N,\N,\N,\N,\N,руб.,1,Услуги от поставщика,Услуги связи,Договор № SSP240229OL1 от 26.03.2024,Департамент процессинга,22%,1100,6100,Да,\N,\N,20.01,Обеспечение передачи данных фронтальной сети (связь),"Услуги связи (интернет, мобильная связь, почта и другие) (11030700)"
"Поступление (акт, накладная, УПД) МКУХ-005590 от 31.03.2026 23:59:59",Отражение фактических данных МКУХ-003398 от 31.03.2026 23:59:59,\N,\N,\N,\N,\N,\N,\N,\N,\N,\N,\N,\N,\N,\N,\N,\N,\N,\N,\N,\N,\N,\N,\N,\N,\N,\N,\N,\N
МКУХ-005590,31.03.2026 23:59:59,Услуги,РЭДКОМ-ИНТЕРНЕТ АО,2720023090,272401001,Договор №957594 от 01.08.2012г.,957594,8548/МК,24.09.2012 0:00:00,Департамент процессинга,"CF02080000 Услуги связи (интернет, мобильная связь, почта и другие)","Услуги связи (интернет, мобильная связь, почта и другие)",00ДО-0000147782,ДО,руб.,1,Услуги от поставщика,Услуги связи интернет,Договор № SSP240229OL1 от 26.03.2024,Департамент процессинга,22%,770,4270,Да,\N,\N,20.01,Обеспечение передачи данных фронтальной сети (связь),"Услуги связи (интернет, мобильная связь, почта и другие) (11030700)"
"Поступление (акт, накладная, УПД) МКУХ-005591 от 31.03.2026 23:59:59",Отражение фактических данных МКУХ-003399 от 31.03.2026 23:59:59,\N,\N,\N,\N,\N,\N,\N,\N,\N,\N,\N,\N,\N,\N,\N,\N,\N,\N,\N,\N,\N,\N,\N,\N,\N,\N,\N,\N
МКУХ-005591,31.03.2026 23:59:59,Услуги,ЦВКС МСК-IX АО,7733661269,771401001,Договор № 141/MSA от 21.04.2023 г.,141/MSA,000286/ФУ,03.04.2023 0:00:00,Департамент процессинга,"CF02080000 Услуги связи (интернет, мобильная связь, почта и другие)","Услуги связи (интернет, мобильная связь, почта и другие)",00ДО-0000149024,ДО,руб.,1,Услуги от поставщика,Услуги связи,Договор № SSP240229OL1 от 26.03.2024,Департамент процессинга,22%,15226.64,84438.64,Да,\N,\N,20.01,Обеспечение передачи данных фронтальной сети (связь),"Услуги связи (интернет, мобильная связь, почта и другие) (11030700)"
"Поступление (акт, накладная, УПД) МКУХ-005592 от 31.03.2026 23:59:59",Отражение фактических данных МКУХ-003400 от 31.03.2026 23:59:59,\N,\N,\N,\N,\N,\N,\N,\N,\N,\N,\N,\N,\N,\N,\N,\N,\N,\N,\N,\N,\N,\N,\N,\N,\N,\N,\N,\N
МКУХ-005592,31.03.2026 23:59:59,Услуги,ДЕЛОВАЯ СЕТЬ - ИРКУТСК АО,3808027376,381201001,Договор №120700612 от 01.08.2012г.,\N,\N,\N,\N,\N,\N,\N,\N,руб.,1,Услуги от поставщика,услуги связи,Договор № SSP240229OL1 от 26.03.2024,Департамент процессинга,22%,42986.09,238377.42,Да,\N,\N,20.01,Обеспечение передачи данных фронтальной сети (связь),"Услуги связи (интернет, мобильная связь, почта и другие) (11030700)"
"Поступление (акт, накладная, УПД) МКУХ-005593 от 31.03.2026 23:59:59",Отражение фактических данных МКУХ-003401 от 31.03.2026 23:59:59,\N,\N,\N,\N,\N,\N,\N,\N,\N,\N,\N,\N,\N,\N,\N,\N,\N,\N,\N,\N,\N,\N,\N,\N,\N,\N,\N,\N
МКУХ-005593,31.03.2026 23:59:59,Услуги,ОРАНЖ БИЗНЕС СЕРВИСЕЗ ООО,7710456087,770701001,Договор №0021479 от 31.12.2015,21479,2613/МК,18.03.2016 0:00:00,Департамент процессинга,"CF02080000 Услуги связи (интернет, мобильная связь, почта и другие)","Услуги связи (интернет, мобильная связь, почта и другие)",00ДО-0000149321,ДО,руб.,1,Услуги от поставщиков / подрядчиков,услуги связи,Договор № SSP240229OL1 от 26.03.2024,Департамент процессинга,22%,13200,73200,Да,\N,\N,20.01,Обеспечение передачи данных фронтальной сети (связь),"Услуги связи (интернет, мобильная связь, почта и другие) (11030700)"
"Поступление (акт, накладная, УПД) МКУХ-005594 от 31.03.2026 23:59:59",Отражение фактических данных МКУХ-003402 от 31.03.2026 23:59:59,\N,\N,\N,\N,\N,\N,\N,\N,\N,\N,\N,\N,\N,\N,\N,\N,\N,\N,\N,\N,\N,\N,\N,\N,\N,\N,\N,\N
МКУХ-005594,31.03.2026 23:59:59,Услуги,ОРАНЖ БИЗНЕС СЕРВИСЕЗ ООО,7710456087,770701001,Договор № SP2755 14.05.2008,SP2755,3109/МК,28.08.2008 0:00:00,Департамент процессинга,"CF02080000 Услуги связи (интернет, мобильная связь, почта и другие)","Услуги связи (интернет, мобильная связь, почта и другие)",00ДО-0000148660,ДО,руб.,1,Услуги от поставщиков / подрядчиков,услуги связи,Договор № SSP240229OL1 от 26.03.2024,Департамент процессинга,22%,82598.37,458045.51,Да,\N,\N,20.01,Обеспечение передачи данных фронтальной сети (связь),"Услуги связи (интернет, мобильная связь, почта и другие) (11030700)"
"Поступление (акт, накладная, УПД) МКУХ-005595 от 31.03.2026 23:59:59",Отражение фактических данных МКУХ-003403 от 31.03.2026 23:59:59,\N,\N,\N,\N,\N,\N,\N,\N,\N,\N,\N,\N,\N,\N,\N,\N,\N,\N,\N,\N,\N,\N,\N,\N,\N,\N,\N,\N
МКУХ-005595,31.03.2026 23:59:59,Услуги,ОРИЕНТ-ТЕЛЕКОМ АО,3808047630,380801001,Договор №1552-04 от 01.01.2013г.,1552-04,4448/МК,23.05.2013 0:00:00,Департамент процессинга,"CF02080000 Услуги связи (интернет, мобильная связь, почта и другие)","Услуги связи (интернет, мобильная связь, почта и другие)",00ДО-0000148864,ДО,руб.,1,Услуги от поставщиков / подрядчиков,услуги связи,Договор № SSP240229OL1 от 26.03.2024,Департамент процессинга,22%,330,1830,Да,\N,\N,20.01,Обеспечение передачи данных фронтальной сети (связь),"Услуги связи (интернет, мобильная связь, почта и другие) (11030700)"
"Поступление (акт, накладная, УПД) МКУХ-005596 от 31.03.2026 23:59:59",Отражение фактических данных МКУХ-003404 от 31.03.2026 23:59:59,\N,\N,\N,\N,\N,\N,\N,\N,\N,\N,\N,\N,\N,\N,\N,\N,\N,\N,\N,\N,\N,\N,\N,\N,\N,\N,\N,\N
МКУХ-005596,31.03.2026 23:59:59,Услуги,САТЕЛЛИТ-СЕРВИС ООО,5902196801,591101001,Договор 594/2011 от 01.11.2011,594/2011,7219/МК,25.11.2011 0:00:00,Департамент процессинга,"CF02080000 Услуги связи (интернет, мобильная связь, почта и другие)","Услуги связи (интернет, мобильная связь, почта и другие)",00ДО-0000147602,ДО,руб.,1,Услуги от поставщиков / подрядчиков,услуги связи,Договор № SSP240229OL1 от 26.03.2024,Департамент процессинга,22%,2888.79,16019.64,Да,\N,\N,20.01,Обеспечение передачи данных фронтальной сети (связь),"Услуги связи (интернет, мобильная связь, почта и другие) (11030700)"
"Поступление (акт, накладная, УПД) МКУХ-005597 от 31.03.2026 23:59:59",Отражение фактических данных МКУХ-003405 от 31.03.2026 23:59:59,\N,\N,\N,\N,\N,\N,\N,\N,\N,\N,\N,\N,\N,\N,\N,\N,\N,\N,\N,\N,\N,\N,\N,\N,\N,\N,\N,\N
МКУХ-005597,31.03.2026 23:59:59,Услуги,МУС ЭНЕРГЕТИКИ АО,7705039240,773101001,1194/ИН-Ю от 20.05.2013,1194/ИН-Ю,MK26-02-22-LC,17.02.2026 9:52:53,Департамент процессинга,"CF02080000 Услуги связи (интернет, мобильная связь, почта и другие)",Интернет. Услуги связи,00ДО-0000228948,ДО,руб.,1,Услуги от поставщиков / подрядчиков,услуги связи интернет,Договор № SSP240229OL1 от 26.03.2024,Департамент процессинга,22%,428.82,2377.98,Да,\N,\N,20.01,Обеспечение передачи данных фронтальной сети (связь),"Услуги связи (интернет, мобильная связь, почта и другие) (11030700)"
"Поступление (акт, накладная, УПД) МКУХ-005598 от 31.03.2026 23:59:59",Отражение фактических данных МКУХ-003406 от 31.03.2026 23:59:59,\N,\N,\N,\N,\N,\N,\N,\N,\N,\N,\N,\N,\N,\N,\N,\N,\N,\N,\N,\N,\N,\N,\N,\N,\N,\N,\N,\N
МКУХ-005598,31.03.2026 23:59:59,Услуги,МГТС ПАО,7710016640,997750001,Договор N 0081790-1/2004 от 01.03.2004,\N,\N,\N,\N,\N,\N,\N,\N,руб.,1,Услуги от поставщика,Услуги связи,Мультикарта_Департамент процессинга_Бюджет МВЗ,Департамент процессинга,22%,220.88,1224.88,Да,\N,\N,26,"Услуги связи (интернет, мобильная связь, почта и другие) (22030600)",\N
"Поступление (акт, накладная, УПД) МКУХ-005599 от 31.03.2026 23:59:59",Отражение фактических данных МКУХ-003407 от 31.03.2026 23:59:59,\N,\N,\N,\N,\N,\N,\N,\N,\N,\N,\N,\N,\N,\N,\N,\N,\N,\N,\N,\N,\N,\N,\N,\N,\N,\N,\N,\N
МКУХ-005599,31.03.2026 23:59:59,Услуги,МГТС ПАО,7710016640,997750001,Договор №700126983-1/2016  от 01.01.2016,700126983-1/2016,1608/МК,18.02.2016 0:00:00,Департамент процессинга,"CF02080000 Услуги связи (интернет, мобильная связь, почта и другие)","Услуги связи (интернет, мобильная связь, почта и другие)",00ДО-0000146773,ДО,руб.,1,Услуги от поставщика,Услуги связи,Договор № SSP240229OL1 от 26.03.2024,Департамент процессинга,22%,75628.52,419394.52,Да,\N,\N,20.01,Обеспечение передачи данных фронтальной сети (связь),"Услуги связи (интернет, мобильная связь, почта и другие) (11030700)"
"Поступление (акт, накладная, УПД) МКУХ-005600 от 31.03.2026 23:59:59",Отражение фактических данных МКУХ-003408 от 31.03.2026 23:59:59,\N,\N,\N,\N,\N,\N,\N,\N,\N,\N,\N,\N,\N,\N,\N,\N,\N,\N,\N,\N,\N,\N,\N,\N,\N,\N,\N,\N
МКУХ-005600,31.03.2026 23:59:59,Услуги,АЙТИ-НЭТ ООО,4807012604,480701001,Договор №3330 от 01.10.2014г.,3330,13097/МК,11.12.2014 0:00:00,Департамент процессинга,"CF02080000 Услуги связи (интернет, мобильная связь, почта и другие)","Услуги связи (интернет, мобильная связь, почта и другие)",00ДО-0000147795,ДО,руб.,1,Услуги от поставщика,Услуги связи,Договор № SSP240229OL1 от 26.03.2024,Департамент процессинга,5%,35,735,Да,\N,\N,20.01,Обеспечение передачи данных фронтальной сети (связь),"Услуги связи (интернет, мобильная связь, почта и другие) (11030700)"
"Поступление (акт, накладная, УПД) МКУХ-005601 от 31.03.2026 23:59:59",Отражение фактических данных МКУХ-003409 от 31.03.2026 23:59:59,\N,\N,\N,\N,\N,\N,\N,\N,\N,\N,\N,\N,\N,\N,\N,\N,\N,\N,\N,\N,\N,\N,\N,\N,\N,\N,\N,\N
МКУХ-005601,31.03.2026 23:59:59,Услуги,СЕВЕРЕН-ТЕЛЕКОМ АО,7816181675,780401001,Договор №ОУН-08-14 от 01.06.2008 г. (бывший РАДИОН),\N,\N,\N,\N,\N,\N,\N,\N,руб.,1,Услуги от поставщика,Услуги связи,Договор № SSP240229OL1 от 26.03.2024,Департамент процессинга,22%,2324.26,12889.09,Да,\N,\N,20.01,Обеспечение передачи данных фронтальной сети (связь),"Услуги связи (интернет, мобильная связь, почта и другие) (11030700)"
"Поступление (акт, накладная, УПД) МКУХ-005602 от 31.03.2026 23:59:59",Отражение фактических данных МКУХ-003410 от 31.03.2026 23:59:59,\N,\N,\N,\N,\N,\N,\N,\N,\N,\N,\N,\N,\N,\N,\N,\N,\N,\N,\N,\N,\N,\N,\N,\N,\N,\N,\N,\N
МКУХ-005602,31.03.2026 23:59:59,Услуги,МК ВЫСОТА АО,6672212600,668501001,Договор №11200780 от 01.05.2017,11200780,7993/МК,16.08.2017 0:00:00,Департамент процессинга,"CF02080000 Услуги связи (интернет, мобильная связь, почта и другие)","Услуги связи (интернет, мобильная связь, почта и другие)",00ДО-0000147767,ДО,руб.,1,Услуги от поставщиков / подрядчиков,услуги связи,Договор № SSP240229OL1 от 26.03.2024,Департамент процессинга,22%,28425.53,157632.5,Да,\N,\N,20.01,Обеспечение передачи данных фронтальной сети (связь),"Услуги связи (интернет, мобильная связь, почта и другие) (11030700)"
"Поступление (акт, накладная, УПД) МКУХ-005603 от 31.03.2026 23:59:59",Отражение фактических данных МКУХ-003411 от 31.03.2026 23:59:59,\N,\N,\N,\N,\N,\N,\N,\N,\N,\N,\N,\N,\N,\N,\N,\N,\N,\N,\N,\N,\N,\N,\N,\N,\N,\N,\N,\N
МКУХ-005603,31.03.2026 23:59:59,Услуги,НОВЫЕ ТЕХНОЛОГИИ СВЯЗИ ООО,5752023370,575201001,Договор №Н-210 от 01.12.2021г.,Н-210,ФУ 08055/МК,08.12.2021 0:00:00,Департамент процессинга,"CF02080000 Услуги связи (интернет, мобильная связь, почта и другие)","Услуги связи (интернет, мобильная связь, почта и другие)",00ДО-0000146752,ДО,руб.,1,Услуги от поставщиков / подрядчиков,услуги связи,Договор № SSP240229OL1 от 26.03.2024,Департамент процессинга,22%,6794.35,37677.7,Да,\N,\N,20.01,Обеспечение передачи данных фронтальной сети (связь),"Услуги связи (интернет, мобильная связь, почта и другие) (11030700)"
"Поступление (акт, накладная, УПД) МКУХ-005605 от 31.03.2026 23:59:59",Отражение фактических данных МКУХ-003414 от 31.03.2026 23:59:59,\N,\N,\N,\N,\N,\N,\N,\N,\N,\N,\N,\N,\N,\N,\N,\N,\N,\N,\N,\N,\N,\N,\N,\N,\N,\N,\N,\N
МКУХ-005605,31.03.2026 23:59:59,Услуги,ЭРИДАН АО,3328419341,332701001,Договор №01И/66 от 31.08.2017,01И/66,11042/МК,21.11.2017 0:00:00,Департамент процессинга,"CF02080000 Услуги связи (интернет, мобильная связь, почта и другие)","Услуги связи (интернет, мобильная связь, почта и другие)",00ДО-0000149323,ДО,руб.,1,Услуги от поставщиков / подрядчиков,доступ к сети интернет,Договор № SSP240229OL1 от 26.03.2024,Департамент процессинга,Без НДС,\N,6400,Нет,\N,\N,20.01,Обеспечение передачи данных фронтальной сети (связь),"Услуги связи (интернет, мобильная связь, почта и другие) (11030700)"
"Поступление (акт, накладная, УПД) МКУХ-005606 от 31.03.2026 23:59:59",Отражение фактических данных МКУХ-003415 от 31.03.2026 23:59:59,\N,\N,\N,\N,\N,\N,\N,\N,\N,\N,\N,\N,\N,\N,\N,\N,\N,\N,\N,\N,\N,\N,\N,\N,\N,\N,\N,\N
МКУХ-005606,31.03.2026 23:59:59,Услуги,КРЭЛКОМ ООО,9102031188,910201001,5474 от 23.04.2025,5474,MK25-03-17-LC,26.03.2025 14:51:08,Департамент процессинга,"CF02080000 Услуги связи (интернет, мобильная связь, почта и другие)","Услуги связи (интернет, мобильная связь, почта и другие)",00ДО-0000191590,ДО,руб.,1,Услуги от поставщиков / подрядчиков,услуги связи,Договор № SSP240229OL1 от 26.03.2024,Департамент процессинга,22%,231339.89,1282884.87,Да,\N,\N,20.01,Обеспечение передачи данных фронтальной сети (связь),"Услуги связи (интернет, мобильная связь, почта и другие) (11030700)"
"Поступление (акт, накладная, УПД) МКУХ-005608 от 31.03.2026 23:59:59",Отражение фактических данных МКУХ-003417 от 31.03.2026 23:59:59,\N,\N,\N,\N,\N,\N,\N,\N,\N,\N,\N,\N,\N,\N,\N,\N,\N,\N,\N,\N,\N,\N,\N,\N,\N,\N,\N,\N
МКУХ-005608,31.03.2026 23:59:59,Услуги,"Приморский филиал ПАО ""Ростелеком"" КПП 253643002",7707049388,253643002,Договор №МК15-013 от 01.02.2015г.,МК15-013,2857/МК,21.04.2015 0:00:00,Департамент процессинга,"CF02080000 Услуги связи (интернет, мобильная связь, почта и другие)","Услуги связи (интернет, мобильная связь, почта и другие)",00ДО-0000148705,ДО,руб.,1,Услуги от поставщиков / подрядчиков,услуги связи,Договор № SSP240229OL1 от 26.03.2024,Департамент процессинга,22%,80493.21,446371.48,Да,\N,\N,20.01,Обеспечение передачи данных фронтальной сети (связь),"Услуги связи (интернет, мобильная связь, почта и другие) (11030700)"
"Поступление (акт, накладная, УПД) МКУХ-005609 от 31.03.2026 23:59:59",Отражение фактических данных МКУХ-003419 от 31.03.2026 23:59:59,\N,\N,\N,\N,\N,\N,\N,\N,\N,\N,\N,\N,\N,\N,\N,\N,\N,\N,\N,\N,\N,\N,\N,\N,\N,\N,\N,\N
МКУХ-005609,31.03.2026 23:59:59,Услуги,ОКТОПУСНЕТ ООО,2536136712,253601001,Договор №305109 от 13.02.2018,\N,\N,\N,\N,\N,\N,\N,\N,руб.,1,Услуги от поставщиков / подрядчиков,услуги связи,Договор № SSP240229OL1 от 26.03.2024,Департамент процессинга,22%,220,1220,Да,\N,\N,20.01,Обеспечение передачи данных фронтальной сети (связь),"Услуги связи (интернет, мобильная связь, почта и другие) (11030700)"
"Поступление (акт, накладная, УПД) МКУХ-005611 от 31.03.2026 23:59:59",Отражение фактических данных МКУХ-003423 от 31.03.2026 23:59:59,\N,\N,\N,\N,\N,\N,\N,\N,\N,\N,\N,\N,\N,\N,\N,\N,\N,\N,\N,\N,\N,\N,\N,\N,\N,\N,\N,\N
МКУХ-005611,31.03.2026 23:59:59,Услуги,ВЫМПЕЛКОМ ПАО (КПП 997750001),7713076301,997750001,Договор 558602210 от 01.09.15,558602210,8741/МК,21.09.2015 0:00:00,Департамент процессинга,"CF02080000 Услуги связи (интернет, мобильная связь, почта и другие)","Услуги связи (интернет, мобильная связь, почта и другие)",00ДО-0000147822,ДО,руб.,1,Услуги от поставщиков / подрядчиков,услуги связи,Договор № SSP240229OL1 от 26.03.2024,Департамент процессинга,22%,1105860.43,6132498.75,Да,\N,\N,20.01,Обеспечение передачи данных фронтальной сети (связь),"Услуги связи (интернет, мобильная связь, почта и другие) (11030700)"
"Поступление (акт, накладная, УПД) МКУХ-005612 от 31.03.2026 23:59:59",Отражение фактических данных МКУХ-003427 от 31.03.2026 23:59:59,\N,\N,\N,\N,\N,\N,\N,\N,\N,\N,\N,\N,\N,\N,\N,\N,\N,\N,\N,\N,\N,\N,\N,\N,\N,\N,\N,\N
МКУХ-005612,31.03.2026 23:59:59,Услуги,МТС ПАО КПП 997750001,7740000076,997750001,Договор №802-ИВ/12 от 01.01.2012г. (НПО Прогтех),\N,\N,\N,\N,\N,\N,\N,\N,руб.,1,Услуги от поставщиков / подрядчиков,услуги связи,Договор № SSP240229OL1 от 26.03.2024,Департамент процессинга,22%,528,2928,Да,\N,\N,20.01,Обеспечение передачи данных фронтальной сети (связь),"Услуги связи (интернет, мобильная связь, почта и другие) (11030700)"
"Поступление (акт, накладная, УПД) МКУХ-005613 от 31.03.2026 23:59:59",Отражение фактических данных МКУХ-003430 от 31.03.2026 23:59:59,\N,\N,\N,\N,\N,\N,\N,\N,\N,\N,\N,\N,\N,\N,\N,\N,\N,\N,\N,\N,\N,\N,\N,\N,\N,\N,\N,\N
МКУХ-005613,31.03.2026 23:59:59,Услуги,СИТИЛИНК ООО (ИНН 1001137458),1001137458,100101001,Договор №84448 от 19.09.13,84448,9667/МК,28.10.2013 0:00:00,Департамент процессинга,"CF02080000 Услуги связи (интернет, мобильная связь, почта и другие)","Услуги связи (интернет, мобильная связь, почта и другие)",00ДО-0000147333,ДО,руб.,1,Услуги от поставщиков / подрядчиков,услуги связи,Договор № SSP240229OL1 от 26.03.2024,Департамент процессинга,Без НДС,\N,54836,Да,\N,\N,20.01,Обеспечение передачи данных фронтальной сети (связь),"Услуги связи (интернет, мобильная связь, почта и другие) (11030700)"
"Поступление (акт, накладная, УПД) МКУХ-005614 от 31.03.2026 23:59:59",Отражение фактических данных МКУХ-003431 от 31.03.2026 23:59:59,\N,\N,\N,\N,\N,\N,\N,\N,\N,\N,\N,\N,\N,\N,\N,\N,\N,\N,\N,\N,\N,\N,\N,\N,\N,\N,\N,\N
МКУХ-005614,31.03.2026 23:59:59,Услуги,ЕКАТЕРИНБУРГ-2000 ООО,6661079603,667001001,Договор №1977301 от 20.10.2023 г.,1977301,001052/ФУ,10.11.2023 0:00:00,Департамент процессинга,"CF02080000 Услуги связи (интернет, мобильная связь, почта и другие)","Услуги связи (интернет, мобильная связь, почта и другие)",00ДО-0000149990,ДО,руб.,1,Услуги от поставщика,Услуги связи,Договор № SSP240229OL1 от 26.03.2024,Департамент процессинга,22%,8985.74,49830,Да,\N,\N,20.01,Обеспечение передачи данных фронтальной сети (связь),"Услуги связи (интернет, мобильная связь, почта и другие) (11030700)"
"Поступление (акт, накладная, УПД) МКУХ-005615 от 31.03.2026 23:59:59",Отражение фактических данных МКУХ-003434 от 31.03.2026 23:59:59,\N,\N,\N,\N,\N,\N,\N,\N,\N,\N,\N,\N,\N,\N,\N,\N,\N,\N,\N,\N,\N,\N,\N,\N,\N,\N,\N,\N
МКУХ-005615,31.03.2026 23:59:59,Услуги,ЕКАТЕРИНБУРГ-2000 ООО,6661079603,667001001,Договор №1977301 от 20.10.2023 г.,1977301,001052/ФУ,10.11.2023 0:00:00,Департамент процессинга,"CF02080000 Услуги связи (интернет, мобильная связь, почта и другие)","Услуги связи (интернет, мобильная связь, почта и другие)",00ДО-0000149990,ДО,руб.,1,Услуги от поставщика,Услуги связи,Договор № SSP240229OL1 от 26.03.2024,Департамент процессинга,22%,2023.28,11220,Да,\N,\N,20.01,Обеспечение передачи данных фронтальной сети (связь),"Услуги связи (интернет, мобильная связь, почта и другие) (11030700)"
"Поступление (акт, накладная, УПД) МКУХ-005616 от 31.03.2026 23:59:59",Отражение фактических данных МКУХ-003435 от 31.03.2026 23:59:59,\N,\N,\N,\N,\N,\N,\N,\N,\N,\N,\N,\N,\N,\N,\N,\N,\N,\N,\N,\N,\N,\N,\N,\N,\N,\N,\N,\N
МКУХ-005616,31.03.2026 23:59:59,Услуги,ЕКАТЕРИНБУРГ-2000 ООО,6661079603,667001001,Договор №1977301 от 20.10.2023 г.,1977301,001052/ФУ,10.11.2023 0:00:00,Департамент процессинга,"CF02080000 Услуги связи (интернет, мобильная связь, почта и другие)","Услуги связи (интернет, мобильная связь, почта и другие)",00ДО-0000149990,ДО,руб.,1,Услуги от поставщика,Услуги связи,Договор № SSP240229OL1 от 26.03.2024,Департамент процессинга,22%,50493.61,280010,Да,\N,\N,20.01,Обеспечение передачи данных фронтальной сети (связь),"Услуги связи (интернет, мобильная связь, почта и другие) (11030700)"
"Поступление (акт, накладная, УПД) МКУХ-005617 от 31.03.2026 23:59:59",Отражение фактических данных МКУХ-003436 от 31.03.2026 23:59:59,\N,\N,\N,\N,\N,\N,\N,\N,\N,\N,\N,\N,\N,\N,\N,\N,\N,\N,\N,\N,\N,\N,\N,\N,\N,\N,\N,\N
МКУХ-005617,31.03.2026 23:59:59,Услуги,ЕКАТЕРИНБУРГ-2000 ООО,6661079603,667001001,Договор №1977301 от 20.10.2023 г.,1977301,001052/ФУ,10.11.2023 0:00:00,Департамент процессинга,"CF02080000 Услуги связи (интернет, мобильная связь, почта и другие)","Услуги связи (интернет, мобильная связь, почта и другие)",00ДО-0000149990,ДО,руб.,1,Услуги от поставщика,Услуги связи,Договор № SSP240229OL1 от 26.03.2024,Департамент процессинга,22%,1388.52,7700,Да,\N,\N,20.01,Обеспечение передачи данных фронтальной сети (связь),"Услуги связи (интернет, мобильная связь, почта и другие) (11030700)"
"Поступление (акт, накладная, УПД) МКУХ-005618 от 31.03.2026 23:59:59",Отражение фактических данных МКУХ-003438 от 31.03.2026 23:59:59,\N,\N,\N,\N,\N,\N,\N,\N,\N,\N,\N,\N,\N,\N,\N,\N,\N,\N,\N,\N,\N,\N,\N,\N,\N,\N,\N,\N
МКУХ-005618,31.03.2026 23:59:59,Услуги,СЕРВИОНИКА ООО,7727790940,773601001,№ МК25-024 от 07.05.2025,№ МК25-024,MK25-05-20-VGO,06.05.2025 10:27:18,\N,CF02010400 Услуги по сопровождению/поддержке клиентов,Услуги по сопровождению/поддержке клиентов,00ДО-0000195904,ДО,руб.,1,Услуги от поставщиков / подрядчиков,Сопровождение фронтальной сети за период 01.03.2026 - 31.03.2026,МУЛЬТИКАРТА_11_АВТОРИЗАЦИИ,Центр сопровождения клиентов,22%,244995.57,1358611.81,Да,\N,\N,20.01,ПР: авторизации,Услуги по поддержке лицензионного ПО (11020403)
МКУХ-005618,31.03.2026 23:59:59,Услуги,СЕРВИОНИКА ООО,7727790940,773601001,№ МК25-024 от 07.05.2025,№ МК25-024,MK25-05-20-VGO,06.05.2025 10:27:18,\N,CF02010400 Услуги по сопровождению/поддержке клиентов,Услуги по сопровождению/поддержке клиентов,00ДО-0000195904,ДО,руб.,2,Услуги от поставщиков / подрядчиков,Сопровождение мультивендорного программного обеспечения (МВПО) TellME7 устройств самообслуживания за период 01.03.2026 - 31.03.2026,МУЛЬТИКАРТА_11_АВТОРИЗАЦИИ,Центр сопровождения клиентов,22%,10472,58072,Да,\N,\N,20.01,ПР: авторизации,Услуги по поддержке лицензионного ПО (11020403)
"Поступление (акт, накладная, УПД) МКУХ-005619 от 31.03.2026 23:59:59",Отражение фактических данных МКУХ-003440 от 31.03.2026 23:59:59,\N,\N,\N,\N,\N,\N,\N,\N,\N,\N,\N,\N,\N,\N,\N,\N,\N,\N,\N,\N,\N,\N,\N,\N,\N,\N,\N,\N
МКУХ-005619,31.03.2026 23:59:59,Услуги,"Нижегородский филиал ПАО ""Ростелеком"" КПП 526043002",7707049388,526043002,Договор №В-430-11 от 01.09.2011,\N,\N,\N,\N,\N,\N,\N,\N,руб.,1,Услуги от поставщика,Услуги связи,Договор № SSP240229OL1 от 26.03.2024,Департамент процессинга,22%,10526.18,58372.29,Да,\N,\N,20.01,Обеспечение передачи данных фронтальной сети (связь),"Услуги связи (интернет, мобильная связь, почта и другие) (11030700)"
"Поступление (акт, накладная, УПД) МКУХ-005622 от 31.03.2026 23:59:59",Отражение фактических данных МКУХ-003443 от 31.03.2026 23:59:59,\N,\N,\N,\N,\N,\N,\N,\N,\N,\N,\N,\N,\N,\N,\N,\N,\N,\N,\N,\N,\N,\N,\N,\N,\N,\N,\N,\N
МКУХ-005622,31.03.2026 23:59:59,Услуги,ОКТОПУСНЕТ ООО,2536136712,253601001,Договор №305109 от 13.02.2018,\N,\N,\N,\N,\N,\N,\N,\N,руб.,1,Услуги от поставщиков / подрядчиков,услуги связи,Договор № SSP240229OL1 от 26.03.2024,Департамент процессинга,22%,220,1220,Да,\N,\N,20.01,Обеспечение передачи данных фронтальной сети (связь),"Услуги связи (интернет, мобильная связь, почта и другие) (11030700)"
"Поступление (акт, накладная, УПД) МКУХ-005623 от 31.03.2026 23:59:59",Отражение фактических данных МКУХ-003444 от 31.03.2026 23:59:59,\N,\N,\N,\N,\N,\N,\N,\N,\N,\N,\N,\N,\N,\N,\N,\N,\N,\N,\N,\N,\N,\N,\N,\N,\N,\N,\N,\N
МКУХ-005623,31.03.2026 23:59:59,Услуги,ОКТОПУСНЕТ ООО,2536136712,253601001,Договор №305109 от 13.02.2018,\N,\N,\N,\N,\N,\N,\N,\N,руб.,1,Услуги от поставщиков / подрядчиков,услуги связи,Договор № SSP240229OL1 от 26.03.2024,Департамент процессинга,22%,531.61,2948,Да,\N,\N,20.01,Обеспечение передачи данных фронтальной сети (связь),"Услуги связи (интернет, мобильная связь, почта и другие) (11030700)"
"Поступление (акт, накладная, УПД) МКУХ-005624 от 31.03.2026 23:59:59",Отражение фактических данных МКУХ-003445 от 31.03.2026 23:59:59,\N,\N,\N,\N,\N,\N,\N,\N,\N,\N,\N,\N,\N,\N,\N,\N,\N,\N,\N,\N,\N,\N,\N,\N,\N,\N,\N,\N
МКУХ-005624,31.03.2026 23:59:59,Услуги,ФИНЕЙТИВ ООО,2463230816,772901001,Договор №МК23-084 от 01.11.2023,MK23-084,000999/ФУ,19.10.2023 0:00:00,Центр сопровождения клиентов,"CF02020300 Платежи за приобретение ПО, лицензий, сертификатов для перепродажи",Расходы на лицензии для перепродажи,00ДО-0000149807,ДО,руб.,1,Услуги от поставщика,Работы по технической поддержке,МУЛЬТИКАРТА_11_ЦБ,Центр сопровождения клиентов,Без НДС,\N,1173635.36,Да,\N,\N,20.01,ПР: авторизации,Услуги по поддержке лицензионного ПО (11020403)
"Поступление (акт, накладная, УПД) МКУХ-005626 от 31.03.2026 23:59:59",Отражение фактических данных МКУХ-003449 от 31.03.2026 23:59:59,\N,\N,\N,\N,\N,\N,\N,\N,\N,\N,\N,\N,\N,\N,\N,\N,\N,\N,\N,\N,\N,\N,\N,\N,\N,\N,\N,\N
МКУХ-005626,31.03.2026 23:59:59,Услуги,ЯНДЕКС.ТАКСИ ООО 997750001,7704340310,997750001,Договор №326861/19 от 15.08.2019,326861/19,539/МК,14.10.2019 0:00:00,Руководство БЕ_Мультикарта,"CF02120100 Лизинг, аренда автотранспорта","Лизинг, аренда автотранспорта",00ДО-0000149416,ДО,руб.,1,Услуги от поставщика,"Услуги по организации перевозок пассажиров и багажа легковым такси, а также по организации иных услуг, доступных для заказа с использованием Сервиса",Мультикарта_Операционный блок_Мультикарта_Бюджет МВЗ,Административный департамент ЦСП,22%,523.82,2904.82,Да,\N,\N,26,Расходы на такси (220304002),\N
"Поступление (акт, накладная, УПД) МКУХ-005630 от 31.03.2026 23:59:59",Отражение фактических данных МКУХ-003453 от 31.03.2026 23:59:59,\N,\N,\N,\N,\N,\N,\N,\N,\N,\N,\N,\N,\N,\N,\N,\N,\N,\N,\N,\N,\N,\N,\N,\N,\N,\N,\N,\N
МКУХ-005630,31.03.2026 23:59:59,Услуги,ИНТЕРСИТИ ООО,3122507763,312201001,Договор №2178 от 17.12.2012г.,2178,484/МК,24.01.2013 0:00:00,Департамент процессинга,"CF02080000 Услуги связи (интернет, мобильная связь, почта и другие)","Услуги связи (интернет, мобильная связь, почта и другие)",00ДО-0000147051,ДО,руб.,1,Услуги от поставщика,Услуги связи,Договор № SSP240229OL1 от 26.03.2024,Департамент процессинга,7%,86.24,1318.24,Да,\N,\N,20.01,Обеспечение передачи данных фронтальной сети (связь),"Услуги связи (интернет, мобильная связь, почта и другие) (11030700)"
"Поступление (акт, накладная, УПД) МКУХ-005631 от 31.03.2026 23:59:59",Отражение фактических данных МКУХ-003500 от 31.03.2026 23:59:59,\N,\N,\N,\N,\N,\N,\N,\N,\N,\N,\N,\N,\N,\N,\N,\N,\N,\N,\N,\N,\N,\N,\N,\N,\N,\N,\N,\N
МКУХ-005631,31.03.2026 23:59:59,Услуги,ЭР-ТЕЛЕКОМ ХОЛДИНГ АО КПП 590501001,5902202276,590501001,Договор №2111Т-И/2013 от 01.04.2013г. (Городские интернет сети),2111Т-И/2013,4135/МК,13.05.2013 0:00:00,Департамент процессинга,"CF02080000 Услуги связи (интернет, мобильная связь, почта и другие)","Услуги связи (интернет, мобильная связь, почта и другие)",00ДО-0000148761,ДО,руб.,1,Услуги от поставщика,Услуги связи интернет,Договор № SSP240229OL1 от 26.03.2024,Департамент процессинга,22%,2178.03,12078.18,Да,\N,\N,20.01,Обеспечение передачи данных фронтальной сети (связь),"Услуги связи (интернет, мобильная связь, почта и другие) (11030700)"
"Поступление (акт, накладная, УПД) МКУХ-005632 от 31.03.2026 23:59:59",Отражение фактических данных МКУХ-003502 от 31.03.2026 23:59:59,\N,\N,\N,\N,\N,\N,\N,\N,\N,\N,\N,\N,\N,\N,\N,\N,\N,\N,\N,\N,\N,\N,\N,\N,\N,\N,\N,\N
МКУХ-005632,31.03.2026 23:59:59,Услуги,ЭР-ТЕЛЕКОМ ХОЛДИНГ АО КПП 590501001,5902202276,590501001,Договор 248481 от 11.11.2010 (Перспектива),248481,266/МК,25.01.2011 0:00:00,Департамент процессинга,"CF02080000 Услуги связи (интернет, мобильная связь, почта и другие)","Услуги связи (интернет, мобильная связь, почта и другие)",00ДО-0000147185,ДО,руб.,1,Услуги от поставщика,Услуги связи,Договор № SSP240229OL1 от 26.03.2024,Департамент процессинга,22%,98366.82,545488.7,Да,\N,\N,20.01,Обеспечение передачи данных фронтальной сети (связь),"Услуги связи (интернет, мобильная связь, почта и другие) (11030700)"
"Поступление (акт, накладная, УПД) МКУХ-005635 от 31.03.2026 23:59:59",Отражение фактических данных МКУХ-003505 от 31.03.2026 23:59:59,\N,\N,\N,\N,\N,\N,\N,\N,\N,\N,\N,\N,\N,\N,\N,\N,\N,\N,\N,\N,\N,\N,\N,\N,\N,\N,\N,\N
МКУХ-005635,31.03.2026 23:59:59,Услуги,ООО СМАРТ ТЕЛЕКОМ,7825365252,784201001,Договор №19791/07/14-С от 01.07.2014,19791/07/14-С,9428/МК,25.08.2014 0:00:00,Департамент процессинга,"CF02080000 Услуги связи (интернет, мобильная связь, почта и другие)","Услуги связи (интернет, мобильная связь, почта и другие)",00ДО-0000147744,ДО,руб.,1,Услуги от поставщиков / подрядчиков,услуги связи,Договор № SSP240229OL1 от 26.03.2024,Департамент процессинга,22%,4943.41,27413.39,Да,\N,\N,20.01,Обеспечение передачи данных фронтальной сети (связь),"Услуги связи (интернет, мобильная связь, почта и другие) (11030700)"
"Поступление (акт, накладная, УПД) МКУХ-005636 от 31.03.2026 23:59:59",Отражение фактических данных МКУХ-003507 от 31.03.2026 23:59:59,\N,\N,\N,\N,\N,\N,\N,\N,\N,\N,\N,\N,\N,\N,\N,\N,\N,\N,\N,\N,\N,\N,\N,\N,\N,\N,\N,\N
МКУХ-005636,31.03.2026 23:59:59,Услуги,БАШИНФОРМСВЯЗЬ ПАО,274018377,27401001,Договор 354 от 01.11.2012г.,354,10379/МК,26.11.2012 0:00:00,Департамент процессинга,"CF02080000 Услуги связи (интернет, мобильная связь, почта и другие)","Услуги связи (интернет, мобильная связь, почта и другие)",00ДО-0000147409,ДО,руб.,1,Услуги от поставщика,услуги связи,Договор № SSP240229OL1 от 26.03.2024,Департамент процессинга,22%,11365.2,63025.19,Да,\N,\N,20.01,Обеспечение передачи данных фронтальной сети (связь),"Услуги связи (интернет, мобильная связь, почта и другие) (11030700)"
"Поступление (акт, накладная, УПД) МКУХ-005638 от 31.03.2026 23:59:59",Отражение фактических данных МКУХ-003516 от 31.03.2026 23:59:59,\N,\N,\N,\N,\N,\N,\N,\N,\N,\N,\N,\N,\N,\N,\N,\N,\N,\N,\N,\N,\N,\N,\N,\N,\N,\N,\N,\N
МКУХ-005638,31.03.2026 23:59:59,Услуги,ЦЕНТРАЛЬНЫЙ ТЕЛЕГРАФ ПАО,7710146208,775101001,Договор N 1.1-500514 от 03.06.10,1.1-500514,2171/МК,29.06.2010 0:00:00,Департамент процессинга,"CF02080000 Услуги связи (интернет, мобильная связь, почта и другие)","Услуги связи (интернет, мобильная связь, почта и другие)",00ДО-0000149374,ДО,руб.,1,Услуги от поставщика,Услуги связи,Договор № SSP240229OL1 от 26.03.2024,Департамент процессинга,22%,770,4270,Да,\N,\N,20.01,Обеспечение передачи данных фронтальной сети (связь),"Услуги связи (интернет, мобильная связь, почта и другие) (11030700)"
"Поступление (акт, накладная, УПД) МКУХ-005639 от 31.03.2026 23:59:59",Отражение фактических данных МКУХ-003517 от 31.03.2026 23:59:59,\N,\N,\N,\N,\N,\N,\N,\N,\N,\N,\N,\N,\N,\N,\N,\N,\N,\N,\N,\N,\N,\N,\N,\N,\N,\N,\N,\N
МКУХ-005639,31.03.2026 23:59:59,Услуги,"Ростовский филиал ПАО ""Ростелеком""",7707049388,616743001,Договор МР/000391-Д от 01.11.2011,МР/000391-Д,6513/МК,01.11.2011 0:00:00,Департамент процессинга,"CF02080000 Услуги связи (интернет, мобильная связь, почта и другие)","Услуги связи (интернет, мобильная связь, почта и другие)",00ДО-0000147009,ДО,руб.,1,Услуги от поставщиков / подрядчиков,услуги связи,Договор № SSP240229OL1 от 26.03.2024,Департамент процессинга,22%,230268.72,1276944.7,Да,\N,\N,20.01,Обеспечение передачи данных фронтальной сети (связь),"Услуги связи (интернет, мобильная связь, почта и другие) (11030700)"
"Поступление (акт, накладная, УПД) МКУХ-005640 от 31.03.2026 23:59:59",Отражение фактических данных МКУХ-003523 от 31.03.2026 23:59:59,\N,\N,\N,\N,\N,\N,\N,\N,\N,\N,\N,\N,\N,\N,\N,\N,\N,\N,\N,\N,\N,\N,\N,\N,\N,\N,\N,\N
МКУХ-005640,31.03.2026 23:59:59,Услуги,МТС ПАО КПП 997750001,7740000076,997750001,Договор №6265234 от 25.03.2016,\N,\N,\N,\N,\N,\N,\N,\N,руб.,1,Услуги от поставщика,Услуги связи,Договор № SSP240229OL1 от 26.03.2024,Департамент процессинга,22%,1008.7,5593.7,Да,\N,\N,20.01,Обеспечение передачи данных фронтальной сети (связь),"Услуги связи (интернет, мобильная связь, почта и другие) (11030700)"
"Поступление (акт, накладная, УПД) МКУХ-005644 от 31.03.2026 23:59:59",Отражение фактических данных МКУХ-003526 от 31.03.2026 23:59:59,\N,\N,\N,\N,\N,\N,\N,\N,\N,\N,\N,\N,\N,\N,\N,\N,\N,\N,\N,\N,\N,\N,\N,\N,\N,\N,\N,\N
МКУХ-005644,31.03.2026 23:59:59,Услуги,ВЫМПЕЛКОМ ПАО (КПП 997750001),7713076301,997750001,Договор Н1167 от 01.08.2008г,Н1167,4357/МК,11.11.2008 0:00:00,Департамент процессинга,"CF02080000 Услуги связи (интернет, мобильная связь, почта и другие)","Услуги связи (интернет, мобильная связь, почта и другие)",00ДО-0000148704,ДО,руб.,2,Услуги от поставщика,Услуги связи,Мультикарта_Департамент процессинга_Бюджет МВЗ,Департамент процессинга,22%,35526.23,197009.07,Да,\N,\N,26,"Услуги связи (интернет, мобильная связь, почта и другие) (22030600)",\N
МКУХ-005644,31.03.2026 23:59:59,Услуги,ВЫМПЕЛКОМ ПАО (КПП 997750001),7713076301,997750001,Договор Н1167 от 01.08.2008г,Н1167,4357/МК,11.11.2008 0:00:00,Департамент процессинга,"CF02080000 Услуги связи (интернет, мобильная связь, почта и другие)","Услуги связи (интернет, мобильная связь, почта и другие)",00ДО-0000148704,ДО,руб.,1,Услуги от поставщика,Услуги связи,Договор № SSP240229OL1 от 26.03.2024,Департамент процессинга,22%,453451.03,2514592.05,Да,\N,\N,20.01,Обеспечение передачи данных фронтальной сети (связь),"Услуги связи (интернет, мобильная связь, почта и другие) (11030700)"
"Поступление (акт, накладная, УПД) МКУХ-005645 от 31.03.2026 23:59:59",Отражение фактических данных МКУХ-003527 от 31.03.2026 23:59:59,\N,\N,\N,\N,\N,\N,\N,\N,\N,\N,\N,\N,\N,\N,\N,\N,\N,\N,\N,\N,\N,\N,\N,\N,\N,\N,\N,\N
МКУХ-005645,31.03.2026 23:59:59,Услуги,ВЫМПЕЛКОМ ПАО (КПП 997750001),7713076301,997750001,Договор Н1167 от 01.08.2008г,Н1167,4357/МК,11.11.2008 0:00:00,Департамент процессинга,"CF02080000 Услуги связи (интернет, мобильная связь, почта и другие)","Услуги связи (интернет, мобильная связь, почта и другие)",00ДО-0000148704,ДО,руб.,1,Услуги от поставщика,Услуги связи,Договор № SSP240229OL1 от 26.03.2024,Департамент процессинга,22%,757.68,4201.68,Да,\N,\N,20.01,Обеспечение передачи данных фронтальной сети (связь),"Услуги связи (интернет, мобильная связь, почта и другие) (11030700)"
"Поступление (акт, накладная, УПД) МКУХ-005646 от 31.03.2026 23:59:59",Отражение фактических данных МКУХ-003528 от 31.03.2026 23:59:59,\N,\N,\N,\N,\N,\N,\N,\N,\N,\N,\N,\N,\N,\N,\N,\N,\N,\N,\N,\N,\N,\N,\N,\N,\N,\N,\N,\N
МКУХ-005646,31.03.2026 23:59:59,Услуги,ВЫМПЕЛКОМ ПАО (КПП 997750001),7713076301,997750001,Договор №1972/13028И от 01.08.2011г. (Урал интеркард),\N,\N,\N,\N,\N,\N,\N,\N,руб.,1,Услуги от поставщиков / подрядчиков,услуги связи,Договор № SSP240229OL1 от 26.03.2024,Департамент процессинга,22%,1012,5612,Да,\N,\N,20.01,Обеспечение передачи данных фронтальной сети (связь),"Услуги связи (интернет, мобильная связь, почта и другие) (11030700)"
"Поступление (акт, накладная, УПД) МКУХ-005647 от 31.03.2026 23:59:59",Отражение фактических данных МКУХ-003529 от 31.03.2026 23:59:59,\N,\N,\N,\N,\N,\N,\N,\N,\N,\N,\N,\N,\N,\N,\N,\N,\N,\N,\N,\N,\N,\N,\N,\N,\N,\N,\N,\N
МКУХ-005647,31.03.2026 23:59:59,Услуги,ВЫМПЕЛКОМ ПАО (КПП 997750001),7713076301,997750001,Договор N 213289212,\N,\N,\N,\N,\N,\N,\N,\N,руб.,1,Услуги от поставщика,смс-информирование,МУЛЬТИКАРТА_11_АВТОРИЗАЦИИ,Департамент процессинга,22%,1045,5795,Да,\N,\N,20.01,SMS: формирование и отправка сообщений,SMS-СЕРВИС: услуги связи по операциям Держателей карт Банка (11020416)
"Поступление (акт, накладная, УПД) МКУХ-005648 от 31.03.2026 23:59:59",Отражение фактических данных МКУХ-003530 от 31.03.2026 23:59:59,\N,\N,\N,\N,\N,\N,\N,\N,\N,\N,\N,\N,\N,\N,\N,\N,\N,\N,\N,\N,\N,\N,\N,\N,\N,\N,\N,\N
МКУХ-005648,31.03.2026 23:59:59,Услуги,45КА ООО,2453010674,245301001,Договор №KRK-Y-INT-18/29416 на предоставление услуг связи от 31.07.2018,KRK-Y-INT-18/29416,MK25-03-10-LC,18.03.2025 13:47:20,Департамент процессинга,"CF02080000 Услуги связи (интернет, мобильная связь, почта и другие)","Услуги связи (интернет, мобильная связь, почта и другие)",00ДО-0000190449,ДО,руб.,1,Услуги от поставщиков / подрядчиков,услуги связи,Договор № SSP240229OL1 от 26.03.2024,Департамент процессинга,22%,488.69,2710,Да,\N,\N,20.01,Обеспечение передачи данных фронтальной сети (связь),"Услуги связи (интернет, мобильная связь, почта и другие) (11030700)"
"Поступление (акт, накладная, УПД) МКУХ-005649 от 31.03.2026 23:59:59",Отражение фактических данных МКУХ-003531 от 31.03.2026 23:59:59,\N,\N,\N,\N,\N,\N,\N,\N,\N,\N,\N,\N,\N,\N,\N,\N,\N,\N,\N,\N,\N,\N,\N,\N,\N,\N,\N,\N
МКУХ-005649,31.03.2026 23:59:59,Услуги,"Макрорегиональный филиал""Северо-Запад"" ПАО ""Ростелеком""",7707049388,784243002,Договор №1130/2008 от 20.08.2008,1130/2008,3555/МК,01.10.2008 0:00:00,Департамент процессинга,"CF02080000 Услуги связи (интернет, мобильная связь, почта и другие)","Услуги связи (интернет, мобильная связь, почта и другие)",00ДО-0000147212,ДО,руб.,1,Услуги от поставщика,Услуги связи,Договор № SSP240229OL1 от 26.03.2024,Департамент процессинга,22%,581369.6,3223958.72,Да,\N,\N,20.01,Обеспечение передачи данных фронтальной сети (связь),"Услуги связи (интернет, мобильная связь, почта и другие) (11030700)"
"Поступление (акт, накладная, УПД) МКУХ-005650 от 31.03.2026 23:59:59",Отражение фактических данных МКУХ-003533 от 31.03.2026 23:59:59,\N,\N,\N,\N,\N,\N,\N,\N,\N,\N,\N,\N,\N,\N,\N,\N,\N,\N,\N,\N,\N,\N,\N,\N,\N,\N,\N,\N
МКУХ-005650,31.03.2026 23:59:59,Услуги,ИНТЕРКАМСЕРВИС ООО,4100005553,410101001,Договор №INET-31389 от 01.09.2014г.,INET-31389,12197/МК,21.11.2014 0:00:00,Департамент процессинга,"CF02080000 Услуги связи (интернет, мобильная связь, почта и другие)","Услуги связи (интернет, мобильная связь, почта и другие)",00ДО-0000147042,ДО,руб.,1,Услуги от поставщика,Услуги связи интернет,Договор № SSP240229OL1 от 26.03.2024,Департамент процессинга,22%,6257.45,34700.4,Да,\N,\N,20.01,Обеспечение передачи данных фронтальной сети (связь),"Услуги связи (интернет, мобильная связь, почта и другие) (11030700)"
"Поступление (акт, накладная, УПД) МКУХ-005651 от 31.03.2026 23:59:59",Отражение фактических данных МКУХ-003537 от 31.03.2026 23:59:59,\N,\N,\N,\N,\N,\N,\N,\N,\N,\N,\N,\N,\N,\N,\N,\N,\N,\N,\N,\N,\N,\N,\N,\N,\N,\N,\N,\N
МКУХ-005651,31.03.2026 23:59:59,Услуги,АТЕЛРЫБИНСК ООО,7610103240,761001001,Договор №60066-02-2015 от 01.02.2015,60066-02-2015,6034/МК,29.07.2015 0:00:00,Департамент процессинга,"CF02080000 Услуги связи (интернет, мобильная связь, почта и другие)","Услуги связи (интернет, мобильная связь, почта и другие)",00ДО-0000147729,ДО,руб.,1,Услуги от поставщиков / подрядчиков,услуги связи,Договор № SSP240229OL1 от 26.03.2024,Департамент процессинга,5%,222.85,4680,Да,\N,\N,20.01,Обеспечение передачи данных фронтальной сети (связь),"Услуги связи (интернет, мобильная связь, почта и другие) (11030700)"
"Поступление (акт, накладная, УПД) МКУХ-005652 от 31.03.2026 23:59:59",Отражение фактических данных МКУХ-003538 от 31.03.2026 23:59:59,\N,\N,\N,\N,\N,\N,\N,\N,\N,\N,\N,\N,\N,\N,\N,\N,\N,\N,\N,\N,\N,\N,\N,\N,\N,\N,\N,\N
МКУХ-005652,31.03.2026 23:59:59,Услуги,ИСТ ООО,1831084185,183101001,Договор 3757 от 06.06.11,\N,\N,\N,\N,\N,\N,\N,\N,руб.,1,Услуги от поставщика,Услуги связи интернет,Договор № SSP240229OL1 от 26.03.2024,Департамент процессинга,5%,766.66,16100,Да,\N,\N,20.01,Обеспечение передачи данных фронтальной сети (связь),"Услуги связи (интернет, мобильная связь, почта и другие) (11030700)"
"Поступление (акт, накладная, УПД) МКУХ-005653 от 31.03.2026 23:59:59",Отражение фактических данных МКУХ-003544 от 31.03.2026 23:59:59,\N,\N,\N,\N,\N,\N,\N,\N,\N,\N,\N,\N,\N,\N,\N,\N,\N,\N,\N,\N,\N,\N,\N,\N,\N,\N,\N,\N
МКУХ-005653,31.03.2026 23:59:59,Услуги,"Макрорегиональный филиал ""Центр"" ПАО ""Ростелеком""",7707049388,773443001,Договор №ЦПКК-11-115000001975/2001/11-Ц от 14.06.2011,ЦПКК-11-115000001975/2001/11-Ц,3157/МК,23.06.2011 0:00:00,Департамент процессинга,"CF02080000 Услуги связи (интернет, мобильная связь, почта и другие)","Услуги связи (интернет, мобильная связь, почта и другие)",00ДО-0000149314,ДО,руб.,1,Услуги от поставщика,услуги связи,Договор № SSP240229OL1 от 26.03.2024,Департамент процессинга,22%,93398.44,517936.6,Да,\N,\N,20.01,Обеспечение передачи данных фронтальной сети (связь),"Услуги связи (интернет, мобильная связь, почта и другие) (11030700)"
"Поступление (акт, накладная, УПД) МКУХ-005655 от 31.03.2026 23:59:59",Отражение фактических данных МКУХ-003548 от 31.03.2026 23:59:59,\N,\N,\N,\N,\N,\N,\N,\N,\N,\N,\N,\N,\N,\N,\N,\N,\N,\N,\N,\N,\N,\N,\N,\N,\N,\N,\N,\N
МКУХ-005655,31.03.2026 23:59:59,Услуги,МТС ПАО КПП 997750001,7740000076,997750001,Договор №2-СПБ/70421 от 10.02.2010г.,\N,\N,\N,Департамент процессинга,"CF02080000 Услуги связи (интернет, мобильная связь, почта и другие)",Прочие общепроизводственные расходы,\N,УХ,руб.,1,Услуги от поставщиков / подрядчиков,услуги связи,Договор № SSP240229OL1 от 26.03.2024,Департамент процессинга,22%,9129.86,50629.23,Да,\N,\N,20.01,Обеспечение передачи данных фронтальной сети (связь),"Услуги связи (интернет, мобильная связь, почта и другие) (11030700)"
"Поступление (акт, накладная, УПД) МКУХ-005656 от 31.03.2026 23:59:59",Отражение фактических данных МКУХ-003551 от 31.03.2026 23:59:59,\N,\N,\N,\N,\N,\N,\N,\N,\N,\N,\N,\N,\N,\N,\N,\N,\N,\N,\N,\N,\N,\N,\N,\N,\N,\N,\N,\N
МКУХ-005656,31.03.2026 23:59:59,Услуги,АЭХК АО,3801098402,785150001,Дог.№ 10/5444-Д от 12.09.2016г.,10/5444-Д,\N,\N,\N,\N,\N,\N,\N,руб.,1,Услуги от поставщика,Услуги связи,Договор № SSP240229OL1 от 26.03.2024,Департамент процессинга,22%,502.48,2786.48,Да,\N,\N,20.01,Обеспечение передачи данных фронтальной сети (связь),"Услуги связи (интернет, мобильная связь, почта и другие) (11030700)"
"Поступление (акт, накладная, УПД) МКУХ-005658 от 31.03.2026 23:59:59",Отражение фактических данных МКУХ-003553 от 31.03.2026 23:59:59,\N,\N,\N,\N,\N,\N,\N,\N,\N,\N,\N,\N,\N,\N,\N,\N,\N,\N,\N,\N,\N,\N,\N,\N,\N,\N,\N,\N
МКУХ-005658,31.03.2026 23:59:59,Услуги,ЭР-ТЕЛЕКОМ ХОЛДИНГ АО КПП 590501001,5902202276,590501001,Договор № DNET-1939 на оказание услуг связи от 17.08.2011,DNET-1939,MK25-03-12-LC,19.03.2025 15:32:10,Департамент процессинга,"CF02080000 Услуги связи (интернет, мобильная связь, почта и другие)","Услуги связи (интернет, мобильная связь, почта и другие)",00ДО-0000190701,ДО,руб.,1,Услуги от поставщиков / подрядчиков,услуги связи,Договор № SSP240229OL1 от 26.03.2024,Департамент процессинга,22%,16980.54,94164.8,Да,\N,\N,20.01,Обеспечение передачи данных фронтальной сети (связь),"Услуги связи (интернет, мобильная связь, почта и другие) (11030700)"
"Поступление (акт, накладная, УПД) МКУХ-005660 от 31.03.2026 23:59:59",Отражение фактических данных МКУХ-003557 от 31.03.2026 23:59:59,\N,\N,\N,\N,\N,\N,\N,\N,\N,\N,\N,\N,\N,\N,\N,\N,\N,\N,\N,\N,\N,\N,\N,\N,\N,\N,\N,\N
МКУХ-005660,31.03.2026 23:59:59,Услуги,ЭР-ТЕЛЕКОМ ХОЛДИНГ АО КПП 590501001,5902202276,590501001,Договор №4872/11c от 17.10.2011 (УралВЭС),\N,\N,\N,\N,\N,\N,\N,\N,руб.,1,Услуги от поставщика,Услуги связи,Договор № SSP240229OL1 от 26.03.2024,Департамент процессинга,22%,14771.1,81912.44,Да,\N,\N,20.01,Обеспечение передачи данных фронтальной сети (связь),"Услуги связи (интернет, мобильная связь, почта и другие) (11030700)"
"Поступление (акт, накладная, УПД) МКУХ-005661 от 31.03.2026 23:59:59",Отражение фактических данных МКУХ-003559 от 31.03.2026 23:59:59,\N,\N,\N,\N,\N,\N,\N,\N,\N,\N,\N,\N,\N,\N,\N,\N,\N,\N,\N,\N,\N,\N,\N,\N,\N,\N,\N,\N
МКУХ-005661,31.03.2026 23:59:59,Услуги,НОВОТЕЛЕКОМ ООО,5406260827,540601001,Договор  №630318 от 07.11.2017,630318,1666,12.02.2018 0:00:00,Департамент процессинга,"CF02080000 Услуги связи (интернет, мобильная связь, почта и другие)","Услуги связи (интернет, мобильная связь, почта и другие)",00ДО-0000150200,ДО,руб.,1,Услуги от поставщика,услуги связи,Договор № SSP240229OL1 от 26.03.2024,Департамент процессинга,22%,13225.54,73341.61,Да,\N,\N,20.01,Обеспечение передачи данных фронтальной сети (связь),"Услуги связи (интернет, мобильная связь, почта и другие) (11030700)"
"Поступление (акт, накладная, УПД) МКУХ-005662 от 31.03.2026 23:59:59",Отражение фактических данных МКУХ-003560 от 31.03.2026 23:59:59,\N,\N,\N,\N,\N,\N,\N,\N,\N,\N,\N,\N,\N,\N,\N,\N,\N,\N,\N,\N,\N,\N,\N,\N,\N,\N,\N,\N
МКУХ-005662,31.03.2026 23:59:59,Услуги,Т2 МОБАЙЛ ООО (КПП 775101001),7743895280,775101001,Договор об оказании услуг связи №50599532 от 01.01.2016,50599532,MK24-10-38-LC,22.10.2024 15:41:21,Департамент процессинга,"CF02080000 Услуги связи (интернет, мобильная связь, почта и другие)","Услуги связи (интернет, мобильная связь, почта и другие)",00ДО-0000169999,ДО,руб.,1,Услуги от поставщика,Услуги связи интернет,Договор № SSP240229OL1 от 26.03.2024,Департамент процессинга,22%,93483.84,518410.37,Да,\N,\N,20.01,Обеспечение передачи данных фронтальной сети (связь),"Услуги связи (интернет, мобильная связь, почта и другие) (11030700)"
"Поступление (акт, накладная, УПД) МКУХ-005663 от 31.03.2026 23:59:59",Отражение фактических данных МКУХ-003561 от 31.03.2026 23:59:59,\N,\N,\N,\N,\N,\N,\N,\N,\N,\N,\N,\N,\N,\N,\N,\N,\N,\N,\N,\N,\N,\N,\N,\N,\N,\N,\N,\N
МКУХ-005663,31.03.2026 23:59:59,Услуги,МТС ПАО КПП 997750001,7740000076,997750001,Договор 2-07/МБ/74792 от 01.07.2010,\N,\N,\N,\N,\N,\N,\N,\N,руб.,1,Услуги от поставщиков / подрядчиков,услуги связи,Договор № SSP240229OL1 от 26.03.2024,Департамент процессинга,22%,32444.7,179920.61,Да,\N,\N,20.01,Обеспечение передачи данных фронтальной сети (связь),"Услуги связи (интернет, мобильная связь, почта и другие) (11030700)"
"Поступление (акт, накладная, УПД) МКУХ-005664 от 31.03.2026 23:59:59",Отражение фактических данных МКУХ-003564 от 31.03.2026 23:59:59,\N,\N,\N,\N,\N,\N,\N,\N,\N,\N,\N,\N,\N,\N,\N,\N,\N,\N,\N,\N,\N,\N,\N,\N,\N,\N,\N,\N
МКУХ-005664,31.03.2026 23:59:59,Услуги,ЭН+ ТЕЛЕКОМ ООО,3808084952,381201001,Договор №11855 от 15.02.2016г.,\N,\N,\N,\N,\N,\N,\N,\N,руб.,1,Услуги от поставщиков / подрядчиков,услуги связи,Договор № SSP240229OL1 от 26.03.2024,Департамент процессинга,22%,13177.15,73072.9,Да,\N,\N,20.01,Обеспечение передачи данных фронтальной сети (связь),"Услуги связи (интернет, мобильная связь, почта и другие) (11030700)"
"Поступление (акт, накладная, УПД) МКУХ-005665 от 31.03.2026 23:59:59",Отражение фактических данных МКУХ-003565 от 31.03.2026 23:59:59,\N,\N,\N,\N,\N,\N,\N,\N,\N,\N,\N,\N,\N,\N,\N,\N,\N,\N,\N,\N,\N,\N,\N,\N,\N,\N,\N,\N
МКУХ-005665,31.03.2026 23:59:59,Услуги,КРИСТЕЛЕКОМ ООО,2455020815,245501001,Договор №127 от 01.08.2014г.,127,9856/МК,09.09.2014 0:00:00,Департамент процессинга,"CF02080000 Услуги связи (интернет, мобильная связь, почта и другие)","Услуги связи (интернет, мобильная связь, почта и другие)",00ДО-0000147059,ДО,руб.,1,Услуги от поставщиков / подрядчиков,услуги связи,Договор № SSP240229OL1 от 26.03.2024,Департамент процессинга,22%,353.44,1960,Да,\N,\N,20.01,Обеспечение передачи данных фронтальной сети (связь),"Услуги связи (интернет, мобильная связь, почта и другие) (11030700)"
"Поступление (акт, накладная, УПД) МКУХ-005666 от 31.03.2026 23:59:59",Отражение фактических данных МКУХ-003566 от 31.03.2026 23:59:59,\N,\N,\N,\N,\N,\N,\N,\N,\N,\N,\N,\N,\N,\N,\N,\N,\N,\N,\N,\N,\N,\N,\N,\N,\N,\N,\N,\N
МКУХ-005666,31.03.2026 23:59:59,Услуги,Русская компания,7224079602,720301001,Договор №202208.1430/ВЛО от 10.08.2022,202208.1430/ВЛО,01622/22,26.08.2022 0:00:00,Департамент процессинга,"CF02080000 Услуги связи (интернет, мобильная связь, почта и другие)","Услуги связи (интернет, мобильная связь, почта и другие)",00ДО-0000148524,ДО,руб.,1,Услуги от поставщика,Организация выделенной линии интернет,Договор № SSP240229OL1 от 26.03.2024,Департамент процессинга,22%,2098.8,11638.8,Да,\N,\N,20.01,Обеспечение передачи данных фронтальной сети (связь),"Услуги связи (интернет, мобильная связь, почта и другие) (11030700)"
"Поступление (акт, накладная, УПД) МКУХ-005667 от 31.03.2026 23:59:59",Отражение фактических данных МКУХ-003567 от 31.03.2026 23:59:59,\N,\N,\N,\N,\N,\N,\N,\N,\N,\N,\N,\N,\N,\N,\N,\N,\N,\N,\N,\N,\N,\N,\N,\N,\N,\N,\N,\N
МКУХ-005667,31.03.2026 23:59:59,Услуги,ИНФОРМСЕРВИС ООО,3444082321,344301001,Договор МК СПБ 11-02 от 01.06.2011,МК СПБ 11-02,\N,\N,\N,\N,\N,\N,\N,руб.,1,Услуги от поставщиков / подрядчиков,услуги связи,Договор № SSP240229OL1 от 26.03.2024,Департамент процессинга,5%,2517.66,52870,Да,\N,\N,20.01,Обеспечение передачи данных фронтальной сети (связь),"Услуги связи (интернет, мобильная связь, почта и другие) (11030700)"
"Поступление (акт, накладная, УПД) МКУХ-005669 от 31.03.2026 23:59:59",Отражение фактических данных МКУХ-003570 от 31.03.2026 23:59:59,\N,\N,\N,\N,\N,\N,\N,\N,\N,\N,\N,\N,\N,\N,\N,\N,\N,\N,\N,\N,\N,\N,\N,\N,\N,\N,\N,\N
МКУХ-005669,31.03.2026 23:59:59,Услуги,"АО ""МТС РЕКЛАМНЫЕ ТЕХНОЛОГИИ""",9725200116,772501001,ОМНИ34/2025 от 06.05.2025,ОМНИ34/2025,MK26-03-30-LC,05.03.2026 18:05:15,Департамент процессинга,"CF02080000 Услуги связи (интернет, мобильная связь, почта и другие)","Услуги связи (интернет, мобильная связь, почта и другие)",00ДО-0000231450,ДО,руб.,1,Услуги связи,sms-информирование,МУЛЬТИКАРТА_11_АВТОРИЗАЦИИ,Департамент процессинга,22%,302796.95,1679146.72,Да,\N,\N,20.01,SMS: формирование и отправка сообщений,SMS-СЕРВИС: услуги связи по операциям Держателей карт Банка (11020416)
"Поступление (акт, накладная, УПД) МКУХ-005670 от 31.03.2026 23:59:59",Отражение фактических данных МКУХ-003571 от 31.03.2026 23:59:59,\N,\N,\N,\N,\N,\N,\N,\N,\N,\N,\N,\N,\N,\N,\N,\N,\N,\N,\N,\N,\N,\N,\N,\N,\N,\N,\N,\N
МКУХ-005670,31.03.2026 23:59:59,Услуги,ТИС - ДИАЛОГ ООО,3908602823,390601001,Договор №515980 от 26.03.2012г.,515980,4737/МК,22.05.2012 0:00:00,Департамент процессинга,"CF02080000 Услуги связи (интернет, мобильная связь, почта и другие)","Услуги связи (интернет, мобильная связь, почта и другие)",00ДО-0000146741,ДО,руб.,1,Услуги от поставщиков / подрядчиков,услуги связи,Договор № SSP240229OL1 от 26.03.2024,Департамент процессинга,22%,9455.49,52435,Да,\N,\N,20.01,Обеспечение передачи данных фронтальной сети (связь),"Услуги связи (интернет, мобильная связь, почта и другие) (11030700)"
"Поступление (акт, накладная, УПД) МКУХ-005672 от 31.03.2026 23:59:59",Отражение фактических данных МКУХ-003572 от 31.03.2026 23:59:59,\N,\N,\N,\N,\N,\N,\N,\N,\N,\N,\N,\N,\N,\N,\N,\N,\N,\N,\N,\N,\N,\N,\N,\N,\N,\N,\N,\N
МКУХ-005672,31.03.2026 23:59:59,Услуги,Т2 МОБАЙЛ ООО (КПП 775101001),7743895280,775101001,Договор об оказании услуг связи №50599532 от 01.01.2016,50599532,MK24-10-38-LC,22.10.2024 15:41:21,Департамент процессинга,"CF02080000 Услуги связи (интернет, мобильная связь, почта и другие)","Услуги связи (интернет, мобильная связь, почта и другие)",00ДО-0000169999,ДО,руб.,1,Услуги от поставщика,Услуги связи интернет,Договор № SSP240229OL1 от 26.03.2024,Департамент процессинга,22%,256828.21,1424229.19,Да,\N,\N,20.01,Обеспечение передачи данных фронтальной сети (связь),"Услуги связи (интернет, мобильная связь, почта и другие) (11030700)"
"Поступление (акт, накладная, УПД) МКУХ-005673 от 31.03.2026 23:59:59",Отражение фактических данных МКУХ-003576 от 31.03.2026 23:59:59,\N,\N,\N,\N,\N,\N,\N,\N,\N,\N,\N,\N,\N,\N,\N,\N,\N,\N,\N,\N,\N,\N,\N,\N,\N,\N,\N,\N
МКУХ-005673,31.03.2026 23:59:59,Услуги,АССИСТ,7825478305,780601001,Договор №МК17-135 от 25.12.2017,МК17-135,216,02.03.2021 0:00:00,Блок развития бизнеса_Мультикарта,CF02010400 Услуги по сопровождению/поддержке клиентов,Услуги по сопровождению/поддержке клиентов,00ДО-0000150883,ДО,руб.,1,Услуги от поставщика,Услуги от поставщика  IPSP,МУЛЬТИКАРТА_11_IPSP,Центр сопровождения клиентов,22%,3626.63,20111.33,Да,\N,\N,20.01,ПР: авторизации,Прочий субподряд (11020410)
"Поступление (акт, накладная, УПД) МКУХ-005674 от 31.03.2026 23:59:59",Отражение фактических данных МКУХ-003577 от 31.03.2026 23:59:59,\N,\N,\N,\N,\N,\N,\N,\N,\N,\N,\N,\N,\N,\N,\N,\N,\N,\N,\N,\N,\N,\N,\N,\N,\N,\N,\N,\N
МКУХ-005674,31.03.2026 23:59:59,Услуги,АССИСТ,7825478305,780601001,Договор №МК17-135 от 25.12.2017,МК17-135,216,02.03.2021 0:00:00,Блок развития бизнеса_Мультикарта,CF02010400 Услуги по сопровождению/поддержке клиентов,Услуги по сопровождению/поддержке клиентов,00ДО-0000150883,ДО,руб.,1,Услуги от поставщика,Услуги от поставщика  IPSP,МУЛЬТИКАРТА_11_IPSP,Центр сопровождения клиентов,22%,60511.14,335561.78,Да,\N,\N,20.01,ПР: авторизации,Прочий субподряд (11020410)
"Поступление (акт, накладная, УПД) МКУХ-005675 от 31.03.2026 23:59:59",Отражение фактических данных МКУХ-003578 от 31.03.2026 23:59:59,\N,\N,\N,\N,\N,\N,\N,\N,\N,\N,\N,\N,\N,\N,\N,\N,\N,\N,\N,\N,\N,\N,\N,\N,\N,\N,\N,\N
МКУХ-005675,31.03.2026 23:59:59,Услуги,СОФТИНФОРМ ООО,7017198320,701701001,Договор МК22-084 от 04.08.2022,МК22-084,ФУ 04648/МК,28.11.2022 0:00:00,Блок развития бизнеса_Мультикарта,CF02011000 Прочий субподряд,Прочий субподряд,00ДО-0000150689,ДО,руб.,1,Услуги от поставщиков / подрядчиков,Работы по Аналитике,МУЛЬТИКАРТА_11_ПСР,Департамент реализации проектов и поддержки клиентов,7%,34620.56,529200,Да,\N,\N,20.01,ПР: авторизации,Услуги по заказной разработке ПО (11020406)
"Поступление (акт, накладная, УПД) МКУХ-005677 от 31.03.2026 23:59:59",Отражение фактических данных МКУХ-003580 от 31.03.2026 23:59:59,\N,\N,\N,\N,\N,\N,\N,\N,\N,\N,\N,\N,\N,\N,\N,\N,\N,\N,\N,\N,\N,\N,\N,\N,\N,\N,\N,\N
МКУХ-005677,31.03.2026 23:59:59,Услуги,ПРОНИТ,7731356728,772701001,ДС №5 Договор N 1354-НРМ от 01.12.2010 г.,\N,\N,\N,\N,\N,\N,\N,\N,руб.,1,Услуги от поставщиков / подрядчиков,Сопровождение программного обеспечения с 01.01.2026 г. по 31.03.2026 г.,МУЛЬТИКАРТА_11_АВТОРИЗАЦИИ,Департамент процессинга,22%,45833.33,254166.66,Да,\N,\N,20.01,ПР: авторизации,Услуги по поддержке лицензионного ПО (11020403)
"Поступление (акт, накладная, УПД) МКУХ-005679 от 31.03.2026 23:59:59",Отражение фактических данных МКУХ-003583 от 31.03.2026 23:59:59,\N,\N,\N,\N,\N,\N,\N,\N,\N,\N,\N,\N,\N,\N,\N,\N,\N,\N,\N,\N,\N,\N,\N,\N,\N,\N,\N,\N
МКУХ-005679,31.03.2026 23:59:59,Услуги,СТОР-ЭКСПРЕСС СЕРВИС ООО,7723457987,772301001,МК24-042 от 11.11.2024,МК24-042,24-07-3-LLС,02.07.2024 14:04:34,Административный департамент ЦСП,CF02080004 Курьерская доставка. Услуги связи,Курьерская доставка. Услуги связи,00ДО-0000155030,ДО,руб.,1,Услуги от поставщиков / подрядчиков,Экспресс-доставка документов,Договор № SSP240229OL1 от 26.03.2024,Департамент процессинга,22%,4342.48,24080.98,Да,\N,\N,20.01,Обеспечение передачи данных фронтальной сети (связь),"Услуги связи (интернет, мобильная связь, почта и другие) (11030700)"
"Поступление (акт, накладная, УПД) МКУХ-005680 от 31.03.2026 23:59:59",Отражение фактических данных МКУХ-003584 от 31.03.2026 23:59:59,\N,\N,\N,\N,\N,\N,\N,\N,\N,\N,\N,\N,\N,\N,\N,\N,\N,\N,\N,\N,\N,\N,\N,\N,\N,\N,\N,\N
МКУХ-005680,31.03.2026 23:59:59,Услуги,МТС ПАО КПП 997750001,7740000076,997750001,Договор № Н15942 от 25.01.2012,\N,\N,\N,\N,\N,\N,\N,\N,руб.,2,Услуги от поставщика,Услуги связи,Мультикарта_Департамент процессинга_Бюджет МВЗ,Департамент процессинга,22%,2741.05,15200.37,Да,\N,\N,26,"Услуги связи (интернет, мобильная связь, почта и другие) (22030600)",\N
МКУХ-005680,31.03.2026 23:59:59,Услуги,МТС ПАО КПП 997750001,7740000076,997750001,Договор № Н15942 от 25.01.2012,\N,\N,\N,\N,\N,\N,\N,\N,руб.,1,Услуги от поставщика,Услуги связи,Договор № SSP240229OL1 от 26.03.2024,Департамент процессинга,22%,1362094.58,7553433.58,Да,\N,\N,20.01,Обеспечение передачи данных фронтальной сети (связь),"Услуги связи (интернет, мобильная связь, почта и другие) (11030700)"
"Поступление (акт, накладная, УПД) МКУХ-005681 от 31.03.2026 23:59:59",Отражение фактических данных МКУХ-003589 от 31.03.2026 23:59:59,\N,\N,\N,\N,\N,\N,\N,\N,\N,\N,\N,\N,\N,\N,\N,\N,\N,\N,\N,\N,\N,\N,\N,\N,\N,\N,\N,\N
МКУХ-005681,31.03.2026 23:59:59,Услуги,Т2 МОБАЙЛ ООО (КПП 775101001),7743895280,775101001,Договор об оказании услуг связи №50599532 от 01.01.2016,50599532,MK24-10-38-LC,22.10.2024 15:41:21,Департамент процессинга,"CF02080000 Услуги связи (интернет, мобильная связь, почта и другие)","Услуги связи (интернет, мобильная связь, почта и другие)",00ДО-0000169999,ДО,руб.,1,Услуги от поставщика,Услуги связи интернет,Договор № SSP240229OL1 от 26.03.2024,Департамент процессинга,22%,112634.32,624608.52,Да,\N,\N,20.01,Обеспечение передачи данных фронтальной сети (связь),"Услуги связи (интернет, мобильная связь, почта и другие) (11030700)"
"Поступление (акт, накладная, УПД) МКУХ-005682 от 31.03.2026 23:59:59",Отражение фактических данных МКУХ-003595 от 31.03.2026 23:59:59,\N,\N,\N,\N,\N,\N,\N,\N,\N,\N,\N,\N,\N,\N,\N,\N,\N,\N,\N,\N,\N,\N,\N,\N,\N,\N,\N,\N
МКУХ-005682,31.03.2026 23:59:59,Услуги,ТСК ЗАО,6904025480,695001001,53 от 15.06.2012,53,MK24-07-10-LC,30.07.2024 12:39:05,Департамент процессинга,"CF02080000 Услуги связи (интернет, мобильная связь, почта и другие)","Услуги связи (интернет, мобильная связь, почта и другие)",00ДО-0000158179,ДО,руб.,1,Услуги от поставщика,Услуги связи,Договор № SSP240229OL1 от 26.03.2024,Департамент процессинга,22%,220,1220,Да,\N,\N,20.01,Обеспечение передачи данных фронтальной сети (связь),"Услуги связи (интернет, мобильная связь, почта и другие) (11030700)"
"Поступление (акт, накладная, УПД) МКУХ-005683 от 31.03.2026 23:59:59",Отражение фактических данных МКУХ-003596 от 31.03.2026 23:59:59,\N,\N,\N,\N,\N,\N,\N,\N,\N,\N,\N,\N,\N,\N,\N,\N,\N,\N,\N,\N,\N,\N,\N,\N,\N,\N,\N,\N
МКУХ-005683,31.03.2026 23:59:59,Услуги,МТС ПАО КПП 997750001,7740000076,997750001,Договор №6265234 от 25.03.2016,\N,\N,\N,\N,\N,\N,\N,\N,руб.,1,Услуги от поставщика,Услуги связи,Договор № SSP240229OL1 от 26.03.2024,Департамент процессинга,22%,111491.39,618270.46,Да,\N,\N,20.01,Обеспечение передачи данных фронтальной сети (связь),"Услуги связи (интернет, мобильная связь, почта и другие) (11030700)"
"Поступление (акт, накладная, УПД) МКУХ-005684 от 31.03.2026 23:59:59",Отражение фактических данных МКУХ-003598 от 31.03.2026 23:59:59,\N,\N,\N,\N,\N,\N,\N,\N,\N,\N,\N,\N,\N,\N,\N,\N,\N,\N,\N,\N,\N,\N,\N,\N,\N,\N,\N,\N
МКУХ-005684,31.03.2026 23:59:59,Услуги,РБС ООО,7708149360,770901001,Договор №СП29/17 от 29.05.2017,СП29/17,\N,\N,Блок развития бизнеса_Мультикарта,"0000000002 Оплата товаров, работ, услуг, сырья и иных оборотных активов",Расходы на техническое обслуживание ИТ,00ДО-0000150886,ДО,руб.,1,Услуги по Договору,ИТ-сопровождение,МУЛЬТИКАРТА_11_IPSP,Центр сопровождения клиентов,22%,1289978.2,7153515.45,Да,\N,\N,20.01,ПР: авторизации,Прочий субподряд (11020410)
"Поступление (акт, накладная, УПД) МКУХ-005685 от 31.03.2026 23:59:59",Отражение фактических данных МКУХ-003599 от 31.03.2026 23:59:59,\N,\N,\N,\N,\N,\N,\N,\N,\N,\N,\N,\N,\N,\N,\N,\N,\N,\N,\N,\N,\N,\N,\N,\N,\N,\N,\N,\N
МКУХ-005685,31.03.2026 23:59:59,Услуги,ПЛАТЕЖНЫЙ ООО,7701870710,770101001,Договор №МК17-056 от 12.07.2017,МК17-056,10160/МК,19.10.2017 0:00:00,Блок развития бизнеса_Мультикарта,CF02010400 Услуги по сопровождению/поддержке клиентов,Услуги по сопровождению/поддержке клиентов,00ДО-0000150887,ДО,руб.,1,Услуги по Договору,"ИТ-сопровождение,  IPSP",МУЛЬТИКАРТА_11_IPSP,Центр сопровождения клиентов,Без НДС,\N,121684.01,Да,\N,\N,20.01,ПР: авторизации,Прочий субподряд (11020410)
"Поступление (акт, накладная, УПД) МКУХ-005686 от 31.03.2026 23:59:59",Отражение фактических данных МКУХ-003601 от 31.03.2026 23:59:59,\N,\N,\N,\N,\N,\N,\N,\N,\N,\N,\N,\N,\N,\N,\N,\N,\N,\N,\N,\N,\N,\N,\N,\N,\N,\N,\N,\N
МКУХ-005686,31.03.2026 23:59:59,Услуги,ИНФОЛАДА ООО,6320006309,632101001,Договор №1162278 от 12.08.2011,1162278,4602/МК,29.08.2011 0:00:00,Департамент процессинга,"CF02080000 Услуги связи (интернет, мобильная связь, почта и другие)","Услуги связи (интернет, мобильная связь, почта и другие)",00ДО-0000149085,ДО,руб.,1,Услуги от поставщика,Услуги связи,Договор № SSP240229OL1 от 26.03.2024,Департамент процессинга,22%,7106,39406,Да,\N,\N,20.01,Обеспечение передачи данных фронтальной сети (связь),"Услуги связи (интернет, мобильная связь, почта и другие) (11030700)"
"Поступление (акт, накладная, УПД) МКУХ-005687 от 31.03.2026 23:59:59",Отражение фактических данных МКУХ-003602 от 31.03.2026 23:59:59,\N,\N,\N,\N,\N,\N,\N,\N,\N,\N,\N,\N,\N,\N,\N,\N,\N,\N,\N,\N,\N,\N,\N,\N,\N,\N,\N,\N
МКУХ-005687,31.03.2026 23:59:59,Услуги,АВЕЛАКОМ БИЗНЕС ООО,7743195070,774301001,Договор № 77/357 от 01.07.2017,77/357,7669/МК,03.08.2017 0:00:00,Департамент процессинга,"CF02080000 Услуги связи (интернет, мобильная связь, почта и другие)","Услуги связи (интернет, мобильная связь, почта и другие)",00ДО-0000146733,ДО,руб.,1,Услуги от поставщика,Услуги связи,Договор № SSP240229OL1 от 26.03.2024,Департамент процессинга,22%,2200,12200,Да,\N,\N,20.01,ПР: авторизации,"Услуги связи (интернет, мобильная связь, почта и другие) (11030700)"
