employee_id,snapshot_date,hire_date,termination_date,attrition_90d,contact_center,project,team,tenure_months,shift_type,workload_pct,overtime_hours_30d,absence_days_90d,late_shifts_90d,schedule_adherence_pct,productivity_score,quality_score,csat_score,engagement_score,manager_changed_90d,training_hours_90d,exit_reason
SYN-00001,2024-05-12,2022-03-24,,0,Казань,Продажи,Команда 07,26,Смешанная,88.46,9.14,1,0,94.5,83.89,85.33,4.38,66.55,0,3.64,
SYN-00002,2024-12-01,2019-12-28,,0,Москва,Удержание,Команда 02,60,Дневная,87.27,1.74,0,1,96.19,75.68,94.98,4.09,69.8,0,9.08,
SYN-00003,2024-12-20,2022-03-06,,0,Омск,Поддержка,Команда 12,34,Смешанная,90.91,18.15,2,0,91.67,89.14,89.36,3.81,86.34,0,0,
SYN-00004,2024-04-14,2022-01-25,,0,Москва,Удержание,Команда 08,27,Смешанная,81.38,18.15,4,0,89.48,83.12,76.8,4.24,65.01,0,2.73,
SYN-00005,2025-06-21,2021-11-09,,0,Казань,Удержание,Команда 05,44,Дневная,90.58,21.48,3,2,91.38,100,90.92,4.68,73.8,0,12.98,
SYN-00006,2025-03-13,2024-12-13,,0,Казань,Удержание,Команда 05,3,Дневная,112.82,29.44,2,0,100,64.49,76.4,4.41,52.59,0,1.77,
SYN-00007,2024-08-11,2022-02-23,,0,Омск,Продажи,Команда 09,30,Дневная,91.12,9.2,0,2,96.87,77.88,90.33,4.39,74.55,0,8.49,
SYN-00008,2025-08-14,2022-07-01,,0,Казань,Поддержка,Команда 11,38,Ночная,89.47,6.44,10,1,71.97,63.65,90.72,4.26,87.98,0,8.75,
SYN-00009,2024-01-19,2020-03-10,,0,Омск,Поддержка,Команда 08,47,Ночная,95.99,0,2,0,97.58,80.46,75.39,4.81,79.3,0,11.08,
SYN-00010,2024-03-17,2020-10-04,2024-04-09,1,Омск,Продажи,Команда 12,42,Дневная,81.27,7.93,0,1,91.75,90.89,74.01,4.99,71.19,1,16.31,Смена работодателя
SYN-00011,2024-08-09,2023-04-17,,0,Москва,Поддержка,Команда 10,16,Смешанная,92.77,4.76,0,0,99.38,67.69,86.43,3.66,56.33,0,7.51,
SYN-00012,2024-04-01,2023-03-08,2024-06-01,1,Омск,Поддержка,Команда 03,13,Ночная,76.99,21.87,0,1,91.24,84.76,82.64,4.03,45.88,0,0.99,Низкая вовлечённость
SYN-00013,2026-03-19,2024-04-28,,0,Омск,Продажи,Команда 08,23,Дневная,78.64,12.37,0,1,89.72,87.85,91.39,3.82,65.72,0,17.43,
SYN-00014,2025-09-12,2020-12-07,,0,Казань,Удержание,Команда 05,58,Дневная,92.53,8.1,4,0,87.83,94.83,78.94,3.86,83.34,0,6.79,
SYN-00015,2024-02-10,2022-09-18,2024-02-29,1,Омск,Удержание,Команда 08,17,Дневная,84.82,7.94,0,0,88.06,95.64,92.38,4.43,61.75,1,14.91,Смена графика
SYN-00016,2026-02-19,2025-04-25,,0,Москва,Продажи,Команда 10,10,Дневная,99.92,7.74,0,1,93.54,73.76,82.23,4.39,52.51,1,20.82,
SYN-00017,2025-07-06,2024-05-12,,0,Казань,Продажи,Команда 10,14,Смешанная,99.38,11.98,3,0,94.03,85.73,80.97,4.0,84.34,0,3.34,
SYN-00018,2024-01-17,2020-09-04,2024-01-25,1,Москва,Продажи,Команда 06,41,Дневная,88.08,12.34,5,4,83.74,86.67,82.29,4.68,64.39,0,3.98,Смена графика
SYN-00019,2024-09-18,2020-12-08,,0,Казань,Продажи,Команда 02,46,Ночная,73.07,13.04,1,1,92.89,93.89,76.43,4.19,68.75,0,5.66,
SYN-00020,2024-11-06,2023-05-16,2025-01-10,1,Омск,Удержание,Команда 12,18,Дневная,76.81,14.99,8,0,73.63,80.32,87.89,4.39,73.61,1,10.31,Личные причины
SYN-00021,2024-06-20,2024-04-21,,0,Казань,Удержание,Команда 03,2,Ночная,64.78,36.42,7,2,86.98,75.27,87.37,4.78,52.46,0,11.11,
SYN-00022,2024-01-19,2021-12-30,,0,Омск,Удержание,Команда 11,25,Дневная,100.09,13.74,0,4,89.75,82.92,90.48,4.79,60.5,0,7.75,
SYN-00023,2026-01-06,2022-02-26,,0,Москва,Удержание,Команда 05,47,Дневная,94.35,10.03,0,0,98.93,85.06,90.55,4.13,75.18,0,7.77,
SYN-00024,2024-01-12,2023-01-17,2024-02-18,1,Омск,Удержание,Команда 06,12,Смешанная,90.31,0.46,3,7,84.15,73.23,98.41,4.97,63.04,0,10.08,Смена графика
SYN-00025,2025-01-04,2021-07-24,2025-01-25,1,Москва,Продажи,Команда 04,42,Смешанная,98.63,22.34,6,0,88.64,80.68,79.52,3.99,63.31,1,19.47,Личные причины
SYN-00026,2025-12-05,2024-01-15,,0,Омск,Удержание,Команда 06,23,Смешанная,75.24,8.37,1,1,90.59,73.79,93.7,4.25,60.37,0,6.92,
SYN-00027,2024-10-06,2021-02-24,,0,Москва,Продажи,Команда 03,44,Смешанная,81.7,8.58,0,3,92.35,90.87,100,4.72,73.02,0,0,
SYN-00028,2024-02-04,2023-06-09,2024-04-29,1,Москва,Удержание,Команда 01,8,Смешанная,100.7,0,4,0,88.95,76.77,85.96,4.55,71.16,0,13.69,Личные причины
SYN-00029,2025-07-06,2024-02-12,,0,Казань,Продажи,Команда 09,17,Смешанная,65.56,28.31,2,0,94.4,79.68,90.13,4.19,46.47,0,3.55,
SYN-00030,2024-07-05,2023-01-12,,0,Москва,Удержание,Команда 11,18,Дневная,87.49,7.92,3,6,79.28,83.91,71.12,4.65,70.66,0,2.67,
SYN-00031,2025-10-13,2025-04-16,,0,Казань,Продажи,Команда 04,6,Смешанная,87.29,16.71,1,0,89.06,81.84,84.91,4.76,70.38,1,11.8,
SYN-00032,2024-12-08,2022-05-23,2024-12-15,1,Казань,Удержание,Команда 08,31,Ночная,108.28,18.84,2,1,93.64,76.46,86.09,4.21,75.75,0,6.05,Личные причины
SYN-00033,2024-04-08,2023-05-14,,0,Москва,Удержание,Команда 01,11,Смешанная,96.48,17.26,1,2,96.58,85.75,89.7,4.3,71.79,0,5.32,
SYN-00034,2024-12-08,2024-07-11,,0,Казань,Продажи,Команда 12,5,Дневная,106.29,13.33,0,1,89.94,89.85,86.31,4.52,42.44,1,8.02,
SYN-00035,2024-12-01,2023-06-10,,0,Москва,Удержание,Команда 08,18,Смешанная,93.23,7.28,0,0,100,73.83,75.34,4.43,88.06,0,10.42,
SYN-00036,2024-04-13,2019-05-10,,0,Казань,Продажи,Команда 05,60,Дневная,89.72,19.31,2,1,88.37,81.04,77.71,4.31,73.26,0,11.04,
SYN-00037,2024-12-03,2020-10-25,,0,Омск,Удержание,Команда 10,50,Дневная,95.49,13.98,2,1,86.91,100,95.08,3.93,59.38,0,0.95,
SYN-00038,2025-05-10,2024-12-11,,0,Казань,Поддержка,Команда 07,5,Смешанная,75.64,10.99,2,0,91.74,86.77,82.7,4.12,82.19,0,7.95,
SYN-00039,2024-02-03,2020-06-23,,0,Москва,Продажи,Команда 01,44,Смешанная,101.7,11.8,1,3,99.63,69.84,88.23,4.36,64.24,0,4.72,
SYN-00040,2025-02-11,2024-05-17,,0,Омск,Поддержка,Команда 01,9,Дневная,89.89,0,2,0,94.68,81.58,84.34,4.1,74.35,0,5.39,
SYN-00041,2024-04-12,2019-06-08,2024-06-20,1,Москва,Поддержка,Команда 10,59,Дневная,90.05,23.32,4,2,86.77,80.75,91.75,4.2,33.34,1,11.68,Низкая вовлечённость
SYN-00042,2025-04-16,2023-10-24,2025-07-02,1,Казань,Удержание,Команда 02,18,Дневная,91.33,3.95,5,5,81.02,76.5,85.07,4.73,78.91,0,8.5,Смена графика
SYN-00043,2025-05-12,2023-02-22,2025-07-12,1,Омск,Продажи,Команда 07,27,Дневная,94.18,10.25,6,1,81.57,80.61,86.84,4.63,44.81,0,0,Низкая вовлечённость
SYN-00044,2025-11-08,2021-07-02,,0,Омск,Удержание,Команда 09,53,Дневная,88.47,5.18,1,2,96.69,85.04,74.67,4.32,74.64,0,0,
SYN-00045,2024-07-21,2023-04-28,,0,Москва,Удержание,Команда 03,15,Дневная,107.0,0,3,0,91.3,71.99,86.4,4.07,58.21,1,8.91,
SYN-00046,2026-01-01,2023-03-18,,0,Казань,Поддержка,Команда 02,34,Ночная,51.94,0,0,2,96.53,87.35,83.18,4.42,59.35,0,5.62,
SYN-00047,2025-04-15,2022-04-01,,0,Казань,Удержание,Команда 03,37,Смешанная,88.24,7.76,6,2,82.35,78.88,85.79,4.31,83.06,0,4.46,
SYN-00048,2025-05-04,2023-05-15,,0,Казань,Поддержка,Команда 12,24,Дневная,59.82,8.36,1,0,95.92,89.28,91.96,4.18,98.15,0,4.75,
SYN-00049,2024-04-12,2019-10-06,,0,Казань,Удержание,Команда 05,55,Дневная,103.07,3.48,0,2,98.29,77.79,86.62,4.56,92.95,0,10.45,
SYN-00050,2024-01-02,2021-02-16,,0,Казань,Удержание,Команда 04,35,Дневная,71.59,22.54,5,1,92.1,63.4,84.71,3.95,69.83,0,13.57,
SYN-00051,2024-04-02,2023-03-09,2024-04-13,1,Казань,Продажи,Команда 10,13,Дневная,86.09,0,5,0,91.05,64.69,86.85,4.08,49.59,0,1.26,Низкая вовлечённость
SYN-00052,2025-06-20,2020-11-13,,0,Казань,Поддержка,Команда 10,56,Дневная,87.91,4.73,7,4,86.69,79.57,86.61,4.06,71.01,0,11.63,
SYN-00053,2024-09-08,2022-02-21,,0,Москва,Поддержка,Команда 02,31,Дневная,56.9,15.07,1,9,83.83,90.74,69.82,4.06,49.67,0,8.33,
SYN-00054,2024-02-04,2021-12-16,,0,Казань,Удержание,Команда 08,26,Дневная,92.6,0,0,0,98.16,76.6,82.21,4.26,91.36,0,10.77,
SYN-00055,2024-09-05,2020-05-29,,0,Омск,Удержание,Команда 04,52,Смешанная,70.4,18.29,0,4,93.71,79.2,92.62,3.94,74.5,1,1.68,
SYN-00056,2025-06-14,2021-04-06,,0,Омск,Поддержка,Команда 06,51,Дневная,81.66,19.7,6,0,84.67,70.64,69.78,4.61,60.71,0,12.82,
SYN-00057,2025-09-15,2021-07-08,,0,Казань,Удержание,Команда 12,51,Смешанная,114.53,12.48,1,1,93.83,85.49,85.92,3.92,77.34,0,6.52,
SYN-00058,2024-12-15,2024-02-19,,0,Москва,Удержание,Команда 10,10,Ночная,88.08,13.94,0,2,85.98,68.74,82.71,4.08,70.58,0,7.67,
SYN-00059,2025-11-03,2022-01-23,,0,Москва,Продажи,Команда 11,46,Дневная,91.53,30.38,1,6,81.71,92.69,86.86,4.39,54.35,1,13.05,
SYN-00060,2025-03-02,2022-05-17,,0,Омск,Удержание,Команда 04,34,Смешанная,83.13,21.5,0,1,90.87,86.26,93.46,3.91,80.93,0,6.59,
SYN-00061,2024-11-17,2023-11-23,,0,Казань,Поддержка,Команда 12,12,Ночная,77.75,13.31,2,2,86.1,72.74,89.09,4.16,64.51,0,1.17,
SYN-00062,2024-10-02,2020-05-26,,0,Москва,Поддержка,Команда 07,53,Дневная,92.27,18.12,0,0,95.29,81.64,84.86,4.59,64.33,0,12.61,
SYN-00063,2024-04-19,2022-07-29,,0,Казань,Поддержка,Команда 01,21,Ночная,90.0,8.63,6,1,87.35,86.72,85.6,4.01,74.79,0,5.15,
SYN-00064,2025-04-06,2021-12-23,,0,Казань,Поддержка,Команда 03,40,Дневная,67.15,4.19,0,0,89.1,77.88,90.25,5,79.04,0,7.09,
SYN-00065,2024-12-02,2024-03-07,,0,Москва,Удержание,Команда 01,9,Дневная,88.46,16.44,0,1,100,91.72,81.79,4.5,62.09,0,8.75,
SYN-00066,2024-11-12,2021-07-01,,0,Омск,Продажи,Команда 01,41,Дневная,88.75,11.89,1,0,90.14,87.46,89.47,4.42,68.37,0,0.67,
SYN-00067,2025-09-02,2021-02-25,,0,Казань,Удержание,Команда 05,55,Ночная,70.22,9.87,1,0,87.45,69.23,76.98,4.22,97.48,0,4.57,
SYN-00068,2025-02-07,2021-02-28,,0,Казань,Продажи,Команда 07,48,Смешанная,82.76,10.14,0,0,97.68,68.36,84.67,4.54,80.63,0,14.17,
SYN-00069,2024-01-04,2022-07-13,,0,Казань,Удержание,Команда 10,18,Дневная,89.75,0,1,2,98.84,77.9,90.7,4.35,82.73,0,9.14,
SYN-00070,2024-05-10,2024-01-11,,0,Омск,Продажи,Команда 08,4,Дневная,70.81,2.6,1,1,91.19,74.3,89.9,4.64,92.0,1,5.74,
SYN-00071,2024-11-05,2022-03-21,,0,Казань,Продажи,Команда 03,32,Дневная,88.86,2.97,4,0,83.69,81.74,86.79,4.11,57.44,0,7.99,
SYN-00072,2025-01-04,2021-02-24,,0,Омск,Продажи,Команда 08,47,Ночная,110.15,12.63,5,1,83.95,74.19,79.22,5,63.08,0,7.6,
SYN-00073,2025-10-08,2020-11-03,,0,Казань,Поддержка,Команда 01,60,Ночная,76.99,7.23,0,2,82.25,77.99,84.27,4.95,75.58,0,2.29,
SYN-00074,2026-01-05,2025-02-09,2026-04-03,1,Казань,Удержание,Команда 07,11,Дневная,82.78,23.86,2,2,91.44,77.43,81.98,4.16,67.53,0,10.22,Смена графика
SYN-00075,2024-07-01,2020-11-19,,0,Москва,Поддержка,Команда 05,44,Дневная,77.69,8.85,0,0,100,88.18,95.92,4.09,66.73,1,6.42,
SYN-00076,2024-05-20,2021-02-05,,0,Москва,Удержание,Команда 07,40,Дневная,98.1,23.94,1,0,100,68.49,73.85,4.09,55.34,0,10.19,
SYN-00077,2025-12-13,2025-08-15,,0,Москва,Продажи,Команда 12,4,Дневная,93.51,9.71,0,4,91.81,81.82,87.74,4.0,72.55,0,8.03,
SYN-00078,2025-05-16,2024-05-21,,0,Омск,Продажи,Команда 10,12,Дневная,112.26,14.37,8,0,84.1,91.25,63.58,3.83,73.27,0,7.21,
SYN-00079,2025-11-05,2021-11-26,,0,Казань,Удержание,Команда 04,48,Ночная,84.51,10.18,1,0,83.81,94.07,79.88,4.85,69.36,0,2.0,
SYN-00080,2024-08-01,2024-04-03,,0,Казань,Поддержка,Команда 03,4,Дневная,67.78,9.58,0,0,97.36,95.68,76.4,4.96,71.89,0,9.46,
SYN-00081,2024-07-16,2023-07-22,,0,Казань,Поддержка,Команда 06,12,Смешанная,73.92,4.15,1,0,92.63,89.37,77.32,4.18,46.22,1,8.0,
SYN-00082,2026-01-08,2023-10-21,,0,Омск,Удержание,Команда 07,27,Дневная,80.77,0,5,0,82.47,88.47,93.92,4.56,80.81,0,3.8,
SYN-00083,2025-01-18,2024-07-22,,0,Омск,Поддержка,Команда 04,6,Дневная,89.06,12.82,6,1,83.81,70.1,77.09,4.34,76.71,0,7.63,
SYN-00084,2024-09-02,2022-07-15,,0,Казань,Удержание,Команда 05,26,Ночная,74.36,4.27,0,0,100,67.59,84.83,4.4,68.62,1,7.72,
SYN-00085,2024-06-06,2021-11-19,,0,Омск,Поддержка,Команда 03,31,Дневная,71.52,18.28,1,2,94.15,79.27,83.45,4.07,78.98,0,15.76,
SYN-00086,2025-11-13,2024-10-19,,0,Казань,Удержание,Команда 05,13,Ночная,79.64,7.08,6,0,81.8,88.1,79.82,4.05,72.41,0,0.0,
SYN-00087,2024-07-20,2024-03-22,,0,Москва,Поддержка,Команда 10,4,Смешанная,80.95,4.03,0,1,94.6,80.88,75.3,4.31,70.29,0,6.15,
SYN-00088,2024-05-06,2022-02-16,,0,Казань,Продажи,Команда 09,27,Дневная,83.81,13.12,4,6,82.92,79.14,90.87,4.54,62.6,0,13.86,
SYN-00089,2024-04-03,2022-12-10,,0,Омск,Поддержка,Команда 10,16,Дневная,73.53,17.5,3,2,90.5,89.06,93.72,4.22,71.93,0,9.14,
SYN-00090,2025-07-09,2025-03-11,,0,Омск,Продажи,Команда 11,4,Смешанная,107.93,11.98,0,2,99.99,79.11,95.28,4.43,82.07,0,6.39,
SYN-00091,2024-08-04,2021-01-22,,0,Москва,Продажи,Команда 10,43,Дневная,84.84,6.67,4,0,90.97,80.5,90.9,4.96,49.11,0,9.86,
SYN-00092,2024-04-01,2020-06-21,,0,Омск,Удержание,Команда 02,46,Смешанная,100.36,8.41,0,1,89.04,73.65,86.21,3.98,51.61,0,6.18,
SYN-00093,2025-12-02,2021-05-27,,0,Омск,Удержание,Команда 03,55,Дневная,77.57,15.3,7,2,85.51,80.24,75.3,4.52,70.2,0,11.41,
SYN-00094,2026-03-06,2023-04-21,,0,Омск,Удержание,Команда 07,35,Дневная,66.12,20.04,3,0,99.28,64.4,89.06,4.62,75.74,0,5.97,
SYN-00095,2024-11-02,2021-06-21,,0,Казань,Продажи,Команда 12,41,Ночная,78.47,11.55,4,1,84.11,90.07,80.8,4.56,45.8,0,4.16,
SYN-00096,2024-11-15,2024-04-19,,0,Москва,Удержание,Команда 04,7,Смешанная,98.23,7.58,0,5,87.25,72.75,88.71,4.48,58.19,0,10.0,
SYN-00097,2025-08-07,2021-04-30,2025-09-01,1,Казань,Поддержка,Команда 06,52,Дневная,90.06,0,1,1,85.47,84.47,91.17,4.8,89.65,0,4.4,Смена работодателя
SYN-00098,2025-07-07,2022-07-23,,0,Москва,Поддержка,Команда 08,36,Дневная,75.33,0.95,0,4,85.59,93.96,94.21,4.63,82.89,0,8.57,
SYN-00099,2025-07-12,2021-03-05,,0,Омск,Удержание,Команда 12,53,Дневная,84.1,21.61,0,2,86.83,67.31,85.33,4.72,51.78,0,1.62,
SYN-00100,2025-06-15,2022-10-29,,0,Омск,Поддержка,Команда 07,32,Дневная,101.54,16.77,2,3,92.89,87.91,82.39,4.12,75.34,0,8.35,
SYN-00101,2025-10-04,2022-03-24,2025-12-17,1,Омск,Поддержка,Команда 03,43,Смешанная,109.9,9.39,2,4,82.2,85.13,85.66,4.72,65.84,0,0,Смена графика
SYN-00102,2025-10-08,2021-02-01,2025-12-17,1,Омск,Поддержка,Команда 01,57,Дневная,100.76,28.37,6,0,92.78,75.7,85.89,4.46,50.8,0,10.58,Низкая вовлечённость
SYN-00103,2025-12-06,2022-09-23,,0,Москва,Продажи,Команда 10,39,Смешанная,90.79,9.43,4,0,96.65,92.07,83.47,4.88,92.03,0,8.88,
SYN-00104,2025-07-20,2025-01-21,,0,Москва,Продажи,Команда 07,6,Дневная,101.74,19.37,0,0,98.41,78.32,96.67,4.25,72.7,0,0,
SYN-00105,2026-03-07,2023-12-18,2026-03-25,1,Омск,Удержание,Команда 05,27,Смешанная,89.77,14.23,2,2,86.3,84.66,79.77,4.22,40.61,1,6.45,Низкая вовлечённость
SYN-00106,2025-09-03,2021-11-23,,0,Омск,Продажи,Команда 06,46,Дневная,71.46,0,0,1,100,75.81,87.42,4.86,76.71,0,5.1,
SYN-00107,2024-06-14,2020-11-02,,0,Омск,Удержание,Команда 12,44,Ночная,88.66,8.36,3,2,83.65,57.6,79.22,4.49,62.06,0,4.39,
SYN-00108,2025-09-20,2025-07-22,,0,Омск,Поддержка,Команда 12,2,Дневная,75.18,17.99,0,1,89.56,73.06,84.06,4.37,71.31,0,17.83,
SYN-00109,2025-08-16,2024-12-19,2025-11-09,1,Казань,Продажи,Команда 12,8,Ночная,96.56,16.42,2,0,90.41,75.33,86.87,4.55,65.99,0,11.51,Личные причины
SYN-00110,2024-04-19,2022-03-01,,0,Москва,Продажи,Команда 06,26,Смешанная,108.71,18.47,4,0,92.54,69.31,81.67,4.22,65.06,0,15.62,
SYN-00111,2025-06-12,2021-01-04,,0,Москва,Продажи,Команда 08,54,Смешанная,101.34,18.15,1,3,87.44,84.89,79.43,4.94,64.39,0,4.03,
SYN-00112,2024-02-11,2019-12-04,,0,Казань,Удержание,Команда 03,51,Ночная,86.13,0,0,3,90.14,67.06,86.84,3.87,80.48,0,7.12,
SYN-00113,2025-10-07,2023-01-21,2025-10-26,1,Омск,Удержание,Команда 07,33,Дневная,70.08,24.95,4,1,86.67,69.64,73.99,4.18,77.77,0,4.59,Высокая нагрузка
SYN-00114,2025-03-07,2022-06-21,2025-05-24,1,Казань,Поддержка,Команда 01,33,Ночная,90.3,17.66,1,0,96.17,83.8,90.54,4.38,43.49,0,0,Низкая вовлечённость
SYN-00115,2025-10-03,2023-02-16,,0,Омск,Продажи,Команда 11,32,Дневная,86.52,6.87,1,1,92.81,59.68,75.58,4.16,78.78,0,17.24,
SYN-00116,2024-04-19,2019-07-15,,0,Москва,Продажи,Команда 10,58,Ночная,111.39,20.39,2,0,96.83,77.28,90.83,4.07,63.9,1,1.92,
SYN-00117,2025-03-16,2024-03-21,,0,Омск,Продажи,Команда 04,12,Дневная,86.24,0,2,1,88.13,67.11,80.43,4.11,72.32,0,3.52,
SYN-00118,2025-01-16,2023-04-27,,0,Омск,Поддержка,Команда 07,21,Дневная,96.4,10.3,2,5,87.65,87.83,86.72,4.78,67.44,0,16.98,
SYN-00119,2025-03-03,2021-03-24,2025-04-27,1,Казань,Поддержка,Команда 06,48,Дневная,107.24,19.77,1,9,88.23,78.54,76.79,4.75,73.16,0,10.79,Смена работодателя
SYN-00120,2025-01-20,2022-08-04,,0,Казань,Продажи,Команда 11,30,Дневная,81.18,0,5,5,78.54,91.38,74.1,3.79,73.35,0,5.74,
SYN-00121,2024-04-10,2023-09-13,,0,Омск,Поддержка,Команда 06,7,Дневная,85.54,14.44,2,0,89.56,83.53,92.24,4.58,74.49,0,10.13,
SYN-00122,2025-03-12,2024-09-13,,0,Омск,Поддержка,Команда 06,6,Ночная,66.69,2.47,3,4,95.81,74.0,84.95,4.54,60.68,0,10.81,
SYN-00123,2025-05-03,2022-01-19,,0,Казань,Удержание,Команда 04,40,Дневная,93.68,0,0,0,95.24,74.81,80.05,4.07,78.77,0,10.55,
SYN-00124,2026-02-16,2022-12-04,,0,Москва,Поддержка,Команда 09,39,Дневная,93.13,3.69,0,1,92.75,79.77,87.73,4.9,79.7,0,4.58,
SYN-00125,2026-02-11,2025-02-16,,0,Москва,Удержание,Команда 10,12,Дневная,94.5,22.51,4,0,91.58,76.96,79.12,4.12,52.92,0,7.77,
SYN-00126,2025-06-04,2023-05-16,,0,Казань,Продажи,Команда 04,25,Ночная,99.34,2.76,1,1,90.22,87.95,82.63,4.07,68.41,0,8.24,
SYN-00127,2025-01-15,2021-10-03,,0,Омск,Продажи,Команда 05,40,Дневная,102.36,12.28,6,0,84.2,91.57,77.89,4.35,75.6,0,12.09,
SYN-00128,2024-05-17,2020-10-05,2024-07-05,1,Москва,Продажи,Команда 06,44,Дневная,84.6,6.08,3,0,86.55,77.13,79.14,4.21,88.96,0,11.06,Личные причины
SYN-00129,2024-07-01,2021-02-17,,0,Москва,Продажи,Команда 08,41,Дневная,98.58,12.47,3,5,91.02,84.91,78.88,4.58,76.56,0,10.54,
SYN-00130,2024-06-20,2020-06-11,,0,Казань,Поддержка,Команда 06,49,Дневная,103.62,11.65,1,3,89.62,78.54,83.22,4.42,66.46,0,4.18,
SYN-00131,2025-11-21,2023-09-03,,0,Омск,Продажи,Команда 11,27,Смешанная,71.79,0,1,2,97.08,95.93,80.35,4.59,82.59,0,8.9,
SYN-00132,2025-07-03,2024-10-06,,0,Омск,Удержание,Команда 07,9,Дневная,76.01,16.02,0,0,100,83.77,80.23,4.12,60.5,1,9.04,
SYN-00133,2024-02-13,2022-08-22,,0,Казань,Продажи,Команда 09,18,Ночная,81.47,9.13,7,0,80.65,79.63,86.13,4.41,56.9,0,15.91,
SYN-00134,2024-02-02,2021-05-18,,0,Москва,Поддержка,Команда 01,33,Смешанная,112.36,17.04,2,2,91.6,67.71,83.75,4.4,61.19,0,8.36,
SYN-00135,2025-02-16,2021-06-07,,0,Казань,Удержание,Команда 03,45,Ночная,92.56,0,0,3,95.49,76.24,91.32,4.16,69.02,1,0.58,
SYN-00136,2025-10-20,2024-07-27,,0,Москва,Продажи,Команда 11,15,Смешанная,85.57,11.79,0,1,90.26,86.7,80.92,4.23,77.12,1,9.77,
SYN-00137,2024-08-02,2022-10-12,,0,Москва,Продажи,Команда 02,22,Дневная,84.84,7.25,5,0,94.42,71.14,81.68,4.57,77.58,0,9.15,
SYN-00138,2025-12-19,2023-07-03,2026-01-14,1,Москва,Удержание,Команда 07,30,Дневная,84.7,9.35,0,2,97.67,83.28,88.32,3.96,59.73,0,12.46,Смена графика
SYN-00139,2024-09-05,2024-07-07,,0,Омск,Поддержка,Команда 11,2,Смешанная,75.54,6.38,1,1,88.24,80.34,83.74,4.67,77.81,0,7.36,
SYN-00140,2025-02-09,2024-09-12,,0,Казань,Продажи,Команда 02,5,Дневная,114.26,2.68,0,3,93.59,78.69,81.73,4.04,70.18,0,9.31,
SYN-00141,2024-04-16,2021-12-28,2024-05-25,1,Омск,Поддержка,Команда 07,28,Дневная,103.84,17.75,14,1,80.14,85.34,70.11,4.11,59.31,1,13.54,Личные причины
SYN-00142,2025-05-08,2024-05-13,,0,Казань,Поддержка,Команда 06,12,Дневная,99.31,11.15,2,0,91.47,69.5,89.57,3.75,72.88,0,9.09,
SYN-00143,2024-06-11,2022-07-22,,0,Омск,Удержание,Команда 03,23,Смешанная,103.37,9.56,2,5,91.27,75.65,99.31,4.52,75.71,0,1.56,
SYN-00144,2024-01-17,2021-08-30,,0,Омск,Продажи,Команда 06,29,Дневная,100.37,19.23,1,2,84.1,79.99,72.95,3.61,74.91,0,9.86,
SYN-00145,2025-07-13,2021-02-04,2025-08-17,1,Москва,Поддержка,Команда 01,54,Ночная,98.5,16.93,1,2,87.78,78.84,88.69,4.64,63.21,0,11.11,Личные причины
SYN-00146,2024-08-20,2021-09-05,2024-10-12,1,Казань,Продажи,Команда 11,36,Дневная,95.06,8.17,1,2,92.63,74.85,98.51,4.79,64.86,1,15.87,Личные причины
SYN-00147,2025-06-02,2024-02-08,,0,Москва,Поддержка,Команда 03,16,Дневная,108.78,20.57,3,3,91.49,83.07,83.77,4.23,75.34,0,7.5,
SYN-00148,2025-10-17,2024-09-22,,0,Казань,Удержание,Команда 02,13,Смешанная,71.63,19.44,2,1,96.03,74.4,87.8,4.23,54.39,1,3.78,
SYN-00149,2025-04-20,2020-10-13,2025-07-11,1,Москва,Удержание,Команда 11,55,Дневная,114.36,16.09,4,1,96.44,70.95,90.8,3.51,67.85,0,9.47,Смена графика
SYN-00150,2024-07-15,2022-04-27,,0,Казань,Удержание,Команда 01,27,Дневная,100.94,0,1,0,97.47,87.04,75.59,5,98.83,0,9.25,
SYN-00151,2025-12-09,2023-12-20,,0,Москва,Поддержка,Команда 02,24,Дневная,77.07,9.92,3,0,93.63,76.65,89.6,4.66,81.27,0,13.27,
SYN-00152,2026-02-09,2024-06-19,,0,Казань,Продажи,Команда 02,20,Дневная,89.01,9.52,4,0,87.35,95.11,89.44,4.2,84.84,0,0.56,
SYN-00153,2024-01-05,2023-12-06,,0,Казань,Поддержка,Команда 05,1,Смешанная,92.5,2.25,4,0,95.02,81.27,87.86,4.37,67.57,1,6.11,
SYN-00154,2024-12-13,2022-01-28,,0,Казань,Продажи,Команда 01,35,Смешанная,75.71,7.31,3,6,83.24,86.79,79.43,4.11,80.92,0,0.07,
SYN-00155,2025-05-10,2023-12-17,2025-06-17,1,Казань,Поддержка,Команда 03,17,Дневная,88.88,11.68,1,1,84.16,91.16,84.75,4.25,51.2,0,8.87,Низкая вовлечённость
SYN-00156,2026-01-04,2021-01-30,2026-02-10,1,Омск,Поддержка,Команда 12,60,Дневная,81.87,6.14,14,2,74.35,83.18,82.38,4.49,58.22,0,1.17,Смена графика
SYN-00157,2025-11-11,2023-11-22,2026-01-16,1,Казань,Продажи,Команда 10,24,Дневная,111.35,17.06,0,1,90.36,86.07,90.62,4.46,60.07,0,8.03,Личные причины
SYN-00158,2025-04-04,2022-09-17,,0,Омск,Поддержка,Команда 11,31,Дневная,67.1,25.34,0,0,89.27,89.39,72.92,4.3,80.73,0,2.53,
SYN-00159,2024-11-12,2023-04-22,,0,Москва,Продажи,Команда 06,19,Дневная,108.05,14.11,1,0,89.05,78.45,76.57,3.79,70.16,0,6.18,
SYN-00160,2025-04-02,2024-11-03,,0,Казань,Продажи,Команда 08,5,Ночная,79.13,10.48,1,2,93.99,82.65,80.92,4.17,100,0,0,
SYN-00161,2024-08-04,2020-11-23,,0,Казань,Удержание,Команда 02,45,Смешанная,66.09,8.73,3,2,84.46,79.7,77.99,3.99,75.87,0,8.09,
SYN-00162,2025-05-01,2021-12-18,,0,Казань,Удержание,Команда 11,41,Дневная,77.73,18.8,2,0,95.66,80.5,74.4,4.38,45.0,0,8.51,
SYN-00163,2025-10-03,2021-12-23,,0,Москва,Удержание,Команда 05,46,Дневная,95.08,11.81,0,6,90.3,85.65,92.11,3.72,71.42,0,2.24,
SYN-00164,2025-05-08,2020-10-01,,0,Москва,Продажи,Команда 09,56,Смешанная,77.42,21.03,1,1,84.93,79.05,75.59,4.18,65.35,0,4.71,
SYN-00165,2024-02-11,2020-05-02,,0,Омск,Поддержка,Команда 08,46,Смешанная,74.86,15.0,2,0,92.67,81.54,90.13,5,75.29,1,2.05,
SYN-00166,2025-06-02,2021-09-21,,0,Омск,Удержание,Команда 05,45,Дневная,81.17,11.75,0,0,99.45,88.5,76.22,4.64,87.09,1,5.71,
SYN-00167,2024-05-08,2023-06-13,,0,Омск,Поддержка,Команда 10,11,Дневная,78.86,15.83,0,0,89.5,65.61,74.79,4.24,53.46,0,11.7,
SYN-00168,2024-04-20,2021-12-02,,0,Омск,Поддержка,Команда 06,29,Дневная,73.96,0,1,0,86.02,92.54,89.36,4.04,76.41,0,2.41,
SYN-00169,2025-06-12,2024-03-19,2025-08-16,1,Казань,Поддержка,Команда 01,15,Смешанная,97.03,22.35,1,9,87.96,67.23,85.66,4.61,66.52,1,8.19,Смена работодателя
SYN-00170,2025-10-10,2023-02-23,2025-10-17,1,Москва,Поддержка,Команда 03,32,Дневная,86.87,11.12,0,5,89.94,88.2,67.7,4.57,27.53,1,0,Низкая вовлечённость
SYN-00171,2025-07-08,2024-06-13,,0,Москва,Удержание,Команда 04,13,Дневная,93.37,12.79,0,1,99.29,82.25,85.5,4.65,68.49,0,6.42,
SYN-00172,2024-11-06,2021-06-25,,0,Казань,Удержание,Команда 10,41,Дневная,102.16,16.65,1,1,96.37,80.47,71.59,4.44,46.69,0,0,
SYN-00173,2024-08-05,2021-05-23,,0,Омск,Поддержка,Команда 11,39,Дневная,105.38,14.12,1,1,95.62,92.0,80.63,4.8,66.64,0,0,
SYN-00174,2025-10-08,2024-10-13,,0,Казань,Поддержка,Команда 01,12,Дневная,101.44,4.88,7,0,83.02,91.05,89.9,3.63,50.64,1,1.62,
SYN-00175,2024-10-04,2022-06-17,,0,Москва,Удержание,Команда 02,28,Смешанная,88.09,8.37,5,1,85.25,73.56,88.14,4.7,59.15,0,11.92,
SYN-00176,2024-12-15,2024-06-18,,0,Казань,Удержание,Команда 04,6,Смешанная,91.58,17.34,1,3,90.06,75.93,95.21,4.67,63.49,1,2.92,
SYN-00177,2024-09-09,2020-12-29,,0,Омск,Продажи,Команда 05,45,Дневная,95.88,0,0,0,88.03,82.61,100,4.56,42.73,0,13.76,
SYN-00178,2025-01-06,2022-05-22,,0,Москва,Поддержка,Команда 06,32,Смешанная,89.48,10.79,1,0,99.47,86.78,90.61,4.14,59.1,0,8.17,
SYN-00179,2025-07-03,2020-12-26,,0,Казань,Продажи,Команда 10,55,Дневная,95.53,17.93,1,1,89.24,91.9,76.16,3.49,80.32,0,10.87,
SYN-00180,2025-03-14,2024-02-18,2025-06-06,1,Москва,Продажи,Команда 07,13,Смешанная,98.71,9.92,0,4,88.64,85.63,75.23,4.43,44.87,1,12.63,Низкая вовлечённость
SYN-00181,2024-09-14,2021-10-30,,0,Казань,Продажи,Команда 07,35,Ночная,104.65,17.55,0,1,91.72,72.01,82.3,4.5,74.78,0,7.08,
SYN-00182,2024-06-17,2022-11-25,,0,Омск,Поддержка,Команда 02,19,Смешанная,71.81,16.75,2,0,90.78,72.2,76.22,4.32,56.33,0,5.82,
SYN-00183,2024-04-01,2021-06-16,2024-04-25,1,Омск,Удержание,Команда 07,34,Ночная,118.67,40.34,1,2,90.1,83.01,84.16,4.81,56.99,0,10.17,Высокая нагрузка
SYN-00184,2024-11-01,2021-02-20,,0,Москва,Продажи,Команда 04,45,Дневная,89.08,4.05,2,1,95.43,68.38,90.39,4.45,56.17,0,10.25,
SYN-00185,2025-05-21,2023-03-03,,0,Москва,Удержание,Команда 11,27,Ночная,100.86,12.08,0,0,100,93.42,92.18,5,58.99,0,8.72,
SYN-00186,2025-01-04,2023-11-11,,0,Казань,Удержание,Команда 01,14,Дневная,63.37,6.95,4,2,86.73,68.14,86.71,4.47,67.88,1,0.96,
SYN-00187,2025-03-07,2024-10-08,,0,Казань,Поддержка,Команда 11,5,Смешанная,78.13,21.5,0,0,100,74.0,83.87,4.24,62.84,0,8.02,
SYN-00188,2024-08-05,2023-08-11,,0,Казань,Поддержка,Команда 06,12,Смешанная,64.53,13.69,0,3,90.92,83.99,82.47,3.78,75.42,0,11.49,
SYN-00189,2024-12-16,2020-09-08,,0,Москва,Продажи,Команда 06,52,Ночная,75.7,7.37,2,3,88.91,95.91,90.64,4.2,58.0,1,8.85,
SYN-00190,2025-03-02,2023-11-08,,0,Москва,Удержание,Команда 05,16,Дневная,74.03,0.88,0,4,86.6,72.73,92.49,4.4,75.41,0,10.75,
SYN-00191,2025-03-13,2022-10-25,,0,Омск,Удержание,Команда 12,29,Смешанная,76.0,4.29,1,2,94.04,73.46,69.56,3.87,75.68,0,14.22,
SYN-00192,2024-09-01,2022-12-11,2024-10-03,1,Москва,Продажи,Команда 12,21,Дневная,99.13,29.41,1,0,89.89,99.21,87.04,3.96,55.91,0,16.47,Высокая нагрузка
SYN-00193,2025-06-15,2023-01-27,,0,Омск,Поддержка,Команда 01,29,Смешанная,80.67,19.95,1,0,89.5,90.12,96.73,4.15,76.04,0,3.23,
SYN-00194,2025-03-10,2021-03-01,,0,Москва,Продажи,Команда 07,49,Ночная,90.84,29.16,0,1,91.68,77.94,80.66,4.44,75.04,0,7.83,
SYN-00195,2025-09-19,2023-04-03,,0,Казань,Поддержка,Команда 07,30,Ночная,69.49,0,4,0,88.53,70.25,81.05,4.49,63.74,0,11.56,
SYN-00196,2025-02-13,2020-05-10,,0,Москва,Продажи,Команда 06,58,Ночная,86.21,25.6,0,2,83.02,79.4,89.42,4.09,68.43,0,6.09,
SYN-00197,2025-04-19,2024-02-24,,0,Казань,Продажи,Команда 08,14,Дневная,104.47,18.76,1,1,90.16,77.6,75.79,4.46,60.77,0,12.09,
SYN-00198,2026-01-13,2023-11-25,,0,Омск,Поддержка,Команда 08,26,Дневная,93.48,18.56,1,5,79.15,99.68,85.49,4.35,58.6,1,13.23,
SYN-00199,2025-04-04,2021-08-23,,0,Омск,Продажи,Команда 07,44,Смешанная,86.68,21.39,5,2,86.08,67.02,85.95,4.26,80.35,0,3.62,
SYN-00200,2025-03-21,2024-03-26,,0,Казань,Поддержка,Команда 02,12,Дневная,91.73,7.96,0,1,85.64,85.41,88.69,4.14,58.41,0,8.75,
SYN-00201,2024-02-20,2021-06-05,,0,Омск,Поддержка,Команда 07,33,Дневная,90.47,8.18,1,1,86.02,89.59,85.1,4.24,52.95,1,14.06,
SYN-00202,2024-04-21,2021-12-03,,0,Омск,Удержание,Команда 11,29,Дневная,86.27,7.42,0,4,94.6,84.48,87.49,3.79,50.34,0,4.31,
SYN-00203,2025-12-03,2025-10-04,,0,Казань,Поддержка,Команда 04,2,Дневная,115.38,21.26,0,1,93.81,60.2,93.77,4.19,76.98,0,2.6,
SYN-00204,2024-11-11,2020-03-07,,0,Омск,Продажи,Команда 03,57,Дневная,108.23,8.66,3,0,93.39,74.97,94.08,4.58,53.77,0,10.78,
SYN-00205,2026-02-09,2022-12-27,,0,Москва,Продажи,Команда 11,38,Дневная,114.34,0,1,0,93.36,76.64,85.31,4.0,70.33,0,7.53,
SYN-00206,2024-11-19,2021-01-09,,0,Москва,Поддержка,Команда 01,47,Дневная,98.78,0,1,0,92.4,85.67,83.89,4.7,75.42,0,20.62,
SYN-00207,2025-09-11,2025-08-12,,0,Омск,Поддержка,Команда 08,1,Дневная,65.6,11.06,0,0,89.97,92.4,91.46,4.74,73.51,0,8.78,
SYN-00208,2025-12-17,2022-04-07,,0,Казань,Продажи,Команда 11,45,Дневная,110.69,8.48,14,1,67.03,75.65,77.27,4.64,80.63,0,12.06,
SYN-00209,2024-09-02,2020-09-23,,0,Москва,Продажи,Команда 02,48,Дневная,103.49,6.51,0,2,85.8,85.63,93.91,3.56,72.53,1,0.41,
SYN-00210,2025-06-17,2022-06-03,,0,Москва,Удержание,Команда 05,37,Дневная,80.02,10.95,1,0,94.85,77.16,96.01,4.6,39.35,1,13.38,
SYN-00211,2025-09-12,2022-11-27,,0,Омск,Продажи,Команда 05,34,Дневная,83.97,2.22,2,2,86.96,68.96,85.31,4.37,77.95,0,3.94,
SYN-00212,2026-03-04,2024-09-10,,0,Москва,Поддержка,Команда 01,18,Дневная,88.09,0,0,0,100,91.93,74.98,5,44.79,1,14.24,
SYN-00213,2025-04-16,2022-04-02,2025-05-14,1,Омск,Удержание,Команда 06,37,Дневная,85.72,29.94,0,0,99.95,100,78.98,4.59,81.17,0,6.68,Высокая нагрузка
SYN-00214,2025-06-11,2024-02-17,,0,Омск,Продажи,Команда 07,16,Смешанная,102.51,25.11,2,0,90.43,78.33,88.28,4.72,43.47,0,9.06,
SYN-00215,2024-05-18,2023-09-21,,0,Москва,Удержание,Команда 06,8,Дневная,94.25,12.09,0,3,94.79,79.93,88.87,4.43,64.08,0,14.4,
SYN-00216,2024-10-14,2020-05-08,,0,Москва,Удержание,Команда 02,54,Дневная,67.48,11.87,0,0,89.13,79.34,70.99,4.19,52.03,0,6.13,
SYN-00217,2024-11-02,2024-03-07,2025-01-04,1,Казань,Поддержка,Команда 10,8,Дневная,80.4,17.94,6,1,77.84,80.69,79.59,4.21,80.65,0,3.17,Смена графика
SYN-00218,2025-10-12,2024-10-17,,0,Казань,Продажи,Команда 01,12,Дневная,100.8,3.23,6,0,81.13,90.15,91.84,3.83,83.38,0,5.83,
SYN-00219,2024-03-06,2023-06-10,,0,Казань,Поддержка,Команда 02,9,Ночная,82.08,7.47,11,0,86.74,69.68,80.51,4.68,66.6,0,11.73,
SYN-00220,2024-07-18,2022-01-30,,0,Москва,Поддержка,Команда 09,30,Дневная,71.82,12.94,4,0,85.36,93.67,87.09,4.52,68.92,0,6.74,
SYN-00221,2024-05-21,2023-03-28,,0,Омск,Удержание,Команда 06,14,Ночная,72.14,0,2,0,78.06,79.83,81.27,4.29,85.3,0,9.58,
SYN-00222,2024-09-15,2022-10-26,,0,Омск,Продажи,Команда 05,23,Дневная,84.58,0,0,6,88.61,82.45,93.44,3.79,65.19,0,1.48,
SYN-00223,2025-06-06,2022-08-21,,0,Казань,Поддержка,Команда 08,34,Дневная,71.82,15.15,4,1,96.9,87.79,92.93,4.1,48.68,1,7.27,
SYN-00224,2024-11-04,2022-01-19,,0,Москва,Поддержка,Команда 05,34,Ночная,83.85,11.77,2,3,92.13,80.42,90.84,4.11,63.03,0,0,
SYN-00225,2024-10-15,2021-01-04,,0,Омск,Поддержка,Команда 10,46,Смешанная,91.12,12.88,2,3,94.7,89.79,83.17,4.43,65.15,0,8.62,
SYN-00226,2025-08-06,2023-10-16,,0,Казань,Поддержка,Команда 04,22,Дневная,71.03,5.15,0,0,100,74.34,100,3.84,77.03,0,0,
SYN-00227,2024-04-11,2021-11-23,,0,Омск,Продажи,Команда 07,29,Дневная,101.05,11.73,2,2,85.74,68.44,100,4.75,75.49,0,5.0,
SYN-00228,2025-09-18,2023-12-28,,0,Казань,Поддержка,Команда 12,21,Дневная,110.86,0.41,1,1,93.29,60.71,82.27,4.7,77.72,0,11.31,
SYN-00229,2025-08-19,2022-12-03,2025-10-26,1,Омск,Поддержка,Команда 06,33,Дневная,75.23,15.75,2,3,86.29,68.65,80.79,4.29,58.89,0,15.36,Смена работодателя
SYN-00230,2025-06-03,2021-07-24,2025-07-21,1,Москва,Удержание,Команда 04,47,Дневная,66.33,7.11,7,1,83.35,88.52,84.28,4.56,74.68,0,1.01,Личные причины
SYN-00231,2024-09-16,2024-02-19,,0,Омск,Поддержка,Команда 04,7,Дневная,89.18,19.13,0,0,96.74,91.43,72.06,4.68,75.21,0,14.4,
SYN-00232,2026-02-20,2022-12-08,,0,Омск,Поддержка,Команда 12,39,Дневная,76.49,2.04,1,4,87.42,59.6,89.84,4.55,75.64,0,16.39,
SYN-00233,2025-11-06,2022-06-25,,0,Москва,Поддержка,Команда 05,41,Дневная,92.38,7.5,3,0,88.85,86.68,79.67,4.62,83.51,0,0,
SYN-00234,2025-09-05,2025-08-06,,0,Москва,Продажи,Команда 03,1,Смешанная,84.94,11.37,2,0,90.06,70.09,100,4.49,52.18,0,16.5,
SYN-00235,2025-02-05,2022-03-23,,0,Москва,Удержание,Команда 11,35,Дневная,57.37,10.43,3,1,99.7,72.85,89.63,4.63,60.11,0,8.56,
SYN-00236,2024-08-19,2023-11-23,,0,Омск,Продажи,Команда 09,9,Смешанная,92.99,29.1,2,1,91.15,82.18,88.86,4.68,45.51,0,9.72,
SYN-00237,2024-04-01,2021-07-16,,0,Омск,Продажи,Команда 05,33,Дневная,112.84,13.63,0,0,100,83.85,83.04,4.43,88.6,0,12.93,
SYN-00238,2025-01-14,2020-12-06,,0,Омск,Удержание,Команда 04,50,Смешанная,105.03,4.48,1,0,94.97,71.29,96.12,4.47,83.57,0,4.78,
SYN-00239,2025-12-21,2021-01-16,,0,Омск,Удержание,Команда 09,60,Ночная,77.01,19.68,2,9,82.63,86.76,89.83,4.45,69.33,0,0.96,
SYN-00240,2025-12-05,2023-03-21,,0,Москва,Продажи,Команда 06,33,Ночная,105.96,9.51,0,2,90.56,67.93,85.42,4.37,72.05,0,14.41,
SYN-00241,2025-04-11,2021-11-28,,0,Москва,Поддержка,Команда 03,41,Дневная,93.22,0,2,0,94.41,90.83,89.99,4.7,77.54,0,17.66,
SYN-00242,2024-06-12,2019-10-07,,0,Казань,Продажи,Команда 02,57,Ночная,123.04,8.9,0,3,91.67,69.78,82.43,3.64,38.6,0,0,
SYN-00243,2025-04-02,2023-08-11,,0,Омск,Поддержка,Команда 04,20,Дневная,93.02,20.03,2,0,90.24,94.66,91.37,3.84,38.16,1,14.24,
SYN-00244,2025-12-21,2023-05-06,,0,Москва,Удержание,Команда 11,32,Дневная,96.5,20.16,3,9,77.43,80.72,84.36,4.22,59.42,0,4.02,
SYN-00245,2025-09-02,2022-03-22,,0,Москва,Продажи,Команда 01,42,Ночная,105.13,4.29,0,0,93.61,79.21,88.79,3.8,92.18,0,0.93,
SYN-00246,2024-02-10,2021-07-25,,0,Омск,Удержание,Команда 10,31,Дневная,92.81,5.32,0,0,89.73,88.48,87.39,3.97,88.84,0,9.1,
SYN-00247,2024-01-07,2022-11-13,,0,Омск,Продажи,Команда 05,14,Дневная,92.72,2.59,0,1,94.05,83.71,87.31,4.5,63.99,0,7.1,
SYN-00248,2024-04-04,2020-03-26,,0,Москва,Продажи,Команда 12,49,Дневная,90.66,19.18,3,2,92.43,82.1,78.41,4.41,59.38,0,8.81,
SYN-00249,2025-09-02,2022-07-20,,0,Казань,Удержание,Команда 10,38,Дневная,79.46,10.7,1,2,86.8,66.54,88.49,4.03,52.41,1,4.98,
SYN-00250,2024-11-17,2020-07-11,,0,Казань,Поддержка,Команда 01,53,Смешанная,75.3,13.16,0,0,90.63,70.96,81.54,4.84,67.28,0,4.8,
SYN-00251,2024-06-20,2021-08-05,,0,Москва,Продажи,Команда 07,35,Ночная,94.39,5.16,2,0,85.98,77.95,82.01,4.72,57.08,0,15.32,
SYN-00252,2025-12-20,2021-11-11,,0,Омск,Удержание,Команда 08,50,Смешанная,85.55,5.21,2,5,89.83,88.15,91.11,4.06,62.64,0,7.14,
SYN-00253,2026-03-03,2021-11-24,,0,Москва,Удержание,Команда 07,52,Смешанная,81.42,2.94,1,1,94.64,79.46,88.81,4.47,62.22,0,9.13,
SYN-00254,2025-10-08,2022-10-24,2025-12-26,1,Омск,Продажи,Команда 12,36,Дневная,83.29,5.14,9,4,82.5,78.79,70.51,3.9,61.2,0,0,Личные причины
SYN-00255,2024-02-05,2023-02-10,,0,Москва,Удержание,Команда 07,12,Смешанная,86.83,17.06,0,1,90.15,61.94,87.43,4.16,44.14,0,7.84,
SYN-00256,2024-02-08,2020-01-30,,0,Омск,Удержание,Команда 12,49,Дневная,84.75,18.79,2,1,93.69,60.6,84.16,3.91,60.47,0,6.18,
SYN-00257,2026-02-08,2024-12-15,,0,Омск,Поддержка,Команда 02,14,Дневная,101.12,6.18,0,1,90.98,86.41,95.51,4.58,67.02,0,2.87,
SYN-00258,2025-05-18,2024-12-19,,0,Омск,Продажи,Команда 11,5,Дневная,102.8,6.26,3,2,82.95,83.97,78.29,4.95,64.88,0,11.87,
SYN-00259,2026-01-17,2025-09-19,,0,Омск,Удержание,Команда 11,4,Ночная,94.05,15.88,9,2,86.89,87.69,82.06,3.96,51.44,0,0.45,
SYN-00260,2025-10-11,2024-10-16,,0,Омск,Удержание,Команда 08,12,Ночная,111.61,23.68,0,0,96.75,75.7,88.83,4.1,93.05,0,9.32,
SYN-00261,2026-01-09,2023-08-23,,0,Казань,Поддержка,Команда 03,29,Смешанная,90.98,25.38,0,0,80.76,84.77,79.69,5,69.12,0,3.57,
SYN-00262,2024-09-17,2021-09-03,,0,Москва,Продажи,Команда 03,37,Дневная,63.83,4.54,4,0,88.67,96.59,80.48,4.56,62.57,0,1.05,
SYN-00263,2025-08-09,2023-06-21,,0,Казань,Продажи,Команда 01,26,Смешанная,90.55,19.93,0,2,94.56,81.02,92.29,4.32,62.09,0,9.84,
SYN-00264,2024-11-21,2022-04-06,,0,Омск,Удержание,Команда 10,32,Смешанная,81.92,18.93,2,2,91.18,70.64,79.07,5,58.2,0,0,
SYN-00265,2025-05-21,2022-06-06,,0,Казань,Удержание,Команда 03,36,Смешанная,88.84,22.87,2,0,90.6,89.66,81.31,5,69.99,0,9.58,
SYN-00266,2024-03-06,2019-04-02,,0,Москва,Поддержка,Команда 11,60,Дневная,105.44,10.37,3,0,85.6,97.61,86.58,3.89,66.09,0,8.39,
SYN-00267,2024-12-15,2022-04-30,,0,Москва,Продажи,Команда 11,32,Дневная,86.09,10.67,0,1,98.26,99.35,82.64,3.76,66.28,0,14.09,
SYN-00268,2024-12-20,2024-05-24,,0,Москва,Поддержка,Команда 03,7,Смешанная,82.55,23.04,9,2,81.23,67.79,74.37,4.35,59.19,0,7.49,
SYN-00269,2025-01-03,2020-11-25,,0,Казань,Удержание,Команда 08,50,Дневная,94.48,9.71,8,1,76.25,64.83,79.72,4.04,71.14,0,4.69,
SYN-00270,2025-08-13,2020-09-08,2025-11-06,1,Казань,Продажи,Команда 03,60,Дневная,97.88,0,3,0,87.55,91.55,85.98,4.49,91.48,0,2.53,Личные причины
SYN-00271,2025-08-14,2023-07-26,,0,Казань,Поддержка,Команда 03,25,Смешанная,84.19,3.99,3,0,82.06,77.35,76.95,4.49,74.69,0,4.7,
SYN-00272,2025-09-14,2022-07-02,,0,Казань,Продажи,Команда 08,39,Ночная,90.94,1.68,0,0,90.4,85.81,84.74,4.14,62.16,0,1.43,
SYN-00273,2026-02-01,2022-04-23,,0,Казань,Поддержка,Команда 05,46,Дневная,67.79,5.16,1,0,82.58,68.44,78.11,4.31,76.03,0,19.11,
SYN-00274,2024-11-06,2024-08-08,,0,Москва,Продажи,Команда 11,3,Дневная,110.44,3.11,2,3,87.83,79.75,82.95,4.63,54.15,1,2.2,
SYN-00275,2025-05-18,2021-03-10,,0,Казань,Продажи,Команда 12,51,Ночная,87.8,5.46,1,0,94.23,78.21,80.88,4.02,80.5,0,8.1,
SYN-00276,2024-04-05,2023-03-12,,0,Казань,Продажи,Команда 01,13,Дневная,72.38,3.1,3,0,89.32,83.74,85.97,4.27,66.49,0,8.49,
SYN-00277,2024-06-09,2023-05-16,,0,Омск,Удержание,Команда 08,13,Дневная,87.07,10.37,3,1,94.81,94.54,94.82,4.43,63.46,0,9.7,
SYN-00278,2025-08-08,2022-03-27,2025-08-22,1,Казань,Удержание,Команда 03,41,Ночная,55.53,3.79,2,8,85.77,86.42,84.25,3.83,51.92,0,10.35,Низкая вовлечённость
SYN-00279,2025-12-21,2023-06-05,,0,Омск,Удержание,Команда 04,31,Дневная,75.42,9.55,5,2,83.12,85.18,83.32,3.81,40.12,1,9.83,
SYN-00280,2025-12-09,2024-10-15,,0,Казань,Удержание,Команда 01,14,Смешанная,81.36,9.39,0,1,93.06,69.79,93.34,4.44,81.39,0,0,
SYN-00281,2024-10-05,2021-05-24,2024-12-07,1,Казань,Продажи,Команда 08,41,Смешанная,93.32,3.67,1,1,88.74,98.14,85.92,4.97,61.96,0,0,Смена графика
SYN-00282,2024-03-14,2021-04-29,,0,Омск,Поддержка,Команда 02,35,Дневная,87.5,0,0,0,92.66,82.54,81.26,4.21,59.19,0,8.06,
SYN-00283,2025-08-03,2020-12-27,,0,Москва,Поддержка,Команда 11,56,Смешанная,69.86,13.65,6,0,78.57,73.11,71.48,4.75,65.25,0,2.42,
SYN-00284,2025-07-01,2023-01-13,2025-08-27,1,Омск,Продажи,Команда 04,30,Ночная,93.09,15.31,0,3,95.08,59.06,84.73,4.58,52.36,0,0,Низкая вовлечённость
SYN-00285,2025-08-10,2023-09-20,,0,Москва,Удержание,Команда 03,23,Дневная,88.96,0,1,0,95.62,82.0,88.55,4.01,89.08,0,7.84,
SYN-00286,2026-01-02,2022-09-20,,0,Казань,Поддержка,Команда 06,40,Дневная,80.35,4.99,1,0,95.28,79.23,84.33,4.26,90.79,0,10.83,
SYN-00287,2025-12-17,2024-04-26,,0,Москва,Удержание,Команда 09,20,Смешанная,79.81,14.52,8,1,81.8,74.37,73.85,5,66.89,0,5.77,
SYN-00288,2025-06-08,2020-09-02,,0,Казань,Поддержка,Команда 09,58,Ночная,82.91,8.93,0,0,100,89.96,89.44,3.65,73.81,0,3.69,
SYN-00289,2024-10-12,2021-01-01,2024-11-21,1,Москва,Поддержка,Команда 08,46,Смешанная,110.14,10.65,1,1,93.86,81.01,89.64,3.89,51.17,0,10.18,Низкая вовлечённость
SYN-00290,2024-02-07,2021-04-23,,0,Казань,Удержание,Команда 01,34,Дневная,75.4,11.07,0,0,94.08,73.63,86.74,4.24,88.01,0,14.73,
SYN-00291,2024-12-06,2021-09-23,,0,Казань,Удержание,Команда 04,39,Ночная,88.87,14.67,0,1,97.22,89.01,83.55,4.54,59.18,0,11.81,
SYN-00292,2026-02-01,2025-01-07,,0,Казань,Поддержка,Команда 01,13,Дневная,94.0,10.59,1,0,94.03,82.75,84.8,4.14,43.76,0,0,
SYN-00293,2024-11-21,2024-10-22,2025-02-08,1,Москва,Продажи,Команда 04,1,Смешанная,76.37,8.62,4,4,88.39,73.07,74.65,4.69,56.76,1,8.01,Смена графика
SYN-00294,2025-01-05,2021-12-22,,0,Омск,Поддержка,Команда 02,37,Дневная,91.22,18.12,5,0,80.87,93.06,92.53,4.39,36.07,1,10.25,
SYN-00295,2024-09-04,2020-05-28,,0,Казань,Удержание,Команда 10,52,Смешанная,70.03,13.37,0,6,90.66,72.68,83.17,4.8,74.54,0,5.26,
SYN-00296,2024-06-01,2023-04-08,,0,Москва,Продажи,Команда 07,14,Дневная,97.52,21.35,4,1,94.68,93.89,95.75,4.13,59.12,0,5.13,
SYN-00297,2024-06-14,2020-03-07,,0,Казань,Продажи,Команда 10,52,Дневная,76.23,24.69,1,0,86.49,69.69,80.65,3.94,45.19,0,11.8,
SYN-00298,2024-03-09,2020-11-25,,0,Омск,Поддержка,Команда 11,40,Дневная,63.62,16.1,0,0,90.73,77.21,84.8,4.72,63.75,0,2.2,
SYN-00299,2024-01-15,2019-04-11,,0,Москва,Поддержка,Команда 01,58,Дневная,67.65,13.66,3,0,83.55,85.63,86.27,4.55,57.63,0,3.52,
SYN-00300,2025-06-02,2025-02-02,,0,Омск,Поддержка,Команда 02,4,Дневная,86.06,10.59,3,0,85.72,81.57,91.78,4.6,74.85,0,5.14,
SYN-00301,2024-03-01,2020-12-17,,0,Казань,Продажи,Команда 04,39,Смешанная,114.86,4.5,0,1,89.86,66.37,95.07,4.11,71.02,0,8.93,
SYN-00302,2025-03-10,2024-10-11,,0,Москва,Поддержка,Команда 04,5,Смешанная,94.63,1.77,7,0,81.86,94.77,87.65,5,73.24,0,7.49,
SYN-00303,2024-04-11,2022-04-22,,0,Омск,Продажи,Команда 07,24,Дневная,99.85,6.18,1,0,96.38,85.59,73.78,4.09,70.87,0,11.77,
SYN-00304,2026-01-20,2025-02-24,,0,Казань,Удержание,Команда 10,11,Дневная,93.14,8.27,0,1,92.66,98.05,83.7,4.24,76.1,0,7.05,
SYN-00305,2026-01-09,2024-12-15,,0,Казань,Удержание,Команда 04,13,Дневная,66.62,7.26,2,6,89.15,99.38,96.72,4.43,60.32,0,6.41,
SYN-00306,2025-12-21,2022-06-10,,0,Омск,Продажи,Команда 05,43,Дневная,110.33,16.22,1,1,96.84,79.75,88.82,4.63,86.7,0,8.08,
SYN-00307,2025-04-03,2020-11-25,,0,Омск,Удержание,Команда 12,53,Смешанная,96.77,19.1,0,1,95.31,76.38,87.6,3.81,91.09,0,4.38,
SYN-00308,2025-03-02,2023-08-10,,0,Казань,Поддержка,Команда 04,19,Дневная,106.53,5.53,0,4,88.66,78.6,78.13,4.19,61.16,0,13.6,
SYN-00309,2025-01-09,2022-05-25,2025-03-21,1,Омск,Удержание,Команда 09,32,Дневная,109.38,17.74,8,0,80.81,81.4,76.97,4.48,80.93,0,11.82,Смена графика
SYN-00310,2025-04-14,2024-02-19,2025-05-26,1,Казань,Продажи,Команда 05,14,Смешанная,83.43,13.89,2,0,91.64,89.53,85.0,4.42,73.27,0,9.64,Смена графика
SYN-00311,2025-03-11,2021-04-01,2025-04-22,1,Омск,Удержание,Команда 10,48,Смешанная,109.46,11.68,1,1,92.56,86.69,88.95,4.26,46.03,0,6.78,Низкая вовлечённость
SYN-00312,2024-04-02,2019-09-26,,0,Казань,Продажи,Команда 01,55,Дневная,78.46,1.6,0,3,87.42,84.46,77.33,4.45,61.45,0,3.53,
SYN-00313,2025-09-04,2025-01-07,,0,Москва,Удержание,Команда 10,8,Дневная,94.73,11.19,3,5,82.29,85.21,82.17,4.69,67.72,0,14.18,
SYN-00314,2025-06-09,2022-06-25,,0,Москва,Продажи,Команда 01,36,Ночная,99.51,12.17,3,0,88.28,87.88,84.4,3.86,61.87,1,1.11,
SYN-00315,2025-06-18,2023-09-27,2025-08-08,1,Москва,Поддержка,Команда 02,21,Дневная,80.67,30.58,1,1,96.0,87.76,76.69,3.96,59.34,0,0,Высокая нагрузка
SYN-00316,2025-04-12,2024-08-15,,0,Омск,Удержание,Команда 02,8,Дневная,77.35,18.11,8,0,89.08,87.74,79.02,4.11,72.48,0,13.38,
SYN-00317,2025-07-03,2025-06-03,,0,Москва,Продажи,Команда 07,1,Смешанная,88.17,0,4,0,85.78,81.76,89.9,4.53,59.83,0,13.67,
SYN-00318,2025-05-09,2022-10-22,,0,Москва,Поддержка,Команда 02,31,Дневная,78.27,9.75,5,1,93.48,71.19,79.67,4.1,76.31,0,3.14,
SYN-00319,2024-10-20,2023-07-28,,0,Казань,Поддержка,Команда 09,15,Дневная,82.3,5.27,4,0,88.98,68.42,87.96,4.75,86.75,0,13.4,
SYN-00320,2025-02-10,2022-05-27,,0,Москва,Поддержка,Команда 11,33,Смешанная,71.86,19.04,1,4,86.51,71.68,98.09,4.09,44.49,0,4.08,
SYN-00321,2025-03-10,2022-11-21,,0,Москва,Продажи,Команда 10,28,Дневная,95.4,21.28,0,1,82.33,92.64,94.1,4.44,70.91,0,3.62,
SYN-00322,2026-03-13,2022-12-29,,0,Омск,Удержание,Команда 01,39,Дневная,74.55,15.01,4,0,88.14,85.5,82.7,4.23,77.74,1,0.15,
SYN-00323,2024-11-13,2023-07-22,,0,Казань,Продажи,Команда 04,16,Дневная,88.65,0,6,0,83.94,76.52,73.85,4.61,72.02,1,2.24,
SYN-00324,2024-08-14,2020-06-06,,0,Казань,Удержание,Команда 11,51,Смешанная,78.83,19.14,5,2,79.55,82.22,72.73,4.05,62.77,0,2.15,
SYN-00325,2025-08-01,2021-04-24,,0,Москва,Удержание,Команда 08,52,Смешанная,66.83,1.76,1,0,89.56,80.38,85.53,4.08,85.84,0,17.15,
SYN-00326,2024-03-04,2023-05-09,,0,Омск,Удержание,Команда 12,10,Ночная,94.76,14.71,0,6,92.43,94.8,91.76,4.07,57.96,0,5.83,
SYN-00327,2024-11-10,2024-07-13,2025-01-16,1,Казань,Удержание,Команда 06,4,Смешанная,73.41,7.09,0,0,95.93,100,95.42,4.11,85.59,0,10.81,Личные причины
SYN-00328,2025-02-07,2021-05-29,,0,Казань,Поддержка,Команда 04,45,Дневная,86.89,6.69,0,0,99.66,95.82,91.2,3.49,69.62,1,0.44,
SYN-00329,2024-12-12,2024-07-15,,0,Москва,Удержание,Команда 01,5,Дневная,70.72,32.04,5,0,81.72,88.22,77.58,4.24,71.29,0,4.9,
SYN-00330,2024-05-17,2022-01-28,,0,Москва,Продажи,Команда 04,28,Ночная,97.73,0,0,2,89.62,81.2,87.05,4.29,54.28,0,6.53,
SYN-00331,2026-02-15,2024-12-22,,0,Казань,Поддержка,Команда 02,14,Дневная,95.44,9.7,2,1,89.2,85.31,94.28,3.49,65.67,0,5.96,
SYN-00332,2024-02-09,2019-03-07,,0,Омск,Поддержка,Команда 01,60,Дневная,55.32,11.62,1,6,91.75,77.63,66.59,4.19,80.31,0,7.31,
SYN-00333,2024-05-04,2022-07-14,,0,Омск,Удержание,Команда 10,22,Смешанная,97.23,0,0,0,96.37,78.91,86.71,4.48,87.53,0,17.43,
SYN-00334,2025-11-18,2022-12-04,2026-02-12,1,Омск,Поддержка,Команда 01,36,Дневная,89.35,26.14,4,0,90.26,87.26,77.63,4.05,64.56,0,8.54,Высокая нагрузка
SYN-00335,2025-02-05,2024-01-12,2025-04-25,1,Омск,Продажи,Команда 01,13,Дневная,79.53,6.39,8,1,76.73,82.85,94.69,3.81,56.21,1,0,Смена работодателя
SYN-00336,2025-11-17,2021-08-10,2025-11-27,1,Омск,Поддержка,Команда 04,52,Дневная,70.81,4.87,0,2,90.7,79.23,87.88,4.26,60.86,0,7.88,Смена графика
SYN-00337,2026-01-20,2023-05-06,2026-02-21,1,Омск,Удержание,Команда 05,33,Смешанная,81.53,28.39,1,0,97.54,85.77,68.19,3.9,75.79,0,13.57,Высокая нагрузка
SYN-00338,2025-11-20,2024-04-29,,0,Омск,Поддержка,Команда 08,19,Дневная,103.51,30.67,0,0,96.24,75.03,87.73,4.3,45.78,0,3.71,
SYN-00339,2025-08-06,2021-01-29,,0,Москва,Удержание,Команда 06,55,Дневная,93.33,4.66,1,8,84.9,78.28,87.6,4.0,100,0,7.85,
SYN-00340,2024-08-11,2021-06-28,,0,Казань,Поддержка,Команда 08,38,Дневная,86.86,14.62,0,2,94.1,79.55,90.45,4.98,69.93,0,11.77,
SYN-00341,2024-08-04,2020-12-23,2024-08-23,1,Казань,Удержание,Команда 05,44,Смешанная,99.21,13.48,4,1,84.19,83.77,91.6,4.79,96.99,0,11.76,Смена графика
SYN-00342,2025-07-16,2021-06-07,,0,Казань,Поддержка,Команда 11,50,Смешанная,75.49,4.99,2,1,87.9,71.06,79.58,4.17,60.32,0,2.84,
SYN-00343,2026-01-06,2023-07-21,,0,Москва,Удержание,Команда 05,30,Смешанная,95.02,10.83,1,0,94.39,83.38,76.51,4.04,43.41,1,8.46,
SYN-00344,2025-08-10,2023-01-23,,0,Москва,Поддержка,Команда 03,31,Дневная,93.17,16.2,1,3,93.21,90.79,80.33,3.67,65.94,0,0,
SYN-00345,2024-04-18,2021-01-04,,0,Казань,Продажи,Команда 04,40,Дневная,72.65,12.36,8,3,78.29,82.8,84.89,3.96,68.09,0,0.01,
SYN-00346,2025-04-17,2021-05-08,,0,Омск,Удержание,Команда 10,48,Дневная,101.34,3.84,0,0,98.68,83.87,95.02,4.39,74.07,1,2.82,
SYN-00347,2025-06-08,2021-09-27,,0,Омск,Продажи,Команда 06,45,Дневная,97.71,17.83,2,3,89.11,75.76,85.16,4.39,64.61,0,11.1,
SYN-00348,2025-10-14,2021-05-08,,0,Омск,Удержание,Команда 03,54,Дневная,74.43,1.67,1,0,96.27,81.92,75.15,4.42,61.48,1,16.01,
SYN-00349,2025-03-06,2023-05-16,,0,Казань,Продажи,Команда 11,22,Дневная,96.76,4.17,0,3,97.98,84.16,91.64,4.5,65.13,0,5.79,
SYN-00350,2024-11-17,2022-07-01,,0,Москва,Поддержка,Команда 09,29,Смешанная,82.31,8.42,1,2,94.89,83.59,83.98,4.81,89.06,0,8.95,
SYN-00351,2025-01-03,2021-05-24,,0,Омск,Удержание,Команда 12,44,Дневная,61.37,5.03,0,1,91.41,74.02,78.12,4.62,57.72,0,9.71,
SYN-00352,2024-11-11,2024-04-15,,0,Казань,Удержание,Команда 08,7,Дневная,94.43,2.36,1,2,94.46,90.46,79.97,4.77,73.24,0,10.06,
SYN-00353,2025-01-11,2021-09-29,,0,Москва,Продажи,Команда 08,40,Дневная,103.43,16.48,2,5,80.94,85.56,97.11,4.46,37.51,1,6.99,
SYN-00354,2024-02-15,2019-04-12,,0,Москва,Продажи,Команда 11,59,Дневная,85.64,2.28,1,0,85.02,72.68,80.93,4.8,62.57,0,0,
SYN-00355,2024-10-01,2024-03-05,,0,Москва,Удержание,Команда 08,7,Дневная,76.52,3.59,6,0,80.11,79.09,86.92,4.29,62.77,0,12.41,
SYN-00356,2024-01-07,2022-08-15,,0,Омск,Поддержка,Команда 07,17,Дневная,95.78,19.64,0,1,96.64,78.97,84.44,4.62,56.43,0,13.26,
SYN-00357,2025-01-13,2022-05-29,,0,Омск,Продажи,Команда 01,32,Дневная,85.64,0,6,0,94.94,91.23,80.38,4.31,65.74,0,6.79,
SYN-00358,2025-01-05,2021-02-25,2025-03-14,1,Казань,Продажи,Команда 08,47,Ночная,72.32,0,2,0,93.57,70.05,83.95,4.65,71.38,0,2.45,Личные причины
SYN-00359,2025-06-02,2021-04-24,,0,Омск,Удержание,Команда 10,50,Смешанная,73.8,14.76,9,0,77.46,72.68,95.42,4.16,92.65,0,8.95,
SYN-00360,2024-11-12,2022-02-26,2025-01-11,1,Казань,Продажи,Команда 03,33,Ночная,87.91,19.47,0,2,89.88,83.49,80.85,5,56.45,0,0,Смена графика
SYN-00361,2024-05-15,2021-01-01,,0,Москва,Продажи,Команда 10,41,Смешанная,75.5,16.89,2,0,88.35,75.75,90.05,4.69,91.73,0,10.68,
SYN-00362,2026-03-12,2022-08-30,,0,Омск,Поддержка,Команда 02,43,Смешанная,97.21,2.12,2,2,83.85,90.71,83.11,5,59.42,0,4.32,
SYN-00363,2024-11-08,2024-08-10,,0,Москва,Поддержка,Команда 05,3,Дневная,83.43,7.62,2,0,92.07,84.94,77.1,3.32,63.89,0,0,
SYN-00364,2024-01-01,2020-04-21,,0,Казань,Продажи,Команда 08,45,Дневная,92.82,0,0,8,86.86,82.46,90.03,4.65,76.86,0,0,
SYN-00365,2024-11-19,2021-01-09,,0,Казань,Поддержка,Команда 09,47,Ночная,67.93,17.04,5,0,88.44,87.84,73.34,3.91,56.77,1,0.14,
SYN-00366,2026-01-18,2024-12-24,,0,Омск,Продажи,Команда 07,13,Смешанная,82.1,12.58,1,3,98.08,84.21,78.86,4.18,65.14,0,3.43,
SYN-00367,2026-03-06,2021-06-30,,0,Казань,Удержание,Команда 02,57,Дневная,89.73,0,2,3,90.55,67.8,88.35,4.81,79.06,0,0,
SYN-00368,2025-06-10,2021-04-02,,0,Омск,Удержание,Команда 06,51,Дневная,94.51,19.66,0,0,97.44,77.61,82.67,4.41,70.21,0,8.31,
SYN-00369,2024-07-13,2020-10-02,,0,Казань,Удержание,Команда 06,46,Смешанная,92.53,0,2,0,95.43,82.04,87.53,4.42,86.18,0,19.82,
SYN-00370,2025-10-11,2022-10-27,2025-11-13,1,Омск,Поддержка,Команда 01,36,Дневная,87.99,16.22,1,4,88.48,84.83,80.02,3.94,61.38,1,21.06,Смена работодателя
SYN-00371,2024-03-19,2022-06-28,,0,Москва,Поддержка,Команда 04,21,Дневная,77.45,16.73,0,0,86.98,83.06,88.45,3.7,74.71,0,4.8,
SYN-00372,2024-06-07,2021-11-20,,0,Москва,Продажи,Команда 09,31,Смешанная,100.99,14.45,2,1,87.76,74.19,89.53,4.72,73.08,0,15.76,
SYN-00373,2024-06-01,2019-08-27,2024-08-28,1,Омск,Удержание,Команда 02,58,Ночная,69.4,11.98,2,1,83.76,83.45,87.56,4.55,57.46,1,12.29,Личные причины
SYN-00374,2025-08-15,2022-08-31,2025-10-11,1,Омск,Продажи,Команда 10,36,Дневная,110.85,22.16,0,5,92.01,72.46,91.73,4.24,78.53,0,4.93,Смена графика
SYN-00375,2024-04-16,2020-05-07,2024-05-22,1,Москва,Удержание,Команда 01,48,Дневная,78.83,18.49,0,2,92.31,64.88,85.46,3.96,66.04,0,6.98,Смена графика
SYN-00376,2024-04-19,2019-09-13,,0,Москва,Продажи,Команда 04,56,Дневная,79.54,16.32,9,3,72.59,74.62,78.69,4.23,63.16,0,0,
SYN-00377,2025-08-08,2021-10-28,,0,Казань,Продажи,Команда 05,46,Дневная,94.89,18.11,2,3,96.54,74.41,83.86,4.96,53.61,0,0,
SYN-00378,2025-12-01,2022-09-18,,0,Омск,Поддержка,Команда 03,39,Дневная,96.47,16.95,2,0,96.32,97.08,87.4,3.93,76.84,0,13.94,
SYN-00379,2025-04-20,2025-01-20,,0,Казань,Поддержка,Команда 08,3,Смешанная,71.77,6.82,1,1,96.53,71.05,89.63,4.01,59.33,0,15.09,
SYN-00380,2026-02-03,2022-02-24,2026-04-30,1,Казань,Поддержка,Команда 10,48,Смешанная,52.42,12.88,5,0,90.77,86.06,83.48,4.07,49.21,0,14.24,Низкая вовлечённость
SYN-00381,2024-01-06,2019-07-31,,0,Москва,Продажи,Команда 02,54,Ночная,57.82,25.46,6,0,77.95,58.53,72.47,4.47,57.73,1,8.19,
SYN-00382,2024-01-09,2023-10-11,,0,Омск,Удержание,Команда 05,3,Ночная,96.68,6.85,4,1,85.08,73.87,81.25,4.79,86.1,0,7.25,
SYN-00383,2025-08-05,2022-04-23,2025-09-09,1,Москва,Удержание,Команда 06,40,Дневная,74.21,5.23,1,4,87.92,96.25,92.56,4.25,76.7,0,5.94,Смена графика
SYN-00384,2025-07-03,2021-11-21,,0,Омск,Удержание,Команда 02,44,Смешанная,93.39,16.69,4,1,88.3,85.02,73.42,4.53,65.99,0,5.58,
SYN-00385,2024-08-02,2021-06-19,,0,Омск,Удержание,Команда 09,38,Ночная,74.22,0,2,0,90.72,81.31,87.19,4.03,80.73,0,2.0,
SYN-00386,2025-11-02,2024-12-07,2025-12-08,1,Москва,Продажи,Команда 04,11,Ночная,91.05,3.87,0,1,94.31,79.82,95.93,4.63,68.01,1,0,Личные причины
SYN-00387,2026-02-12,2024-06-22,,0,Казань,Продажи,Команда 10,20,Дневная,83.48,0.85,0,1,92.87,79.53,73.18,4.18,83.69,0,10.31,
SYN-00388,2026-03-05,2023-12-16,,0,Казань,Удержание,Команда 09,27,Смешанная,96.76,4.08,1,0,90.28,81.61,90.1,4.4,48.77,1,6.28,
SYN-00389,2026-03-20,2025-09-21,,0,Москва,Продажи,Команда 07,6,Дневная,91.56,18.72,1,0,97.27,82.33,81.31,3.57,65.96,0,15.53,
SYN-00390,2024-01-11,2023-02-15,,0,Казань,Удержание,Команда 04,11,Дневная,103.47,18.28,0,3,89.5,89.0,91.79,4.09,84.2,0,6.19,
SYN-00391,2025-02-14,2022-11-27,,0,Москва,Продажи,Команда 06,27,Смешанная,91.51,8.84,6,1,81.19,91.86,86.74,4.47,68.08,0,6.62,
SYN-00392,2024-05-20,2021-09-03,,0,Москва,Продажи,Команда 10,33,Смешанная,66.73,18.52,4,2,90.56,74.68,78.85,4.54,79.65,0,1.05,
SYN-00393,2024-06-13,2020-03-06,,0,Казань,Удержание,Команда 12,52,Ночная,84.62,12.35,2,0,87.77,89.36,87.87,4.38,64.05,0,0,
SYN-00394,2024-06-09,2023-08-14,,0,Казань,Поддержка,Команда 08,10,Дневная,93.07,5.49,0,0,99.44,92.15,89.47,4.11,77.09,0,4.16,
SYN-00395,2024-09-14,2022-12-24,2024-11-27,1,Казань,Удержание,Команда 09,21,Дневная,106.74,13.01,2,1,84.89,73.13,79.97,4.49,62.62,0,11.47,Личные причины
SYN-00396,2025-12-13,2025-02-16,,0,Казань,Удержание,Команда 10,10,Дневная,80.5,0,1,0,96.62,71.78,81.16,4.35,72.82,1,12.68,
SYN-00397,2024-09-14,2021-08-01,,0,Омск,Продажи,Команда 06,38,Дневная,88.1,1.63,3,1,83.75,77.84,72.13,4.06,81.43,0,0,
SYN-00398,2025-07-06,2023-07-17,,0,Москва,Продажи,Команда 09,24,Смешанная,87.16,20.47,2,0,85.78,83.86,91.99,4.62,50.42,0,5.69,
SYN-00399,2024-01-07,2023-06-11,,0,Омск,Поддержка,Команда 01,7,Дневная,96.46,14.44,6,1,82.54,83.85,75.9,4.56,64.39,0,12.85,
SYN-00400,2025-10-02,2021-05-26,,0,Омск,Удержание,Команда 12,53,Смешанная,89.48,9.08,2,0,91.88,94.11,79.7,4.25,69.3,0,17.68,
SYN-00401,2024-08-01,2020-04-24,,0,Омск,Удержание,Команда 01,52,Дневная,74.11,5.09,2,0,96.84,99.68,98.89,4.28,83.77,0,13.05,
SYN-00402,2024-12-12,2022-10-24,,0,Казань,Удержание,Команда 09,26,Смешанная,89.99,12.75,1,2,95.83,67.4,74.85,4.17,51.89,0,10.18,
SYN-00403,2025-10-10,2024-11-14,2025-12-14,1,Москва,Продажи,Команда 08,11,Смешанная,103.41,9.59,0,0,95.43,90.01,72.98,4.61,62.91,1,4.86,Смена работодателя
SYN-00404,2025-01-01,2024-08-04,,0,Москва,Удержание,Команда 01,5,Дневная,82.23,13.9,1,1,93.93,64.2,84.78,4.28,70.78,0,0,
SYN-00405,2025-07-12,2022-05-29,,0,Москва,Продажи,Команда 06,38,Ночная,80.36,13.52,0,0,95.77,87.37,88.69,4.55,67.63,0,4.08,
SYN-00406,2025-08-02,2022-12-16,,0,Москва,Продажи,Команда 10,32,Смешанная,84.89,20.81,0,0,92.5,82.37,83.34,4.33,69.16,0,12.74,
SYN-00407,2024-11-05,2022-11-16,2024-12-08,1,Казань,Поддержка,Команда 08,24,Смешанная,90.5,17.76,2,0,87.45,85.65,70.83,4.88,74.65,0,6.97,Смена работодателя
SYN-00408,2024-09-09,2021-05-28,,0,Казань,Поддержка,Команда 10,40,Дневная,87.18,3.11,4,2,83.75,82.59,84.02,4.78,87.87,0,9.75,
SYN-00409,2024-11-02,2024-05-06,,0,Казань,Удержание,Команда 08,6,Дневная,92.2,8.59,0,1,96.88,76.37,88.44,4.67,77.91,0,4.68,
SYN-00410,2025-08-05,2022-07-22,,0,Омск,Продажи,Команда 03,37,Смешанная,97.54,8.39,3,5,83.03,71.88,78.05,4.25,60.61,0,7.01,
SYN-00411,2025-10-13,2025-04-16,2025-10-24,1,Казань,Поддержка,Команда 06,6,Ночная,96.79,0,0,2,89.82,87.55,88.81,4.76,70.72,0,2.1,Личные причины
SYN-00412,2026-02-20,2026-01-21,,0,Казань,Удержание,Команда 01,1,Смешанная,90.41,13.7,3,0,91.1,94.33,84.62,4.25,53.43,1,10.6,
SYN-00413,2024-09-18,2021-04-07,,0,Казань,Поддержка,Команда 10,42,Дневная,100.03,13.03,0,6,84.26,87.36,86.57,4.49,66.07,1,1.8,
SYN-00414,2025-08-21,2021-06-13,,0,Омск,Поддержка,Команда 09,51,Дневная,78.73,4.19,0,0,99.62,87.68,93.43,4.45,58.75,0,0,
SYN-00415,2024-05-08,2023-09-11,,0,Омск,Поддержка,Команда 08,8,Смешанная,61.84,17.93,5,1,85.82,70.7,79.32,4.09,50.62,1,3.32,
SYN-00416,2024-06-02,2023-03-10,,0,Казань,Продажи,Команда 05,15,Дневная,85.75,15.86,2,5,88.14,85.4,89.73,4.56,56.77,1,12.11,
SYN-00417,2025-12-07,2022-03-28,,0,Москва,Продажи,Команда 10,45,Дневная,94.31,21.07,1,2,89.53,93.72,93.54,4.35,62.24,0,9.56,
SYN-00418,2025-05-01,2024-01-07,,0,Москва,Удержание,Команда 03,16,Смешанная,62.56,19.97,1,7,79.53,76.72,79.42,4.35,80.09,0,10.92,
SYN-00419,2025-07-08,2021-10-27,,0,Казань,Поддержка,Команда 07,45,Дневная,69.48,7.41,6,1,89.84,90.44,89.38,4.35,50.55,0,0,
SYN-00420,2025-10-21,2024-02-29,,0,Омск,Продажи,Команда 01,20,Смешанная,101.1,9.93,0,0,96.12,92.67,95.92,4.2,76.37,0,0.61,
SYN-00421,2024-03-01,2022-10-08,,0,Казань,Удержание,Команда 05,17,Смешанная,98.51,0,1,0,88.53,79.35,89.82,3.69,96.31,0,14.06,
SYN-00422,2025-11-13,2021-03-09,,0,Москва,Поддержка,Команда 06,57,Дневная,87.6,21.07,0,1,89.14,97.75,81.63,3.61,64.46,0,1.39,
SYN-00423,2024-11-09,2023-10-16,,0,Омск,Продажи,Команда 07,13,Смешанная,109.47,27.35,5,1,84.19,82.98,84.45,4.66,65.29,0,7.28,
SYN-00424,2025-04-15,2023-05-26,,0,Омск,Поддержка,Команда 08,23,Дневная,103.71,4.48,2,0,89.09,75.53,99.92,4.27,76.86,0,9.99,
SYN-00425,2025-04-17,2023-04-28,,0,Казань,Поддержка,Команда 02,24,Ночная,94.12,16.12,0,1,86.89,78.07,82.62,4.3,63.72,0,0,
SYN-00426,2025-07-20,2023-05-02,2025-09-11,1,Омск,Поддержка,Команда 01,27,Дневная,101.37,21.36,0,8,79.69,86.17,79.98,4.08,37.55,1,12.31,Низкая вовлечённость
SYN-00427,2025-02-04,2024-12-06,,0,Москва,Поддержка,Команда 06,2,Дневная,90.02,4.93,2,1,93.11,72.65,85.6,3.84,71.34,1,11.91,
SYN-00428,2025-01-18,2024-09-20,,0,Москва,Продажи,Команда 05,4,Смешанная,98.0,13.73,0,3,89.31,88.56,84.85,4.49,79.86,1,19.03,
SYN-00429,2024-04-17,2022-05-28,,0,Омск,Поддержка,Команда 08,23,Ночная,101.8,16.11,1,0,95.51,89.46,89.0,4.49,55.19,0,11.18,
SYN-00430,2025-02-09,2024-04-15,2025-04-01,1,Омск,Поддержка,Команда 12,10,Дневная,74.51,0,2,9,80.07,83.54,91.8,4.25,61.75,0,3.87,Смена графика
SYN-00431,2024-04-19,2021-05-05,,0,Казань,Поддержка,Команда 08,36,Дневная,50,27.6,3,1,95.39,60.1,76.7,4.25,64.44,0,4.93,
SYN-00432,2026-01-11,2025-05-16,2026-03-12,1,Омск,Удержание,Команда 01,8,Дневная,95.04,2.67,3,4,89.3,71.92,90.35,4.52,75.38,0,15.34,Смена работодателя
SYN-00433,2025-09-04,2021-11-24,,0,Москва,Поддержка,Команда 05,46,Дневная,68.68,6.36,0,0,95.75,92.64,85.22,4.14,85.29,0,2.7,
SYN-00434,2024-10-07,2020-01-02,,0,Казань,Удержание,Команда 05,58,Смешанная,88.43,17.55,1,3,91.44,74.34,83.95,4.32,46.49,1,3.31,
SYN-00435,2025-09-06,2024-05-14,2025-11-26,1,Москва,Поддержка,Команда 06,16,Смешанная,123.32,8.47,2,1,94.94,74.65,70.75,4.31,69.82,0,8.23,Личные причины
SYN-00436,2026-03-12,2021-06-06,,0,Омск,Удержание,Команда 11,58,Ночная,71.7,12.71,3,4,83.19,87.12,93.36,4.22,62.78,1,0,
SYN-00437,2024-03-06,2019-04-02,,0,Омск,Продажи,Команда 02,60,Дневная,107.93,11.21,0,2,88.16,68.67,78.18,4.25,63.59,0,0,
SYN-00438,2025-05-19,2021-02-09,2025-06-25,1,Москва,Удержание,Команда 12,52,Дневная,84.84,6.59,11,0,74.14,82.42,76.5,4.5,50.96,1,11.32,Низкая вовлечённость
SYN-00439,2025-02-15,2020-06-11,,0,Москва,Продажи,Команда 02,57,Дневная,76.3,1.89,2,3,95.09,65.04,78.17,4.33,67.79,0,7.04,
SYN-00440,2026-01-07,2024-03-18,,0,Москва,Продажи,Команда 06,22,Дневная,95.03,12.47,5,2,80.02,77.61,84.56,4.17,59.11,0,2.48,
SYN-00441,2025-02-21,2023-07-02,,0,Москва,Поддержка,Команда 10,20,Дневная,116.12,22.16,1,2,86.69,71.62,86.95,4.77,58.23,0,0,
SYN-00442,2025-01-03,2023-02-13,,0,Омск,Удержание,Команда 07,23,Дневная,90.95,1.5,0,0,88.81,83.19,75.23,5,67.11,0,6.8,
SYN-00443,2025-09-04,2024-08-10,,0,Казань,Продажи,Команда 06,13,Смешанная,96.71,6.2,1,1,91.21,98.31,100,4.15,77.75,0,11.88,
SYN-00444,2026-02-15,2022-09-04,2026-02-26,1,Москва,Продажи,Команда 09,42,Смешанная,94.75,26.64,2,0,91.39,84.82,89.13,3.93,66.15,0,6.11,Высокая нагрузка
SYN-00445,2024-03-13,2022-02-22,,0,Москва,Поддержка,Команда 04,25,Дневная,74.22,21.84,3,2,92.7,82.2,77.67,4.4,53.74,0,19.83,
SYN-00446,2024-05-04,2023-04-10,,0,Москва,Удержание,Команда 08,13,Смешанная,68.08,10.92,1,1,89.71,88.87,83.26,4.9,73.77,0,8.47,
SYN-00447,2025-12-07,2023-12-18,2026-01-31,1,Омск,Продажи,Команда 01,24,Смешанная,79.34,20.56,0,2,91.86,76.69,73.43,4.69,56.2,0,11.41,Смена графика
SYN-00448,2025-12-13,2023-07-27,,0,Москва,Поддержка,Команда 07,29,Смешанная,74.19,14.17,5,0,86.72,60.22,90.56,4.82,70.35,0,5.91,
SYN-00449,2024-11-17,2023-12-23,,0,Москва,Удержание,Команда 11,11,Смешанная,80.48,10.96,0,0,93.49,84.73,82.64,3.97,63.38,0,6.94,
SYN-00450,2025-04-16,2021-08-05,,0,Омск,Поддержка,Команда 02,45,Дневная,91.58,19.11,3,0,87.65,82.22,69.7,3.81,80.89,0,2.22,
SYN-00451,2024-07-15,2021-11-28,2024-09-06,1,Москва,Продажи,Команда 11,32,Дневная,97.82,12.17,1,1,93.61,73.1,77.05,4.03,60.54,0,9.35,Личные причины
SYN-00452,2025-02-03,2020-12-26,,0,Омск,Поддержка,Команда 02,50,Ночная,106.63,21.53,1,0,90.2,67.13,87.79,3.97,56.21,0,12.94,
SYN-00453,2024-05-13,2020-03-05,2024-06-18,1,Омск,Удержание,Команда 04,51,Смешанная,74.9,25.23,0,0,94.23,75.64,88.48,4.63,44.95,0,11.73,Низкая вовлечённость
SYN-00454,2025-07-07,2021-01-29,,0,Казань,Поддержка,Команда 11,54,Дневная,96.04,2.89,0,0,90.4,74.13,79.95,3.56,76.44,0,10.41,
SYN-00455,2024-12-05,2020-08-28,,0,Казань,Удержание,Команда 05,52,Дневная,89.55,12.0,1,3,85.89,90.59,90.66,4.31,53.34,0,9.02,
SYN-00456,2025-12-10,2022-05-30,,0,Москва,Удержание,Команда 04,43,Ночная,68.06,6.97,1,0,93.6,74.93,86.18,4.28,83.96,0,13.6,
SYN-00457,2024-12-06,2024-07-09,,0,Москва,Поддержка,Команда 12,5,Дневная,75.9,10.46,0,4,92.22,86.1,82.23,4.35,58.86,0,2.93,
SYN-00458,2024-03-13,2020-12-29,,0,Москва,Удержание,Команда 09,39,Ночная,93.49,19.43,1,6,82.62,84.84,89.36,4.31,62.87,0,8.91,
SYN-00459,2025-08-16,2020-12-10,,0,Омск,Поддержка,Команда 03,57,Дневная,95.78,0,2,1,92.74,70.09,84.89,4.32,75.28,1,0.67,
SYN-00460,2024-06-06,2023-12-09,,0,Казань,Удержание,Команда 12,6,Смешанная,86.16,0,0,0,97.25,79.06,76.25,3.4,72.32,1,5.96,
SYN-00461,2025-07-17,2025-05-18,,0,Омск,Поддержка,Команда 02,2,Ночная,77.18,18.35,4,1,87.16,81.42,79.79,4.55,73.37,0,0,
SYN-00462,2025-11-11,2021-08-04,,0,Москва,Поддержка,Команда 07,52,Ночная,87.07,11.96,0,0,88.62,85.73,84.4,4.07,44.91,0,11.1,
SYN-00463,2024-08-15,2021-07-02,2024-08-25,1,Казань,Удержание,Команда 01,38,Дневная,73.45,15.96,4,0,88.13,83.86,93.22,4.17,53.4,1,3.46,Низкая вовлечённость
SYN-00464,2025-10-16,2022-05-05,,0,Омск,Удержание,Команда 12,42,Ночная,85.58,8.75,0,0,95.19,84.82,99.61,4.06,63.14,0,3.61,
SYN-00465,2025-05-08,2021-10-26,,0,Омск,Удержание,Команда 03,43,Дневная,90.66,0,0,4,88.13,85.28,83.05,4.58,75.81,0,11.44,
SYN-00466,2025-04-11,2020-08-05,,0,Казань,Удержание,Команда 05,57,Дневная,87.99,7.21,0,0,97.66,90.6,83.09,4.2,48.16,0,8.43,
SYN-00467,2024-02-14,2023-12-16,2024-03-28,1,Москва,Поддержка,Команда 08,2,Ночная,79.48,0,5,4,86.01,82.35,62.85,4.16,73.29,1,3.81,Несоответствие требованиям
SYN-00468,2026-01-05,2021-09-28,,0,Москва,Поддержка,Команда 01,52,Смешанная,101.53,17.14,3,2,92.5,82.65,88.71,4.45,52.81,1,3.91,
SYN-00469,2024-08-17,2019-10-13,2024-09-09,1,Москва,Удержание,Команда 09,59,Дневная,81.45,11.24,1,3,89.83,82.28,88.18,4.57,58.44,1,4.73,Личные причины
SYN-00470,2025-08-07,2025-01-09,,0,Казань,Поддержка,Команда 08,7,Смешанная,92.02,20.92,1,0,91.67,77.36,92.58,4.44,55.43,0,8.46,
SYN-00471,2025-10-11,2024-08-17,,0,Омск,Продажи,Команда 08,14,Смешанная,116.31,19.7,0,0,93.96,69.97,88.72,4.76,62.44,0,9.6,
SYN-00472,2024-07-16,2022-08-26,,0,Омск,Поддержка,Команда 07,23,Дневная,78.1,1.35,1,3,96.49,77.94,83.25,3.9,67.35,0,7.95,
SYN-00473,2025-02-05,2022-06-21,2025-02-13,1,Казань,Удержание,Команда 08,32,Ночная,85.2,15.72,0,1,96.22,71.84,73.59,3.95,48.82,0,6.53,Низкая вовлечённость
SYN-00474,2025-01-05,2024-12-06,,0,Омск,Поддержка,Команда 07,1,Ночная,112.64,16.68,0,1,85.28,91.58,90.96,4.81,60.91,0,4.07,
SYN-00475,2024-06-20,2024-02-21,,0,Омск,Удержание,Команда 09,4,Смешанная,80.54,16.99,0,0,97.55,67.67,92.1,4.28,64.41,0,9.06,
SYN-00476,2024-12-03,2022-01-18,,0,Омск,Поддержка,Команда 07,35,Дневная,98.31,18.28,0,0,95.9,97.26,92.36,4.1,63.97,0,10.69,
SYN-00477,2025-05-07,2024-09-09,,0,Москва,Продажи,Команда 04,8,Дневная,75.3,16.7,1,4,92.88,76.69,88.14,3.63,60.7,0,2.78,
SYN-00478,2025-05-05,2024-10-07,,0,Омск,Поддержка,Команда 10,7,Дневная,82.62,8.42,0,0,96.23,100,92.91,4.65,71.92,0,12.69,
SYN-00479,2025-01-11,2023-07-21,,0,Омск,Продажи,Команда 05,18,Смешанная,85.96,13.14,0,1,94.74,73.61,78.79,3.81,65.92,0,8.34,
SYN-00480,2025-12-21,2023-02-05,,0,Москва,Поддержка,Команда 08,35,Дневная,97.01,0.68,8,1,80.05,77.51,94.98,3.69,59.45,0,1.98,
SYN-00481,2024-10-12,2024-01-16,,0,Омск,Поддержка,Команда 04,9,Дневная,77.26,28.65,1,3,88.36,79.68,92.95,4.63,76.86,0,2.99,
SYN-00482,2025-04-20,2024-11-21,,0,Казань,Поддержка,Команда 06,5,Ночная,83.26,13.68,1,0,91.62,73.86,81.09,4.44,63.12,0,4.81,
SYN-00483,2024-07-19,2022-05-31,,0,Омск,Продажи,Команда 12,26,Дневная,91.04,16.5,0,0,90.13,82.31,89.63,4.03,75.76,0,3.15,
SYN-00484,2025-10-01,2025-07-03,,0,Москва,Продажи,Команда 04,3,Дневная,97.85,12.45,1,5,90.71,82.03,75.33,4.39,73.41,0,2.53,
SYN-00485,2024-11-20,2023-03-01,,0,Омск,Удержание,Команда 10,21,Смешанная,64.13,15.54,0,0,100,80.29,83.27,4.45,49.51,0,13.35,
SYN-00486,2024-05-16,2021-11-28,,0,Омск,Продажи,Команда 08,30,Ночная,98.0,21.56,1,2,90.7,91.43,87.38,4.45,61.45,0,6.5,
SYN-00487,2024-06-16,2023-04-23,,0,Казань,Продажи,Команда 09,14,Смешанная,80.59,17.0,1,4,94.81,86.09,91.88,3.84,64.51,0,3.88,
SYN-00488,2024-09-16,2022-05-30,,0,Омск,Удержание,Команда 10,28,Дневная,84.47,10.59,0,0,96.94,73.66,83.37,4.33,82.34,0,6.02,
SYN-00489,2025-11-06,2023-07-20,,0,Казань,Продажи,Команда 07,28,Дневная,96.95,12.86,5,1,92.23,91.78,84.24,4.21,60.2,0,5.19,
SYN-00490,2026-03-07,2024-07-15,,0,Казань,Продажи,Команда 09,20,Дневная,96.43,21.24,6,0,86.2,93.33,90.25,4.21,81.32,0,0,
SYN-00491,2025-05-12,2023-03-24,2025-07-26,1,Казань,Удержание,Команда 11,26,Дневная,91.42,5.34,1,1,92.11,83.97,81.27,4.17,56.87,0,11.46,Смена графика
SYN-00492,2025-08-05,2023-10-15,,0,Москва,Продажи,Команда 06,22,Дневная,135,29.52,3,2,83.96,67.77,84.78,4.23,46.05,0,9.48,
SYN-00493,2025-09-11,2023-10-22,,0,Москва,Продажи,Команда 01,23,Смешанная,102.31,20.24,0,3,95.16,73.47,93.23,4.72,72.2,0,7.35,
SYN-00494,2024-08-16,2023-08-22,,0,Омск,Продажи,Команда 10,12,Ночная,92.64,7.32,2,1,88.66,72.21,94.78,4.4,95.61,0,1.6,
SYN-00495,2024-08-04,2024-05-06,,0,Омск,Удержание,Команда 11,3,Дневная,86.14,15.92,1,1,85.66,78.03,75.67,4.6,55.41,0,6.65,
SYN-00496,2024-09-20,2024-04-23,,0,Омск,Удержание,Команда 07,5,Смешанная,83.04,15.3,3,0,89.25,84.47,79.63,4.61,71.61,0,12.35,
SYN-00497,2025-06-12,2023-06-23,,0,Москва,Поддержка,Команда 03,24,Дневная,85.13,8.8,0,0,95.96,88.07,81.3,3.99,56.81,0,0.28,
SYN-00498,2025-12-12,2025-09-13,,0,Москва,Удержание,Команда 11,3,Смешанная,85.6,4.96,0,0,92.83,71.86,98.85,3.92,57.59,1,5.03,
SYN-00499,2025-11-18,2022-08-06,2025-12-06,1,Москва,Удержание,Команда 02,40,Дневная,71.58,13.23,1,2,87.53,81.04,79.69,4.11,67.59,0,8.58,Смена графика
SYN-00500,2025-05-06,2021-08-25,,0,Москва,Поддержка,Команда 08,45,Дневная,89.41,6.4,2,2,89.24,86.84,82.73,4.5,86.91,0,0,
SYN-00501,2025-11-12,2024-08-19,,0,Омск,Удержание,Команда 05,15,Ночная,88.47,18.09,0,1,89.93,81.27,80.28,4.45,62.19,0,11.82,
SYN-00502,2024-03-21,2023-01-26,,0,Казань,Продажи,Команда 03,14,Дневная,88.89,3.77,2,4,84.24,64.6,76.83,4.24,100,0,4.8,
SYN-00503,2024-03-14,2021-08-27,,0,Омск,Поддержка,Команда 01,31,Дневная,90.89,8.39,3,0,85.74,73.46,91.31,3.64,94.11,0,2.91,
SYN-00504,2024-03-14,2021-04-29,,0,Казань,Поддержка,Команда 09,35,Дневная,63.95,5.63,4,0,92.42,75.15,75.41,4.07,77.14,1,1.2,
SYN-00505,2026-03-13,2023-08-26,,0,Москва,Поддержка,Команда 10,31,Смешанная,107.69,19.74,3,1,90.66,79.32,81.5,4.37,67.46,0,0.66,
SYN-00506,2025-12-21,2024-01-01,,0,Москва,Удержание,Команда 04,24,Дневная,85.18,7.16,1,5,90.28,72.67,81.06,4.53,58.55,0,14.24,
SYN-00507,2025-05-20,2023-11-27,,0,Москва,Удержание,Команда 06,18,Дневная,96.54,6.83,0,2,86.22,77.9,75.58,4.25,56.21,0,0.55,
SYN-00508,2024-08-03,2021-04-21,,0,Казань,Удержание,Команда 04,40,Дневная,78.64,15.91,0,2,86.66,83.33,77.99,4.48,77.35,0,7.16,
SYN-00509,2025-03-10,2021-12-26,,0,Москва,Продажи,Команда 01,39,Ночная,89.15,11.91,0,0,95.8,83.42,79.75,4.79,68.83,1,17.81,
SYN-00510,2026-02-12,2022-08-02,,0,Омск,Продажи,Команда 03,43,Дневная,88.21,7.4,0,2,89.83,93.54,92.1,4.09,91.35,0,0,
SYN-00511,2025-02-12,2024-11-14,,0,Казань,Удержание,Команда 07,3,Ночная,108.89,25.51,0,1,94.43,79.49,81.43,4.53,61.09,0,3.28,
SYN-00512,2025-10-19,2024-03-28,,0,Москва,Удержание,Команда 07,19,Дневная,90.5,8.69,1,5,91.88,76.85,94.41,4.24,64.21,0,9.51,
SYN-00513,2025-05-21,2022-11-03,2025-07-31,1,Москва,Продажи,Команда 08,31,Ночная,78.03,14.25,4,0,89.06,87.93,85.34,3.41,54.76,0,11.12,Низкая вовлечённость
SYN-00514,2025-05-09,2023-02-19,,0,Москва,Поддержка,Команда 06,27,Ночная,77.31,8.9,2,0,86.34,84.5,90.76,4.02,78.47,0,6.71,
SYN-00515,2026-02-16,2024-12-23,,0,Омск,Поддержка,Команда 12,14,Смешанная,95.9,0,3,0,92.94,87.41,92.46,4.56,73.38,0,10.27,
SYN-00516,2024-08-10,2023-10-15,,0,Казань,Удержание,Команда 07,10,Дневная,89.51,15.81,0,2,94.61,88.82,84.86,4.82,54.82,0,6.51,
SYN-00517,2024-06-14,2022-04-26,,0,Казань,Удержание,Команда 07,26,Дневная,87.25,3.68,13,0,68.66,72.4,80.56,4.39,62.61,0,9.86,
SYN-00518,2025-05-08,2021-01-29,,0,Омск,Поддержка,Команда 08,52,Ночная,82.28,0,0,0,91.9,95.44,94.03,4.13,65.5,0,16.13,
SYN-00519,2024-12-14,2021-01-04,2025-02-07,1,Омск,Продажи,Команда 07,48,Смешанная,92.45,14.55,0,0,95.23,82.86,87.98,4.39,60.81,1,11.26,Личные причины
SYN-00520,2024-07-03,2021-04-20,2024-07-15,1,Омск,Поддержка,Команда 05,39,Дневная,80.46,14.53,0,0,98.03,76.88,80.04,5.0,76.71,1,13.03,Личные причины
SYN-00521,2024-05-10,2021-11-22,,0,Казань,Продажи,Команда 07,30,Дневная,70.28,11.2,1,5,86.15,92.78,76.64,4.13,75.38,0,10.3,
SYN-00522,2026-02-06,2023-02-22,,0,Москва,Поддержка,Команда 11,36,Ночная,91.9,16.48,2,2,98.86,100,87.46,4.11,49.23,1,9.84,
SYN-00523,2025-04-18,2020-10-11,,0,Казань,Удержание,Команда 09,55,Смешанная,94.36,2.65,3,5,86.0,81.69,82.68,4.53,66.15,0,5.77,
SYN-00524,2025-01-18,2021-11-05,,0,Москва,Удержание,Команда 04,39,Дневная,85.89,5.58,0,5,89.21,70.74,95.11,4.67,78.25,0,8.14,
SYN-00525,2025-10-17,2021-01-11,2025-11-14,1,Казань,Поддержка,Команда 02,58,Смешанная,81.89,5.44,2,0,94.14,76.81,85.33,4.56,94.12,0,9.26,Смена работодателя
SYN-00526,2025-01-21,2020-11-13,,0,Казань,Продажи,Команда 05,51,Ночная,95.32,7.69,0,0,92.96,83.66,71.03,4.66,55.65,0,4.37,
SYN-00527,2024-02-13,2023-11-15,2024-04-28,1,Казань,Поддержка,Команда 05,3,Ночная,86.95,19.46,0,4,100,77.61,86.18,4.24,37.21,1,5.33,Низкая вовлечённость
SYN-00528,2025-04-13,2022-12-25,,0,Казань,Продажи,Команда 03,28,Дневная,79.3,8.36,2,0,86.06,82.22,83.58,4.5,58.94,0,16.08,
SYN-00529,2024-01-16,2022-08-24,2024-01-28,1,Казань,Продажи,Команда 10,17,Ночная,81.76,20.08,0,0,91.22,84.98,91.7,4.5,76.98,0,15.99,Смена графика
SYN-00530,2025-05-01,2024-11-02,,0,Омск,Продажи,Команда 04,6,Дневная,76.64,11.23,2,0,84.39,66.28,89.39,3.84,73.75,0,3.83,
SYN-00531,2025-05-07,2022-07-22,,0,Казань,Удержание,Команда 03,34,Дневная,64.65,12.61,0,1,95.16,74.88,81.1,4.35,77.83,0,14.52,
SYN-00532,2025-06-20,2023-09-29,,0,Омск,Удержание,Команда 11,21,Дневная,90.13,3.06,0,0,93.12,84.83,94.2,4.52,85.22,0,0,
SYN-00533,2025-02-14,2024-10-17,,0,Москва,Удержание,Команда 11,4,Дневная,103.4,11.19,6,0,73.12,77.65,73.27,3.88,56.97,0,10.26,
SYN-00534,2025-01-19,2023-12-26,,0,Омск,Удержание,Команда 01,13,Смешанная,102.48,29.39,2,1,91.03,79.49,75.3,3.68,82.57,0,3.0,
SYN-00535,2025-02-15,2022-09-29,,0,Казань,Удержание,Команда 06,29,Смешанная,98.24,18.11,2,0,90.39,79.44,91.99,4.71,76.03,0,2.11,
SYN-00536,2025-11-03,2022-01-23,2026-01-26,1,Москва,Удержание,Команда 05,46,Смешанная,87.66,11.0,14,6,72.33,93.83,85.44,4.33,55.54,0,4.24,Смена графика
SYN-00537,2025-11-20,2023-11-01,,0,Москва,Поддержка,Команда 05,25,Дневная,101.66,0,9,0,84.57,72.61,84.99,4.24,71.53,0,13.41,
SYN-00538,2025-09-17,2025-05-20,,0,Омск,Удержание,Команда 04,4,Дневная,71.92,4.85,0,0,93.81,88.37,87.45,4.19,98.61,0,12.76,
SYN-00539,2024-02-11,2019-08-06,,0,Казань,Продажи,Команда 07,55,Смешанная,88.91,8.64,0,1,88.36,68.68,82.13,4.19,79.07,0,10.78,
SYN-00540,2025-12-16,2021-04-11,,0,Москва,Продажи,Команда 01,57,Дневная,95.71,9.66,2,5,87.61,76.07,80.62,4.26,87.33,0,11.98,
SYN-00541,2024-04-02,2022-01-13,,0,Москва,Удержание,Команда 08,27,Дневная,75.2,13.24,2,1,88.29,82.95,93.49,4.32,68.52,0,9.09,
SYN-00542,2025-01-20,2021-04-11,,0,Омск,Удержание,Команда 08,46,Дневная,91.06,7.46,1,4,90.18,85.86,88.04,4.04,54.84,1,15.17,
SYN-00543,2025-05-17,2023-11-24,,0,Москва,Поддержка,Команда 05,18,Дневная,97.03,15.26,14,1,69.35,76.69,75.62,5,44.58,1,9.67,
SYN-00544,2024-07-05,2021-09-19,,0,Москва,Продажи,Команда 03,34,Ночная,108.24,30.39,0,2,84.63,81.54,80.55,4.15,68.47,0,5.94,
SYN-00545,2025-10-08,2025-08-09,2025-11-19,1,Омск,Продажи,Команда 04,2,Ночная,109.68,20.94,0,0,98.94,69.52,92.5,4.14,54.47,0,4.21,Низкая вовлечённость
SYN-00546,2024-05-04,2020-06-24,2024-05-17,1,Омск,Продажи,Команда 10,47,Ночная,100.82,18.64,3,0,87.72,79.59,86.15,4.28,57.95,0,5.68,Личные причины
SYN-00547,2024-03-02,2021-10-14,,0,Омск,Поддержка,Команда 12,29,Смешанная,83.35,13.24,4,0,84.98,98.43,74.21,3.83,55.04,0,11.24,
SYN-00548,2024-04-11,2023-04-17,,0,Москва,Удержание,Команда 05,12,Дневная,87.84,29.52,3,4,81.44,78.0,80.77,4.87,64.18,0,6.37,
SYN-00549,2025-12-04,2025-08-06,,0,Казань,Продажи,Команда 10,4,Дневная,85.85,22.1,2,1,90.53,85.51,94.76,4.34,59.1,0,0,
SYN-00550,2025-12-13,2024-02-22,,0,Москва,Удержание,Команда 01,22,Ночная,99.74,20.41,1,0,85.23,95.59,86.43,4.07,61.05,0,0,
SYN-00551,2024-02-07,2023-10-10,,0,Омск,Удержание,Команда 02,4,Смешанная,102.8,12.47,3,4,90.98,73.86,80.92,4.15,69.14,0,10.32,
SYN-00552,2024-08-18,2020-11-07,,0,Омск,Продажи,Команда 09,46,Дневная,116.39,20.16,2,0,87.81,70.98,75.44,4.23,76.34,1,7.97,
SYN-00553,2025-12-02,2023-08-15,,0,Омск,Удержание,Команда 09,28,Дневная,81.25,2.33,3,0,92.4,92.77,79.68,4.57,54.51,0,13.05,
SYN-00554,2025-03-17,2024-03-22,,0,Омск,Удержание,Команда 11,12,Дневная,80.73,18.7,0,1,91.6,61.1,83.44,4.67,62.25,1,6.43,
SYN-00555,2025-06-21,2020-07-17,,0,Омск,Поддержка,Команда 05,60,Дневная,101.9,20.7,2,0,84.74,92.29,85.75,4.94,69.35,0,7.67,
SYN-00556,2024-11-08,2024-06-11,,0,Москва,Удержание,Команда 08,5,Дневная,90.45,6.79,0,0,94.84,91.05,84.94,4.01,62.66,0,7.86,
SYN-00557,2024-10-05,2024-02-08,,0,Омск,Удержание,Команда 02,8,Дневная,74.41,17.33,3,0,91.95,88.65,93.26,3.75,70.05,0,8.59,
SYN-00558,2025-11-15,2025-09-16,,0,Москва,Удержание,Команда 09,2,Смешанная,93.56,6.25,1,2,88.84,70.28,81.58,4.35,68.35,0,19.94,
SYN-00559,2024-10-03,2023-03-13,,0,Казань,Удержание,Команда 07,19,Дневная,74.04,15.48,3,0,90.77,73.76,86.41,4.12,83.7,0,8.47,
SYN-00560,2024-05-10,2022-08-19,,0,Москва,Поддержка,Команда 01,21,Ночная,98.53,14.77,3,0,86.53,64.7,93.03,4.64,58.86,0,7.12,
SYN-00561,2024-05-02,2019-05-29,,0,Казань,Поддержка,Команда 02,60,Смешанная,80.22,17.11,7,6,81.25,88.53,85.45,3.97,74.11,0,2.41,
SYN-00562,2024-05-06,2020-07-26,,0,Казань,Удержание,Команда 12,46,Смешанная,100.12,13.93,0,2,93.58,80.06,90.36,4.71,61.14,1,0.59,
SYN-00563,2025-06-03,2020-10-27,,0,Москва,Продажи,Команда 06,56,Дневная,111.27,18.36,2,4,92.32,80.97,95.82,4.18,77.22,0,7.85,
SYN-00564,2024-03-16,2020-10-03,,0,Казань,Продажи,Команда 11,42,Смешанная,104.6,6.43,6,0,89.6,100,64.68,4.52,76.7,0,9.5,
SYN-00565,2025-04-14,2021-06-04,,0,Казань,Поддержка,Команда 11,47,Дневная,68.83,28.05,3,1,91.75,67.84,83.92,4.22,71.15,1,3.81,
SYN-00566,2025-12-16,2021-11-07,,0,Омск,Продажи,Команда 08,50,Дневная,102.44,8.28,0,1,96.14,81.92,82.57,3.92,72.38,0,3.24,
SYN-00567,2024-04-15,2021-08-29,,0,Москва,Удержание,Команда 03,32,Дневная,89.67,16.27,4,0,80.87,77.53,78.32,4.01,66.94,0,9.67,
SYN-00568,2024-12-13,2022-06-27,2025-03-10,1,Омск,Продажи,Команда 01,30,Дневная,93.73,12.56,3,1,87.16,98.6,88.3,4.13,67.76,0,1.4,Смена работодателя
SYN-00569,2025-04-11,2023-09-19,,0,Казань,Удержание,Команда 01,19,Смешанная,92.38,20.43,0,1,92.44,76.24,89.3,4.23,66.43,0,0.49,
SYN-00570,2025-07-11,2024-12-13,,0,Москва,Удержание,Команда 06,7,Ночная,89.59,10.22,2,2,88.72,86.93,92.63,4.29,61.22,0,5.77,
SYN-00571,2024-05-15,2020-01-07,,0,Москва,Поддержка,Команда 04,53,Ночная,95.52,26.92,8,0,88.06,68.94,87.0,4.59,76.19,0,0,
SYN-00572,2024-10-06,2024-05-09,,0,Омск,Удержание,Команда 08,5,Дневная,87.75,16.62,0,1,93.55,74.74,99.82,3.91,46.13,0,0,
SYN-00573,2025-12-14,2022-10-31,,0,Москва,Продажи,Команда 12,38,Дневная,83.42,20.53,5,0,85.3,91.11,90.48,4.74,67.71,0,11.88,
SYN-00574,2025-05-14,2020-11-06,,0,Омск,Продажи,Команда 06,55,Ночная,116.17,20.95,4,5,90.18,78.89,83.07,4.11,70.72,0,9.14,
SYN-00575,2025-04-09,2023-08-18,,0,Москва,Продажи,Команда 03,20,Дневная,86.98,3.05,0,2,91.06,77.61,86.24,4.63,78.47,0,8.85,
SYN-00576,2026-03-02,2024-07-10,,0,Омск,Удержание,Команда 04,20,Ночная,96.79,15.14,0,6,88.45,63.21,90.26,4.63,86.5,0,2.8,
SYN-00577,2024-04-05,2023-07-10,2024-06-24,1,Омск,Удержание,Команда 10,9,Смешанная,81.92,13.39,2,2,85.17,90.37,85.97,4.33,90.7,0,4.47,Смена работодателя
SYN-00578,2024-03-14,2019-05-10,2024-05-27,1,Омск,Продажи,Команда 03,59,Смешанная,99.72,19.79,8,0,82.12,79.85,88.1,4.66,70.44,0,7.43,Личные причины
SYN-00579,2026-01-15,2022-06-05,,0,Омск,Продажи,Команда 03,44,Дневная,92.17,13.67,1,4,94.71,80.05,68.96,3.94,81.97,0,5.26,
SYN-00580,2024-06-17,2023-07-23,,0,Омск,Поддержка,Команда 07,11,Дневная,101.62,1.63,3,1,96.1,71.22,79.25,4.09,68.8,0,0.82,
SYN-00581,2024-08-04,2022-04-17,,0,Москва,Поддержка,Команда 03,28,Дневная,74.98,8.76,7,2,87.32,66.51,91.35,4.32,67.64,0,6.6,
SYN-00582,2024-01-09,2021-12-20,,0,Омск,Удержание,Команда 11,25,Дневная,92.89,10.66,0,0,98.16,97.06,91.2,4.94,79.49,0,9.39,
SYN-00583,2026-02-12,2022-10-31,,0,Москва,Поддержка,Команда 11,40,Ночная,83.27,4.18,1,0,92.18,88.21,87.22,3.69,70.04,0,4.09,
SYN-00584,2025-11-21,2022-06-10,,0,Казань,Продажи,Команда 12,42,Ночная,97.21,22.08,1,1,93.36,63.48,84.49,4.56,74.4,0,2.65,
SYN-00585,2024-10-21,2020-08-13,,0,Омск,Продажи,Команда 12,51,Смешанная,111.57,16.59,0,2,81.16,74.77,72.52,4.58,62.94,0,11.89,
SYN-00586,2024-04-05,2021-06-20,,0,Омск,Удержание,Команда 07,34,Дневная,75.81,14.35,2,0,96.27,83.35,100,4.65,70.18,1,7.82,
SYN-00587,2025-03-09,2021-07-28,,0,Казань,Удержание,Команда 03,44,Ночная,83.38,6.41,0,0,95.4,73.43,94.63,4.53,53.7,1,7.57,
SYN-00588,2024-04-02,2023-07-07,,0,Омск,Удержание,Команда 05,9,Дневная,79.36,24.07,1,0,94.43,89.91,88.69,4.31,66.45,0,7.22,
SYN-00589,2024-07-05,2024-06-05,,0,Москва,Удержание,Команда 11,1,Ночная,77.39,7.12,2,1,85.92,58.43,96.43,4.61,62.91,0,6.61,
SYN-00590,2024-08-07,2021-08-23,,0,Москва,Продажи,Команда 12,36,Ночная,72.78,0,1,1,88.03,69.86,92.64,4.75,68.73,1,8.53,
SYN-00591,2025-01-21,2022-10-04,,0,Казань,Продажи,Команда 02,28,Дневная,92.77,4.23,1,0,98.2,87.88,87.28,4.38,61.99,1,2.77,
SYN-00592,2024-07-20,2022-03-03,,0,Казань,Удержание,Команда 05,29,Дневная,97.28,8.32,3,1,88.28,81.87,84.32,4.62,50.4,0,2.71,
SYN-00593,2024-09-20,2020-12-10,,0,Казань,Продажи,Команда 06,46,Ночная,104.42,24.63,8,1,80.08,59.96,87.02,4.52,58.06,0,0,
SYN-00594,2025-12-14,2023-05-29,,0,Москва,Удержание,Команда 04,31,Ночная,79.87,10.1,0,2,89.97,80.19,88.12,3.82,66.93,0,0.58,
SYN-00595,2024-02-16,2019-11-09,,0,Казань,Удержание,Команда 01,52,Дневная,97.95,0,0,4,88.63,79.35,87.35,4.31,79.02,0,7.25,
SYN-00596,2024-05-06,2020-11-23,,0,Москва,Продажи,Команда 02,42,Смешанная,90.19,17.01,3,1,86.74,83.67,89.85,4.06,44.21,1,7.67,
SYN-00597,2024-03-21,2020-10-08,,0,Москва,Поддержка,Команда 04,42,Смешанная,111.05,12.39,0,4,86.77,81.63,92.95,4.25,68.06,0,9.61,
SYN-00598,2025-01-04,2024-07-08,,0,Казань,Поддержка,Команда 02,6,Ночная,75.29,18.9,0,0,96.49,77.17,75.94,4.93,74.4,0,1.68,
SYN-00599,2024-02-03,2023-04-09,,0,Омск,Удержание,Команда 09,10,Смешанная,94.93,19.75,1,0,94.4,63.43,80.81,4.21,70.93,0,9.14,
SYN-00600,2026-02-16,2024-03-28,,0,Москва,Продажи,Команда 06,23,Смешанная,81.63,13.12,0,0,90.92,75.87,83.22,4.56,36.58,1,15.15,
SYN-00601,2025-06-02,2022-08-17,2025-08-30,1,Омск,Удержание,Команда 03,34,Дневная,99.25,7.87,1,3,91.72,75.93,82.05,4.41,63.03,1,9.66,Личные причины
SYN-00602,2026-02-09,2023-08-24,,0,Казань,Продажи,Команда 04,30,Ночная,66.79,11.38,0,1,89.46,88.24,92.56,3.52,63.57,0,0.87,
SYN-00603,2025-06-03,2023-10-12,,0,Казань,Продажи,Команда 09,20,Смешанная,97.86,7.22,0,0,99.38,88.77,89.67,4.67,61.88,1,8.16,
SYN-00604,2025-05-04,2021-08-23,,0,Москва,Продажи,Команда 10,45,Ночная,81.91,19.69,2,0,89.38,74.93,90.61,4.54,73.52,0,9.34,
SYN-00605,2024-03-04,2020-09-21,,0,Москва,Удержание,Команда 09,42,Ночная,110.88,7.15,0,0,97.17,93.22,85.74,4.36,76.48,0,12.51,
SYN-00606,2025-07-05,2022-10-19,,0,Омск,Поддержка,Команда 07,33,Дневная,87.42,8.84,1,1,86.55,75.88,84.53,4.54,57.23,0,1.92,
SYN-00607,2024-11-04,2024-04-08,2024-12-04,1,Москва,Удержание,Команда 04,7,Ночная,99.04,11.11,0,0,97.35,92.32,86.46,4.19,36.93,1,18.27,Низкая вовлечённость
SYN-00608,2025-08-15,2020-09-10,,0,Москва,Продажи,Команда 09,60,Смешанная,72.22,17.84,5,0,87.85,80.23,82.44,4.9,70.45,0,13.37,
SYN-00609,2025-08-16,2024-01-24,2025-10-13,1,Омск,Поддержка,Команда 06,19,Дневная,86.67,9.2,10,1,78.99,93.71,81.87,4.32,82.41,0,2.08,Смена работодателя
SYN-00610,2024-08-05,2024-03-08,,0,Омск,Удержание,Команда 10,5,Дневная,79.27,0.23,0,2,96.08,96.95,80.6,4.42,61.35,0,6.31,
SYN-00611,2024-09-17,2024-02-20,2024-10-29,1,Москва,Удержание,Команда 08,7,Смешанная,79.47,16.05,1,1,89.27,81.4,86.42,4.67,62.48,0,7.04,Смена работодателя
SYN-00612,2026-03-12,2026-01-11,2026-05-20,1,Москва,Поддержка,Команда 07,2,Дневная,83.58,10.57,4,3,79.26,75.73,89.37,3.88,79.16,0,2.77,Личные причины
SYN-00613,2025-04-17,2021-04-08,,0,Омск,Поддержка,Команда 01,49,Дневная,82.38,23.02,3,0,94.15,85.64,93.27,4.46,66.3,0,0,
SYN-00614,2025-03-14,2021-07-03,,0,Москва,Поддержка,Команда 03,45,Дневная,79.46,2.9,9,2,75.01,79.68,90.9,4.41,52.83,1,10.68,
SYN-00615,2024-04-02,2021-09-15,,0,Омск,Продажи,Команда 05,31,Дневная,102.67,11.91,1,1,99.12,67.15,78.74,4.53,78.33,0,8.81,
SYN-00616,2025-07-18,2023-10-27,,0,Москва,Продажи,Команда 06,21,Дневная,93.87,30.15,1,7,85.33,83.45,95.59,4.94,58.93,0,3.65,
SYN-00617,2024-08-02,2021-04-20,,0,Казань,Удержание,Команда 03,40,Дневная,85.16,0,1,2,96.56,85.27,78.9,4.58,83.25,0,1.7,
SYN-00618,2025-12-08,2023-10-20,,0,Москва,Поддержка,Команда 09,26,Дневная,75.01,19.84,7,3,67.13,62.87,90.56,4.59,53.47,0,7.25,
SYN-00619,2025-07-16,2025-06-16,2025-10-04,1,Москва,Удержание,Команда 12,1,Ночная,83.27,11.34,1,1,90.26,82.52,85.45,4.11,57.44,0,6.73,Смена графика
SYN-00620,2025-11-17,2025-06-20,,0,Омск,Продажи,Команда 04,5,Дневная,77.85,15.79,4,0,82.36,92.04,88.33,4.78,65.89,0,0.95,
SYN-00621,2024-04-11,2023-03-18,,0,Омск,Удержание,Команда 03,13,Ночная,87.84,17.59,1,1,90.01,88.39,86.84,4.31,66.98,0,8.61,
SYN-00622,2025-11-13,2021-07-07,,0,Омск,Удержание,Команда 12,53,Дневная,71.17,7.96,4,0,87.33,70.06,86.8,4.67,70.16,0,2.46,
SYN-00623,2025-11-08,2021-08-01,,0,Москва,Продажи,Команда 06,52,Дневная,77.25,4.18,1,0,86.4,79.02,70.48,4.74,64.73,0,16.39,
SYN-00624,2024-11-06,2022-06-20,,0,Омск,Удержание,Команда 09,29,Дневная,89.89,16.79,1,0,92.82,73.29,76.01,4.39,40.91,0,4.76,
SYN-00625,2024-07-07,2023-02-13,2024-09-11,1,Омск,Продажи,Команда 08,17,Дневная,95.69,5.71,1,0,88.95,70.38,83.32,4.39,73.05,0,16.11,Смена работодателя
SYN-00626,2024-12-01,2024-11-01,,0,Москва,Поддержка,Команда 08,1,Дневная,83.14,11.81,1,3,89.52,74.22,84.12,4.06,64.05,0,6.79,
SYN-00627,2024-12-17,2021-04-07,,0,Омск,Продажи,Команда 06,45,Ночная,108.83,20.36,0,3,86.07,85.12,90.91,4.13,72.9,0,1.14,
SYN-00628,2024-07-15,2021-11-28,,0,Москва,Продажи,Команда 10,32,Ночная,87.85,9.13,0,1,92.12,65.59,86.49,4.34,80.84,0,4.67,
SYN-00629,2025-07-09,2024-12-11,,0,Казань,Продажи,Команда 05,7,Дневная,88.04,9.72,0,1,90.32,86.05,83.79,4.69,82.12,0,4.76,
SYN-00630,2024-02-14,2020-07-04,,0,Омск,Удержание,Команда 04,44,Дневная,78.24,22.82,0,3,90.82,67.64,100,4.03,56.33,0,0.27,
SYN-00631,2025-07-13,2022-10-27,,0,Москва,Поддержка,Команда 03,33,Дневная,68.35,18.64,3,0,87.2,75.31,84.1,4.32,64.77,0,8.04,
SYN-00632,2024-05-12,2021-12-24,,0,Казань,Поддержка,Команда 12,29,Смешанная,75.4,10.64,1,1,91.79,72.58,91.69,4.54,74.53,0,1.08,
SYN-00633,2025-07-15,2023-09-24,,0,Москва,Поддержка,Команда 05,22,Ночная,80.19,14.7,6,2,88.72,80.27,91.73,4.09,65.75,0,4.47,
SYN-00634,2025-06-04,2025-01-05,,0,Казань,Поддержка,Команда 04,5,Ночная,83.5,0,9,5,80.44,78.86,71.59,3.98,68.79,0,8.25,
SYN-00635,2024-10-08,2024-09-08,2024-10-17,1,Казань,Удержание,Команда 11,1,Ночная,90.36,22.21,6,7,81.43,91.26,84.98,4.06,54.84,0,9.97,Низкая вовлечённость
SYN-00636,2025-02-09,2021-03-02,,0,Омск,Удержание,Команда 04,48,Смешанная,74.35,23.19,0,0,100,76.16,81.53,4.6,71.84,0,0.68,
SYN-00637,2024-10-10,2020-06-03,,0,Омск,Удержание,Команда 10,53,Дневная,79.69,11.14,4,0,83.78,58.11,88.54,3.77,60.84,1,10.74,
SYN-00638,2025-01-20,2023-11-27,,0,Казань,Поддержка,Команда 08,14,Смешанная,98.29,17.76,0,2,90.29,73.69,88.32,3.87,65.95,0,5.21,
SYN-00639,2024-03-08,2024-01-08,,0,Казань,Поддержка,Команда 04,2,Смешанная,82.79,29.0,1,0,89.85,84.48,79.38,4.73,50.06,0,0,
SYN-00640,2024-12-19,2023-02-28,,0,Омск,Продажи,Команда 10,22,Дневная,89.45,16.47,0,0,96.28,75.34,98.79,4.23,68.28,0,7.68,
SYN-00641,2025-12-02,2025-02-05,2025-12-16,1,Казань,Поддержка,Команда 02,10,Дневная,60.62,7.58,1,8,82.07,86.1,86.87,4.08,70.16,0,4.2,Смена работодателя
SYN-00642,2024-08-07,2024-07-08,,0,Омск,Продажи,Команда 10,1,Смешанная,104.25,18.67,1,2,92.34,72.07,83.91,4.03,60.91,1,5.54,
SYN-00643,2025-02-05,2020-05-02,,0,Омск,Поддержка,Команда 01,58,Дневная,79.18,5.16,1,1,93.06,92.07,77.2,5,65.02,0,0,
SYN-00644,2024-06-07,2022-03-20,,0,Москва,Поддержка,Команда 08,27,Дневная,94.09,0.67,2,0,92.68,83.78,84.19,4.51,59.17,0,18.47,
SYN-00645,2025-03-20,2024-08-22,,0,Казань,Продажи,Команда 08,7,Ночная,98.5,26.43,2,0,92.82,83.73,77.61,4.39,65.02,0,9.88,
SYN-00646,2025-06-15,2020-07-11,,0,Казань,Удержание,Команда 04,60,Смешанная,85.88,4.05,0,1,94.96,78.84,80.69,4.16,65.55,1,4.62,
SYN-00647,2025-04-13,2020-07-08,,0,Омск,Продажи,Команда 12,58,Дневная,97.08,11.72,6,1,87.12,86.72,88.76,4.72,78.3,0,12.53,
SYN-00648,2025-10-05,2020-10-31,,0,Омск,Удержание,Команда 11,60,Смешанная,87.15,10.4,0,0,88.81,75.15,93.38,4.57,27.69,0,4.78,
SYN-00649,2024-04-18,2022-03-30,,0,Казань,Удержание,Команда 11,25,Дневная,85.26,7.14,0,1,93.91,86.16,85.62,4.69,85.38,0,12.92,
SYN-00650,2025-03-14,2020-10-06,,0,Омск,Продажи,Команда 08,54,Дневная,116.21,18.39,1,0,92.88,88.9,84.82,4.43,72.1,0,4.64,
SYN-00651,2025-03-17,2024-04-21,,0,Казань,Поддержка,Команда 08,11,Дневная,94.54,15.03,1,1,94.74,87.28,84.5,3.74,77.33,1,9.17,
SYN-00652,2025-06-16,2023-04-28,,0,Казань,Поддержка,Команда 01,26,Дневная,94.26,20.14,2,0,95.65,88.81,84.69,4.32,67.67,0,8.61,
SYN-00653,2024-01-08,2023-10-10,2024-02-29,1,Москва,Удержание,Команда 07,3,Смешанная,98.58,14.38,2,0,93.13,79.71,84.96,3.92,71.62,0,0,Смена работодателя
SYN-00654,2025-05-08,2023-02-18,,0,Москва,Продажи,Команда 02,27,Смешанная,73.15,19.09,0,1,88.78,90.93,80.63,4.46,73.02,0,7.12,
SYN-00655,2024-04-19,2020-02-10,,0,Москва,Поддержка,Команда 07,51,Дневная,89.92,10.25,2,0,91.38,87.38,77.55,4.77,64.65,0,0.78,
SYN-00656,2024-07-03,2021-04-20,,0,Москва,Удержание,Команда 05,39,Дневная,80.2,19.97,3,0,83.09,97.98,81.65,4.13,52.02,0,19.98,
SYN-00657,2025-10-07,2021-09-28,,0,Омск,Удержание,Команда 10,49,Дневная,81.48,0.65,1,1,96.71,69.86,80.1,4.12,56.86,1,5.27,
SYN-00658,2025-11-11,2024-05-20,,0,Москва,Поддержка,Команда 04,18,Дневная,68.65,3.96,1,0,90.58,75.92,90.85,4.72,56.95,0,1.47,
SYN-00659,2025-09-06,2023-05-20,,0,Омск,Продажи,Команда 08,28,Ночная,83.92,8.94,2,0,96.74,78.24,77.38,4.18,76.14,0,5.91,
SYN-00660,2024-08-03,2020-01-27,,0,Омск,Поддержка,Команда 05,55,Смешанная,95.51,4.35,2,0,91.22,60.63,78.68,3.76,74.0,0,0.47,
SYN-00661,2025-08-01,2021-06-23,,0,Омск,Продажи,Команда 04,50,Дневная,84.01,20.55,4,0,85.48,84.61,85.76,4.48,77.75,0,0.69,
SYN-00662,2024-10-07,2021-05-26,2024-12-29,1,Казань,Удержание,Команда 03,41,Ночная,99.95,15.97,14,3,70.78,69.51,85.71,4.75,59.9,0,6.39,Смена графика
SYN-00663,2025-07-17,2021-04-09,,0,Москва,Продажи,Команда 03,52,Дневная,110.68,9.49,0,0,95.09,76.78,92.05,4.31,68.76,0,3.29,
SYN-00664,2024-05-06,2020-09-24,,0,Москва,Продажи,Команда 04,44,Дневная,86.67,0,4,0,86.33,94.91,87.43,4.28,53.91,0,8.55,
SYN-00665,2025-04-13,2022-10-26,,0,Москва,Удержание,Команда 01,30,Дневная,77.8,16.47,1,2,96.67,74.1,85.95,4.48,72.55,0,5.71,
SYN-00666,2025-03-10,2022-07-24,2025-06-03,1,Омск,Продажи,Команда 07,32,Смешанная,109.23,4.8,1,0,94.58,90.88,89.99,4.5,78.39,0,2.24,Смена работодателя
SYN-00667,2025-06-06,2022-04-23,,0,Москва,Удержание,Команда 01,38,Дневная,84.25,8.31,1,3,91.28,64.91,94.17,3.96,87.53,0,0,
SYN-00668,2026-01-15,2022-12-02,,0,Москва,Поддержка,Команда 02,38,Смешанная,80.45,0,3,1,87.9,82.82,92.48,4.26,92.16,0,0,
SYN-00669,2025-02-07,2022-09-21,2025-04-13,1,Москва,Удержание,Команда 11,29,Дневная,70.55,11.4,1,1,95.57,85.85,88.56,4.24,56.43,1,7.89,Смена работодателя
SYN-00670,2024-10-03,2024-03-07,,0,Казань,Удержание,Команда 12,7,Смешанная,81.42,16.69,0,0,94.3,70.23,89.53,4.09,77.54,0,6.73,
SYN-00671,2024-10-02,2022-11-12,,0,Казань,Поддержка,Команда 04,23,Дневная,95.42,11.32,1,3,84.24,79.48,83.34,4.43,56.27,1,9.89,
SYN-00672,2026-01-09,2021-12-31,,0,Омск,Поддержка,Команда 02,49,Ночная,105.93,4.74,3,0,85.04,82.05,92.45,4.21,95.8,0,6.63,
SYN-00673,2024-03-08,2021-05-23,2024-03-27,1,Москва,Продажи,Команда 12,34,Смешанная,102.68,16.34,0,0,97.65,87.57,99.56,3.98,49.54,1,15.4,Низкая вовлечённость
SYN-00674,2025-09-17,2025-02-19,,0,Казань,Поддержка,Команда 11,7,Смешанная,92.84,18.81,3,1,93.49,84.89,93.3,4.4,87.33,0,15.01,
SYN-00675,2025-12-20,2021-06-14,,0,Омск,Поддержка,Команда 02,55,Смешанная,89.67,22.06,4,0,85.63,98.66,81.69,4.63,48.21,0,3.33,
SYN-00676,2024-06-18,2023-07-24,,0,Москва,Поддержка,Команда 12,11,Смешанная,89.51,11.59,2,0,92.18,77.34,77.5,4.22,75.01,1,5.49,
SYN-00677,2024-02-17,2019-10-11,,0,Москва,Продажи,Команда 08,53,Ночная,89.06,16.17,6,1,83.35,81.67,97.05,4.01,51.5,1,2.05,
SYN-00678,2025-11-11,2021-05-06,,0,Казань,Продажи,Команда 02,55,Ночная,109.43,23.29,0,1,93.67,90.01,79.22,4.29,66.61,0,3.34,
SYN-00679,2024-04-04,2022-06-14,,0,Казань,Удержание,Команда 12,22,Смешанная,88.13,19.05,4,2,84.66,76.62,86.93,4.21,69.51,0,9.52,
SYN-00680,2025-06-16,2022-04-03,,0,Омск,Поддержка,Команда 08,39,Ночная,81.76,0.64,0,3,98.71,74.11,92.89,4.49,43.33,0,10.43,
SYN-00681,2025-11-17,2025-08-19,,0,Казань,Продажи,Команда 12,3,Ночная,83.95,11.99,1,0,96.6,100,84.42,4.45,53.1,0,4.62,
SYN-00682,2026-01-18,2024-11-24,,0,Омск,Продажи,Команда 05,14,Дневная,72.42,21.52,1,0,90.66,68.65,82.86,4.08,73.53,0,5.77,
SYN-00683,2025-11-09,2021-01-04,,0,Москва,Продажи,Команда 09,59,Смешанная,99.17,19.64,1,0,89.61,97.04,82.35,3.97,47.28,1,12.1,
SYN-00684,2024-05-13,2022-07-23,,0,Казань,Продажи,Команда 02,22,Дневная,102.15,11.25,0,0,94.22,71.55,72.97,4.41,60.52,0,11.06,
SYN-00685,2025-04-01,2023-12-08,,0,Москва,Поддержка,Команда 07,16,Ночная,84.93,10.22,0,5,90.14,78.42,87.95,4.29,96.19,0,5.03,
SYN-00686,2025-09-09,2025-07-11,,0,Москва,Продажи,Команда 01,2,Ночная,104.77,10.84,4,0,95.09,73.74,83.31,4.43,62.86,0,7.39,
SYN-00687,2024-12-16,2020-02-11,,0,Казань,Поддержка,Команда 10,59,Ночная,79.43,13.73,2,3,92.79,86.93,89.46,4.39,58.96,0,5.16,
SYN-00688,2025-03-17,2021-11-03,,0,Омск,Удержание,Команда 11,41,Дневная,86.45,14.17,4,1,82.71,72.37,95.7,4.74,62.46,0,0,
SYN-00689,2025-08-07,2021-12-26,,0,Москва,Удержание,Команда 09,44,Смешанная,81.3,11.11,7,2,84.24,94.18,92.8,4.22,65.32,1,10.91,
SYN-00690,2026-02-17,2023-01-04,,0,Казань,Продажи,Команда 03,38,Дневная,57.18,4.01,1,0,91.43,92.37,94.29,4.82,100,0,11.02,
SYN-00691,2025-05-05,2023-03-17,,0,Казань,Поддержка,Команда 07,26,Дневная,97.48,0,5,0,84.07,97.03,72.67,4.41,58.98,0,0,
SYN-00692,2025-03-12,2024-07-15,,0,Казань,Поддержка,Команда 05,8,Дневная,82.07,11.8,3,3,81.75,66.54,85.75,3.78,65.9,0,8.97,
SYN-00693,2025-08-14,2024-12-17,2025-09-19,1,Казань,Продажи,Команда 03,8,Смешанная,115.46,26.06,0,3,93.36,82.94,91.45,4.73,78.22,1,8.73,Высокая нагрузка
SYN-00694,2025-10-01,2024-08-07,,0,Казань,Удержание,Команда 06,14,Дневная,77.81,0.21,2,2,89.46,81.16,86.99,4.21,63.05,0,13.66,
SYN-00695,2025-02-17,2022-05-04,,0,Омск,Продажи,Команда 03,34,Смешанная,74.4,11.39,0,0,95.86,74.01,78.96,4.58,54.12,1,10.61,
SYN-00696,2026-01-16,2023-04-02,,0,Москва,Поддержка,Команда 09,34,Дневная,70.36,20.9,0,0,90.28,64.04,85.52,4.4,43.05,0,1.87,
SYN-00697,2025-11-10,2023-08-23,2025-11-27,1,Казань,Удержание,Команда 07,27,Ночная,98.23,21.55,3,0,86.74,78.6,87.35,4.25,59.76,0,12.43,Личные причины
SYN-00698,2025-02-16,2023-04-28,2025-04-30,1,Омск,Продажи,Команда 10,22,Дневная,95.62,17.66,6,5,79.68,80.96,84.16,4.48,70.74,1,7.46,Смена графика
SYN-00699,2025-05-12,2025-03-13,2025-06-02,1,Москва,Удержание,Команда 02,2,Смешанная,90.7,8.06,0,2,99.47,68.36,92.26,4.2,68.33,0,4.65,Смена графика
SYN-00700,2024-04-04,2021-09-17,,0,Омск,Удержание,Команда 04,31,Дневная,95.52,4.33,0,4,89.09,83.84,86.24,4.47,92.52,0,5.91,
SYN-00701,2024-10-13,2024-08-14,,0,Казань,Продажи,Команда 08,2,Ночная,103.55,11.1,2,6,82.95,89.16,89.33,4.27,61.55,0,11.48,
SYN-00702,2024-11-02,2020-01-28,,0,Казань,Удержание,Команда 02,58,Дневная,86.15,8.47,0,1,95.74,84.29,86.72,4.51,64.35,0,6.07,
SYN-00703,2025-01-02,2023-08-11,,0,Москва,Удержание,Команда 11,17,Смешанная,107.52,12.49,2,0,86.31,83.09,88.73,4.45,50.39,0,6.42,
SYN-00704,2026-01-06,2021-07-01,,0,Омск,Удержание,Команда 04,55,Ночная,94.04,17.65,1,2,94.28,94.25,88.71,4.29,65.52,0,7.91,
SYN-00705,2025-01-08,2020-12-30,,0,Москва,Поддержка,Команда 11,49,Ночная,95.9,12.62,1,1,95.05,75.82,83.62,4.43,66.37,0,6.4,
SYN-00706,2025-01-14,2022-05-30,,0,Москва,Удержание,Команда 07,32,Дневная,70.38,8.65,1,0,95.29,81.17,88.35,3.9,74.15,0,8.38,
SYN-00707,2026-01-05,2023-07-20,,0,Омск,Удержание,Команда 05,30,Смешанная,90.26,4.64,3,3,85.86,93.7,83.97,4.56,65.71,0,2.22,
SYN-00708,2024-06-01,2020-04-23,2024-07-22,1,Москва,Продажи,Команда 11,50,Дневная,101.5,0.84,2,2,93.33,72.57,92.44,4.03,49.96,0,9.79,Низкая вовлечённость
SYN-00709,2024-12-04,2022-03-20,,0,Омск,Продажи,Команда 12,33,Дневная,94.21,15.56,4,5,82.82,67.1,92.07,4.49,70.89,0,14.73,
SYN-00710,2025-08-07,2025-03-10,,0,Омск,Поддержка,Команда 09,5,Дневная,74.65,9.0,7,1,84.03,74.57,85.19,4.58,75.03,0,11.98,
SYN-00711,2026-02-14,2021-05-11,,0,Казань,Удержание,Команда 08,58,Дневная,86.42,0,0,1,87.41,76.63,79.57,4.7,74.64,0,12.08,
SYN-00712,2025-01-09,2021-05-30,,0,Москва,Удержание,Команда 03,44,Ночная,70.3,0.97,3,1,93.72,82.53,97.47,4.5,73.74,0,9.98,
SYN-00713,2024-09-14,2022-10-25,,0,Омск,Удержание,Команда 09,23,Смешанная,75.69,15.34,3,1,92.44,88.47,71.83,4.33,70.43,0,1.72,
SYN-00714,2025-10-11,2022-01-30,,0,Казань,Поддержка,Команда 11,45,Дневная,94.91,0,2,0,92.39,93.08,89.05,4.18,58.83,0,2.35,
SYN-00715,2025-04-12,2021-08-01,2025-06-15,1,Москва,Поддержка,Команда 08,45,Смешанная,76.25,14.52,1,1,89.92,76.22,81.22,4.47,68.76,0,6.22,Смена работодателя
SYN-00716,2024-01-07,2020-12-23,2024-03-09,1,Казань,Поддержка,Команда 02,37,Ночная,66.74,14.05,0,0,91.08,85.27,88.81,4.79,33.79,0,0.93,Низкая вовлечённость
SYN-00717,2024-05-01,2020-06-21,,0,Казань,Поддержка,Команда 05,47,Смешанная,84.0,10.81,2,1,93.55,80.88,82.2,4.14,94.01,0,6.7,
SYN-00718,2024-02-18,2019-03-16,,0,Казань,Продажи,Команда 07,60,Дневная,96.54,0,2,1,85.76,95.83,86.19,4.27,50.98,1,0,
SYN-00719,2024-05-19,2021-09-02,,0,Москва,Продажи,Команда 05,33,Дневная,73.57,9.8,5,2,85.2,67.02,87.09,4.48,69.68,0,5.73,
SYN-00720,2024-07-14,2023-04-21,,0,Казань,Продажи,Команда 06,15,Дневная,124.83,28.36,1,0,93.95,65.21,90.74,4.34,37.04,0,0.75,
SYN-00721,2024-01-14,2019-08-08,,0,Омск,Продажи,Команда 02,54,Дневная,124.96,8.94,0,2,95.15,87.24,74.26,3.74,56.76,0,9.1,
SYN-00722,2025-03-07,2021-06-26,,0,Москва,Поддержка,Команда 03,45,Дневная,77.51,12.83,1,1,94.8,59.04,79.36,4.2,77.96,0,9.15,
SYN-00723,2025-10-17,2025-09-17,,0,Москва,Продажи,Команда 09,1,Смешанная,89.95,18.64,1,0,91.66,72.55,82.69,4.11,40.06,1,7.05,
SYN-00724,2025-03-11,2021-12-27,2025-05-28,1,Москва,Удержание,Команда 06,39,Дневная,109.71,15.65,1,5,84.86,92.87,89.26,4.59,61.57,0,0,Смена графика
SYN-00725,2024-07-09,2023-02-15,,0,Казань,Поддержка,Команда 02,17,Дневная,91.84,3.16,0,2,96.96,92.52,83.14,3.96,69.04,0,6.43,
SYN-00726,2024-08-15,2020-03-09,,0,Казань,Поддержка,Команда 07,54,Дневная,97.62,15.18,8,0,83.57,89.18,96.71,4.31,87.34,0,2.41,
SYN-00727,2024-09-08,2022-01-22,,0,Москва,Удержание,Команда 12,32,Дневная,57.07,11.77,0,2,94.5,63.28,94.75,4.87,60.45,0,8.91,
SYN-00728,2024-08-18,2023-04-26,2024-10-04,1,Казань,Удержание,Команда 08,16,Ночная,91.71,6.14,0,0,86.78,91.13,78.43,4.79,56.17,0,4.04,Личные причины
SYN-00729,2026-02-21,2024-02-02,,0,Казань,Удержание,Команда 10,25,Ночная,94.09,2.24,0,1,93.02,95.88,82.78,4.34,90.39,0,3.38,
SYN-00730,2024-07-20,2021-10-04,,0,Омск,Поддержка,Команда 07,34,Дневная,84.33,9.57,0,0,99.76,87.75,93.32,5,83.84,0,9.84,
SYN-00731,2024-11-04,2021-04-24,2024-12-30,1,Омск,Продажи,Команда 02,43,Смешанная,109.74,19.0,13,1,78.38,97.06,77.38,4.84,45.33,1,6.83,Низкая вовлечённость
SYN-00732,2026-02-21,2021-12-14,,0,Москва,Удержание,Команда 07,51,Дневная,86.26,13.28,1,3,94.55,73.34,92.54,4.85,75.03,0,6.88,
SYN-00733,2025-09-07,2022-01-26,,0,Омск,Продажи,Команда 04,44,Дневная,89.17,14.24,1,3,90.08,88.22,86.73,3.73,74.01,0,11.36,
SYN-00734,2024-05-11,2020-10-29,,0,Омск,Поддержка,Команда 08,43,Дневная,81.13,5.44,1,3,94.12,83.46,91.94,4.79,56.53,1,9.19,
SYN-00735,2024-02-16,2020-09-04,,0,Казань,Удержание,Команда 12,42,Дневная,84.24,13.3,1,0,98.95,85.64,77.99,4.0,64.97,0,7.59,
SYN-00736,2025-05-12,2022-05-28,,0,Москва,Удержание,Команда 08,36,Смешанная,88.91,14.03,0,2,98.52,88.5,91.93,4.33,67.1,0,4.92,
SYN-00737,2024-09-14,2023-01-23,,0,Казань,Поддержка,Команда 07,20,Дневная,95.84,7.77,0,1,100,70.83,80.94,4.5,63.58,0,7.36,
SYN-00738,2024-08-11,2023-11-15,2024-10-06,1,Москва,Удержание,Команда 01,9,Ночная,88.22,15.84,0,0,97.45,86.73,89.49,4.42,79.46,0,4.15,Смена графика
SYN-00739,2025-09-04,2024-04-12,,0,Омск,Поддержка,Команда 02,17,Смешанная,93.05,13.81,6,1,86.93,71.56,87.82,4.96,53.36,0,5.93,
SYN-00740,2025-12-14,2024-07-22,2026-02-19,1,Омск,Продажи,Команда 10,17,Дневная,81.83,14.6,11,1,78.29,69.08,78.06,3.22,45.92,0,10.61,Низкая вовлечённость
SYN-00741,2025-06-02,2020-09-26,2025-06-17,1,Казань,Поддержка,Команда 05,57,Ночная,71.02,14.38,1,1,86.84,75.44,84.51,5,82.98,0,5.75,Смена графика
SYN-00742,2025-11-15,2025-09-16,,0,Омск,Поддержка,Команда 05,2,Дневная,82.77,1.03,0,0,97.78,84.57,82.06,4.18,85.47,0,5.39,
SYN-00743,2024-07-06,2022-02-17,,0,Москва,Удержание,Команда 10,29,Дневная,76.48,7.79,0,1,97.83,85.01,88.23,4.19,84.16,0,9.73,
SYN-00744,2024-08-18,2022-10-28,,0,Омск,Поддержка,Команда 04,22,Смешанная,91.13,9.74,0,2,91.18,69.88,94.23,4.36,59.33,1,14.62,
SYN-00745,2024-06-02,2021-05-19,,0,Омск,Удержание,Команда 02,37,Дневная,99.47,15.96,1,0,90.81,87.18,84.58,4.09,80.12,0,11.9,
SYN-00746,2025-06-03,2020-06-29,,0,Омск,Удержание,Команда 02,60,Смешанная,92.52,17.19,3,0,84.01,76.38,74.13,4.41,74.68,0,14.3,
SYN-00747,2025-03-02,2022-03-18,,0,Москва,Удержание,Команда 03,36,Дневная,74.33,1.98,0,0,88.61,66.29,98.83,4.37,47.85,0,14.41,
SYN-00748,2026-03-06,2022-07-25,,0,Казань,Поддержка,Команда 09,44,Дневная,55.45,2.37,4,0,96.15,88.67,79.6,4.65,76.57,0,2.0,
SYN-00749,2024-02-19,2022-10-27,,0,Омск,Поддержка,Команда 05,16,Смешанная,76.62,9.89,1,0,95.65,80.42,82.05,4.56,77.47,0,6.58,
SYN-00750,2025-12-07,2021-09-29,,0,Казань,Продажи,Команда 04,51,Дневная,88.13,4.83,0,0,90.7,78.94,99.87,4.63,74.73,0,0.57,
SYN-00751,2025-11-03,2024-09-09,,0,Омск,Поддержка,Команда 08,14,Смешанная,58.23,24.17,8,1,82.9,83.3,91.48,4.06,72.49,0,15.4,
SYN-00752,2025-09-16,2023-01-30,,0,Омск,Поддержка,Команда 04,32,Смешанная,86.8,6.45,1,0,97.88,75.36,93.37,4.46,76.33,0,0,
SYN-00753,2025-07-04,2024-06-09,,0,Москва,Продажи,Команда 05,13,Дневная,93.82,4.64,1,1,87.69,74.17,84.98,4.53,78.58,0,9.42,
SYN-00754,2024-06-17,2019-10-12,,0,Казань,Продажи,Команда 06,57,Дневная,95.79,23.13,1,1,89.02,83.36,81.02,4.43,43.46,0,2.63,
SYN-00755,2024-05-14,2021-09-27,,0,Омск,Продажи,Команда 02,32,Ночная,102.41,0,0,0,97.85,85.13,78.1,4.84,48.26,1,7.13,
SYN-00756,2026-01-21,2025-10-23,,0,Омск,Поддержка,Команда 11,3,Дневная,74.71,28.85,0,0,97.43,89.8,97.28,4.54,40.39,0,3.19,
SYN-00757,2025-04-21,2020-06-16,,0,Омск,Продажи,Команда 07,59,Ночная,97.82,1.14,4,2,90.89,90.88,90.34,4.31,92.67,0,9.0,
SYN-00758,2024-06-08,2021-07-24,2024-06-24,1,Казань,Продажи,Команда 01,35,Дневная,101.17,1.19,8,4,81.62,99.73,98.27,4.4,65.12,0,5.18,Личные причины
SYN-00759,2025-02-09,2023-12-17,,0,Москва,Поддержка,Команда 06,14,Дневная,74.93,11.64,0,4,86.73,88.59,87.14,4.56,83.54,0,10.17,
SYN-00760,2024-10-05,2021-04-24,,0,Казань,Продажи,Команда 10,42,Дневная,82.4,23.26,2,2,87.46,85.88,91.34,4.3,63.05,0,14.28,
SYN-00761,2025-02-14,2020-10-08,,0,Москва,Продажи,Команда 11,53,Ночная,75.61,0,0,0,96.71,92.28,92.21,4.78,82.2,0,6.69,
SYN-00762,2025-06-06,2021-10-25,,0,Омск,Поддержка,Команда 07,44,Смешанная,70.19,0,2,0,92.25,91.73,77.95,4.52,64.35,0,5.4,
SYN-00763,2025-12-03,2021-11-24,,0,Казань,Удержание,Команда 04,49,Дневная,97.32,14.34,1,0,88.84,61.27,82.98,4.64,68.05,0,5.41,
SYN-00764,2024-10-02,2020-04-26,,0,Москва,Поддержка,Команда 05,54,Смешанная,77.89,9.94,0,0,97.78,67.13,97.76,4.52,88.84,0,9.48,
SYN-00765,2024-03-01,2021-08-14,,0,Омск,Удержание,Команда 12,31,Дневная,96.74,20.47,1,1,93.56,72.3,92.91,4.39,71.82,0,8.13,
SYN-00766,2025-02-16,2024-05-22,,0,Москва,Удержание,Команда 08,9,Смешанная,91.78,20.82,1,2,89.4,67.27,88.06,4.52,49.87,0,12.85,
SYN-00767,2024-10-10,2022-07-23,,0,Казань,Удержание,Команда 11,27,Дневная,84.23,17.01,1,0,86.94,77.9,88.8,3.68,35.17,0,1.27,
SYN-00768,2025-01-07,2024-09-09,2025-02-16,1,Москва,Поддержка,Команда 05,4,Дневная,94.01,13.27,7,0,81.62,75.76,86.45,4.37,52.97,0,6.92,Низкая вовлечённость
SYN-00769,2024-09-12,2021-07-30,,0,Казань,Продажи,Команда 04,38,Дневная,100.36,7.64,4,5,77.53,72.22,80.88,4.02,57.82,0,14.64,
SYN-00770,2024-11-06,2023-06-15,,0,Москва,Поддержка,Команда 01,17,Дневная,78.15,21.16,2,1,86.94,89.2,88.98,4.75,42.04,1,4.71,
SYN-00771,2025-12-11,2023-04-26,,0,Омск,Поддержка,Команда 08,32,Смешанная,110.01,22.45,0,1,92.36,77.64,80.62,4.24,65.73,0,12.71,
SYN-00772,2025-11-19,2023-10-31,2026-02-02,1,Казань,Удержание,Команда 04,25,Дневная,103.37,27.98,0,3,94.18,68.89,80.27,3.66,63.26,1,7.4,Высокая нагрузка
SYN-00773,2024-05-12,2023-05-18,,0,Казань,Удержание,Команда 02,12,Дневная,73.0,10.76,2,0,95.58,75.45,82.39,4.43,72.94,0,8.29,
SYN-00774,2025-10-12,2025-04-15,,0,Казань,Поддержка,Команда 11,6,Дневная,98.35,0,0,2,87.5,92.92,93.57,3.85,76.6,0,7.89,
SYN-00775,2024-08-14,2022-04-27,2024-10-05,1,Москва,Удержание,Команда 02,28,Дневная,91.69,19.59,5,0,88.86,98.95,89.43,3.76,54.75,0,18.56,Низкая вовлечённость
SYN-00776,2026-03-08,2021-12-29,,0,Омск,Поддержка,Команда 09,51,Смешанная,96.74,9.13,0,0,91.74,86.78,86.58,3.88,45.08,0,5.95,
SYN-00777,2024-06-13,2020-07-04,,0,Омск,Продажи,Команда 08,48,Смешанная,93.97,6.65,1,2,92.51,86.73,80.65,4.18,61.09,0,13.33,
SYN-00778,2024-09-01,2020-11-21,,0,Омск,Поддержка,Команда 06,46,Дневная,108.33,13.11,0,5,90.0,96.03,89.0,3.93,65.58,0,6.04,
SYN-00779,2025-09-03,2020-12-28,2025-11-03,1,Казань,Поддержка,Команда 02,57,Дневная,105.34,9.79,6,8,78.55,69.5,91.4,4.25,69.15,0,13.9,Личные причины
SYN-00780,2025-04-20,2022-02-05,,0,Омск,Поддержка,Команда 01,39,Смешанная,92.45,28.46,2,1,93.29,80.35,90.5,4.14,56.22,0,11.18,
SYN-00781,2024-10-03,2020-10-24,,0,Москва,Удержание,Команда 08,48,Дневная,87.56,27.44,0,0,91.24,80.17,85.66,3.98,36.2,0,5.68,
SYN-00782,2025-03-09,2024-12-09,,0,Омск,Поддержка,Команда 08,3,Смешанная,80.34,16.71,6,4,82.76,74.71,81.42,4.91,56.79,1,4.79,
SYN-00783,2026-03-03,2025-12-03,,0,Москва,Удержание,Команда 09,3,Дневная,85.75,20.32,0,1,94.46,70.38,86.34,4.19,59.38,0,1.35,
SYN-00784,2024-12-13,2020-10-05,,0,Москва,Поддержка,Команда 02,51,Смешанная,104.9,22.61,3,0,93.13,72.29,84.15,4.89,86.75,0,5.34,
SYN-00785,2026-01-07,2021-06-02,,0,Казань,Поддержка,Команда 02,56,Смешанная,74.69,10.02,0,6,92.42,74.59,72.64,3.88,71.17,0,11.74,
SYN-00786,2026-02-11,2024-02-22,,0,Казань,Поддержка,Команда 01,24,Дневная,90.11,6.57,0,0,89.39,59.93,84.53,4.52,64.81,0,14.43,
SYN-00787,2024-06-17,2021-07-03,,0,Казань,Поддержка,Команда 02,36,Дневная,92.57,11.54,8,2,85.01,78.86,86.85,4.05,62.74,0,9.96,
SYN-00788,2024-01-12,2022-01-22,2024-03-16,1,Казань,Удержание,Команда 02,24,Дневная,100.15,11.11,5,0,89.78,76.11,91.47,4.26,36.92,1,10.1,Низкая вовлечённость
SYN-00789,2025-08-21,2024-06-27,,0,Москва,Поддержка,Команда 03,14,Смешанная,102.27,15.74,4,1,86.37,83.57,79.54,3.77,58.06,1,13.38,
SYN-00790,2025-06-06,2021-11-24,,0,Казань,Поддержка,Команда 01,43,Смешанная,91.67,7.7,0,2,90.41,87.34,84.11,4.76,77.63,0,14.99,
SYN-00791,2024-10-03,2020-12-23,2024-11-03,1,Москва,Поддержка,Команда 07,46,Дневная,71.51,25.46,1,2,93.21,81.76,80.67,4.72,77.95,0,12.63,Высокая нагрузка
SYN-00792,2025-02-08,2020-09-02,,0,Москва,Поддержка,Команда 04,54,Дневная,86.64,5.23,4,0,83.98,59.66,91.94,3.9,67.43,0,4.98,
SYN-00793,2024-12-20,2020-01-16,2025-01-23,1,Москва,Удержание,Команда 09,60,Дневная,80.06,0,11,4,78.67,86.46,72.76,3.38,63.13,0,1.32,Смена работодателя
SYN-00794,2025-11-15,2021-02-09,2026-02-04,1,Москва,Продажи,Команда 11,58,Дневная,87.6,0,5,6,84.56,87.43,90.44,4.37,80.37,0,1.2,Смена работодателя
SYN-00795,2024-01-09,2023-04-14,,0,Казань,Поддержка,Команда 09,9,Смешанная,107.5,22.46,1,0,86.09,66.02,85.27,4.22,45.13,1,4.27,
SYN-00796,2025-12-20,2024-01-30,,0,Казань,Продажи,Команда 09,23,Дневная,98.38,9.86,0,0,94.08,65.17,91.93,4.4,65.95,0,4.57,
SYN-00797,2024-08-07,2021-05-25,,0,Москва,Поддержка,Команда 03,39,Дневная,89.16,9.0,2,0,92.07,88.99,92.98,4.65,70.96,0,7.46,
SYN-00798,2026-02-07,2024-08-16,,0,Казань,Поддержка,Команда 07,18,Дневная,92.18,7.38,1,0,84.51,86.08,85.36,4.73,95.59,0,9.52,
SYN-00799,2024-09-02,2021-10-18,,0,Москва,Продажи,Команда 01,35,Дневная,81.69,8.77,1,2,92.13,95.16,78.11,4.85,80.98,0,2.69,
SYN-00800,2026-01-13,2023-01-29,,0,Омск,Удержание,Команда 10,36,Дневная,95.34,3.88,1,0,92.87,74.71,91.05,4.32,95.26,0,6.13,
SYN-00801,2025-09-14,2021-10-05,,0,Москва,Поддержка,Команда 10,48,Дневная,75.33,16.48,2,0,91.28,84.53,78.65,4.06,73.64,0,11.29,
SYN-00802,2024-09-11,2020-06-04,,0,Казань,Удержание,Команда 04,52,Дневная,90.77,0,2,0,90.61,85.81,77.31,4.89,89.73,0,12.0,
SYN-00803,2025-09-02,2023-06-15,,0,Омск,Поддержка,Команда 11,27,Ночная,79.71,7.62,9,1,84.58,74.57,89.82,4.12,77.19,0,6.72,
SYN-00804,2024-06-01,2023-05-08,,0,Москва,Продажи,Команда 04,13,Дневная,97.22,3.46,1,0,94.19,87.99,80.96,4.63,66.16,0,9.34,
SYN-00805,2024-01-04,2019-07-29,,0,Казань,Продажи,Команда 02,54,Дневная,110.09,11.06,0,0,93.28,86.76,88.48,3.86,72.42,0,9.97,
SYN-00806,2024-11-16,2022-07-30,2025-01-12,1,Москва,Продажи,Команда 05,28,Смешанная,97.89,23.88,10,5,77.77,80.42,69.05,4.48,55.61,0,3.38,Несоответствие требованиям
SYN-00807,2024-10-04,2023-08-11,,0,Омск,Поддержка,Команда 11,14,Дневная,69.82,12.92,0,1,93.42,97.81,91.9,4.27,80.37,0,9.01,
SYN-00808,2024-07-05,2020-04-27,,0,Москва,Удержание,Команда 04,51,Смешанная,99.42,9.35,3,0,91.0,81.73,91.64,4.53,63.11,0,0,
SYN-00809,2024-09-01,2022-06-14,,0,Казань,Поддержка,Команда 11,27,Смешанная,74.95,21.17,0,2,88.42,80.06,84.36,4.43,91.66,0,5.32,
SYN-00810,2026-03-11,2023-03-27,,0,Омск,Поддержка,Команда 04,36,Ночная,97.02,18.32,2,6,90.54,74.34,81.34,4.24,51.96,0,7.7,
SYN-00811,2025-05-13,2024-06-17,,0,Омск,Продажи,Команда 11,11,Дневная,86.09,10.96,0,2,97.6,77.36,86.29,3.58,55.7,0,2.58,
SYN-00812,2024-10-14,2023-07-22,,0,Казань,Поддержка,Команда 04,15,Дневная,90.06,6.93,0,0,98.13,100,81.91,4.23,75.01,0,3.94,
SYN-00813,2024-11-04,2023-03-15,,0,Москва,Удержание,Команда 07,20,Дневная,78.72,8.79,3,0,88.65,91.91,83.38,3.55,79.79,0,0,
SYN-00814,2026-02-05,2022-08-25,,0,Москва,Удержание,Команда 07,42,Ночная,100.02,21.81,7,0,88.83,73.1,83.65,4.61,48.46,0,5.22,
SYN-00815,2024-09-09,2020-03-04,,0,Омск,Поддержка,Команда 10,55,Дневная,94.05,22.75,1,2,85.66,80.77,81.17,3.83,52.85,0,6.2,
SYN-00816,2025-02-06,2022-01-23,,0,Москва,Продажи,Команда 05,37,Смешанная,92.31,2.96,1,0,96.5,83.61,100,4.28,89.19,0,1.09,
SYN-00817,2024-02-16,2022-10-24,,0,Омск,Поддержка,Команда 04,16,Дневная,74.97,7.73,0,1,94.05,91.63,87.2,4.43,57.63,1,7.0,
SYN-00818,2024-05-04,2021-09-17,,0,Москва,Поддержка,Команда 07,32,Смешанная,91.47,13.81,7,0,89.65,83.61,79.4,4.57,50.02,0,12.43,
SYN-00819,2025-02-20,2023-05-02,,0,Москва,Продажи,Команда 09,22,Ночная,99.35,13.92,4,0,86.5,71.99,83.15,3.89,77.69,0,9.48,
SYN-00820,2024-06-15,2022-09-24,,0,Казань,Поддержка,Команда 07,21,Дневная,80.57,11.06,2,0,96.82,88.68,84.83,3.89,58.54,0,8.09,
SYN-00821,2025-12-19,2021-03-15,,0,Казань,Продажи,Команда 02,58,Дневная,101.81,6.33,3,0,81.7,98.55,89.2,4.09,70.41,0,6.31,
SYN-00822,2024-12-15,2022-08-28,,0,Казань,Поддержка,Команда 04,28,Дневная,98.45,0,0,1,88.25,100,91.98,4.26,64.57,0,13.58,
SYN-00823,2025-01-19,2022-06-04,,0,Омск,Продажи,Команда 09,32,Дневная,98.08,13.15,0,0,97.57,85.43,77.7,4.35,55.59,0,8.88,
SYN-00824,2024-02-18,2021-02-03,,0,Омск,Удержание,Команда 11,37,Дневная,92.38,6.14,0,1,100,91.12,93.82,4.31,69.98,0,10.6,
SYN-00825,2025-01-01,2020-02-27,2025-03-31,1,Казань,Продажи,Команда 02,59,Дневная,111.0,15.49,5,1,86.79,85.23,91.09,4.93,68.91,0,7.85,Смена работодателя
SYN-00826,2024-03-02,2021-03-18,,0,Москва,Удержание,Команда 08,36,Ночная,112.98,0,0,5,81.76,80.93,83.74,4.25,73.33,0,1.45,
SYN-00827,2026-02-20,2021-11-13,,0,Москва,Поддержка,Команда 02,52,Дневная,77.88,7.4,0,0,90.85,94.67,87.99,4.49,82.17,0,1.4,
SYN-00828,2024-06-20,2022-06-01,,0,Омск,Продажи,Команда 09,25,Дневная,110.76,21.37,4,0,87.61,94.33,98.64,3.43,67.79,0,16.71,
SYN-00829,2024-09-04,2022-09-15,2024-10-20,1,Омск,Поддержка,Команда 07,24,Дневная,88.9,14.15,2,0,88.28,91.14,89.73,4.83,58.64,0,0.15,Личные причины
SYN-00830,2024-01-13,2022-03-24,,0,Москва,Поддержка,Команда 04,22,Дневная,93.82,15.8,0,3,90.98,87.29,75.4,4.54,83.67,0,7.86,
SYN-00831,2025-08-10,2021-03-04,,0,Омск,Поддержка,Команда 11,54,Смешанная,89.48,20.14,2,5,87.7,73.98,83.8,4.55,77.77,0,8.94,
SYN-00832,2024-05-19,2021-01-05,,0,Омск,Удержание,Команда 08,41,Дневная,68.14,10.12,3,0,89.21,82.51,76.5,3.73,80.73,0,6.56,
SYN-00833,2024-05-18,2022-06-28,,0,Омск,Поддержка,Команда 02,23,Дневная,114.73,16.76,1,1,88.2,83.48,93.56,4.74,37.87,0,11.0,
SYN-00834,2024-06-19,2021-04-06,,0,Омск,Поддержка,Команда 05,39,Ночная,100.59,3.02,0,0,98.14,83.77,77.2,4.68,62.41,0,8.44,
SYN-00835,2024-04-21,2020-09-09,,0,Казань,Поддержка,Команда 12,44,Дневная,100.29,10.71,4,0,87.85,90.25,89.74,4.27,75.09,0,8.65,
SYN-00836,2024-07-10,2019-12-04,2024-08-29,1,Москва,Продажи,Команда 03,56,Смешанная,88.62,18.71,0,5,86.87,95.41,90.82,4.36,73.57,0,0.04,Смена графика
SYN-00837,2024-05-09,2019-08-04,,0,Казань,Продажи,Команда 06,58,Смешанная,96.28,18.27,1,0,92.06,69.22,80.76,4.67,100,0,4.32,
SYN-00838,2024-05-18,2021-02-03,,0,Казань,Поддержка,Команда 08,40,Смешанная,106.19,15.9,2,0,94.28,87.18,78.44,3.86,94.55,0,9.26,
SYN-00839,2025-08-06,2024-07-12,,0,Омск,Удержание,Команда 12,13,Дневная,84.1,3.96,3,0,94.88,62.47,96.18,4.5,77.3,1,6.85,
SYN-00840,2024-02-21,2022-06-01,,0,Москва,Продажи,Команда 01,21,Ночная,100.35,2.1,1,0,94.69,80.24,79.59,4.66,66.7,0,0,
SYN-00841,2025-04-03,2023-05-14,,0,Казань,Продажи,Команда 05,23,Дневная,74.93,12.15,4,0,79.98,91.85,80.79,3.42,72.89,0,5.0,
SYN-00842,2024-07-14,2024-02-15,,0,Казань,Удержание,Команда 11,5,Дневная,85.35,17.17,0,3,93.62,61.35,76.67,4.2,88.8,0,0.77,
SYN-00843,2024-10-17,2020-08-09,,0,Москва,Удержание,Команда 02,51,Смешанная,105.24,20.03,1,0,95.68,85.02,86.36,4.25,75.12,0,3.0,
SYN-00844,2025-09-18,2022-08-05,,0,Казань,Удержание,Команда 10,38,Дневная,97.47,18.61,3,1,83.48,82.74,69.18,3.52,61.16,0,17.98,
SYN-00845,2025-04-21,2022-03-08,,0,Омск,Продажи,Команда 01,38,Дневная,104.17,0,0,0,92.46,73.57,95.76,4.28,72.93,0,0,
SYN-00846,2025-02-07,2023-03-20,2025-04-11,1,Москва,Продажи,Команда 10,23,Смешанная,101.39,14.39,6,0,85.97,81.54,91.98,4.0,65.54,0,9.97,Смена графика
SYN-00847,2024-08-20,2019-11-15,2024-09-27,1,Омск,Продажи,Команда 10,58,Дневная,99.48,16.36,6,1,80.63,81.34,85.47,4.85,54.02,0,6.72,Низкая вовлечённость
SYN-00848,2025-12-09,2024-07-17,2026-03-07,1,Москва,Удержание,Команда 03,17,Смешанная,88.9,0.41,2,2,85.4,78.84,73.29,4.08,79.0,0,3.78,Личные причины
SYN-00849,2024-10-11,2020-08-03,,0,Омск,Поддержка,Команда 12,51,Смешанная,73.16,3.28,1,0,92.97,79.81,84.39,3.92,100,0,14.27,
SYN-00850,2025-04-10,2021-11-27,,0,Казань,Поддержка,Команда 11,41,Ночная,79.6,12.5,0,1,94.06,76.51,91.63,3.89,67.1,0,6.04,
SYN-00851,2025-08-09,2020-11-03,,0,Москва,Удержание,Команда 03,58,Дневная,84.78,17.04,6,0,90.17,79.32,79.1,4.03,67.42,0,5.41,
SYN-00852,2024-09-03,2020-01-28,,0,Казань,Удержание,Команда 06,56,Смешанная,87.38,21.74,3,2,85.97,87.8,85.3,3.97,76.94,0,8.21,
SYN-00853,2025-03-16,2023-03-27,,0,Омск,Продажи,Команда 03,24,Дневная,95.93,20.08,0,0,91.07,67.49,86.19,3.88,69.88,0,20.85,
SYN-00854,2024-10-07,2020-03-02,,0,Омск,Удержание,Команда 10,56,Дневная,85.25,10.8,1,2,87.68,81.44,74.2,4.63,89.19,0,5.03,
SYN-00855,2024-05-11,2021-10-24,2024-05-28,1,Казань,Поддержка,Команда 10,31,Дневная,93.06,4.67,5,4,86.87,68.18,92.58,4.13,82.34,0,8.09,Смена графика
SYN-00856,2025-11-19,2024-05-28,2025-12-12,1,Москва,Удержание,Команда 06,18,Ночная,109.51,10.4,2,1,88.45,78.13,78.56,4.13,84.56,0,0.68,Личные причины
SYN-00857,2025-07-07,2025-04-08,,0,Москва,Поддержка,Команда 08,3,Дневная,91.25,12.0,3,7,97.36,79.41,80.37,4.49,76.4,0,2.75,
SYN-00858,2024-08-14,2022-04-27,,0,Казань,Удержание,Команда 05,28,Дневная,96.09,14.55,0,1,98.18,77.83,87.44,3.88,68.38,0,16.24,
SYN-00859,2026-01-11,2023-05-27,,0,Казань,Удержание,Команда 06,32,Ночная,86.48,19.26,5,0,85.08,88.93,87.08,4.54,76.83,0,2.36,
SYN-00860,2025-04-12,2024-12-13,,0,Москва,Продажи,Команда 05,4,Дневная,80.62,0,1,3,88.05,75.13,81.47,4.04,54.63,0,2.45,
SYN-00861,2025-01-13,2021-05-04,,0,Казань,Удержание,Команда 04,45,Дневная,89.26,10.01,1,1,90.4,84.35,76.03,4.31,41.29,0,9.85,
SYN-00862,2025-11-14,2025-06-17,,0,Казань,Продажи,Команда 05,5,Дневная,105.33,7.09,1,4,88.63,85.15,89.34,3.93,56.97,0,5.06,
SYN-00863,2025-08-10,2021-12-29,,0,Омск,Поддержка,Команда 12,44,Дневная,73.11,10.41,2,7,79.35,77.51,70.74,3.94,76.95,0,7.86,
SYN-00864,2024-05-16,2023-12-18,,0,Казань,Поддержка,Команда 03,5,Смешанная,83.0,6.69,4,0,94.49,80.13,80.26,4.43,37.36,0,11.78,
SYN-00865,2026-03-06,2023-04-21,,0,Омск,Продажи,Команда 10,35,Ночная,94.78,14.17,0,0,97.0,78.8,72.22,4.71,77.53,0,0,
SYN-00866,2024-09-18,2022-07-31,,0,Москва,Продажи,Команда 04,26,Дневная,85.81,14.55,5,1,95.28,82.7,93.86,3.97,60.81,0,5.6,
SYN-00867,2025-12-16,2025-02-19,,0,Казань,Продажи,Команда 05,10,Смешанная,77.84,3.62,0,0,91.82,80.52,81.27,5,71.49,0,17.53,
SYN-00868,2025-06-20,2023-07-01,2025-08-05,1,Казань,Удержание,Команда 02,24,Ночная,98.18,12.37,3,1,97.5,81.56,84.66,3.72,64.87,0,9.19,Смена графика
SYN-00869,2026-03-01,2025-11-01,2026-05-01,1,Омск,Удержание,Команда 11,4,Ночная,82.78,21.02,4,2,91.55,81.83,76.63,4.57,62.26,0,5.47,Смена графика
SYN-00870,2025-03-03,2021-04-23,,0,Москва,Поддержка,Команда 05,47,Смешанная,88.5,29.6,14,2,71.17,85.15,79.25,4.9,43.76,0,3.44,
SYN-00871,2024-10-19,2022-03-04,2024-11-12,1,Казань,Поддержка,Команда 02,32,Смешанная,112.77,16.48,5,4,81.59,73.12,84.15,4.4,74.94,0,0,Смена работодателя
SYN-00872,2024-04-13,2020-11-30,,0,Омск,Продажи,Команда 08,41,Дневная,109.14,32.77,0,0,95.3,96.31,82.17,4.18,54.88,0,9.72,
SYN-00873,2025-11-07,2024-03-17,,0,Омск,Удержание,Команда 04,20,Смешанная,93.93,25.89,3,2,87.88,78.08,91.3,4.67,45.34,0,4.15,
SYN-00874,2024-09-19,2019-10-16,2024-11-29,1,Омск,Удержание,Команда 04,60,Дневная,91.23,11.86,0,0,89.11,70.27,92.2,3.87,38.1,0,9.33,Низкая вовлечённость
SYN-00875,2025-06-07,2022-11-20,,0,Казань,Удержание,Команда 01,31,Дневная,77.51,0,1,0,90.58,84.54,91.44,4.18,69.55,1,2.68,
SYN-00876,2024-12-09,2020-08-02,,0,Омск,Поддержка,Команда 03,53,Дневная,90.81,16.63,5,3,86.88,88.98,85.69,4.41,72.33,1,0,
SYN-00877,2025-01-15,2024-10-17,,0,Омск,Удержание,Команда 08,3,Дневная,81.32,27.58,0,3,88.89,71.24,89.73,4.63,75.24,0,6.17,
SYN-00878,2025-06-16,2021-05-08,,0,Казань,Поддержка,Команда 03,50,Дневная,97.45,11.88,0,0,99.2,73.66,76.03,4.26,86.83,0,5.64,
SYN-00879,2024-07-10,2019-08-06,,0,Москва,Удержание,Команда 09,60,Смешанная,94.23,15.58,0,1,96.47,81.89,83.18,4.5,55.05,1,3.69,
SYN-00880,2024-07-04,2023-01-11,,0,Казань,Поддержка,Команда 05,18,Смешанная,100.42,15.83,0,1,94.68,64.4,76.17,4.51,63.12,0,5.3,
SYN-00881,2024-04-16,2021-10-29,,0,Казань,Удержание,Команда 09,30,Смешанная,79.38,22.2,1,2,84.56,65.31,81.49,4.39,83.44,0,14.49,
SYN-00882,2024-07-04,2020-01-27,2024-08-20,1,Казань,Продажи,Команда 01,54,Ночная,104.28,6.81,9,7,79.0,81.19,80.86,4.13,85.45,0,9.81,Смена графика
SYN-00883,2025-08-08,2025-03-11,2025-10-27,1,Омск,Продажи,Команда 09,5,Смешанная,100.29,12.5,1,0,91.65,61.43,79.6,4.56,52.73,0,14.0,Низкая вовлечённость
SYN-00884,2026-03-04,2024-03-14,,0,Казань,Поддержка,Команда 07,24,Дневная,95.09,13.5,6,1,85.56,88.48,88.86,4.28,73.12,0,5.01,
SYN-00885,2024-09-01,2020-01-26,2024-09-26,1,Омск,Поддержка,Команда 12,56,Смешанная,78.44,19.42,3,1,87.07,90.52,81.26,3.88,85.19,0,0.83,Личные причины
SYN-00886,2025-05-05,2025-03-06,,0,Омск,Поддержка,Команда 07,2,Ночная,64.34,0,1,1,96.45,96.87,70.44,4.25,61.97,1,11.64,
SYN-00887,2024-07-18,2023-04-25,,0,Омск,Поддержка,Команда 05,15,Дневная,80.9,21.81,2,1,87.37,84.22,73.1,3.96,81.31,0,1.74,
SYN-00888,2025-10-21,2022-05-10,,0,Казань,Поддержка,Команда 04,42,Смешанная,71.64,18.91,4,1,86.69,86.26,86.32,3.91,83.37,0,7.61,
SYN-00889,2025-07-01,2024-09-04,,0,Казань,Продажи,Команда 11,10,Дневная,90.14,14.07,0,0,89.76,100,82.62,4.85,56.67,0,2.49,
SYN-00890,2024-09-09,2021-04-28,,0,Омск,Продажи,Команда 01,41,Дневная,85.45,10.98,10,0,75.22,90.19,77.77,3.47,84.2,0,16.96,
SYN-00891,2025-10-16,2025-06-18,,0,Москва,Продажи,Команда 10,4,Смешанная,92.59,5.46,0,1,88.5,100,78.82,4.49,57.96,0,9.04,
SYN-00892,2024-08-17,2019-09-13,,0,Москва,Удержание,Команда 02,60,Дневная,114.18,30.54,0,1,87.67,69.74,92.98,3.74,50.17,0,8.72,
SYN-00893,2024-04-11,2021-09-24,,0,Омск,Продажи,Команда 02,31,Смешанная,77.14,7.52,1,0,86.15,71.84,76.57,3.58,85.47,1,14.87,
SYN-00894,2025-09-11,2024-05-19,,0,Омск,Удержание,Команда 04,16,Дневная,82.88,6.96,11,1,79.57,88.3,91.34,5,86.24,0,9.9,
SYN-00895,2024-07-16,2020-04-08,,0,Омск,Продажи,Команда 07,52,Смешанная,82.17,21.71,6,1,80.42,85.58,95.72,3.99,52.62,0,9.15,
SYN-00896,2026-01-16,2021-06-11,,0,Москва,Продажи,Команда 08,56,Дневная,85.23,0,0,0,99.52,79.76,98.59,3.89,47.95,0,0,
SYN-00897,2024-09-12,2020-08-04,,0,Казань,Поддержка,Команда 11,50,Дневная,91.37,5.26,0,1,98.26,73.99,83.31,4.68,81.16,0,0,
SYN-00898,2025-03-14,2021-12-30,,0,Москва,Продажи,Команда 06,39,Смешанная,96.94,15.91,5,4,84.9,75.08,79.76,3.69,81.09,0,13.61,
SYN-00899,2024-08-05,2019-10-31,2024-10-09,1,Омск,Поддержка,Команда 11,58,Ночная,108.78,2.45,0,0,96.89,75.61,89.61,4.14,69.22,1,15.55,Смена графика
SYN-00900,2025-10-06,2025-06-08,,0,Омск,Поддержка,Команда 03,4,Смешанная,71.96,20.33,1,1,94.88,67.5,92.26,4.8,85.79,0,11.13,
SYN-00901,2025-11-12,2024-05-21,,0,Омск,Удержание,Команда 02,18,Дневная,92.56,5.22,6,1,82.51,80.48,91.15,4.31,69.82,0,7.56,
SYN-00902,2024-05-12,2023-03-19,,0,Москва,Поддержка,Команда 11,14,Ночная,72.01,0.2,3,3,88.15,95.5,83.52,4.13,47.65,1,12.07,
SYN-00903,2024-06-05,2019-12-29,,0,Москва,Поддержка,Команда 06,54,Смешанная,54.58,15.56,4,1,93.02,100,82.4,4.29,74.22,1,9.86,
SYN-00904,2024-05-10,2022-04-21,,0,Казань,Поддержка,Команда 12,25,Дневная,96.04,8.23,0,2,93.33,84.15,91.84,4.4,84.19,0,5.13,
SYN-00905,2026-01-05,2022-04-26,2026-03-15,1,Омск,Удержание,Команда 05,45,Дневная,83.34,0,0,1,92.2,90.07,92.97,4.45,62.29,0,9.24,Смена работодателя
SYN-00906,2026-03-04,2025-08-06,2026-03-23,1,Казань,Поддержка,Команда 10,7,Ночная,99.54,24.56,0,0,88.63,82.6,80.79,3.93,74.96,0,1.0,Высокая нагрузка
SYN-00907,2024-02-12,2023-12-14,,0,Казань,Поддержка,Команда 01,2,Дневная,53.83,12.79,0,1,94.51,84.51,95.49,4.24,73.13,0,9.32,
SYN-00908,2024-10-16,2023-05-25,,0,Москва,Продажи,Команда 01,17,Дневная,120.27,22.88,1,2,92.27,74.18,86.09,4.68,59.88,0,3.31,
SYN-00909,2024-01-13,2022-12-19,,0,Казань,Поддержка,Команда 01,13,Ночная,85.11,8.97,0,2,86.1,88.64,99.56,4.66,47.76,1,4.3,
SYN-00910,2024-06-12,2021-11-25,2024-06-20,1,Омск,Удержание,Команда 06,31,Ночная,98.43,0,4,0,79.88,71.88,69.55,4.37,68.27,0,3.74,Несоответствие требованиям
SYN-00911,2024-08-05,2021-08-21,,0,Казань,Удержание,Команда 11,36,Дневная,92.47,0.2,1,4,92.82,80.02,91.7,4.32,61.36,0,5.41,
SYN-00912,2024-10-18,2021-05-07,,0,Казань,Продажи,Команда 07,42,Смешанная,95.85,24.52,0,4,90.6,87.27,90.18,4.52,39.28,1,2.45,
SYN-00913,2024-12-08,2022-08-21,,0,Казань,Продажи,Команда 10,28,Дневная,94.54,2.88,4,2,81.22,82.85,86.49,3.9,74.64,0,0,
SYN-00914,2026-02-15,2025-03-22,,0,Москва,Поддержка,Команда 09,11,Дневная,94.15,4.96,0,0,92.72,100,78.1,4.69,61.16,0,3.22,
SYN-00915,2024-08-14,2023-02-21,,0,Омск,Удержание,Команда 11,18,Смешанная,106.73,0,6,0,86.9,82.51,77.66,3.59,72.21,0,9.68,
SYN-00916,2026-01-16,2021-12-08,,0,Москва,Удержание,Команда 11,50,Дневная,80.13,0,1,3,86.52,85.74,79.08,4.4,67.12,0,0,
SYN-00917,2024-02-04,2023-11-06,,0,Омск,Поддержка,Команда 12,3,Дневная,102.57,16.94,2,0,89.66,73.17,79.97,4.4,45.38,1,6.57,
SYN-00918,2025-01-15,2023-10-23,,0,Омск,Удержание,Команда 10,15,Дневная,87.38,18.46,0,10,89.14,77.95,98.72,4.55,96.2,0,12.12,
SYN-00919,2026-03-12,2022-07-01,,0,Москва,Продажи,Команда 04,45,Ночная,94.23,0,5,0,90.93,85.68,81.27,4.09,89.76,0,1.36,
SYN-00920,2025-10-01,2021-02-24,,0,Омск,Удержание,Команда 03,56,Дневная,81.27,13.12,4,1,86.98,85.91,83.6,3.6,74.04,0,3.02,
SYN-00921,2024-06-10,2020-09-29,2024-08-10,1,Казань,Поддержка,Команда 08,45,Дневная,83.31,0,4,1,87.96,75.14,86.68,4.26,77.83,0,0,Личные причины
SYN-00922,2025-11-05,2024-11-10,2025-12-14,1,Москва,Продажи,Команда 12,12,Смешанная,92.01,8.92,9,0,84.37,65.93,88.58,4.24,48.2,0,0,Низкая вовлечённость
SYN-00923,2025-05-06,2021-02-26,,0,Омск,Поддержка,Команда 05,51,Дневная,104.62,8.61,5,1,89.83,77.74,83.98,4.25,77.46,0,0,
SYN-00924,2024-11-03,2022-04-18,,0,Москва,Поддержка,Команда 01,31,Смешанная,87.7,7.66,0,1,96.72,76.31,84.77,4.57,79.0,1,10.52,
SYN-00925,2025-10-08,2025-04-11,,0,Омск,Удержание,Команда 01,6,Смешанная,74.16,3.8,5,2,85.85,99.15,90.57,4.57,80.68,0,9.02,
SYN-00926,2024-03-01,2019-11-23,,0,Казань,Удержание,Команда 01,52,Дневная,94.8,29.53,4,1,96.72,66.96,82.99,4.69,70.75,0,7.88,
SYN-00927,2025-04-05,2020-07-30,2025-06-10,1,Омск,Продажи,Команда 07,57,Смешанная,104.98,12.93,0,0,96.65,73.66,69.74,3.48,57.89,0,0,Несоответствие требованиям
SYN-00928,2025-03-13,2022-07-27,,0,Москва,Удержание,Команда 07,32,Дневная,65.54,14.15,0,3,91.76,76.95,88.13,3.71,77.47,0,13.39,
SYN-00929,2025-01-09,2024-03-15,,0,Москва,Поддержка,Команда 01,10,Дневная,78.54,11.7,1,0,91.57,81.7,90.7,4.04,48.65,1,10.76,
SYN-00930,2024-04-19,2020-03-11,,0,Омск,Продажи,Команда 05,50,Ночная,102.33,0,7,0,82.05,84.66,99.27,4.51,48.78,0,12.43,
SYN-00931,2024-04-14,2021-07-29,,0,Казань,Поддержка,Команда 06,33,Ночная,69.41,7.88,4,1,81.76,76.23,71.43,4.09,51.43,1,12.38,
SYN-00932,2025-02-06,2020-10-30,2025-03-16,1,Омск,Продажи,Команда 01,52,Дневная,93.9,16.19,1,1,90.71,68.9,92.38,4.39,50.89,1,8.54,Низкая вовлечённость
SYN-00933,2024-06-04,2024-03-06,,0,Омск,Удержание,Команда 05,3,Ночная,80.42,0,0,2,86.08,76.54,90.69,4.52,53.61,1,7.03,
SYN-00934,2025-12-19,2021-09-11,2026-02-12,1,Казань,Удержание,Команда 04,52,Смешанная,80.48,19.75,5,0,90.82,78.11,77.13,4.18,69.72,0,17.05,Смена работодателя
SYN-00935,2025-01-18,2023-06-28,2025-03-11,1,Омск,Продажи,Команда 11,19,Смешанная,82.87,22.49,1,1,93.2,93.16,90.09,4.76,68.78,0,8.11,Личные причины
SYN-00936,2024-03-06,2020-05-26,,0,Омск,Удержание,Команда 01,46,Дневная,91.01,10.93,5,2,88.02,78.03,91.63,4.77,71.14,0,6.9,
SYN-00937,2024-09-14,2022-03-29,,0,Омск,Поддержка,Команда 07,30,Ночная,97.74,12.06,2,5,90.15,73.5,83.42,4.07,83.15,0,5.36,
SYN-00938,2025-11-07,2022-10-24,,0,Омск,Поддержка,Команда 07,37,Смешанная,90.06,4.38,6,0,88.12,82.78,88.67,4.2,91.98,0,4.18,
SYN-00939,2024-07-16,2021-05-03,,0,Омск,Поддержка,Команда 11,39,Дневная,97.84,5.68,0,4,97.11,77.01,81.62,3.79,93.75,0,0,
SYN-00940,2024-07-08,2022-06-19,2024-07-16,1,Москва,Поддержка,Команда 05,25,Дневная,105.03,29.59,0,0,90.52,81.52,91.74,4.52,72.34,0,0,Высокая нагрузка
SYN-00941,2025-06-17,2023-03-30,2025-08-18,1,Омск,Поддержка,Команда 02,27,Смешанная,89.27,25.89,0,0,87.16,81.7,81.09,4.75,60.98,0,2.45,Высокая нагрузка
SYN-00942,2024-06-02,2024-05-03,,0,Казань,Удержание,Команда 05,1,Смешанная,90.84,14.48,0,4,88.71,86.82,83.59,4.8,78.51,0,12.92,
SYN-00943,2024-02-21,2019-12-14,2024-04-12,1,Омск,Удержание,Команда 10,51,Ночная,105.22,18.13,0,0,85.89,92.45,81.84,4.0,52.98,1,0,Низкая вовлечённость
SYN-00944,2024-02-19,2021-10-02,,0,Омск,Продажи,Команда 01,29,Дневная,84.45,16.82,1,1,91.18,74.36,80.54,4.16,82.07,0,4.98,
SYN-00945,2025-04-02,2022-09-15,,0,Омск,Удержание,Команда 12,31,Дневная,83.03,18.08,2,3,94.0,95.02,85.1,4.6,76.69,0,3.12,
SYN-00946,2025-11-01,2021-06-25,2026-01-07,1,Казань,Продажи,Команда 06,53,Дневная,119.25,8.43,1,1,90.84,73.61,79.94,4.08,79.56,0,6.84,Смена графика
SYN-00947,2025-11-01,2023-09-13,,0,Омск,Продажи,Команда 04,26,Дневная,99.09,8.78,8,0,81.09,78.36,81.2,3.84,57.02,0,8.21,
SYN-00948,2024-04-02,2022-09-10,,0,Омск,Поддержка,Команда 02,19,Дневная,99.61,10.72,1,0,94.71,77.42,90.34,4.74,62.18,0,1.62,
SYN-00949,2025-07-08,2021-04-30,,0,Омск,Удержание,Команда 08,51,Ночная,96.07,6.05,3,1,85.61,81.21,82.35,4.24,75.79,0,8.51,
SYN-00950,2025-10-12,2020-12-07,,0,Омск,Поддержка,Команда 10,59,Ночная,92.2,20.7,1,3,88.58,84.39,79.39,4.23,70.51,0,6.48,
SYN-00951,2024-02-20,2023-08-24,,0,Омск,Поддержка,Команда 05,6,Смешанная,110.02,14.75,0,0,83.65,87.16,72.72,4.95,61.62,0,13.4,
SYN-00952,2024-03-12,2021-11-23,,0,Омск,Продажи,Команда 06,28,Ночная,101.08,12.59,4,2,90.08,56.91,85.33,4.42,52.62,0,6.17,
SYN-00953,2024-09-11,2023-03-21,2024-09-23,1,Казань,Удержание,Команда 09,18,Дневная,72.2,27.22,9,4,84.06,84.58,83.01,5,41.62,0,1.24,Низкая вовлечённость
SYN-00954,2024-12-17,2022-12-28,,0,Москва,Поддержка,Команда 11,24,Дневная,83.13,6.32,3,1,94.73,79.47,92.69,4.67,82.06,0,4.72,
SYN-00955,2025-01-18,2024-07-22,,0,Омск,Продажи,Команда 11,6,Смешанная,114.04,11.15,4,0,87.21,73.11,83.58,4.6,51.81,0,5.71,
SYN-00956,2026-02-08,2023-01-25,2026-05-01,1,Москва,Удержание,Команда 11,37,Дневная,84.92,17.08,1,2,91.23,86.47,89.25,4.05,76.49,1,2.43,Смена работодателя
SYN-00957,2024-09-02,2022-06-15,,0,Омск,Поддержка,Команда 02,27,Дневная,92.41,9.34,1,0,88.45,90.78,83.59,4.55,80.68,0,8.09,
SYN-00958,2025-03-21,2024-10-22,,0,Москва,Удержание,Команда 08,5,Дневная,99.17,16.68,10,0,89.63,76.01,80.23,4.18,40.67,0,7.62,
SYN-00959,2024-09-07,2020-03-02,,0,Омск,Удержание,Команда 11,55,Дневная,84.61,9.32,0,3,93.43,82.55,88.93,4.4,73.13,0,8.08,
SYN-00960,2025-09-15,2021-01-09,,0,Омск,Продажи,Команда 08,57,Смешанная,94.52,16.95,0,5,87.5,93.98,89.65,4.36,68.62,0,1.57,
SYN-00961,2024-07-07,2024-02-08,,0,Казань,Продажи,Команда 04,5,Смешанная,94.83,16.29,0,1,89.75,83.34,77.88,4.24,81.8,0,4.33,
SYN-00962,2024-09-08,2020-11-28,,0,Казань,Поддержка,Команда 07,46,Дневная,77.87,12.05,0,0,100,92.0,99.63,4.33,85.41,0,4.82,
SYN-00963,2026-03-03,2024-03-13,,0,Омск,Поддержка,Команда 11,24,Дневная,79.36,7.57,3,9,77.68,88.04,75.89,4.27,82.94,0,16.55,
SYN-00964,2025-07-12,2024-04-18,,0,Москва,Поддержка,Команда 02,15,Дневная,106.4,17.58,2,0,92.57,100,83.66,4.62,79.77,0,7.27,
SYN-00965,2025-10-03,2022-11-18,,0,Омск,Поддержка,Команда 03,35,Дневная,78.06,3.2,7,0,80.72,52.87,79.25,3.71,52.36,0,7.37,
SYN-00966,2024-08-08,2021-07-25,,0,Москва,Продажи,Команда 09,37,Дневная,107.43,3.17,1,8,81.27,87.18,80.73,4.02,85.79,0,12.84,
SYN-00967,2025-07-03,2023-07-14,,0,Москва,Продажи,Команда 04,24,Дневная,101.82,14.26,4,0,90.38,84.53,83.24,4.61,62.86,1,14.95,
SYN-00968,2024-02-11,2023-12-13,,0,Казань,Удержание,Команда 03,2,Дневная,67.46,0,0,0,91.73,73.0,85.22,4.24,79.06,1,9.87,
SYN-00969,2025-09-11,2023-01-25,,0,Москва,Поддержка,Команда 09,32,Дневная,95.43,3.76,0,0,99.97,88.17,93.33,4.38,97.38,0,4.83,
SYN-00970,2024-07-01,2020-11-19,,0,Москва,Продажи,Команда 04,44,Дневная,87.27,14.64,3,0,89.03,74.28,88.37,3.99,64.37,0,9.27,
SYN-00971,2025-03-06,2022-06-20,,0,Омск,Поддержка,Команда 11,33,Ночная,80.24,14.4,7,0,90.44,69.62,91.12,4.23,79.56,0,5.78,
SYN-00972,2024-01-14,2021-02-28,2024-03-02,1,Москва,Удержание,Команда 05,35,Дневная,115.86,13.36,8,0,86.68,62.78,82.56,4.53,70.53,0,3.35,Смена работодателя
SYN-00973,2025-10-01,2022-11-16,,0,Казань,Удержание,Команда 11,35,Дневная,93.04,8.1,2,2,87.22,82.97,91.22,4.01,59.28,0,3.27,
SYN-00974,2025-03-12,2024-02-16,2025-05-05,1,Омск,Продажи,Команда 11,13,Дневная,91.65,31.94,7,0,83.21,75.78,83.89,4.77,34.9,0,4.36,Низкая вовлечённость
SYN-00975,2024-07-04,2021-07-20,2024-07-12,1,Казань,Продажи,Команда 06,36,Смешанная,94.98,13.31,1,0,95.94,87.16,85.05,3.87,50.49,1,9.94,Низкая вовлечённость
SYN-00976,2024-11-11,2024-09-12,,0,Москва,Удержание,Команда 03,2,Смешанная,79.06,0,0,1,93.13,70.48,89.14,4.88,89.23,0,11.84,
SYN-00977,2025-12-02,2021-06-26,,0,Казань,Удержание,Команда 03,54,Дневная,103.26,5.73,1,1,91.57,79.41,87.33,3.92,70.92,0,3.16,
SYN-00978,2026-03-11,2024-01-21,2026-06-02,1,Казань,Удержание,Команда 02,26,Смешанная,72.55,16.19,12,0,74.45,82.32,78.05,3.91,66.34,0,14.48,Смена графика
SYN-00979,2024-07-19,2022-03-02,,0,Москва,Удержание,Команда 03,29,Ночная,71.57,0,2,1,87.39,83.91,87.44,4.64,52.92,0,13.44,
SYN-00980,2025-03-11,2020-10-03,,0,Казань,Удержание,Команда 10,54,Дневная,103.2,26.79,1,0,93.6,90.16,97.89,3.73,57.89,0,15.06,
SYN-00981,2024-11-06,2020-03-02,,0,Омск,Удержание,Команда 05,57,Смешанная,112.06,28.16,3,1,91.39,85.73,85.46,4.67,44.05,0,9.43,
SYN-00982,2024-05-16,2023-08-20,,0,Казань,Поддержка,Команда 07,9,Смешанная,91.62,6.35,2,1,87.54,80.13,78.43,4.24,67.78,0,0,
SYN-00983,2026-03-13,2025-10-14,,0,Омск,Продажи,Команда 06,5,Дневная,111.72,17.38,2,2,91.84,75.74,85.53,4.2,70.5,0,7.28,
SYN-00984,2025-12-02,2023-05-17,,0,Казань,Удержание,Команда 03,31,Дневная,86.32,6.9,1,0,90.91,82.32,88.56,4.67,50.82,0,9.31,
SYN-00985,2025-10-21,2023-04-05,2025-10-31,1,Омск,Удержание,Команда 11,31,Ночная,98.4,11.92,5,1,89.47,87.31,87.22,4.05,46.2,0,4.06,Низкая вовлечённость
SYN-00986,2024-07-02,2020-03-25,,0,Омск,Продажи,Команда 05,52,Смешанная,87.71,13.83,2,0,94.36,66.45,92.6,4.54,53.39,0,7.25,
SYN-00987,2026-01-21,2021-10-14,2026-02-23,1,Казань,Поддержка,Команда 05,52,Смешанная,90.67,11.06,0,1,90.2,78.74,83.47,4.49,71.82,0,12.04,Смена работодателя
SYN-00988,2025-10-11,2023-02-24,,0,Казань,Удержание,Команда 01,32,Дневная,88.53,14.32,0,1,91.39,64.36,96.28,4.33,55.84,0,4.04,
SYN-00989,2024-01-13,2020-12-29,,0,Омск,Поддержка,Команда 06,37,Дневная,84.1,0,1,0,86.22,73.23,86.47,4.75,76.22,0,2.3,
SYN-00990,2025-11-11,2023-11-22,,0,Омск,Поддержка,Команда 04,24,Дневная,53.91,6.6,0,1,88.25,77.2,83.43,3.9,73.28,0,6.26,
SYN-00991,2025-05-14,2021-03-06,,0,Омск,Продажи,Команда 12,51,Ночная,103.38,14.72,0,0,91.27,71.8,88.92,4.61,75.85,0,10.73,
SYN-00992,2024-09-19,2022-11-29,,0,Омск,Удержание,Команда 12,22,Дневная,87.6,22.29,1,2,83.18,86.14,92.97,4.13,69.11,0,9.18,
SYN-00993,2025-03-21,2023-01-01,,0,Москва,Продажи,Команда 09,27,Дневная,102.7,17.75,1,0,91.32,86.23,95.48,4.63,85.9,0,15.49,
SYN-00994,2025-06-13,2022-11-26,,0,Москва,Продажи,Команда 01,31,Дневная,98.16,9.86,0,1,90.3,100,76.98,4.31,69.93,0,4.14,
SYN-00995,2024-11-18,2024-06-21,2024-11-27,1,Омск,Продажи,Команда 03,5,Смешанная,95.14,15.7,7,1,83.57,85.48,79.32,4.42,83.35,0,3.5,Смена графика
SYN-00996,2026-03-15,2024-09-21,2026-03-23,1,Казань,Поддержка,Команда 03,18,Смешанная,105.77,0,1,1,97.5,76.0,77.6,4.9,62.61,0,11.45,Смена работодателя
SYN-00997,2025-02-03,2024-06-08,,0,Омск,Удержание,Команда 12,8,Дневная,75.59,14.05,0,0,98.38,91.98,76.71,4.42,30.28,0,14.03,
SYN-00998,2026-02-21,2025-08-25,,0,Москва,Удержание,Команда 04,6,Дневная,89.54,16.78,3,0,87.52,77.23,88.02,4.29,67.75,0,10.46,
SYN-00999,2024-07-02,2022-03-15,,0,Казань,Удержание,Команда 05,28,Дневная,56.8,9.72,2,5,87.5,81.95,82.05,4.12,73.69,0,4.08,
SYN-01000,2026-02-15,2024-01-27,,0,Казань,Удержание,Команда 09,25,Дневная,55.24,12.3,3,0,98.05,83.73,92.18,4.65,69.05,0,0,
SYN-01001,2024-08-13,2022-12-22,,0,Москва,Удержание,Команда 10,20,Смешанная,96.33,5.12,1,1,92.76,74.93,93.5,4.33,73.49,0,5.96,
SYN-01002,2025-01-18,2023-10-26,2025-03-18,1,Казань,Продажи,Команда 05,15,Смешанная,106.29,11.67,4,0,85.42,93.38,84.94,4.5,65.98,0,2.82,Смена графика
SYN-01003,2024-07-02,2022-11-10,,0,Омск,Продажи,Команда 06,20,Дневная,84.42,3.99,0,8,84.61,66.83,93.17,3.8,69.88,0,3.58,
SYN-01004,2025-04-01,2022-05-17,,0,Казань,Продажи,Команда 12,35,Смешанная,98.78,6.5,0,2,90.92,73.74,82.46,3.62,74.6,0,2.34,
SYN-01005,2025-06-19,2022-08-04,,0,Казань,Поддержка,Команда 04,35,Смешанная,102.38,25.0,0,1,95.33,88.53,100,4.84,71.64,0,16.43,
SYN-01006,2025-01-07,2022-10-20,2025-01-22,1,Казань,Продажи,Команда 04,27,Смешанная,79.71,0.09,4,2,86.9,72.52,87.02,4.39,33.28,1,0,Низкая вовлечённость
SYN-01007,2025-10-08,2024-05-16,,0,Казань,Поддержка,Команда 01,17,Дневная,86.59,15.96,1,2,87.18,71.06,92.61,4.28,76.68,0,2.35,
SYN-01008,2024-10-12,2022-03-27,2024-10-27,1,Казань,Продажи,Команда 11,31,Дневная,104.2,0,2,1,92.47,86.34,91.34,4.24,75.75,0,1.93,Смена работодателя
SYN-01009,2025-05-06,2022-07-21,,0,Омск,Продажи,Команда 07,34,Дневная,104.33,11.39,2,3,85.22,79.18,71.88,3.94,49.91,0,7.27,
SYN-01010,2025-12-21,2021-03-17,,0,Москва,Удержание,Команда 01,58,Ночная,92.2,0,2,3,91.02,68.34,81.15,4.86,70.03,0,10.26,
SYN-01011,2024-04-01,2020-01-23,2024-06-02,1,Казань,Удержание,Команда 12,51,Смешанная,91.46,15.02,4,1,88.07,89.85,74.13,4.7,61.46,0,8.15,Смена работодателя
SYN-01012,2024-01-10,2022-06-19,,0,Москва,Удержание,Команда 12,19,Смешанная,103.27,22.94,0,0,94.11,89.23,83.93,4.84,65.7,0,2.97,
SYN-01013,2024-08-15,2021-01-03,,0,Омск,Продажи,Команда 01,44,Дневная,82.47,9.32,2,4,91.81,79.44,79.48,3.85,66.76,0,3.02,
SYN-01014,2024-06-17,2023-02-23,,0,Казань,Продажи,Команда 11,16,Ночная,70.28,15.34,0,1,94.84,98.93,87.6,4.12,67.2,0,3.48,
SYN-01015,2026-01-07,2022-09-25,,0,Казань,Продажи,Команда 03,40,Дневная,81.31,7.98,0,0,97.86,64.84,92.64,4.16,55.17,1,9.21,
SYN-01016,2025-04-14,2021-09-02,,0,Омск,Удержание,Команда 11,44,Ночная,64.19,17.03,2,0,94.36,77.01,92.8,3.84,69.99,0,6.52,
SYN-01017,2024-12-02,2022-04-17,,0,Москва,Поддержка,Команда 03,32,Дневная,74.19,9.87,0,0,97.69,79.03,67.18,4.18,67.62,0,8.9,
SYN-01018,2025-02-08,2021-06-29,,0,Омск,Удержание,Команда 02,44,Дневная,101.31,23.32,5,1,84.61,77.32,90.22,4.0,54.22,0,7.76,
SYN-01019,2025-03-16,2023-04-26,,0,Казань,Поддержка,Команда 12,23,Ночная,101.88,10.05,1,1,93.02,76.98,84.82,4.16,86.21,0,5.72,
SYN-01020,2025-03-07,2024-10-08,,0,Омск,Удержание,Команда 12,5,Дневная,115.71,22.33,10,0,76.75,85.68,83.72,4.18,67.14,1,2.16,
SYN-01021,2024-11-06,2022-11-17,,0,Казань,Продажи,Команда 03,24,Смешанная,104.65,22.74,0,0,96.99,63.62,86.48,4.39,72.61,0,11.52,
SYN-01022,2025-03-05,2023-02-14,,0,Москва,Поддержка,Команда 02,25,Дневная,75.34,9.82,1,0,97.73,86.16,77.38,4.46,85.26,0,7.03,
SYN-01023,2024-02-14,2019-12-07,,0,Казань,Поддержка,Команда 09,51,Ночная,94.64,3.47,4,2,89.58,63.97,88.32,4.39,63.36,0,4.79,
SYN-01024,2025-03-18,2022-10-30,,0,Казань,Продажи,Команда 11,29,Ночная,90.85,12.99,0,0,95.45,79.27,84.19,4.12,69.44,0,14.54,
SYN-01025,2025-03-17,2024-06-20,,0,Омск,Продажи,Команда 08,9,Дневная,74.26,10.22,0,1,93.52,72.22,72.61,3.94,70.89,0,4.31,
SYN-01026,2024-06-10,2021-05-27,,0,Москва,Поддержка,Команда 06,37,Дневная,86.47,15.37,1,0,93.13,81.22,89.21,4.54,58.81,0,10.42,
SYN-01027,2025-02-06,2024-11-08,,0,Москва,Поддержка,Команда 01,3,Дневная,83.22,6.8,1,1,89.45,76.46,91.8,4.61,37.79,0,8.74,
SYN-01028,2024-07-16,2021-03-04,,0,Омск,Продажи,Команда 03,41,Дневная,98.48,0,2,1,87.95,94.34,84.86,4.33,82.79,0,8.09,
SYN-01029,2026-01-16,2025-12-17,,0,Омск,Удержание,Команда 05,1,Смешанная,101.29,9.61,0,0,97.26,76.76,96.87,4.22,68.64,0,9.68,
SYN-01030,2024-07-12,2023-06-18,,0,Омск,Поддержка,Команда 05,13,Ночная,97.03,0,0,0,95.87,86.73,81.99,4.49,97.3,0,2.29,
SYN-01031,2024-03-15,2022-10-22,,0,Омск,Поддержка,Команда 01,17,Дневная,104.81,6.0,2,3,88.76,77.68,83.03,4.4,92.62,0,11.1,
SYN-01032,2024-12-12,2022-09-24,,0,Казань,Продажи,Команда 08,27,Ночная,75.75,27.81,2,0,80.07,84.74,80.47,5,69.75,0,0,
SYN-01033,2024-04-13,2023-06-18,,0,Казань,Продажи,Команда 09,10,Дневная,86.66,17.75,3,1,90.44,86.02,84.25,4.55,55.41,0,4.73,
SYN-01034,2025-04-03,2023-06-13,,0,Казань,Продажи,Команда 07,22,Дневная,107.9,18.53,2,1,94.36,81.61,95.49,4.57,60.62,0,11.58,
SYN-01035,2024-03-16,2019-05-12,,0,Казань,Поддержка,Команда 12,59,Дневная,56.74,4.65,0,1,93.78,72.41,92.53,4.23,90.26,0,14.29,
SYN-01036,2025-05-09,2024-08-12,,0,Казань,Поддержка,Команда 05,9,Дневная,98.7,0.49,0,2,95.13,75.1,100,4.21,57.08,1,12.97,
SYN-01037,2025-03-11,2024-09-12,,0,Омск,Продажи,Команда 07,6,Дневная,71.46,12.66,0,0,97.38,84.73,95.54,4.61,46.11,1,9.07,
SYN-01038,2024-01-14,2020-08-02,,0,Омск,Продажи,Команда 08,42,Дневная,89.6,0.97,0,3,90.78,63.33,88.21,4.86,66.5,0,10.14,
SYN-01039,2026-02-10,2025-06-15,,0,Казань,Удержание,Команда 04,8,Дневная,93.01,9.38,2,0,86.24,79.09,78.53,4.08,85.55,0,6.47,
SYN-01040,2024-01-16,2019-06-11,,0,Омск,Продажи,Команда 05,56,Дневная,86.82,3.19,1,10,78.49,100,79.39,4.12,60.18,0,12.36,
SYN-01041,2024-02-04,2019-09-28,,0,Омск,Поддержка,Команда 06,53,Дневная,87.97,0,1,0,89.49,73.39,83.54,4.19,86.97,0,9.99,
SYN-01042,2024-05-19,2022-01-30,,0,Москва,Поддержка,Команда 01,28,Дневная,77.4,9.92,0,0,94.68,77.5,93.81,3.9,65.95,0,4.95,
SYN-01043,2024-10-12,2023-03-22,,0,Омск,Удержание,Команда 07,19,Дневная,79.22,18.17,1,5,84.78,72.38,80.92,4.42,58.01,0,2.83,
SYN-01044,2024-12-08,2023-03-19,,0,Омск,Поддержка,Команда 03,21,Смешанная,68.78,18.39,1,0,93.01,88.87,95.44,4.22,70.94,0,4.81,
SYN-01045,2025-02-15,2022-08-30,,0,Казань,Удержание,Команда 08,30,Ночная,97.91,5.46,0,0,88.41,73.91,88.64,3.77,65.26,0,1.16,
SYN-01046,2025-10-12,2022-10-28,,0,Москва,Продажи,Команда 04,36,Дневная,81.29,13.24,8,0,77.52,84.77,81.03,4.66,80.37,0,12.68,
SYN-01047,2024-06-17,2021-02-03,,0,Москва,Поддержка,Команда 12,41,Ночная,78.78,11.97,0,1,100,74.35,87.1,4.42,51.7,0,4.85,
SYN-01048,2024-06-03,2022-04-15,,0,Омск,Удержание,Команда 11,26,Смешанная,77.82,17.73,3,0,85.07,82.59,84.47,3.99,79.06,0,3.19,
SYN-01049,2024-05-15,2022-02-25,,0,Казань,Поддержка,Команда 10,27,Дневная,81.15,11.19,1,3,85.89,90.36,87.7,4.86,100,0,7.85,
SYN-01050,2024-09-07,2020-07-30,,0,Казань,Продажи,Команда 03,50,Смешанная,105.96,17.36,1,0,95.32,81.15,93.35,4.14,50.75,0,12.68,
SYN-01051,2024-12-19,2020-01-15,2025-01-04,1,Москва,Продажи,Команда 01,60,Дневная,108.94,18.0,4,6,86.85,80.0,93.72,4.77,63.02,0,13.67,Личные причины
SYN-01052,2025-05-16,2023-08-25,,0,Омск,Удержание,Команда 09,21,Дневная,93.99,9.28,4,1,90.5,73.66,88.51,4.34,76.28,0,0,
SYN-01053,2025-01-20,2020-09-13,,0,Омск,Поддержка,Команда 03,53,Смешанная,112.71,21.43,6,1,84.02,71.58,96.57,3.95,49.09,0,4.3,
SYN-01054,2024-01-04,2020-05-24,,0,Москва,Продажи,Команда 12,44,Смешанная,92.27,18.2,0,1,92.34,83.73,83.25,4.67,49.91,0,1.52,
SYN-01055,2025-07-06,2021-03-29,,0,Москва,Продажи,Команда 07,52,Дневная,100.17,13.62,4,3,91.71,78.21,85.95,4.78,69.75,0,8.89,
SYN-01056,2025-03-15,2023-11-21,,0,Омск,Продажи,Команда 12,16,Смешанная,118.03,11.24,0,0,97.56,76.95,93.11,4.86,86.61,0,7.01,
SYN-01057,2024-11-19,2020-02-14,,0,Омск,Удержание,Команда 08,58,Дневная,107.58,15.36,1,2,96.83,75.42,90.16,4.33,59.74,0,4.43,
SYN-01058,2025-07-08,2022-02-24,,0,Казань,Поддержка,Команда 12,41,Дневная,96.96,14.64,8,3,81.44,77.4,85.24,4.48,63.41,1,6.37,
SYN-01059,2025-01-07,2021-09-25,,0,Москва,Удержание,Команда 12,40,Дневная,90.75,11.12,3,2,89.1,81.38,98.24,4.13,62.13,0,9.51,
SYN-01060,2024-05-04,2020-10-22,,0,Москва,Удержание,Команда 03,43,Смешанная,88.67,3.22,0,4,92.49,88.35,94.92,4.9,49.9,0,3.2,
SYN-01061,2024-11-16,2022-06-30,,0,Казань,Удержание,Команда 10,29,Смешанная,87.51,7.56,1,0,91.69,80.51,87.43,4.27,40.43,1,11.09,
SYN-01062,2025-06-19,2025-05-20,,0,Казань,Удержание,Команда 04,1,Дневная,68.95,6.33,2,1,85.95,88.07,88.45,4.0,68.38,1,6.21,
SYN-01063,2025-09-16,2021-06-09,,0,Москва,Поддержка,Команда 05,52,Смешанная,100.83,20.85,2,1,90.31,81.15,93.52,4.47,65.93,1,2.64,
SYN-01064,2024-01-09,2022-10-16,,0,Казань,Удержание,Команда 09,15,Ночная,86.01,21.95,4,6,90.19,74.96,69.25,3.81,66.72,0,3.72,
SYN-01065,2024-02-03,2019-12-26,2024-03-07,1,Москва,Продажи,Команда 05,50,Ночная,78.84,20.16,3,2,84.56,92.52,79.33,4.86,64.97,0,8.1,Личные причины
SYN-01066,2026-02-21,2023-02-07,,0,Казань,Продажи,Команда 12,37,Дневная,91.34,11.34,1,4,89.75,80.36,90.51,4.39,58.17,0,7.92,
SYN-01067,2025-04-05,2021-04-26,,0,Москва,Поддержка,Команда 03,48,Дневная,107.42,23.62,0,1,91.98,88.38,80.05,4.48,68.13,0,5.51,
SYN-01068,2024-04-16,2024-03-17,2024-07-01,1,Казань,Продажи,Команда 10,1,Дневная,87.41,20.58,0,2,89.02,87.56,76.39,4.55,66.35,0,5.84,Смена графика
SYN-01069,2025-11-01,2023-08-14,,0,Казань,Поддержка,Команда 06,27,Смешанная,79.44,16.54,1,0,89.83,77.93,80.96,3.79,72.3,0,2.58,
SYN-01070,2025-01-19,2021-04-10,,0,Казань,Продажи,Команда 05,46,Ночная,101.79,19.95,1,0,93.74,74.26,85.72,4.11,76.54,0,0,
SYN-01071,2024-07-01,2021-07-17,,0,Москва,Удержание,Команда 06,36,Смешанная,87.37,18.48,5,3,91.58,95.57,81.43,4.38,67.88,0,13.35,
SYN-01072,2026-02-05,2024-07-15,2026-04-21,1,Омск,Поддержка,Команда 01,19,Дневная,98.71,25.06,0,2,95.49,93.0,75.64,4.56,71.07,0,0.86,Высокая нагрузка
SYN-01073,2024-05-07,2020-11-24,2024-07-12,1,Москва,Удержание,Команда 10,42,Дневная,85.11,24.41,4,0,89.12,82.14,91.87,4.15,55.54,0,1.29,Высокая нагрузка
SYN-01074,2024-11-10,2021-03-01,,0,Москва,Поддержка,Команда 01,45,Дневная,101.84,16.52,1,0,91.55,69.99,90.83,4.44,48.62,0,8.24,
SYN-01075,2026-03-13,2023-08-26,,0,Казань,Продажи,Команда 05,31,Дневная,84.54,6.94,0,2,91.62,80.87,100,3.87,60.81,1,0,
SYN-01076,2026-01-04,2025-09-06,,0,Казань,Удержание,Команда 09,4,Дневная,81.27,14.99,0,0,93.45,82.44,100,4.56,75.63,0,10.97,
SYN-01077,2024-07-01,2023-06-07,,0,Омск,Продажи,Команда 06,13,Дневная,92.39,6.45,2,2,100,64.28,78.64,4.23,75.38,0,0,
SYN-01078,2024-06-21,2024-04-22,,0,Омск,Удержание,Команда 04,2,Ночная,72.33,14.06,0,2,93.31,82.56,85.86,3.8,87.79,0,3.05,
SYN-01079,2026-01-01,2021-10-24,,0,Москва,Продажи,Команда 10,51,Смешанная,111.14,23.8,2,0,85.98,77.9,97.13,4.76,72.42,0,2.06,
SYN-01080,2024-12-04,2023-11-10,,0,Омск,Поддержка,Команда 07,13,Дневная,71.46,17.18,3,0,87.68,78.16,84.96,4.63,62.81,0,12.51,
SYN-01081,2025-10-20,2024-11-24,,0,Омск,Продажи,Команда 07,11,Дневная,82.0,12.11,1,0,89.81,73.23,83.83,4.75,60.21,0,0.77,
SYN-01082,2025-02-07,2025-01-08,,0,Казань,Продажи,Команда 02,1,Дневная,89.07,16.85,1,0,95.45,59.19,80.42,4.56,65.21,0,9.3,
SYN-01083,2024-11-04,2020-03-30,,0,Казань,Удержание,Команда 05,56,Дневная,96.84,12.23,2,0,94.9,63.96,80.76,4.17,41.69,1,9.02,
SYN-01084,2025-09-07,2024-05-15,,0,Казань,Поддержка,Команда 01,16,Смешанная,82.44,16.7,1,1,95.02,70.12,87.93,4.89,64.61,0,10.06,
SYN-01085,2024-05-17,2023-09-20,,0,Москва,Поддержка,Команда 07,8,Дневная,66.98,26.01,1,0,90.31,59.49,94.67,4.41,66.85,0,11.2,
SYN-01086,2024-08-05,2024-01-08,,0,Москва,Удержание,Команда 07,7,Смешанная,87.85,12.48,5,1,84.47,80.43,100,4.47,51.66,0,3.45,
SYN-01087,2025-05-05,2021-03-27,,0,Казань,Продажи,Команда 11,50,Смешанная,99.81,19.66,7,0,86.94,77.74,88.46,4.22,54.04,0,12.34,
SYN-01088,2025-06-08,2022-01-25,,0,Казань,Продажи,Команда 10,41,Дневная,101.26,11.2,3,3,85.68,84.9,75.31,4.29,68.6,0,7.78,
SYN-01089,2024-11-03,2021-04-23,,0,Казань,Продажи,Команда 12,43,Дневная,90.75,17.49,4,2,82.73,72.95,93.53,4.39,66.3,1,0,
SYN-01090,2025-05-03,2020-10-26,,0,Омск,Поддержка,Команда 11,55,Смешанная,65.31,0,3,1,93.5,69.62,82.16,4.4,99.45,0,13.11,
SYN-01091,2026-02-11,2022-11-29,2026-03-25,1,Омск,Удержание,Команда 07,39,Дневная,81.22,15.77,4,1,89.4,89.7,87.19,4.23,55.34,1,2.45,Личные причины
SYN-01092,2026-01-10,2023-03-27,,0,Омск,Удержание,Команда 12,34,Ночная,107.28,6.09,0,2,93.07,69.41,89.6,4.05,72.37,0,8.1,
SYN-01093,2025-05-17,2023-11-24,2025-08-07,1,Омск,Удержание,Команда 08,18,Ночная,79.85,6.24,2,1,95.44,71.74,83.04,3.74,59.37,1,4.35,Смена графика
SYN-01094,2024-11-17,2021-03-08,,0,Москва,Удержание,Команда 11,45,Ночная,71.9,12.25,0,0,89.95,77.97,86.36,4.47,73.27,0,10.23,
SYN-01095,2026-02-04,2021-12-27,,0,Казань,Поддержка,Команда 03,50,Дневная,71.42,3.87,0,0,97.04,83.61,85.0,4.32,67.02,0,7.53,
SYN-01096,2024-05-19,2023-11-21,,0,Москва,Удержание,Команда 11,6,Смешанная,70.13,19.03,1,8,86.83,61.59,96.16,4.44,66.75,0,3.95,
SYN-01097,2024-06-17,2022-05-29,2024-09-04,1,Казань,Поддержка,Команда 01,25,Дневная,80.01,6.55,7,0,88.44,92.34,72.73,4.64,66.22,0,4.77,Смена работодателя
SYN-01098,2026-03-17,2021-12-08,,0,Омск,Удержание,Команда 08,52,Смешанная,87.67,5.96,5,1,85.27,87.35,85.36,4.19,57.24,1,6.85,
SYN-01099,2024-07-08,2023-04-15,2024-08-27,1,Омск,Продажи,Команда 06,15,Дневная,73.21,21.31,3,0,92.99,72.02,82.45,4.14,62.64,1,12.78,Смена графика
SYN-01100,2025-01-08,2022-07-23,,0,Омск,Удержание,Команда 11,30,Дневная,84.93,12.27,1,2,89.14,93.52,83.58,4.29,60.35,0,13.75,
SYN-01101,2024-08-17,2021-02-04,,0,Омск,Поддержка,Команда 07,43,Смешанная,91.48,1.51,2,0,100,91.55,78.7,4.2,59.71,1,10.03,
SYN-01102,2024-04-09,2021-08-23,,0,Москва,Поддержка,Команда 05,32,Дневная,103.25,10.45,1,1,96.0,91.28,84.46,3.63,55.96,0,12.21,
SYN-01103,2024-09-16,2024-06-18,,0,Омск,Продажи,Команда 09,3,Ночная,91.82,34.88,0,3,92.27,72.95,90.29,4.2,63.75,0,6.25,
SYN-01104,2025-10-12,2025-08-13,2025-12-26,1,Москва,Поддержка,Команда 02,2,Дневная,104.07,18.56,0,2,95.94,61.44,77.78,4.17,61.6,1,8.18,Смена графика
SYN-01105,2024-07-03,2022-06-14,,0,Омск,Поддержка,Команда 05,25,Дневная,92.19,13.54,6,0,86.65,76.2,96.77,4.08,58.32,0,0,
SYN-01106,2025-08-12,2024-07-18,,0,Омск,Удержание,Команда 03,13,Дневная,76.54,5.32,2,6,89.14,95.16,85.51,4.02,84.05,0,8.3,
SYN-01107,2024-09-15,2022-03-30,,0,Москва,Поддержка,Команда 03,30,Дневная,100.43,12.51,0,0,96.22,77.74,100,4.48,76.02,1,0,
SYN-01108,2024-06-21,2020-12-09,,0,Москва,Поддержка,Команда 02,43,Смешанная,107.13,16.63,0,5,91.38,79.41,93.48,3.72,63.77,0,7.23,
SYN-01109,2026-01-02,2024-04-12,,0,Омск,Поддержка,Команда 07,21,Смешанная,84.88,23.15,2,3,94.39,73.6,82.35,4.17,67.59,0,4.52,
SYN-01110,2026-03-18,2024-09-24,,0,Москва,Продажи,Команда 05,18,Дневная,83.16,23.26,1,0,95.92,66.91,84.51,4.6,65.63,0,7.38,
SYN-01111,2025-07-08,2020-12-31,,0,Омск,Поддержка,Команда 03,55,Смешанная,74.68,0,3,4,88.45,84.48,80.48,4.67,64.88,0,12.52,
SYN-01112,2025-08-07,2024-12-10,2025-10-01,1,Казань,Продажи,Команда 01,8,Ночная,111.47,28.82,0,2,96.38,85.54,79.99,3.98,43.6,0,0,Низкая вовлечённость
SYN-01113,2024-11-14,2021-10-01,,0,Москва,Поддержка,Команда 04,38,Дневная,82.09,24.84,3,2,92.69,73.18,94.89,4.09,61.19,0,14.01,
SYN-01114,2024-09-21,2022-02-04,2024-10-31,1,Казань,Продажи,Команда 07,32,Дневная,93.73,17.22,0,0,96.01,64.87,88.79,4.56,63.4,0,9.87,Личные причины
SYN-01115,2025-05-14,2024-10-16,,0,Москва,Поддержка,Команда 07,7,Смешанная,83.43,2.66,6,1,87.65,80.63,75.01,4.86,52.45,1,7.36,
SYN-01116,2026-02-19,2025-04-25,,0,Омск,Продажи,Команда 02,10,Ночная,115.5,27.79,8,5,78.36,91.99,80.82,4.65,59.51,0,11.04,
SYN-01117,2024-12-08,2020-07-02,2024-12-20,1,Москва,Поддержка,Команда 08,54,Смешанная,72.85,8.04,2,1,85.9,79.17,87.46,4.23,40.94,0,6.36,Низкая вовлечённость
SYN-01118,2025-07-06,2020-09-30,,0,Казань,Удержание,Команда 04,58,Смешанная,97.14,9.54,2,4,89.56,74.56,78.47,4.18,58.59,0,7.14,
SYN-01119,2025-06-08,2023-08-18,,0,Омск,Продажи,Команда 04,22,Дневная,103.42,10.04,2,2,87.05,81.5,81.18,4.06,54.94,0,1.77,
SYN-01120,2026-02-19,2023-07-05,,0,Омск,Поддержка,Команда 03,32,Ночная,102.44,11.58,8,2,79.27,82.38,84.02,4.13,59.72,0,8.55,
SYN-01121,2024-03-05,2023-04-10,,0,Москва,Продажи,Команда 01,11,Ночная,91.46,13.81,6,0,86.62,75.66,81.15,4.64,52.61,0,4.93,
SYN-01122,2024-06-05,2021-09-19,,0,Омск,Поддержка,Команда 11,33,Ночная,72.08,23.11,0,3,86.57,75.76,77.77,4.47,72.68,0,12.1,
SYN-01123,2024-04-08,2023-12-10,,0,Омск,Удержание,Команда 04,4,Дневная,88.26,6.72,4,4,85.61,74.81,86.35,3.52,75.47,0,14.12,
SYN-01124,2024-09-18,2022-09-29,,0,Москва,Удержание,Команда 05,24,Дневная,91.48,1.96,5,0,90.4,73.48,91.15,4.36,65.98,1,13.78,
SYN-01125,2025-07-08,2022-09-22,,0,Омск,Поддержка,Команда 07,34,Дневная,91.06,0,0,1,96.37,82.87,96.07,4.47,96.17,0,2.87,
SYN-01126,2024-06-20,2020-03-13,,0,Омск,Поддержка,Команда 12,52,Дневная,76.9,12.12,9,1,79.58,81.42,77.6,4.02,72.15,0,5.4,
SYN-01127,2024-11-18,2022-08-01,,0,Омск,Поддержка,Команда 10,28,Дневная,88.98,22.66,1,0,90.23,86.21,85.91,3.94,53.27,0,0.03,
SYN-01128,2026-03-12,2022-03-03,,0,Казань,Продажи,Команда 09,49,Дневная,84.99,22.2,0,2,92.43,92.4,88.94,4.47,67.48,0,5.1,
SYN-01129,2025-04-03,2023-03-15,,0,Москва,Удержание,Команда 12,25,Ночная,64.54,4.42,1,2,88.68,72.43,86.97,4.59,76.29,0,10.54,
SYN-01130,2025-10-20,2024-08-26,,0,Казань,Удержание,Команда 09,14,Смешанная,91.46,10.2,2,5,88.81,93.42,84.46,4.27,65.66,0,10.63,
SYN-01131,2024-10-01,2019-10-28,,0,Москва,Удержание,Команда 12,60,Ночная,89.16,3.81,1,4,90.57,89.58,89.84,4.36,60.33,0,0,
SYN-01132,2025-05-03,2021-05-24,,0,Москва,Поддержка,Команда 06,48,Дневная,95.75,9.69,2,1,92.31,96.79,92.45,4.06,58.08,0,9.47,
SYN-01133,2024-04-15,2022-07-25,,0,Казань,Поддержка,Команда 02,21,Дневная,84.01,15.04,0,0,96.65,76.04,88.67,4.9,66.42,0,6.73,
SYN-01134,2024-09-15,2021-12-30,,0,Казань,Продажи,Команда 07,33,Смешанная,88.57,8.22,2,0,89.87,80.68,93.47,3.85,90.41,0,5.78,
SYN-01135,2024-09-20,2022-09-01,,0,Омск,Продажи,Команда 04,25,Дневная,99.72,0,0,1,87.12,89.44,79.76,4.39,55.38,0,0.09,
SYN-01136,2025-06-07,2021-08-27,,0,Москва,Поддержка,Команда 10,46,Ночная,66.44,13.81,1,0,92.61,79.56,80.86,4.45,94.84,0,11.44,
SYN-01137,2025-10-11,2024-07-18,,0,Омск,Удержание,Команда 04,15,Смешанная,82.74,10.02,3,4,81.2,98.9,80.24,4.28,52.6,0,4.2,
SYN-01138,2024-08-01,2023-01-09,2024-09-21,1,Омск,Продажи,Команда 03,19,Дневная,94.36,6.42,0,1,97.1,84.97,83.38,4.18,61.66,0,1.69,Смена работодателя
SYN-01139,2024-01-21,2020-04-11,,0,Казань,Удержание,Команда 09,46,Дневная,96.11,5.29,2,1,89.89,94.53,63.06,3.81,73.35,0,14.31,
SYN-01140,2024-03-12,2020-01-03,,0,Москва,Поддержка,Команда 05,51,Смешанная,90.82,5.65,2,0,90.23,76.63,76.29,4.51,56.85,1,1.24,
SYN-01141,2025-11-01,2020-12-27,,0,Омск,Удержание,Команда 06,59,Дневная,78.22,27.99,1,4,94.8,88.46,80.7,4.33,57.69,0,9.29,
SYN-01142,2025-03-18,2020-07-12,2025-06-01,1,Казань,Удержание,Команда 10,57,Дневная,99.98,0.56,2,1,91.67,87.6,88.28,4.68,58.6,1,6.4,Смена работодателя
SYN-01143,2024-07-03,2023-01-10,,0,Омск,Удержание,Команда 04,18,Смешанная,126.09,30.06,1,5,87.37,80.13,94.2,4.18,76.33,0,20.84,
SYN-01144,2025-04-03,2024-11-04,,0,Омск,Продажи,Команда 03,5,Ночная,94.69,8.15,2,0,87.79,90.17,79.9,4.67,88.79,0,8.71,
SYN-01145,2026-03-19,2023-07-03,,0,Омск,Удержание,Команда 06,33,Ночная,112.73,31.66,0,0,90.32,79.47,69.58,4.58,47.63,0,9.55,
SYN-01146,2025-10-08,2023-04-22,,0,Омск,Продажи,Команда 08,30,Смешанная,83.88,1.32,3,2,88.38,71.08,77.67,4.49,77.23,0,4.94,
SYN-01147,2024-11-16,2022-09-28,,0,Москва,Поддержка,Команда 01,26,Смешанная,116.3,15.49,4,1,89.22,75.75,88.86,4.57,71.92,0,2.9,
SYN-01148,2025-04-01,2024-07-05,,0,Москва,Удержание,Команда 03,9,Дневная,107.15,17.36,1,2,94.89,59.19,84.94,4.48,71.17,0,7.48,
SYN-01149,2025-08-19,2022-08-05,,0,Омск,Поддержка,Команда 09,37,Смешанная,91.73,5.53,3,2,91.23,89.16,73.25,4.3,73.01,0,4.76,
SYN-01150,2024-08-03,2021-10-18,,0,Омск,Удержание,Команда 06,34,Ночная,110.73,25.7,0,1,97.38,75.33,89.58,4.75,56.21,0,9.21,
SYN-01151,2026-01-07,2021-08-31,,0,Казань,Продажи,Команда 07,53,Дневная,87.57,13.85,5,0,88.1,80.97,83.47,3.82,68.5,0,9.94,
SYN-01152,2024-04-17,2023-01-23,,0,Москва,Продажи,Команда 01,15,Дневная,75.93,0,0,2,90.56,82.37,81.29,3.38,76.76,0,7.36,
SYN-01153,2025-03-21,2024-02-25,,0,Москва,Поддержка,Команда 10,13,Дневная,98.18,0,1,1,90.59,81.06,82.47,4.41,59.26,0,0,
SYN-01154,2024-03-11,2021-08-24,,0,Москва,Продажи,Команда 07,31,Дневная,92.88,0.98,0,10,85.99,86.72,75.9,4.31,52.46,0,0.85,
SYN-01155,2025-09-03,2021-02-26,,0,Омск,Поддержка,Команда 06,55,Дневная,83.0,0,4,4,80.24,71.19,88.4,4.05,58.41,0,13.58,
SYN-01156,2025-10-11,2024-06-18,,0,Омск,Удержание,Команда 05,16,Ночная,84.45,18.87,8,1,85.86,78.16,93.47,4.36,63.98,0,9.06,
SYN-01157,2024-05-09,2023-06-14,,0,Омск,Поддержка,Команда 03,11,Ночная,105.04,0.66,4,3,83.47,75.55,87.47,4.79,81.22,0,6.99,
SYN-01158,2026-02-21,2025-12-23,,0,Казань,Удержание,Команда 05,2,Смешанная,104.25,5.81,3,4,93.12,68.31,88.27,4.09,67.01,0,17.13,
SYN-01159,2024-02-12,2021-10-25,2024-04-06,1,Омск,Поддержка,Команда 02,28,Смешанная,102.52,24.31,3,5,82.86,82.78,87.23,4.21,38.26,1,2.71,Низкая вовлечённость
SYN-01160,2025-09-11,2022-08-28,,0,Казань,Продажи,Команда 12,37,Дневная,91.14,15.46,3,0,91.43,86.68,96.3,4.32,89.3,0,9.91,
SYN-01161,2024-05-03,2019-06-29,,0,Омск,Удержание,Команда 12,59,Дневная,89.37,6.5,2,1,90.81,91.22,91.19,4.5,80.33,0,7.47,
SYN-01162,2026-02-16,2021-12-09,,0,Казань,Удержание,Команда 07,51,Смешанная,94.72,9.92,2,0,86.78,55.9,87.03,4.73,62.47,0,9.26,
SYN-01163,2024-01-10,2020-05-30,,0,Москва,Продажи,Команда 01,44,Дневная,111.14,17.17,1,0,97.19,81.45,88.85,4.28,77.36,0,5.43,
SYN-01164,2024-09-11,2023-01-20,,0,Омск,Удержание,Команда 04,20,Дневная,99.22,11.65,14,1,70.9,84.1,100,4.43,90.52,0,0.91,
SYN-01165,2024-07-21,2020-06-12,,0,Казань,Удержание,Команда 07,50,Ночная,79.25,0,1,0,98.5,80.25,82.66,4.15,81.58,0,7.41,
SYN-01166,2025-10-15,2021-09-06,2025-12-20,1,Казань,Продажи,Команда 10,50,Дневная,111.21,15.78,7,1,73.92,75.02,81.23,4.57,86.37,1,5.89,Смена работодателя
SYN-01167,2025-01-16,2022-11-28,,0,Омск,Продажи,Команда 02,26,Дневная,102.71,14.45,4,5,84.32,83.29,80.62,4.04,52.17,0,12.05,
SYN-01168,2024-10-01,2023-10-07,,0,Москва,Продажи,Команда 10,12,Дневная,118.21,23.28,2,0,86.27,78.19,87.23,4.21,82.45,0,6.58,
SYN-01169,2026-03-18,2021-04-13,,0,Омск,Поддержка,Команда 01,60,Дневная,94.78,3.8,11,0,78.39,75.85,81.62,4.29,56.46,1,0,
SYN-01170,2024-08-12,2023-02-19,,0,Омск,Поддержка,Команда 04,18,Смешанная,71.35,11.14,4,7,79.06,75.92,88.28,4.22,83.21,0,17.46,
SYN-01171,2025-11-08,2025-06-11,,0,Москва,Продажи,Команда 03,5,Дневная,98.66,3.59,0,1,92.45,84.74,90.74,4.29,100,0,10.72,
SYN-01172,2025-05-07,2024-06-11,,0,Казань,Продажи,Команда 12,11,Дневная,107.34,16.02,0,4,93.43,74.95,82.69,3.92,71.13,0,0.79,
SYN-01173,2025-08-19,2022-12-03,,0,Казань,Продажи,Команда 12,33,Смешанная,85.5,15.25,1,2,95.87,87.2,88.7,4.89,80.79,1,13.13,
SYN-01174,2025-07-02,2020-09-26,,0,Москва,Поддержка,Команда 10,58,Ночная,98.35,16.34,1,0,92.07,77.52,90.95,4.46,57.6,0,7.54,
SYN-01175,2024-01-17,2020-09-04,,0,Омск,Удержание,Команда 07,41,Дневная,64.37,1.23,6,2,80.68,75.65,93.68,4.57,75.66,0,2.48,
SYN-01176,2024-02-16,2020-11-03,,0,Омск,Продажи,Команда 10,40,Дневная,88.8,13.72,6,2,84.9,100,68.65,4.07,51.45,0,0,
SYN-01177,2025-04-04,2024-06-08,2025-05-19,1,Омск,Удержание,Команда 03,10,Дневная,91.06,13.66,2,1,79.0,82.34,76.01,4.29,64.86,0,5.98,Смена работодателя
SYN-01178,2025-01-05,2022-09-18,,0,Казань,Продажи,Команда 03,28,Смешанная,95.37,20.0,3,0,89.32,76.21,71.04,3.81,46.97,1,6.9,
SYN-01179,2024-01-11,2023-06-15,2024-03-16,1,Казань,Удержание,Команда 09,7,Смешанная,72.19,13.58,2,4,82.82,83.1,94.37,4.35,55.57,0,9.91,Смена работодателя
SYN-01180,2024-10-07,2020-09-28,2024-11-27,1,Казань,Поддержка,Команда 08,49,Ночная,108.66,16.88,6,6,86.09,70.55,75.28,4.15,61.45,0,9.98,Смена работодателя
SYN-01181,2026-03-10,2024-10-16,,0,Казань,Поддержка,Команда 10,17,Смешанная,85.52,10.23,1,1,93.45,83.37,88.82,4.8,80.24,0,3.14,
SYN-01182,2024-09-11,2021-11-26,,0,Омск,Продажи,Команда 05,34,Смешанная,103.59,7.58,2,1,94.69,89.53,93.0,4.05,51.86,1,7.76,
SYN-01183,2024-01-15,2023-08-18,,0,Казань,Продажи,Команда 02,5,Дневная,81.05,8.7,0,1,95.68,93.47,93.59,4.3,71.01,0,4.79,
SYN-01184,2024-06-06,2019-08-02,,0,Казань,Поддержка,Команда 12,59,Дневная,110.86,19.49,3,3,82.3,76.23,87.05,3.89,68.43,0,15.52,
SYN-01185,2024-11-05,2020-07-29,,0,Омск,Поддержка,Команда 03,52,Ночная,85.89,8.01,1,0,90.07,96.1,78.9,4.67,51.95,1,3.9,
SYN-01186,2025-08-08,2020-10-03,2025-08-15,1,Москва,Поддержка,Команда 11,59,Дневная,59.14,20.86,1,0,87.21,79.68,76.06,4.08,54.61,0,6.58,Низкая вовлечённость
SYN-01187,2024-05-16,2024-02-16,,0,Казань,Продажи,Команда 01,3,Смешанная,87.87,0,3,0,86.29,76.02,84.88,4.43,40.97,0,3.68,
SYN-01188,2026-01-03,2022-07-23,,0,Казань,Поддержка,Команда 08,42,Смешанная,90.15,9.55,1,0,90.39,87.3,87.47,4.43,77.7,0,2.71,
SYN-01189,2024-06-13,2019-10-08,,0,Омск,Продажи,Команда 06,57,Смешанная,89.89,10.13,1,1,88.98,91.75,76.14,4.05,56.73,1,4.09,
SYN-01190,2024-01-17,2023-01-22,2024-03-16,1,Москва,Продажи,Команда 10,12,Смешанная,104.4,6.0,0,0,96.92,87.51,95.31,4.8,68.33,0,2.42,Смена графика
SYN-01191,2025-09-01,2024-10-06,2025-11-10,1,Омск,Удержание,Команда 07,11,Смешанная,92.34,0,0,1,97.94,93.27,85.99,4.8,88.54,0,9.72,Личные причины
SYN-01192,2024-10-19,2024-09-19,,0,Москва,Удержание,Команда 09,1,Дневная,93.79,14.28,0,0,95.55,71.42,89.81,3.93,53.79,0,0.72,
SYN-01193,2024-08-11,2023-04-19,,0,Казань,Продажи,Команда 10,16,Дневная,97.67,8.91,0,1,86.69,87.63,91.66,4.13,72.1,0,11.77,
SYN-01194,2025-05-09,2025-02-08,,0,Казань,Удержание,Команда 04,3,Дневная,118.8,25.84,1,5,83.03,78.39,74.27,4.07,62.0,0,6.81,
SYN-01195,2025-10-21,2022-07-09,,0,Москва,Удержание,Команда 08,40,Дневная,105.61,15.38,5,0,86.83,65.9,82.29,4.18,62.44,0,4.28,
SYN-01196,2024-11-10,2024-08-12,2025-01-15,1,Казань,Поддержка,Команда 09,3,Дневная,68.31,10.07,1,1,97.14,86.71,83.28,4.26,52.98,0,9.63,Низкая вовлечённость
SYN-01197,2025-10-04,2024-06-11,,0,Москва,Продажи,Команда 02,16,Смешанная,81.16,15.98,2,2,87.55,80.79,97.48,4.59,84.52,0,11.56,
SYN-01198,2024-03-13,2022-03-24,,0,Омск,Удержание,Команда 04,24,Ночная,79.56,15.88,7,0,88.39,78.86,87.99,4.53,60.72,0,0,
SYN-01199,2025-01-02,2020-06-27,,0,Омск,Удержание,Команда 09,55,Дневная,102.28,3.12,0,0,93.19,75.95,85.89,4.01,82.85,0,4.84,
SYN-01200,2026-03-20,2023-09-02,2026-06-03,1,Москва,Удержание,Команда 07,31,Ночная,108.38,4.61,1,2,91.72,97.24,86.72,4.13,73.64,0,12.41,Смена работодателя
SYN-01201,2024-03-20,2022-05-30,,0,Омск,Удержание,Команда 11,22,Смешанная,85.61,8.86,6,0,86.72,90.9,78.15,4.19,77.3,0,4.0,
SYN-01202,2024-11-16,2021-02-05,,0,Казань,Продажи,Команда 07,46,Дневная,72.88,6.08,3,3,90.64,93.67,84.44,4.12,66.67,0,11.85,
SYN-01203,2025-02-20,2022-11-03,,0,Омск,Продажи,Команда 10,28,Дневная,74.2,2.76,0,0,90.66,74.77,72.31,4.23,60.5,0,5.36,
SYN-01204,2024-05-05,2023-03-12,2024-06-10,1,Казань,Продажи,Команда 11,14,Дневная,89.22,15.56,6,0,84.89,92.17,73.53,4.11,78.25,0,0,Смена графика
SYN-01205,2024-07-07,2022-04-19,,0,Казань,Продажи,Команда 12,27,Дневная,66.5,19.2,0,0,94.72,81.83,93.64,3.82,63.57,1,11.12,
SYN-01206,2026-02-02,2021-04-29,,0,Москва,Поддержка,Команда 04,58,Дневная,86.5,21.26,1,3,88.89,66.45,94.94,4.75,55.74,0,9.2,
SYN-01207,2024-09-07,2022-11-17,,0,Омск,Удержание,Команда 02,22,Дневная,96.62,14.52,1,0,94.25,87.93,73.47,4.03,62.74,0,7.94,
SYN-01208,2024-07-14,2021-09-28,2024-10-02,1,Москва,Продажи,Команда 10,34,Ночная,69.8,0,7,0,81.88,85.16,84.81,4.42,53.8,1,0,Низкая вовлечённость
SYN-01209,2026-01-01,2024-04-11,,0,Омск,Продажи,Команда 04,21,Смешанная,87.24,4.56,2,0,82.57,95.62,79.86,4.54,71.99,0,13.4,
SYN-01210,2026-03-20,2025-01-24,,0,Казань,Удержание,Команда 03,14,Ночная,86.58,0,1,3,96.0,87.45,85.37,4.49,74.21,0,8.43,
SYN-01211,2025-11-10,2021-12-31,,0,Москва,Поддержка,Команда 06,47,Ночная,82.19,1.2,0,2,97.26,85.5,92.15,4.11,53.61,0,11.6,
SYN-01212,2025-07-14,2023-12-22,,0,Казань,Удержание,Команда 06,19,Дневная,102.64,13.27,2,0,93.48,84.69,90.12,4.49,72.27,0,4.36,
SYN-01213,2024-06-18,2020-03-11,,0,Казань,Поддержка,Команда 05,52,Смешанная,92.53,12.19,2,2,92.35,79.86,94.97,4.24,84.88,0,14.89,
SYN-01214,2025-02-08,2023-05-20,,0,Казань,Продажи,Команда 06,21,Ночная,78.29,23.56,1,0,93.05,85.88,91.46,4.55,82.73,0,6.27,
SYN-01215,2025-12-14,2021-10-06,,0,Казань,Удержание,Команда 11,51,Дневная,75.99,24.91,3,2,83.68,83.0,89.5,4.56,50.81,0,8.16,
SYN-01216,2025-08-02,2025-07-03,,0,Москва,Продажи,Команда 08,1,Дневная,94.53,11.71,1,4,81.75,72.36,79.41,4.26,87.62,0,8.63,
SYN-01217,2024-10-10,2020-09-01,,0,Омск,Удержание,Команда 05,50,Смешанная,99.34,2.57,0,0,93.96,67.71,84.3,4.17,67.74,0,2.23,
SYN-01218,2024-11-06,2022-04-21,,0,Омск,Удержание,Команда 10,31,Дневная,91.83,19.71,1,0,93.62,75.82,78.0,4.8,63.07,0,9.65,
SYN-01219,2024-07-16,2023-06-22,,0,Казань,Поддержка,Команда 12,13,Дневная,104.49,12.94,0,0,90.67,69.16,82.37,4.07,86.57,0,7.93,
SYN-01220,2025-04-21,2025-02-20,,0,Казань,Продажи,Команда 03,2,Дневная,99.63,15.15,2,0,88.77,79.0,86.72,4.18,62.93,0,1.07,
SYN-01221,2024-03-15,2021-04-30,,0,Казань,Продажи,Команда 08,35,Дневная,100.51,10.99,0,0,92.4,81.84,88.25,4.27,76.49,0,17.84,
SYN-01222,2025-01-01,2021-09-19,,0,Москва,Поддержка,Команда 09,40,Дневная,85.41,30.14,1,0,93.52,84.1,74.37,4.35,77.73,0,3.58,
SYN-01223,2026-03-04,2021-12-25,,0,Омск,Продажи,Команда 02,51,Ночная,93.67,14.49,9,1,85.01,78.08,70.81,4.24,69.77,0,16.95,
SYN-01224,2024-06-16,2020-05-08,,0,Москва,Продажи,Команда 07,50,Смешанная,90.86,19.7,0,0,90.92,85.36,89.44,4.13,68.67,0,9.76,
SYN-01225,2024-11-18,2020-02-13,2024-12-21,1,Омск,Удержание,Команда 09,58,Дневная,82.04,4.87,7,1,82.09,92.75,82.32,4.95,79.93,0,8.91,Личные причины
SYN-01226,2025-06-21,2023-05-03,,0,Москва,Удержание,Команда 05,26,Смешанная,85.02,7.29,0,1,84.02,72.27,82.14,4.17,88.21,0,9.12,
SYN-01227,2024-11-08,2023-11-14,,0,Омск,Удержание,Команда 05,12,Ночная,88.36,13.27,5,0,78.29,80.97,90.1,4.6,60.64,0,3.23,
SYN-01228,2024-07-16,2021-06-02,,0,Казань,Продажи,Команда 01,38,Смешанная,62.46,13.87,0,0,94.99,89.27,82.41,4.67,79.06,0,11.82,
SYN-01229,2025-08-10,2023-07-22,,0,Омск,Поддержка,Команда 04,25,Дневная,93.58,16.27,3,0,89.44,79.03,82.92,4.8,78.81,0,3.13,
SYN-01230,2024-06-17,2024-03-19,,0,Казань,Поддержка,Команда 03,3,Дневная,102.62,23.46,0,0,91.07,98.45,93.03,4.43,60.42,0,2.87,
SYN-01231,2026-03-02,2021-09-24,,0,Казань,Удержание,Команда 10,54,Дневная,72.76,9.36,0,0,96.63,73.38,86.56,4.21,70.22,0,10.89,
SYN-01232,2024-04-18,2021-05-04,,0,Омск,Поддержка,Команда 01,36,Дневная,75.57,17.53,0,0,90.1,88.34,80.88,4.07,54.97,0,7.81,
SYN-01233,2024-07-10,2021-04-27,,0,Омск,Поддержка,Команда 05,39,Смешанная,74.01,0,2,0,96.58,75.12,86.86,3.73,64.61,0,11.54,
SYN-01234,2025-02-05,2024-06-10,,0,Омск,Продажи,Команда 06,8,Смешанная,100.78,7.37,4,1,85.54,92.53,78.29,4.02,68.73,0,7.67,
SYN-01235,2024-01-16,2020-04-06,,0,Омск,Поддержка,Команда 02,46,Ночная,98.61,4.51,3,1,90.56,95.07,88.04,4.41,93.81,0,9.82,
SYN-01236,2024-12-07,2020-07-01,,0,Казань,Продажи,Команда 04,54,Дневная,90.91,13.73,0,2,92.6,82.96,87.42,4.19,74.22,0,5.36,
SYN-01237,2025-05-20,2025-02-19,,0,Казань,Продажи,Команда 06,3,Дневная,85.19,27.91,0,0,100,80.44,75.75,4.11,66.05,1,0,
SYN-01238,2024-04-19,2021-11-01,,0,Москва,Продажи,Команда 07,30,Дневная,86.88,14.42,0,0,92.65,69.04,80.71,4.35,71.29,0,9.32,
SYN-01239,2026-02-08,2024-07-18,,0,Казань,Удержание,Команда 05,19,Ночная,89.91,4.66,2,2,86.32,92.68,79.04,3.69,75.48,0,5.8,
SYN-01240,2026-01-19,2022-01-10,2026-01-27,1,Омск,Удержание,Команда 09,49,Дневная,80.8,7.2,3,4,83.46,75.42,80.24,5,66.39,0,8.93,Личные причины
SYN-01241,2024-04-01,2021-05-17,,0,Казань,Удержание,Команда 03,35,Дневная,93.56,22.36,8,2,81.83,82.83,76.63,4.16,50.4,0,6.74,
SYN-01242,2025-09-09,2022-09-25,,0,Казань,Поддержка,Команда 03,36,Смешанная,78.95,0,4,3,87.32,88.74,83.24,4.24,82.31,0,7.08,
SYN-01243,2026-03-01,2021-11-22,,0,Казань,Поддержка,Команда 01,52,Дневная,68.76,0,2,1,86.76,82.04,87.74,4.56,68.39,1,6.82,
SYN-01244,2025-06-17,2022-01-04,,0,Москва,Продажи,Команда 05,42,Смешанная,99.8,11.06,5,0,91.92,84.97,79.94,4.49,59.55,0,2.73,
SYN-01245,2024-05-07,2020-12-24,,0,Казань,Удержание,Команда 07,41,Смешанная,98.54,0,1,1,94.04,95.9,86.91,3.97,66.81,0,5.07,
SYN-01246,2025-12-02,2024-12-07,,0,Омск,Удержание,Команда 02,12,Смешанная,100.82,0.6,0,2,91.02,88.05,78.15,4.75,75.96,0,2.29,
SYN-01247,2026-01-05,2024-06-14,,0,Москва,Удержание,Команда 02,19,Дневная,69.62,2.86,5,3,92.01,83.52,97.56,4.34,72.8,0,4.45,
SYN-01248,2024-07-03,2021-10-17,,0,Москва,Удержание,Команда 09,33,Смешанная,87.41,0,1,2,88.66,70.01,99.43,4.41,65.19,0,6.68,
SYN-01249,2024-09-06,2020-12-26,,0,Омск,Удержание,Команда 02,45,Смешанная,89.94,14.38,0,0,92.69,75.79,82.88,4.54,67.7,0,5.72,
SYN-01250,2026-03-18,2023-01-03,,0,Омск,Удержание,Команда 03,39,Дневная,86.13,9.05,0,0,93.53,92.72,89.77,3.61,71.65,0,7.88,
SYN-01251,2024-05-03,2021-10-16,,0,Москва,Продажи,Команда 09,31,Дневная,99.14,11.0,4,0,92.93,87.43,92.11,4.43,67.84,0,4.97,
SYN-01252,2024-04-07,2022-02-17,,0,Казань,Поддержка,Команда 05,26,Ночная,94.41,0,2,3,86.88,73.98,61.52,3.62,81.78,0,1.94,
SYN-01253,2025-05-20,2020-06-15,,0,Москва,Удержание,Команда 08,60,Дневная,99.45,18.86,2,0,92.67,75.43,70.0,4.24,56.89,0,4.36,
SYN-01254,2025-07-20,2021-02-11,,0,Омск,Удержание,Команда 05,54,Дневная,78.3,10.72,0,0,96.32,82.19,89.71,4.39,66.83,0,5.37,
SYN-01255,2026-02-02,2022-06-23,2026-03-10,1,Москва,Продажи,Команда 04,44,Дневная,83.76,4.91,1,2,90.18,84.9,90.05,4.72,74.66,0,0,Личные причины
SYN-01256,2025-12-11,2023-02-25,2026-01-24,1,Казань,Поддержка,Команда 05,34,Смешанная,78.64,6.66,1,4,89.33,79.11,76.92,3.94,85.99,0,11.77,Смена графика
SYN-01257,2026-01-12,2025-09-14,,0,Москва,Удержание,Команда 09,4,Дневная,89.6,14.95,1,4,92.51,94.84,79.79,4.69,68.44,0,5.96,
SYN-01258,2026-02-12,2023-03-30,,0,Казань,Продажи,Команда 12,35,Смешанная,107.59,14.57,0,0,91.44,82.53,93.46,4.41,55.47,0,6.6,
SYN-01259,2025-01-21,2022-03-08,,0,Омск,Продажи,Команда 01,35,Смешанная,87.92,10.57,1,2,93.23,77.58,84.01,4.68,67.71,0,4.53,
SYN-01260,2025-05-04,2021-02-24,2025-06-09,1,Москва,Поддержка,Команда 01,51,Дневная,107.8,15.64,1,0,100,84.55,85.59,4.34,69.15,0,8.62,Смена графика
SYN-01261,2024-11-18,2023-06-27,,0,Москва,Поддержка,Команда 10,17,Дневная,80.02,17.38,1,0,92.8,81.86,86.79,4.17,73.56,0,5.91,
SYN-01262,2024-09-06,2020-06-29,,0,Казань,Удержание,Команда 05,51,Смешанная,97.1,23.64,2,0,89.61,72.53,90.47,4.77,57.94,0,14.78,
SYN-01263,2025-03-02,2023-01-12,,0,Омск,Поддержка,Команда 11,26,Ночная,94.97,8.83,2,0,88.27,78.04,74.53,4.22,71.4,0,5.19,
SYN-01264,2024-11-07,2023-10-14,2024-12-01,1,Омск,Поддержка,Команда 07,13,Дневная,91.08,15.13,2,2,87.1,76.99,74.12,3.89,80.3,0,8.18,Смена графика
SYN-01265,2025-10-07,2022-11-22,,0,Москва,Продажи,Команда 08,35,Дневная,80.22,10.31,5,0,88.17,73.62,80.55,3.7,63.25,0,10.48,
SYN-01266,2024-12-04,2020-03-30,,0,Омск,Удержание,Команда 04,57,Дневная,79.05,19.73,0,1,88.11,87.82,89.55,4.42,77.16,0,12.59,
SYN-01267,2024-09-13,2021-10-29,2024-10-15,1,Омск,Продажи,Команда 11,35,Смешанная,97.4,10.26,0,0,100,83.53,97.25,4.35,86.82,0,8.16,Личные причины
SYN-01268,2024-11-08,2021-12-24,,0,Москва,Удержание,Команда 02,35,Дневная,92.25,4.59,1,0,88.46,91.2,89.28,4.93,57.52,0,5.77,
SYN-01269,2025-03-11,2020-10-03,,0,Омск,Поддержка,Команда 11,54,Дневная,90.12,0.73,2,3,87.93,73.96,82.71,4.37,58.94,1,10.7,
SYN-01270,2024-08-02,2022-10-12,2024-10-04,1,Омск,Продажи,Команда 10,22,Дневная,114.69,9.33,0,2,89.36,76.66,88.4,4.12,57.99,1,5.14,Смена работодателя
SYN-01271,2025-03-21,2024-10-22,,0,Казань,Продажи,Команда 03,5,Дневная,84.08,5.01,2,6,85.58,77.48,91.98,3.91,59.15,0,7.79,
SYN-01272,2024-08-02,2020-06-24,,0,Омск,Продажи,Команда 09,50,Ночная,87.47,10.62,0,0,90.37,93.85,83.52,4.29,57.08,0,0,
SYN-01273,2024-08-06,2020-10-26,,0,Москва,Удержание,Команда 12,46,Смешанная,104.48,15.14,0,0,87.82,84.34,87.66,4.48,63.03,0,11.37,
SYN-01274,2024-02-13,2024-01-14,,0,Омск,Поддержка,Команда 04,1,Дневная,96.06,14.55,5,0,89.21,81.84,96.67,4.6,83.14,0,6.32,
SYN-01275,2025-09-14,2020-12-09,,0,Омск,Поддержка,Команда 11,58,Смешанная,97.74,11.63,8,0,82.09,85.86,80.41,5.0,47.8,0,9.82,
SYN-01276,2025-03-18,2022-11-29,,0,Москва,Удержание,Команда 12,28,Смешанная,56.61,15.19,4,0,90.26,72.01,83.97,4.95,70.54,0,13.31,
SYN-01277,2024-01-21,2021-02-05,,0,Омск,Удержание,Команда 10,36,Дневная,101.49,16.23,3,2,87.34,69.87,81.42,3.76,73.83,0,4.3,
SYN-01278,2025-12-07,2024-09-13,,0,Омск,Удержание,Команда 03,15,Смешанная,88.39,6.8,0,3,90.64,86.88,100,5,89.08,0,1.73,
SYN-01279,2025-03-06,2022-03-22,,0,Омск,Удержание,Команда 03,36,Дневная,76.79,20.62,2,1,94.15,97.18,83.11,3.94,63.57,0,7.03,
SYN-01280,2025-11-07,2022-09-24,,0,Омск,Продажи,Команда 11,38,Смешанная,105.89,24.54,0,0,97.37,79.57,79.22,3.92,66.42,0,7.23,
SYN-01281,2024-01-14,2020-05-04,,0,Казань,Поддержка,Команда 05,45,Дневная,90.63,0,3,0,98.42,50.9,81.63,4.08,36.29,1,7.13,
SYN-01282,2025-01-01,2021-06-21,,0,Казань,Поддержка,Команда 11,43,Дневная,95.2,11.8,2,3,92.64,70.45,76.02,4.7,77.92,0,11.46,
SYN-01283,2024-05-13,2023-01-19,,0,Москва,Удержание,Команда 06,16,Смешанная,76.66,15.9,2,6,83.01,88.23,84.33,4.8,65.67,0,3.09,
SYN-01284,2026-02-08,2024-01-20,,0,Омск,Продажи,Команда 09,25,Ночная,104.52,12.63,0,0,90.66,65.73,85.8,4.19,63.15,0,18.26,
SYN-01285,2025-08-21,2023-12-30,,0,Москва,Удержание,Команда 10,20,Смешанная,84.41,7.75,0,1,83.82,78.04,79.93,4.21,52.71,1,0,
SYN-01286,2024-07-06,2021-05-23,,0,Омск,Удержание,Команда 06,38,Дневная,68.93,7.82,1,2,95.29,69.18,83.76,4.5,56.07,1,5.46,
SYN-01287,2025-12-13,2025-04-17,,0,Казань,Поддержка,Команда 04,8,Ночная,84.41,11.18,0,0,94.61,86.6,82.73,4.17,67.97,0,0,
SYN-01288,2024-01-17,2019-12-09,,0,Москва,Продажи,Команда 02,50,Дневная,97.59,12.17,5,3,87.02,83.16,74.69,4.98,63.92,0,5.9,
SYN-01289,2024-06-04,2020-09-23,,0,Казань,Поддержка,Команда 05,45,Дневная,82.84,8.09,2,3,89.33,72.65,82.6,4.18,63.33,0,8.88,
SYN-01290,2024-09-08,2021-08-25,,0,Казань,Продажи,Команда 10,37,Ночная,105.66,27.76,3,2,88.25,75.28,89.22,4.61,62.15,0,9.96,
SYN-01291,2025-07-09,2021-08-29,,0,Омск,Продажи,Команда 09,47,Дневная,86.4,0,0,2,86.66,81.12,83.44,4.57,71.61,1,5.21,
SYN-01292,2025-08-10,2024-12-13,,0,Казань,Продажи,Команда 07,8,Ночная,95.38,4.14,0,4,99.61,80.24,77.73,4.29,65.19,0,3.24,
SYN-01293,2025-03-18,2024-06-21,,0,Москва,Продажи,Команда 12,9,Дневная,84.66,6.54,0,1,92.35,82.23,84.19,4.58,74.96,0,15.35,
SYN-01294,2024-01-17,2021-03-03,,0,Омск,Продажи,Команда 09,35,Дневная,75.61,11.8,0,3,87.64,88.04,82.06,4.28,59.87,0,6.42,
SYN-01295,2024-04-07,2022-05-18,,0,Омск,Продажи,Команда 09,23,Дневная,86.08,13.12,14,3,67.68,79.57,74.57,4.78,73.63,1,12.67,
SYN-01296,2025-12-12,2025-01-16,,0,Москва,Продажи,Команда 04,11,Смешанная,70.64,10.38,1,4,87.15,91.4,85.48,4.13,50.15,0,5.75,
SYN-01297,2024-09-05,2023-07-13,,0,Омск,Поддержка,Команда 03,14,Дневная,74.31,16.62,3,1,89.89,90.25,87.85,4.77,60.98,0,5.52,
SYN-01298,2025-08-12,2024-09-16,,0,Омск,Продажи,Команда 07,11,Дневная,92.01,8.74,0,1,90.56,94.6,88.43,4.37,71.51,0,9.91,
SYN-01299,2025-04-12,2022-07-27,2025-04-30,1,Казань,Поддержка,Команда 04,33,Смешанная,97.38,20.85,7,2,81.74,82.08,74.22,4.11,45.25,0,9.76,Низкая вовлечённость
SYN-01300,2024-09-16,2024-02-19,2024-10-12,1,Казань,Удержание,Команда 10,7,Смешанная,97.54,5.27,5,0,83.35,99.55,86.59,4.28,56.11,0,2.31,Смена работодателя
SYN-01301,2025-03-21,2022-10-03,,0,Москва,Продажи,Команда 05,30,Дневная,104.55,3.74,1,2,87.52,92.05,72.42,3.76,59.99,0,6.94,
SYN-01302,2025-10-21,2024-05-29,,0,Москва,Продажи,Команда 07,17,Дневная,83.09,8.86,1,0,93.47,87.8,100,4.78,62.25,1,0,
SYN-01303,2025-01-12,2024-10-14,,0,Москва,Продажи,Команда 05,3,Дневная,95.53,7.33,3,1,96.28,74.92,75.86,4.15,83.82,0,4.82,
SYN-01304,2025-06-16,2022-01-03,2025-09-04,1,Омск,Поддержка,Команда 09,42,Смешанная,135,26.14,2,0,86.12,74.99,80.09,4.33,54.26,0,2.15,Низкая вовлечённость
SYN-01305,2026-03-06,2023-04-21,,0,Москва,Поддержка,Команда 10,35,Дневная,74.41,14.5,2,1,95.87,84.3,90.51,3.94,66.93,0,12.99,
SYN-01306,2025-01-11,2024-09-13,,0,Омск,Удержание,Команда 10,4,Дневная,83.83,12.29,0,0,91.7,85.43,83.64,4.19,72.32,0,8.35,
SYN-01307,2025-10-17,2023-09-28,,0,Казань,Продажи,Команда 10,25,Дневная,98.52,13.24,5,1,89.83,93.34,81.38,4.53,44.17,1,12.48,
SYN-01308,2024-08-09,2022-06-21,2024-10-12,1,Москва,Поддержка,Команда 08,26,Дневная,95.89,2.47,5,2,87.01,80.25,82.6,4.73,75.77,0,5.07,Смена работодателя
SYN-01309,2024-05-08,2021-12-20,2024-07-15,1,Омск,Удержание,Команда 07,29,Дневная,85.55,5.23,3,4,92.51,81.84,96.36,4.33,46.57,0,3.85,Низкая вовлечённость
SYN-01310,2024-03-08,2019-06-03,2024-04-13,1,Москва,Поддержка,Команда 09,58,Дневная,74.65,1.1,0,0,92.52,77.12,81.08,4.23,57.12,0,4.11,Смена графика
SYN-01311,2025-03-20,2022-10-02,,0,Казань,Поддержка,Команда 04,30,Дневная,119.98,2.96,1,3,88.65,70.93,85.65,4.17,99.25,0,0,
SYN-01312,2025-12-04,2025-05-08,2026-02-11,1,Казань,Продажи,Команда 10,7,Смешанная,108.53,21.73,1,3,91.12,87.69,81.82,4.42,64.63,0,14.39,Личные причины
SYN-01313,2024-09-03,2020-06-26,,0,Омск,Удержание,Команда 09,51,Дневная,80.02,8.38,4,0,86.33,89.77,95.97,4.32,79.47,0,9.65,
SYN-01314,2025-04-16,2021-01-07,,0,Москва,Поддержка,Команда 09,52,Дневная,89.98,4.58,2,8,86.65,75.15,78.04,3.8,68.6,0,8.05,
SYN-01315,2024-08-19,2022-11-28,2024-09-12,1,Омск,Продажи,Команда 11,21,Дневная,87.64,0,3,2,81.5,68.62,83.98,4.47,70.08,0,7.13,Смена работодателя
SYN-01316,2025-12-13,2021-01-08,,0,Москва,Удержание,Команда 07,60,Ночная,91.87,17.59,1,0,92.79,91.21,94.62,4.39,80.69,0,0.62,
SYN-01317,2024-01-04,2023-10-06,,0,Казань,Продажи,Команда 04,3,Смешанная,64.53,1.84,2,5,85.68,75.39,94.85,4.14,79.95,1,8.41,
SYN-01318,2025-04-19,2023-03-31,,0,Казань,Продажи,Команда 08,25,Дневная,102.69,9.04,0,0,95.73,86.32,86.57,4.6,55.41,0,8.89,
SYN-01319,2024-07-15,2021-01-02,,0,Москва,Удержание,Команда 11,43,Дневная,103.76,5.68,9,2,80.45,85.56,94.18,4.76,68.0,1,11.2,
SYN-01320,2024-02-13,2022-08-22,,0,Казань,Продажи,Команда 08,18,Смешанная,80.51,4.11,2,1,95.68,81.9,93.56,4.62,81.99,0,9.6,
SYN-01321,2024-10-20,2021-05-09,,0,Омск,Продажи,Команда 05,42,Дневная,82.27,22.41,5,0,83.79,95.44,86.54,4.34,72.01,0,0,
SYN-01322,2025-08-05,2022-11-19,,0,Казань,Поддержка,Команда 10,33,Дневная,56.72,22.8,5,0,84.02,76.11,90.87,4.89,48.17,0,11.93,
SYN-01323,2024-06-14,2021-01-01,,0,Омск,Продажи,Команда 07,42,Дневная,93.06,15.58,0,2,93.23,84.02,94.05,4.3,59.58,1,2.99,
SYN-01324,2024-04-13,2022-07-23,,0,Омск,Продажи,Команда 12,21,Дневная,92.32,0,9,1,74.53,78.37,79.3,5,76.56,0,9.03,
SYN-01325,2026-01-13,2021-03-10,,0,Москва,Поддержка,Команда 01,59,Дневная,101.42,21.77,0,2,98.38,76.23,89.36,4.69,38.7,0,7.11,
SYN-01326,2024-06-04,2020-09-23,,0,Москва,Продажи,Команда 11,45,Дневная,75.71,4.84,1,3,91.87,82.43,83.84,4.84,62.73,0,0.72,
SYN-01327,2025-09-17,2021-11-07,,0,Омск,Удержание,Команда 10,47,Смешанная,96.19,8.18,5,0,92.62,87.17,97.34,4.74,74.91,1,8.28,
SYN-01328,2025-12-13,2021-08-06,,0,Казань,Поддержка,Команда 05,53,Смешанная,64.36,7.48,4,2,95.25,84.44,92.07,4.65,82.3,0,7.9,
SYN-01329,2024-08-18,2021-11-02,,0,Москва,Продажи,Команда 10,34,Ночная,70.29,14.36,0,1,90.14,85.45,92.79,4.62,61.47,0,0,
SYN-01330,2024-01-05,2023-11-06,,0,Казань,Продажи,Команда 12,2,Смешанная,64.79,26.98,5,1,82.6,63.36,73.68,4.15,46.76,0,16.86,
SYN-01331,2025-02-13,2022-07-29,,0,Омск,Продажи,Команда 07,31,Ночная,106.08,12.22,0,0,95.39,75.69,92.11,4.11,69.84,0,14.18,
SYN-01332,2026-03-07,2025-10-08,,0,Москва,Продажи,Команда 03,5,Ночная,115.02,24.88,1,0,89.55,71.97,82.12,4.52,74.93,0,0,
SYN-01333,2024-05-18,2022-09-26,,0,Омск,Поддержка,Команда 08,20,Дневная,67.84,16.6,1,5,89.63,70.87,93.28,3.89,72.64,0,14.91,
SYN-01334,2026-02-02,2023-08-17,,0,Омск,Продажи,Команда 04,30,Смешанная,84.39,3.85,0,4,92.81,83.68,86.98,4.23,69.29,0,4.06,
SYN-01335,2025-07-16,2023-08-26,,0,Омск,Удержание,Команда 02,23,Дневная,86.44,17.14,1,1,87.68,61.24,77.31,4.8,51.35,1,3.52,
SYN-01336,2026-02-01,2023-12-14,2026-03-11,1,Москва,Продажи,Команда 07,26,Дневная,101.71,7.36,5,2,82.79,86.54,93.03,3.86,65.76,0,10.87,Смена графика
SYN-01337,2025-04-15,2022-10-28,,0,Омск,Удержание,Команда 09,30,Дневная,89.85,17.0,1,0,84.68,60.7,81.31,3.86,65.16,0,6.01,
SYN-01338,2024-04-06,2019-07-02,,0,Москва,Удержание,Команда 08,58,Дневная,72.66,0,0,3,90.75,93.51,79.6,3.8,59.82,0,6.98,
SYN-01339,2024-03-14,2023-07-18,,0,Казань,Поддержка,Команда 08,8,Дневная,79.26,2.49,6,0,84.51,88.05,87.21,4.28,68.27,0,0.14,
SYN-01340,2025-02-19,2021-01-11,2025-04-11,1,Москва,Продажи,Команда 11,50,Смешанная,91.48,15.49,0,3,88.14,77.18,94.4,4.41,45.74,0,7.22,Низкая вовлечённость
SYN-01341,2024-07-15,2023-08-20,,0,Казань,Поддержка,Команда 09,11,Смешанная,66.98,14.64,1,0,90.68,98.82,73.87,5,61.54,1,14.49,
SYN-01342,2026-03-08,2021-06-02,,0,Омск,Продажи,Команда 09,58,Дневная,71.87,18.48,1,0,94.48,69.79,78.18,4.78,65.14,0,0,
SYN-01343,2024-08-14,2020-09-04,,0,Омск,Поддержка,Команда 11,48,Дневная,63.52,13.93,4,2,86.51,58.63,65.96,4.75,57.43,0,4.63,
SYN-01344,2024-05-17,2023-02-22,,0,Казань,Поддержка,Команда 07,15,Дневная,77.92,9.66,1,1,95.35,87.15,85.62,4.35,97.52,0,7.67,
SYN-01345,2025-11-09,2024-04-18,,0,Омск,Удержание,Команда 09,19,Смешанная,61.95,3.65,0,0,90.37,74.57,79.96,4.42,34.82,1,12.32,
SYN-01346,2025-10-14,2022-02-02,,0,Казань,Продажи,Команда 10,45,Дневная,89.38,6.17,3,0,97.33,78.08,86.64,4.12,65.26,0,5.54,
SYN-01347,2025-04-09,2025-03-10,,0,Москва,Поддержка,Команда 08,1,Смешанная,81.87,0,0,1,100,80.73,78.42,4.43,74.88,0,9.96,
SYN-01348,2025-04-03,2021-09-21,,0,Казань,Продажи,Команда 01,43,Дневная,94.43,3.83,4,2,92.11,55.27,95.84,4.03,71.19,0,1.54,
SYN-01349,2025-08-10,2023-12-19,,0,Омск,Удержание,Команда 08,20,Дневная,91.31,6.43,7,0,82.63,91.15,88.01,3.93,58.23,0,11.06,
SYN-01350,2026-03-16,2025-10-17,,0,Омск,Продажи,Команда 01,5,Смешанная,111.64,14.71,0,0,91.56,72.52,91.41,4.7,78.6,0,2.52,
SYN-01351,2024-07-12,2021-12-25,,0,Москва,Удержание,Команда 07,31,Дневная,83.85,18.92,1,0,95.71,75.49,76.91,5,64.33,0,5.91,
SYN-01352,2024-05-12,2023-08-16,,0,Москва,Удержание,Команда 10,9,Ночная,52.72,0.74,0,1,92.09,84.63,79.73,3.82,62.4,0,4.16,
SYN-01353,2025-04-18,2022-10-31,,0,Казань,Удержание,Команда 05,30,Дневная,110.07,15.91,3,0,89.38,69.29,84.46,4.35,62.38,0,7.62,
SYN-01354,2025-08-03,2025-02-04,,0,Москва,Продажи,Команда 04,6,Дневная,87.85,0,0,1,87.8,84.73,83.46,4.57,72.59,0,7.98,
SYN-01355,2025-11-04,2023-10-16,2025-12-20,1,Москва,Поддержка,Команда 11,25,Ночная,93.98,21.34,0,6,89.45,96.89,82.43,4.32,48.38,1,3.77,Низкая вовлечённость
SYN-01356,2025-07-16,2022-06-02,,0,Казань,Удержание,Команда 12,38,Дневная,95.62,6.52,2,0,90.79,92.45,80.97,3.7,75.7,0,2.33,
SYN-01357,2024-04-02,2020-06-22,,0,Москва,Удержание,Команда 12,46,Дневная,78.92,15.07,0,0,91.34,67.66,79.28,4.19,60.6,0,8.17,
SYN-01358,2026-01-21,2024-09-28,,0,Москва,Продажи,Команда 03,16,Дневная,104.05,0,2,2,89.85,77.37,87.91,4.6,75.59,0,1.72,
SYN-01359,2024-03-11,2020-12-27,2024-05-09,1,Омск,Удержание,Команда 01,39,Ночная,76.51,16.25,2,3,90.37,77.35,91.19,4.53,77.98,1,0,Смена работодателя
SYN-01360,2024-02-04,2023-04-10,,0,Омск,Продажи,Команда 09,10,Дневная,91.55,10.92,5,3,81.38,89.89,76.38,4.06,58.65,1,8.4,
SYN-01361,2025-12-05,2023-11-16,,0,Омск,Продажи,Команда 02,25,Смешанная,88.47,5.85,1,0,88.25,75.37,89.13,3.91,68.82,0,6.01,
SYN-01362,2025-12-02,2023-03-18,,0,Москва,Поддержка,Команда 04,33,Ночная,79.64,6.86,1,5,87.59,75.89,84.95,3.52,86.62,0,8.29,
SYN-01363,2025-01-19,2023-12-26,,0,Москва,Удержание,Команда 02,13,Смешанная,84.96,8.5,0,0,86.75,81.72,95.95,4.41,72.38,0,4.65,
SYN-01364,2024-02-03,2023-04-09,,0,Омск,Продажи,Команда 05,10,Дневная,92.76,14.31,1,2,91.79,70.63,94.57,4.59,60.55,0,3.34,
SYN-01365,2024-01-13,2021-11-24,,0,Казань,Продажи,Команда 11,26,Смешанная,109.8,4.02,9,0,74.56,66.01,79.92,4.42,76.71,0,6.23,
SYN-01366,2024-01-16,2021-01-01,,0,Москва,Удержание,Команда 01,37,Ночная,67.08,27.93,0,0,96.09,77.29,93.2,4.36,54.91,0,11.14,
SYN-01367,2025-04-20,2022-10-03,2025-06-05,1,Москва,Поддержка,Команда 02,31,Смешанная,90.59,18.47,4,0,87.84,72.51,83.2,3.67,77.56,0,7.41,Смена работодателя
SYN-01368,2024-07-11,2024-06-11,2024-07-22,1,Москва,Удержание,Команда 01,1,Ночная,81.69,14.35,1,0,93.94,79.41,86.91,4.55,72.86,0,9.25,Личные причины
SYN-01369,2026-03-04,2024-07-12,,0,Казань,Поддержка,Команда 11,20,Дневная,92.28,17.16,0,3,100,89.04,72.36,4.4,77.65,0,13.89,
SYN-01370,2025-02-06,2021-04-28,,0,Казань,Удержание,Команда 07,46,Ночная,100.66,6.67,0,0,93.33,96.07,76.15,4.16,71.54,0,1.04,
SYN-01371,2026-02-10,2023-04-27,,0,Омск,Удержание,Команда 01,34,Дневная,89.54,15.59,5,2,81.27,89.83,86.38,4.02,51.75,0,6.02,
SYN-01372,2025-06-15,2021-05-07,,0,Москва,Удержание,Команда 11,50,Дневная,96.3,15.25,2,1,90.18,65.32,60.42,4.19,75.98,0,9.69,
SYN-01373,2025-02-19,2020-05-16,,0,Москва,Продажи,Команда 06,58,Дневная,84.87,16.38,3,0,96.19,93.27,90.36,4.74,62.67,1,13.64,
SYN-01374,2024-10-18,2022-06-01,,0,Москва,Удержание,Команда 12,29,Смешанная,100.33,0,4,7,90.68,86.37,82.25,4.4,45.64,0,8.44,
SYN-01375,2026-03-03,2022-08-21,,0,Омск,Продажи,Команда 01,43,Ночная,84.48,19.94,4,0,91.16,85.58,82.43,4.0,100,0,10.51,
SYN-01376,2025-01-20,2022-05-06,,0,Казань,Удержание,Команда 06,33,Ночная,78.2,6.71,2,0,90.5,79.48,79.33,4.58,93.6,0,5.92,
SYN-01377,2024-08-16,2022-01-29,,0,Омск,Поддержка,Команда 04,31,Смешанная,116.09,16.93,1,6,92.8,90.86,90.55,4.28,63.66,0,11.76,
SYN-01378,2024-05-20,2022-10-28,,0,Омск,Удержание,Команда 04,19,Дневная,94.81,2.85,1,2,90.51,81.07,73.16,4.11,58.02,0,0,
SYN-01379,2025-06-10,2020-10-04,2025-09-03,1,Москва,Удержание,Команда 12,57,Смешанная,84.25,23.76,1,0,96.87,92.54,83.94,3.76,51.7,0,9.56,Низкая вовлечённость
SYN-01380,2025-06-05,2025-04-06,2025-08-05,1,Москва,Продажи,Команда 06,2,Смешанная,101.28,16.24,2,0,89.98,88.2,85.27,4.53,71.12,0,13.16,Смена графика
SYN-01381,2024-11-20,2023-10-27,,0,Казань,Продажи,Команда 01,13,Ночная,110.9,25.67,2,0,86.48,80.35,77.14,3.9,88.34,0,12.65,
SYN-01382,2026-02-02,2021-10-26,,0,Омск,Продажи,Команда 04,52,Дневная,80.67,12.77,1,0,88.87,72.68,92.1,4.27,79.36,1,0,
SYN-01383,2025-10-12,2024-04-20,,0,Казань,Поддержка,Команда 05,18,Ночная,81.0,4.26,0,0,90.03,84.2,83.39,4.37,83.27,0,12.08,
SYN-01384,2025-07-21,2022-08-06,,0,Казань,Продажи,Команда 01,36,Смешанная,101.86,2.6,0,2,98.25,92.71,76.71,4.31,46.82,0,0.99,
SYN-01385,2025-04-10,2024-06-14,,0,Москва,Поддержка,Команда 04,10,Смешанная,90.59,11.42,0,0,87.51,77.83,82.67,4.13,78.71,0,4.73,
SYN-01386,2024-06-21,2020-06-12,,0,Казань,Поддержка,Команда 08,49,Дневная,80.31,6.29,1,1,96.7,76.19,81.39,3.76,67.31,0,13.75,
SYN-01387,2024-05-20,2023-04-26,,0,Омск,Поддержка,Команда 10,13,Ночная,87.47,20.96,2,0,90.83,86.37,89.83,4.25,45.21,0,8.32,
SYN-01388,2026-02-15,2023-03-03,,0,Казань,Удержание,Команда 06,36,Смешанная,96.15,0.93,2,0,91.09,86.81,80.1,3.28,78.56,0,7.0,
SYN-01389,2025-01-02,2021-04-23,,0,Москва,Продажи,Команда 07,45,Смешанная,100.54,5.23,7,0,90.35,70.86,95.68,4.19,53.77,0,4.42,
SYN-01390,2024-08-21,2023-08-27,,0,Омск,Удержание,Команда 10,12,Смешанная,77.13,16.48,1,0,90.58,95.75,93.37,3.77,74.77,0,7.65,
SYN-01391,2024-05-18,2021-10-01,,0,Омск,Продажи,Команда 09,32,Дневная,91.0,0,1,1,81.92,64.04,97.56,3.64,73.17,0,10.97,
SYN-01392,2025-08-16,2025-07-17,,0,Омск,Поддержка,Команда 09,1,Дневная,111.66,19.96,4,0,88.7,79.52,81.61,4.54,72.62,0,3.79,
SYN-01393,2025-04-05,2021-02-25,,0,Казань,Поддержка,Команда 08,50,Дневная,68.23,3.63,3,1,90.71,63.59,86.4,4.44,62.6,0,9.8,
SYN-01394,2026-03-07,2022-08-25,,0,Казань,Продажи,Команда 08,43,Дневная,107.19,19.3,1,2,92.58,85.18,91.68,4.6,56.66,0,0,
SYN-01395,2024-02-11,2021-04-27,,0,Москва,Удержание,Команда 10,34,Дневная,80.7,1.12,0,0,93.98,80.28,82.17,4.21,85.09,0,1.7,
SYN-01396,2024-09-11,2020-11-01,,0,Казань,Удержание,Команда 06,47,Ночная,107.51,21.9,1,1,92.29,94.61,84.68,4.55,78.44,0,10.73,
SYN-01397,2024-12-07,2024-09-08,,0,Москва,Продажи,Команда 12,3,Смешанная,72.5,24.45,0,0,89.03,77.24,80.97,4.2,56.96,0,0.24,
SYN-01398,2024-06-06,2024-02-07,2024-08-11,1,Казань,Удержание,Команда 10,4,Дневная,79.47,1.03,2,0,91.33,67.48,82.82,4.34,100,0,7.46,Смена графика
SYN-01399,2024-02-01,2022-02-11,2024-04-13,1,Москва,Продажи,Команда 07,24,Ночная,84.75,15.37,0,3,94.02,76.43,91.37,4.48,75.91,0,0,Личные причины
SYN-01400,2025-04-09,2021-05-30,,0,Казань,Поддержка,Команда 01,47,Ночная,89.1,19.97,2,1,88.22,79.58,90.89,4.3,94.72,1,4.87,
SYN-01401,2024-06-14,2021-12-27,2024-09-09,1,Казань,Продажи,Команда 03,30,Дневная,84.83,15.3,2,2,86.28,86.1,90.32,3.72,61.72,0,9.33,Смена графика
SYN-01402,2024-03-12,2019-09-05,2024-04-05,1,Москва,Поддержка,Команда 05,55,Дневная,106.13,23.32,5,1,89.42,76.74,71.93,4.01,64.88,0,2.28,Смена графика
SYN-01403,2025-01-07,2023-08-16,,0,Москва,Поддержка,Команда 10,17,Смешанная,87.37,8.8,1,0,96.53,74.22,98.58,3.94,55.67,1,8.64,
SYN-01404,2024-04-06,2023-12-08,2024-07-04,1,Москва,Удержание,Команда 03,4,Дневная,79.21,5.89,0,5,85.46,84.58,69.63,3.84,89.03,0,12.49,Несоответствие требованиям
SYN-01405,2024-01-03,2023-04-08,,0,Казань,Продажи,Команда 09,9,Ночная,121.87,13.01,0,2,88.02,88.76,86.68,4.58,79.01,0,12.45,
SYN-01406,2025-11-16,2023-03-02,,0,Омск,Удержание,Команда 09,33,Дневная,94.43,2.76,1,0,88.66,75.42,85.89,4.18,100,0,9.37,
SYN-01407,2024-11-06,2021-05-26,,0,Москва,Продажи,Команда 03,42,Смешанная,103.46,6.34,8,1,85.82,89.95,91.39,5,79.25,0,8.09,
SYN-01408,2025-06-02,2024-06-07,2025-06-12,1,Омск,Продажи,Команда 08,12,Дневная,94.33,10.93,10,1,77.27,71.16,84.1,4.91,56.77,0,5.52,Личные причины
SYN-01409,2024-03-11,2022-10-18,,0,Казань,Продажи,Команда 12,17,Дневная,94.46,19.84,3,2,86.13,92.26,81.8,4.25,60.59,0,4.46,
SYN-01410,2025-01-05,2021-07-25,,0,Омск,Продажи,Команда 06,42,Смешанная,80.31,15.18,11,0,74.18,69.04,88.77,4.36,52.47,0,10.03,
SYN-01411,2025-08-09,2025-04-11,,0,Москва,Поддержка,Команда 04,4,Дневная,119.61,22.85,0,5,87.88,81.09,91.6,4.69,69.44,0,0.25,
SYN-01412,2026-01-04,2021-10-27,,0,Омск,Продажи,Команда 06,51,Дневная,85.1,0,3,0,89.39,100,93.9,4.34,47.52,1,0,
SYN-01413,2024-10-08,2022-02-21,,0,Москва,Продажи,Команда 11,32,Дневная,89.21,0,10,0,79.11,75.43,79.4,4.87,57.33,0,4.55,
SYN-01414,2025-04-10,2023-03-22,,0,Омск,Продажи,Команда 02,25,Дневная,96.65,5.28,0,1,87.26,87.39,78.04,4.55,64.55,0,7.51,
SYN-01415,2025-04-14,2024-05-19,,0,Москва,Продажи,Команда 11,11,Дневная,74.09,12.78,1,1,95.89,85.04,84.12,4.51,80.86,0,6.57,
SYN-01416,2024-08-18,2023-01-26,,0,Омск,Удержание,Команда 07,19,Дневная,88.36,6.45,5,2,87.8,88.59,86.73,4.3,80.73,0,5.06,
SYN-01417,2024-05-04,2020-12-21,,0,Омск,Поддержка,Команда 08,41,Дневная,103.02,10.64,0,3,90.94,80.62,90.04,4.53,83.08,0,2.87,
SYN-01418,2024-03-05,2020-02-25,,0,Омск,Продажи,Команда 02,49,Ночная,101.62,21.75,2,3,87.51,61.42,70.55,4.09,86.93,0,14.81,
SYN-01419,2025-11-19,2021-05-14,2025-12-28,1,Омск,Поддержка,Команда 03,55,Смешанная,77.04,2.39,0,2,94.17,81.57,85.16,4.19,68.49,0,16.06,Личные причины
SYN-01420,2024-02-07,2024-01-08,,0,Казань,Поддержка,Команда 04,1,Смешанная,89.7,16.63,3,3,84.97,71.32,91.14,3.92,61.63,0,0,
SYN-01421,2025-11-07,2023-11-18,,0,Москва,Удержание,Команда 06,24,Дневная,73.62,1.8,8,1,81.4,95.2,87.63,4.75,65.3,0,11.85,
SYN-01422,2024-07-03,2023-03-11,,0,Омск,Поддержка,Команда 01,16,Дневная,76.35,0,0,1,83.24,89.82,94.43,4.02,73.48,0,6.01,
SYN-01423,2026-01-04,2022-02-24,,0,Москва,Продажи,Команда 05,47,Дневная,82.94,7.93,1,0,92.62,95.13,81.13,4.34,70.93,0,7.71,
SYN-01424,2025-03-03,2023-07-12,,0,Казань,Удержание,Команда 05,20,Дневная,72.42,13.78,0,1,93.65,68.57,95.92,4.52,69.56,0,2.32,
SYN-01425,2024-01-14,2019-05-10,,0,Москва,Продажи,Команда 07,57,Дневная,97.5,27.67,1,1,99.4,86.37,87.66,3.72,76.08,0,3.41,
SYN-01426,2025-11-07,2025-04-11,,0,Москва,Продажи,Команда 02,7,Смешанная,120.97,29.7,7,0,79.85,72.02,83.57,4.06,74.81,0,12.02,
SYN-01427,2026-02-13,2021-06-09,,0,Омск,Поддержка,Команда 05,57,Дневная,92.93,28.08,3,0,83.17,82.84,78.89,3.7,49.21,0,0,
SYN-01428,2025-08-02,2022-05-20,,0,Омск,Поддержка,Команда 11,39,Ночная,91.44,1.91,1,2,91.04,75.95,89.89,4.31,77.84,1,6.62,
SYN-01429,2026-01-20,2024-03-01,,0,Казань,Удержание,Команда 12,23,Смешанная,74.83,0,5,2,85.8,77.36,75.62,4.49,95.66,0,8.76,
SYN-01430,2025-01-16,2020-12-08,2025-02-03,1,Омск,Поддержка,Команда 12,50,Дневная,98.31,13.38,1,1,93.49,71.15,90.49,4.26,61.12,0,8.96,Личные причины
SYN-01431,2024-12-03,2020-06-27,,0,Казань,Поддержка,Команда 05,54,Смешанная,110.95,8.67,0,1,94.19,86.19,82.19,4.49,53.96,0,1.18,
SYN-01432,2026-01-19,2022-06-09,,0,Омск,Поддержка,Команда 03,44,Смешанная,78.15,6.07,2,0,93.53,74.77,91.49,3.99,77.02,0,10.76,
SYN-01433,2024-05-06,2024-03-07,,0,Москва,Удержание,Команда 09,2,Смешанная,88.96,4.28,2,1,94.86,81.15,81.84,4.4,75.75,0,6.97,
SYN-01434,2025-11-13,2021-09-05,,0,Казань,Удержание,Команда 12,51,Смешанная,111.63,16.5,3,0,89.33,88.53,82.29,4.45,61.06,1,5.61,
SYN-01435,2025-03-11,2023-12-17,2025-04-07,1,Омск,Продажи,Команда 12,15,Ночная,92.11,0,0,0,90.8,78.55,84.34,4.1,45.77,1,2.94,Низкая вовлечённость
SYN-01436,2024-02-08,2019-03-06,,0,Омск,Удержание,Команда 02,60,Смешанная,95.19,11.54,2,0,92.08,86.03,92.99,4.26,46.16,1,3.74,
SYN-01437,2024-01-05,2020-02-25,2024-03-29,1,Казань,Продажи,Команда 11,47,Ночная,70.29,14.68,0,1,96.0,74.62,91.26,3.96,52.29,0,4.73,Низкая вовлечённость
SYN-01438,2024-04-06,2023-11-08,,0,Казань,Удержание,Команда 05,5,Дневная,117.09,22.03,5,1,86.33,71.88,80.31,4.42,78.74,0,6.13,
SYN-01439,2025-04-01,2024-12-02,,0,Омск,Поддержка,Команда 04,4,Ночная,82.78,1.83,3,0,88.07,78.33,76.52,4.22,78.94,0,11.27,
SYN-01440,2024-08-08,2021-01-26,,0,Казань,Удержание,Команда 09,43,Дневная,64.86,18.02,0,1,91.64,86.64,76.99,4.08,83.37,0,10.66,
SYN-01441,2025-07-02,2021-04-24,,0,Москва,Поддержка,Команда 09,51,Смешанная,98.3,15.11,4,0,89.67,87.5,93.35,4.0,68.59,0,9.57,
SYN-01442,2025-12-06,2023-03-22,,0,Казань,Поддержка,Команда 10,33,Ночная,81.17,6.53,2,2,89.39,75.66,86.96,4.73,83.12,0,7.32,
SYN-01443,2026-03-08,2021-08-01,,0,Омск,Продажи,Команда 10,56,Ночная,118.57,23.42,4,0,88.02,74.28,70.08,4.98,71.51,0,14.28,
SYN-01444,2025-07-02,2022-03-20,,0,Омск,Удержание,Команда 12,40,Смешанная,57.21,0.97,0,1,90.44,81.66,84.68,4.02,36.13,0,5.94,
SYN-01445,2024-07-03,2020-04-25,,0,Москва,Продажи,Команда 05,51,Дневная,88.5,13.64,7,1,78.49,76.24,83.0,3.81,61.6,0,0.96,
SYN-01446,2024-12-04,2023-12-10,2025-02-18,1,Омск,Поддержка,Команда 12,12,Дневная,71.09,4.01,8,7,74.74,74.58,84.56,4.44,52.85,0,13.53,Низкая вовлечённость
SYN-01447,2026-02-11,2024-02-22,,0,Москва,Продажи,Команда 06,24,Ночная,106.27,8.0,0,2,94.97,86.08,82.25,4.19,84.35,0,3.79,
SYN-01448,2025-05-02,2024-11-03,2025-06-11,1,Омск,Продажи,Команда 09,6,Смешанная,79.24,15.65,2,0,97.48,73.28,71.21,3.91,75.45,0,7.95,Смена работодателя
SYN-01449,2025-02-14,2024-07-19,,0,Казань,Поддержка,Команда 10,7,Дневная,82.88,15.46,2,3,85.64,73.12,81.55,4.36,60.29,0,7.75,
SYN-01450,2024-10-11,2022-05-25,,0,Омск,Удержание,Команда 08,29,Смешанная,92.66,16.94,4,6,84.27,77.48,84.76,4.47,51.84,0,3.54,
SYN-01451,2025-05-12,2023-05-23,,0,Омск,Поддержка,Команда 09,24,Дневная,71.09,4.87,5,1,88.45,90.18,77.76,4.56,83.61,0,13.98,
SYN-01452,2025-05-21,2022-08-05,2025-06-05,1,Москва,Поддержка,Команда 12,34,Ночная,86.52,20.26,1,2,92.5,84.61,80.8,4.98,48.18,0,5.9,Низкая вовлечённость
SYN-01453,2024-04-17,2020-01-09,,0,Москва,Поддержка,Команда 09,52,Смешанная,101.64,28.36,1,0,90.15,79.63,80.26,4.33,87.25,0,6.42,
SYN-01454,2024-12-17,2020-07-11,,0,Москва,Продажи,Команда 07,54,Смешанная,110.42,18.78,4,2,84.38,84.81,81.8,4.32,79.48,0,14.61,
SYN-01455,2024-07-08,2022-04-20,,0,Казань,Удержание,Команда 10,27,Ночная,90.55,7.41,8,0,82.21,91.82,78.53,5,55.18,0,14.1,
SYN-01456,2025-11-08,2021-03-04,,0,Казань,Продажи,Команда 11,57,Дневная,82.73,13.14,1,1,88.9,93.93,89.42,4.76,80.93,1,4.24,
SYN-01457,2024-11-04,2020-08-27,,0,Казань,Поддержка,Команда 03,51,Дневная,70.22,20.14,0,4,85.5,76.7,89.36,4.4,55.87,0,4.7,
SYN-01458,2024-09-06,2024-04-09,,0,Москва,Продажи,Команда 04,5,Смешанная,100.07,6.68,0,0,87.34,92.1,88.37,4.37,51.17,0,7.9,
SYN-01459,2025-06-06,2021-11-24,,0,Москва,Продажи,Команда 10,43,Смешанная,84.98,0,0,1,93.27,78.02,95.5,5,62.44,0,5.84,
SYN-01460,2024-11-11,2022-02-25,,0,Москва,Поддержка,Команда 01,33,Смешанная,113.47,5.76,0,0,94.49,78.83,81.64,4.52,80.51,0,0,
SYN-01461,2025-06-10,2021-10-29,,0,Омск,Удержание,Команда 01,44,Дневная,80.93,10.49,0,3,92.78,61.86,100,4.02,64.27,0,4.94,
SYN-01462,2024-04-17,2021-06-02,2024-06-08,1,Москва,Поддержка,Команда 08,35,Дневная,82.96,15.69,5,0,89.99,78.98,81.56,3.57,32.01,1,6.48,Низкая вовлечённость
SYN-01463,2024-07-01,2021-06-17,,0,Казань,Удержание,Команда 04,37,Ночная,81.79,25.31,1,1,90.42,82.5,90.83,4.77,61.77,0,16.23,
SYN-01464,2024-03-17,2024-01-17,,0,Москва,Продажи,Команда 08,2,Смешанная,98.99,15.19,1,0,92.0,76.47,95.38,4.37,55.5,0,4.73,
SYN-01465,2024-12-18,2020-07-12,,0,Казань,Удержание,Команда 07,54,Дневная,71.12,17.31,9,1,83.84,84.89,78.2,3.81,48.45,0,7.13,
SYN-01466,2025-03-14,2023-05-24,,0,Омск,Продажи,Команда 01,22,Дневная,72.69,13.95,0,1,90.48,76.65,95.29,4.05,59.62,0,6.54,
SYN-01467,2025-05-02,2021-02-22,,0,Омск,Продажи,Команда 02,51,Дневная,75.1,17.57,1,1,91.82,66.87,78.28,4.51,59.56,0,5.5,
SYN-01468,2024-04-09,2021-10-22,2024-05-15,1,Москва,Удержание,Команда 12,30,Дневная,90.56,1.97,1,3,95.93,86.08,87.93,4.23,64.73,0,5.09,Личные причины
SYN-01469,2025-03-07,2025-01-06,2025-05-08,1,Омск,Продажи,Команда 12,2,Дневная,75.13,12.36,0,0,95.97,80.86,89.02,4.21,85.78,0,6.51,Личные причины
SYN-01470,2025-04-20,2022-06-05,,0,Казань,Поддержка,Команда 04,35,Дневная,83.65,12.03,2,4,88.96,87.76,97.85,4.2,63.18,1,6.0,
SYN-01471,2026-02-13,2024-08-22,,0,Москва,Поддержка,Команда 06,18,Дневная,67.15,7.04,2,0,89.89,71.95,96.3,4.31,65.2,0,7.13,
SYN-01472,2024-06-16,2023-01-23,,0,Москва,Удержание,Команда 07,17,Дневная,73.89,11.84,3,3,83.19,77.7,71.31,3.98,65.83,0,11.96,
SYN-01473,2025-07-14,2021-10-03,,0,Казань,Поддержка,Команда 09,46,Дневная,68.06,14.41,9,1,81.25,88.96,92.28,4.45,47.01,0,0,
SYN-01474,2024-12-08,2022-11-19,,0,Казань,Поддержка,Команда 02,25,Дневная,75.42,7.13,3,1,91.25,79.23,85.02,4.66,46.63,0,4.59,
SYN-01475,2026-03-14,2026-02-12,,0,Омск,Продажи,Команда 03,1,Дневная,95.8,1.54,0,0,94.27,88.45,83.89,3.81,77.58,0,13.54,
SYN-01476,2026-01-20,2021-11-12,2026-03-02,1,Омск,Удержание,Команда 06,51,Дневная,112.03,13.41,3,0,96.61,92.68,87.49,4.19,71.05,0,10.94,Смена графика
SYN-01477,2025-11-17,2025-04-21,,0,Казань,Удержание,Команда 09,7,Ночная,83.12,4.33,2,0,100,68.28,84.78,4.53,87.06,0,13.68,
SYN-01478,2025-05-07,2021-05-28,,0,Москва,Продажи,Команда 09,48,Ночная,101.7,13.12,5,1,89.45,97.53,87.33,4.8,51.28,1,3.72,
SYN-01479,2025-02-03,2021-01-25,2025-02-13,1,Казань,Поддержка,Команда 10,49,Дневная,113.25,30.98,6,12,79.15,98.8,85.31,4.15,77.62,0,12.33,Высокая нагрузка
SYN-01480,2026-01-15,2024-05-25,,0,Казань,Удержание,Команда 03,20,Смешанная,76.87,13.28,0,0,89.88,86.03,84.53,4.13,65.65,1,0.22,
SYN-01481,2024-01-06,2022-05-16,,0,Омск,Продажи,Команда 04,20,Ночная,110.11,17.0,1,3,90.11,75.0,97.16,4.36,73.11,0,7.29,
SYN-01482,2025-05-06,2024-05-11,,0,Казань,Удержание,Команда 12,12,Дневная,75.96,12.92,1,1,87.69,89.57,76.26,4.06,54.25,0,2.69,
SYN-01483,2025-06-18,2024-12-20,,0,Казань,Удержание,Команда 12,6,Ночная,78.79,23.58,0,0,97.98,76.54,71.81,3.99,64.82,0,13.32,
SYN-01484,2024-06-09,2024-03-11,,0,Москва,Продажи,Команда 03,3,Дневная,74.75,5.61,13,3,73.6,67.55,97.09,4.58,50.15,0,8.43,
SYN-01485,2025-12-20,2025-04-24,,0,Омск,Продажи,Команда 05,8,Дневная,97.93,15.18,11,0,85.6,87.44,76.66,4.6,78.04,1,5.33,
SYN-01486,2025-02-07,2020-11-30,,0,Омск,Удержание,Команда 01,51,Дневная,87.21,5.99,1,1,89.69,81.14,76.39,4.02,69.17,0,17.76,
SYN-01487,2026-02-03,2024-03-15,2026-04-15,1,Омск,Удержание,Команда 06,23,Дневная,80.69,17.56,0,3,88.93,75.7,82.79,4.0,56.53,0,16.85,Личные причины
SYN-01488,2024-06-08,2020-01-01,,0,Казань,Поддержка,Команда 04,54,Дневная,81.86,8.95,2,0,90.53,74.18,93.69,4.11,92.31,0,0.63,
SYN-01489,2025-04-14,2020-10-07,,0,Казань,Продажи,Команда 06,55,Дневная,113.05,16.82,3,1,85.61,81.82,81.17,3.58,69.01,0,10.07,
SYN-01490,2024-01-13,2022-05-23,2024-03-20,1,Москва,Поддержка,Команда 02,20,Ночная,86.39,7.44,0,3,93.64,84.94,98.0,4.23,75.14,0,0,Смена работодателя
SYN-01491,2026-01-13,2023-07-28,,0,Казань,Поддержка,Команда 10,30,Ночная,83.57,13.7,0,1,88.8,87.25,69.95,3.82,58.21,0,0,
SYN-01492,2025-05-04,2020-07-29,,0,Казань,Продажи,Команда 02,58,Дневная,73.2,9.77,0,4,91.93,74.33,82.34,4.27,70.2,0,12.8,
SYN-01493,2026-02-06,2025-01-12,,0,Казань,Удержание,Команда 05,13,Смешанная,104.98,0,1,6,95.74,87.79,83.98,4.68,74.11,0,3.76,
SYN-01494,2024-04-03,2020-12-20,,0,Казань,Поддержка,Команда 07,40,Смешанная,71.18,15.56,6,0,91.24,62.25,81.37,4.58,49.36,0,12.28,
SYN-01495,2025-10-12,2025-07-14,,0,Казань,Поддержка,Команда 11,3,Ночная,91.9,4.54,0,0,86.8,93.72,91.94,4.33,52.19,0,6.83,
SYN-01496,2025-12-12,2022-09-29,,0,Москва,Удержание,Команда 01,39,Смешанная,87.3,17.24,0,0,95.9,87.47,93.51,3.93,71.67,0,14.58,
SYN-01497,2024-05-13,2021-06-28,,0,Омск,Поддержка,Команда 04,35,Ночная,57.46,10.86,1,3,91.0,96.71,94.7,4.57,73.76,0,11.94,
SYN-01498,2024-05-10,2022-02-20,,0,Омск,Поддержка,Команда 03,27,Дневная,112.14,12.77,0,0,99.01,76.33,83.43,4.92,92.85,0,7.17,
SYN-01499,2025-09-21,2024-11-25,,0,Омск,Удержание,Команда 06,10,Дневная,105.93,7.04,3,0,82.95,81.28,83.76,4.07,80.26,0,6.59,
SYN-01500,2024-01-17,2022-07-26,2024-01-31,1,Омск,Поддержка,Команда 11,18,Смешанная,73.17,20.21,2,3,85.23,89.61,77.87,4.35,61.18,0,9.33,Смена графика
SYN-01501,2025-08-10,2020-11-04,,0,Москва,Удержание,Команда 01,58,Дневная,78.64,10.73,1,2,89.43,99.45,85.16,4.45,85.57,0,3.98,
SYN-01502,2025-04-18,2022-04-04,,0,Казань,Поддержка,Команда 08,37,Ночная,85.81,0,2,4,85.09,70.25,79.01,4.19,71.45,0,12.17,
SYN-01503,2024-06-21,2022-12-29,,0,Омск,Удержание,Команда 10,18,Смешанная,88.14,6.02,0,0,99.58,75.32,81.26,4.47,79.68,0,12.72,
SYN-01504,2024-01-06,2023-12-07,,0,Омск,Удержание,Команда 03,1,Ночная,95.93,8.25,0,3,92.44,74.43,86.73,3.84,52.25,1,7.36,
SYN-01505,2024-01-07,2023-04-12,,0,Омск,Продажи,Команда 07,9,Смешанная,74.04,7.57,1,5,88.01,60.33,83.18,4.37,62.58,0,7.96,
SYN-01506,2024-05-08,2022-09-16,,0,Москва,Удержание,Команда 10,20,Дневная,78.25,8.12,1,2,83.07,83.3,76.28,4.39,73.41,0,7.03,
SYN-01507,2024-03-04,2021-10-16,,0,Омск,Продажи,Команда 02,29,Дневная,104.01,8.84,0,0,97.72,96.67,94.8,4.8,68.75,0,3.18,
SYN-01508,2025-03-19,2023-09-26,,0,Омск,Продажи,Команда 08,18,Ночная,94.75,12.27,2,1,88.45,95.52,83.26,4.36,77.42,0,18.0,
SYN-01509,2026-01-02,2023-01-18,,0,Омск,Продажи,Команда 01,36,Ночная,110.62,0,8,2,81.68,76.13,88.66,4.82,80.52,0,5.24,
SYN-01510,2026-03-01,2025-10-02,,0,Омск,Поддержка,Команда 11,5,Дневная,84.13,26.06,1,1,94.97,79.98,94.4,4.7,56.56,0,2.65,
SYN-01511,2024-02-06,2022-01-17,,0,Омск,Продажи,Команда 08,25,Ночная,111.25,12.26,3,1,91.84,96.02,83.39,3.88,46.04,0,14.4,
SYN-01512,2025-11-21,2022-05-11,,0,Омск,Удержание,Команда 06,43,Смешанная,77.5,0,7,5,81.05,80.23,80.25,4.09,85.15,0,4.08,
SYN-01513,2025-08-15,2025-04-17,,0,Москва,Удержание,Команда 03,4,Дневная,69.36,3.51,0,0,96.14,82.7,85.49,3.86,64.56,0,3.0,
SYN-01514,2025-02-04,2020-12-27,,0,Казань,Поддержка,Команда 06,50,Ночная,98.47,9.06,1,2,91.89,86.76,93.64,4.16,60.23,1,13.98,
SYN-01515,2025-07-17,2020-12-10,,0,Москва,Продажи,Команда 12,56,Дневная,90.4,2.01,0,0,99.68,92.15,74.79,4.71,81.84,0,7.8,
SYN-01516,2025-11-04,2022-10-21,,0,Москва,Удержание,Команда 07,37,Дневная,80.08,14.68,3,2,91.44,82.61,87.6,4.64,67.75,0,10.09,
SYN-01517,2025-06-18,2023-04-30,,0,Москва,Удержание,Команда 05,26,Смешанная,70.43,14.55,5,2,96.48,71.69,80.73,4.54,62.69,0,3.57,
SYN-01518,2024-08-01,2020-07-23,,0,Москва,Продажи,Команда 06,49,Ночная,71.56,0,0,0,99.39,83.55,91.01,4.19,84.07,0,10.16,
SYN-01519,2024-05-11,2021-12-23,,0,Москва,Продажи,Команда 09,29,Ночная,95.87,7.48,0,0,93.48,97.39,84.98,4.35,60.25,0,6.26,
SYN-01520,2025-04-18,2024-07-22,,0,Москва,Удержание,Команда 12,9,Ночная,99.6,0,0,0,96.91,95.91,81.61,4.4,66.04,1,12.44,
SYN-01521,2025-11-19,2022-07-08,,0,Омск,Удержание,Команда 11,41,Ночная,106.32,22.96,1,1,93.12,91.57,82.47,4.79,62.94,0,7.57,
SYN-01522,2024-04-01,2023-01-07,,0,Москва,Поддержка,Команда 06,15,Смешанная,77.82,12.43,2,3,90.06,86.83,73.73,4.22,46.85,1,6.91,
SYN-01523,2025-09-11,2024-12-15,2025-11-25,1,Казань,Удержание,Команда 03,9,Дневная,72.37,19.45,1,3,92.44,72.02,100,4.07,56.97,0,8.7,Смена графика
SYN-01524,2025-09-10,2022-04-29,,0,Москва,Поддержка,Команда 06,41,Ночная,78.47,6.75,0,0,92.71,75.59,75.96,4.96,55.35,0,16.67,
SYN-01525,2025-02-08,2020-06-04,,0,Москва,Поддержка,Команда 06,57,Дневная,97.23,11.36,2,0,88.64,74.08,86.08,4.65,45.96,0,7.92,
SYN-01526,2024-09-01,2021-05-20,,0,Казань,Удержание,Команда 05,40,Дневная,91.55,25.12,0,2,95.34,100,84.85,4.53,73.1,0,3.72,
SYN-01527,2024-02-13,2023-01-19,,0,Казань,Удержание,Команда 08,13,Дневная,67.95,0.92,0,3,90.68,67.5,100,4.19,78.09,0,3.23,
SYN-01528,2025-08-03,2021-12-22,,0,Казань,Поддержка,Команда 08,44,Дневная,94.14,16.68,2,0,86.42,80.96,91.97,4.87,82.75,0,7.85,
SYN-01529,2024-12-05,2024-10-06,,0,Казань,Удержание,Команда 08,2,Дневная,92.91,11.29,5,1,79.63,90.28,85.54,5,63.21,1,13.62,
SYN-01530,2024-06-04,2023-10-08,2024-06-23,1,Москва,Удержание,Команда 06,8,Ночная,100.97,24.3,0,0,99.35,79.26,84.77,4.47,65.6,1,1.97,Высокая нагрузка
SYN-01531,2025-08-15,2023-01-28,,0,Москва,Удержание,Команда 08,31,Ночная,78.49,16.03,0,0,88.9,90.93,90.66,4.65,77.95,0,8.61,
SYN-01532,2024-03-08,2023-03-14,,0,Казань,Поддержка,Команда 09,12,Ночная,87.16,17.35,0,2,87.01,73.9,79.28,4.43,54.22,0,2.5,
SYN-01533,2024-06-04,2021-12-17,,0,Омск,Продажи,Команда 02,30,Дневная,79.17,5.57,4,0,87.05,82.8,96.37,3.99,63.94,0,10.54,
SYN-01534,2025-06-17,2023-11-25,,0,Москва,Продажи,Команда 05,19,Смешанная,105.9,16.09,0,1,89.64,79.94,90.75,4.17,64.29,0,8.01,
SYN-01535,2025-05-19,2021-11-06,,0,Москва,Продажи,Команда 05,43,Дневная,91.75,0,0,3,89.64,87.51,94.15,3.74,62.23,0,3.73,
SYN-01536,2024-10-19,2022-01-03,,0,Омск,Удержание,Команда 01,34,Смешанная,81.85,0,0,3,93.33,82.89,82.84,4.52,54.44,0,6.0,
SYN-01537,2024-12-02,2022-01-17,,0,Омск,Удержание,Команда 02,35,Смешанная,65.68,17.48,3,2,90.12,97.89,90.59,4.88,72.66,0,0,
SYN-01538,2024-05-08,2024-01-09,,0,Москва,Продажи,Команда 07,4,Дневная,113.79,11.24,0,4,88.93,66.64,80.3,4.58,64.08,0,13.48,
SYN-01539,2025-05-02,2021-05-23,,0,Казань,Поддержка,Команда 03,48,Ночная,101.11,13.21,3,0,88.33,65.06,75.86,4.47,63.2,0,11.67,
SYN-01540,2025-11-09,2025-04-13,,0,Омск,Удержание,Команда 05,7,Дневная,74.48,4.25,14,0,79.88,76.39,82.39,3.89,74.29,0,0,
SYN-01541,2024-04-07,2021-04-23,,0,Казань,Поддержка,Команда 03,36,Смешанная,98.65,20.55,3,4,86.86,70.41,86.55,3.92,70.0,0,0.29,
SYN-01542,2024-07-15,2021-07-01,,0,Москва,Поддержка,Команда 12,37,Ночная,92.29,10.75,5,0,88.95,65.32,92.08,4.44,45.73,0,11.26,
SYN-01543,2024-12-18,2022-11-29,2025-02-01,1,Казань,Поддержка,Команда 05,25,Дневная,78.11,9.83,1,0,87.51,77.65,85.94,3.6,44.66,0,3.57,Низкая вовлечённость
SYN-01544,2024-10-01,2024-06-03,,0,Омск,Продажи,Команда 03,4,Дневная,83.12,16.45,2,0,94.11,85.39,75.76,3.95,62.87,0,3.15,
SYN-01545,2024-07-13,2021-10-27,,0,Омск,Удержание,Команда 07,33,Дневная,64.06,0.47,3,0,93.69,90.51,84.6,4.1,82.68,0,5.79,
SYN-01546,2024-05-18,2023-08-22,,0,Москва,Продажи,Команда 11,9,Дневная,90.52,10.67,1,0,93.05,78.81,84.34,4.31,55.89,0,5.96,
SYN-01547,2025-11-10,2024-12-15,,0,Москва,Продажи,Команда 12,11,Дневная,109.72,23.32,0,0,93.22,86.18,90.47,4.12,66.63,0,6.65,
SYN-01548,2024-01-01,2021-12-12,,0,Москва,Удержание,Команда 07,25,Дневная,82.45,20.14,1,2,92.65,90.52,75.31,3.72,49.77,0,16.47,
SYN-01549,2025-05-11,2024-07-15,,0,Казань,Поддержка,Команда 05,10,Дневная,90.15,10.65,0,1,91.9,72.4,78.31,4.51,66.23,0,9.1,
SYN-01550,2026-01-20,2022-12-07,,0,Казань,Удержание,Команда 05,38,Дневная,84.78,5.98,4,1,88.16,91.36,87.53,4.08,61.18,0,4.25,
SYN-01551,2024-07-20,2022-09-29,,0,Омск,Удержание,Команда 10,22,Дневная,77.35,10.74,4,5,75.54,70.65,93.98,4.69,54.91,0,7.84,
SYN-01552,2024-08-03,2023-02-10,,0,Омск,Поддержка,Команда 12,18,Дневная,73.9,11.87,0,2,94.73,77.96,86.62,4.39,92.42,0,6.35,
SYN-01553,2024-04-15,2020-10-03,,0,Москва,Поддержка,Команда 02,43,Дневная,88.14,9.47,0,3,96.73,83.39,100,3.89,84.57,0,1.61,
SYN-01554,2025-09-01,2022-11-16,,0,Москва,Поддержка,Команда 08,34,Дневная,76.29,12.02,2,4,89.27,73.92,86.87,3.97,72.88,0,5.56,
SYN-01555,2024-05-05,2020-01-27,,0,Москва,Удержание,Команда 11,52,Ночная,90.86,2.82,1,2,90.22,74.32,87.28,4.55,93.52,0,9.96,
SYN-01556,2024-02-15,2024-01-16,,0,Казань,Удержание,Команда 04,1,Дневная,80.3,19.32,5,7,80.24,91.29,90.47,3.71,78.96,0,15.66,
SYN-01557,2025-01-07,2022-12-19,,0,Казань,Удержание,Команда 03,25,Дневная,85.36,25.38,2,2,89.79,72.81,89.4,4.43,37.77,0,9.21,
SYN-01558,2024-08-09,2019-12-04,,0,Омск,Продажи,Команда 05,57,Дневная,92.9,11.21,1,4,93.24,76.15,94.21,5,70.33,0,2.27,
SYN-01559,2025-01-14,2022-08-28,,0,Омск,Поддержка,Команда 08,29,Ночная,88.74,8.09,3,0,83.37,80.58,87.5,4.16,76.48,0,0,
SYN-01560,2024-06-03,2019-09-28,,0,Казань,Поддержка,Команда 01,57,Ночная,96.3,0,1,0,88.0,68.38,90.48,4.12,90.83,0,8.84,
SYN-01561,2025-09-15,2022-11-30,,0,Казань,Поддержка,Команда 10,34,Дневная,75.77,5.69,10,2,82.91,83.77,63.92,3.93,74.5,0,7.17,
SYN-01562,2026-01-09,2023-04-25,,0,Омск,Продажи,Команда 08,33,Дневная,82.33,7.05,2,2,85.46,96.0,81.93,4.39,65.13,0,3.56,
SYN-01563,2025-06-10,2022-05-27,,0,Казань,Поддержка,Команда 10,37,Дневная,83.24,5.16,5,1,91.71,72.63,79.08,3.66,67.38,1,4.44,
SYN-01564,2025-02-09,2022-11-22,,0,Москва,Удержание,Команда 08,27,Дневная,85.19,3.61,3,1,83.2,76.05,75.7,4.54,90.87,0,11.52,
SYN-01565,2026-03-01,2023-06-15,2026-03-29,1,Москва,Продажи,Команда 02,33,Дневная,96.91,24.42,2,6,94.0,74.52,85.16,5,68.84,0,10.19,Высокая нагрузка
SYN-01566,2025-02-14,2021-04-06,2025-05-06,1,Москва,Продажи,Команда 02,47,Дневная,78.38,27.27,0,8,81.33,82.16,88.76,4.58,53.65,0,6.99,Низкая вовлечённость
SYN-01567,2025-06-09,2023-10-18,,0,Москва,Удержание,Команда 06,20,Ночная,104.15,20.43,2,1,93.62,73.15,100,4.28,60.15,0,7.14,
SYN-01568,2025-02-13,2024-08-17,,0,Казань,Продажи,Команда 07,6,Дневная,111.58,8.24,8,2,88.62,84.81,81.81,3.98,75.31,0,13.4,
SYN-01569,2025-02-15,2020-03-13,,0,Москва,Удержание,Команда 12,60,Смешанная,91.49,14.61,1,4,85.88,76.22,88.39,3.88,69.82,0,0,
SYN-01570,2025-12-06,2022-03-27,,0,Казань,Поддержка,Команда 12,45,Смешанная,82.82,11.4,2,0,94.34,83.04,87.29,4.39,64.21,0,18.56,
SYN-01571,2025-01-15,2022-04-01,,0,Москва,Поддержка,Команда 04,34,Дневная,78.51,19.67,0,2,92.21,86.15,88.27,4.06,78.64,0,5.03,
SYN-01572,2025-01-21,2024-04-26,,0,Омск,Поддержка,Команда 12,9,Смешанная,75.05,17.65,1,3,100,90.65,77.93,5,49.13,0,5.66,
SYN-01573,2024-08-02,2023-12-06,,0,Омск,Удержание,Команда 02,8,Дневная,93.75,3.16,2,0,87.36,78.13,85.29,4.7,40.76,0,11.87,
SYN-01574,2025-12-06,2021-03-02,,0,Казань,Удержание,Команда 09,58,Смешанная,91.71,12.01,1,1,85.14,71.36,83.3,4.58,54.69,1,13.91,
SYN-01575,2026-03-07,2023-01-22,,0,Омск,Поддержка,Команда 03,38,Ночная,94.16,3.15,0,7,93.3,62.74,85.06,3.84,75.6,1,12.59,
SYN-01576,2026-02-16,2022-09-05,,0,Москва,Поддержка,Команда 08,42,Дневная,96.28,0,0,0,96.35,88.23,94.39,4.66,76.53,0,1.2,
SYN-01577,2024-02-04,2021-01-20,,0,Омск,Удержание,Команда 01,37,Дневная,86.7,4.58,0,0,89.1,88.44,85.42,4.59,67.87,0,4.95,
SYN-01578,2025-09-12,2021-10-03,,0,Москва,Продажи,Команда 04,48,Дневная,89.64,15.92,2,0,87.69,91.13,75.57,4.46,65.15,1,1.99,
SYN-01579,2025-12-17,2023-05-02,,0,Омск,Поддержка,Команда 11,32,Дневная,104.38,16.03,0,5,89.42,68.39,87.52,4.15,66.74,0,6.66,
SYN-01580,2024-07-02,2021-10-16,,0,Казань,Продажи,Команда 06,33,Ночная,109.64,11.47,1,1,93.52,82.91,82.28,3.83,62.91,0,10.62,
SYN-01581,2026-03-20,2021-04-15,,0,Омск,Поддержка,Команда 03,60,Смешанная,71.59,25.53,2,3,84.77,67.21,83.53,4.2,81.51,0,17.37,
SYN-01582,2024-04-14,2020-10-02,,0,Казань,Поддержка,Команда 04,43,Дневная,116.72,25.71,0,2,90.23,78.8,90.27,4.65,56.08,1,9.2,
SYN-01583,2026-03-16,2021-06-10,,0,Казань,Продажи,Команда 08,58,Смешанная,71.99,1.82,3,0,91.88,77.89,83.91,4.35,83.32,0,2.55,
SYN-01584,2026-03-05,2024-01-15,2026-03-19,1,Казань,Поддержка,Команда 09,26,Дневная,89.74,1.99,2,3,84.55,100,96.4,4.22,61.1,0,15.04,Личные причины
SYN-01585,2025-10-09,2023-12-19,,0,Москва,Поддержка,Команда 04,22,Смешанная,93.22,11.36,6,3,75.82,83.18,79.4,3.94,71.5,0,7.87,
SYN-01586,2025-10-19,2022-06-07,,0,Омск,Продажи,Команда 07,41,Дневная,120.16,23.56,0,9,86.28,83.2,81.38,4.39,70.93,0,3.89,
SYN-01587,2024-02-13,2023-03-20,2024-03-31,1,Москва,Продажи,Команда 12,11,Ночная,76.91,7.18,0,2,83.76,81.67,94.72,4.1,88.36,0,0,Личные причины
SYN-01588,2025-07-07,2020-10-31,,0,Омск,Поддержка,Команда 12,57,Смешанная,91.3,8.25,0,4,87.18,82.19,88.3,4.42,77.67,0,1.34,
SYN-01589,2025-04-17,2023-04-28,,0,Казань,Удержание,Команда 12,24,Дневная,75.55,4.74,0,1,90.03,79.68,79.66,4.25,78.89,0,8.3,
SYN-01590,2024-11-15,2022-09-27,2025-01-29,1,Москва,Удержание,Команда 02,26,Смешанная,81.51,20.85,3,2,94.92,83.82,79.77,4.24,51.08,1,3.5,Низкая вовлечённость
SYN-01591,2024-11-09,2022-09-21,,0,Москва,Продажи,Команда 10,26,Смешанная,87.57,12.71,1,3,88.77,92.33,89.76,3.81,78.56,0,9.8,
SYN-01592,2025-08-06,2023-09-16,,0,Омск,Продажи,Команда 05,23,Дневная,79.49,8.71,4,3,84.62,85.69,85.99,4.29,67.37,0,13.54,
SYN-01593,2025-12-16,2024-11-21,,0,Казань,Продажи,Команда 12,13,Дневная,74.58,19.38,1,4,90.18,87.34,85.65,4.36,79.3,0,12.41,
SYN-01594,2024-12-06,2020-05-01,,0,Казань,Продажи,Команда 10,56,Ночная,94.64,3.76,0,1,93.23,95.21,98.67,4.47,80.13,0,10.69,
SYN-01595,2025-09-08,2023-10-19,,0,Москва,Поддержка,Команда 04,23,Дневная,61.53,0,4,3,84.68,74.13,80.92,4.4,56.55,0,0.34,
SYN-01596,2024-06-21,2020-01-14,,0,Омск,Удержание,Команда 12,54,Ночная,90.53,1.46,1,2,95.15,75.62,84.4,4.5,67.29,0,8.02,
SYN-01597,2024-04-03,2019-06-29,,0,Москва,Продажи,Команда 01,58,Смешанная,86.3,2.81,0,0,88.82,69.39,98.83,4.13,79.26,0,8.49,
SYN-01598,2025-11-20,2021-05-15,,0,Москва,Продажи,Команда 06,55,Смешанная,60.61,10.22,5,0,86.74,73.71,88.35,4.24,89.17,0,0.18,
SYN-01599,2024-07-07,2022-06-18,,0,Омск,Поддержка,Команда 10,25,Смешанная,89.15,1.79,2,0,85.97,77.27,86.28,4.54,76.82,1,5.83,
SYN-01600,2024-03-09,2023-03-15,,0,Москва,Продажи,Команда 11,12,Ночная,101.34,21.91,4,4,85.08,86.53,82.94,3.85,91.93,0,5.04,
SYN-01601,2025-06-15,2022-02-01,,0,Казань,Поддержка,Команда 02,41,Дневная,97.41,20.42,2,0,92.01,80.92,90.9,4.29,53.46,0,10.72,
SYN-01602,2025-06-17,2024-07-22,,0,Омск,Удержание,Команда 08,11,Ночная,76.18,11.67,3,0,91.67,82.61,80.06,3.64,100.0,0,11.86,
SYN-01603,2026-01-07,2023-11-19,,0,Казань,Поддержка,Команда 06,26,Дневная,78.57,27.65,1,0,100,83.97,69.47,4.34,52.02,0,9.78,
SYN-01604,2024-11-04,2023-06-13,,0,Омск,Удержание,Команда 04,17,Ночная,103.24,2.58,1,6,81.89,92.79,90.65,4.47,73.72,0,3.28,
SYN-01605,2024-06-06,2019-09-01,,0,Москва,Удержание,Команда 07,58,Дневная,93.82,21.25,3,1,90.43,87.09,86.42,4.61,41.02,0,5.67,
SYN-01606,2024-04-20,2022-01-01,2024-07-09,1,Казань,Продажи,Команда 09,28,Смешанная,93.02,28.17,0,3,92.06,69.93,89.0,4.1,41.87,1,0,Низкая вовлечённость
SYN-01607,2024-08-06,2024-06-07,,0,Москва,Поддержка,Команда 07,2,Ночная,97.61,12.42,3,0,89.16,70.22,86.52,4.72,95.39,0,14.12,
SYN-01608,2024-08-18,2021-09-03,,0,Омск,Продажи,Команда 02,36,Ночная,92.36,4.35,0,1,94.14,99.71,87.82,3.77,70.02,1,5.42,
SYN-01609,2024-04-21,2022-01-02,,0,Казань,Удержание,Команда 04,28,Смешанная,77.44,1.44,0,1,95.84,83.34,95.25,4.05,75.71,0,6.82,
SYN-01610,2025-08-13,2021-09-03,2025-11-01,1,Омск,Поддержка,Команда 11,48,Смешанная,92.81,1.86,1,1,92.03,89.04,75.02,4.18,74.91,0,7.61,Смена работодателя
SYN-01611,2025-09-10,2022-06-28,,0,Москва,Удержание,Команда 07,39,Дневная,94.03,1.81,1,0,94.17,88.79,83.94,3.55,65.22,0,9.95,
SYN-01612,2024-05-18,2020-09-06,,0,Москва,Поддержка,Команда 08,45,Смешанная,99.9,11.02,0,1,88.9,91.44,78.51,4.04,74.25,0,0.98,
SYN-01613,2025-05-16,2022-10-29,,0,Омск,Продажи,Команда 06,31,Дневная,103.17,5.27,0,3,95.08,67.27,90.78,4.53,81.97,0,14.07,
SYN-01614,2024-11-19,2023-01-29,,0,Омск,Удержание,Команда 12,22,Смешанная,94.32,9.63,1,3,83.6,80.41,80.84,4.85,88.94,0,1.59,
SYN-01615,2025-06-15,2020-07-11,,0,Омск,Продажи,Команда 04,60,Дневная,113.23,21.43,0,6,90.19,76.83,95.14,4.39,70.0,0,6.03,
SYN-01616,2024-12-21,2020-11-12,2025-01-28,1,Омск,Удержание,Команда 10,50,Смешанная,99.89,21.54,6,3,78.47,66.89,83.2,4.39,52.14,0,22.82,Низкая вовлечённость
SYN-01617,2026-01-15,2022-08-04,,0,Омск,Поддержка,Команда 02,42,Смешанная,58.44,11.35,1,0,89.48,99.97,84.33,5,70.6,0,0,
SYN-01618,2024-07-13,2023-11-16,,0,Москва,Продажи,Команда 08,8,Дневная,115.41,22.66,4,2,80.94,79.98,75.2,4.25,45.98,0,10.41,
SYN-01619,2025-01-05,2023-09-13,,0,Москва,Продажи,Команда 07,16,Дневная,88.61,19.37,0,2,97.43,73.96,94.24,4.07,68.65,0,0.64,
SYN-01620,2025-03-07,2024-01-12,,0,Омск,Поддержка,Команда 08,14,Дневная,72.45,9.52,0,2,98.87,88.68,82.47,4.46,75.14,0,5.53,
SYN-01621,2024-09-02,2023-11-07,2024-11-25,1,Казань,Поддержка,Команда 07,10,Смешанная,86.14,2.26,4,0,89.18,71.98,78.62,4.78,46.1,1,10.37,Низкая вовлечённость
SYN-01622,2025-11-19,2024-08-26,,0,Омск,Продажи,Команда 02,15,Дневная,74.65,0.33,1,6,88.63,89.17,80.61,4.69,72.73,0,9.16,
SYN-01623,2025-10-08,2023-04-22,,0,Казань,Поддержка,Команда 02,30,Дневная,71.2,9.57,1,4,92.48,94.4,70.89,4.15,75.12,0,11.23,
SYN-01624,2026-03-15,2021-11-06,,0,Казань,Удержание,Команда 05,53,Дневная,83.51,17.53,3,5,84.94,86.94,78.25,4.9,76.89,0,6.7,
SYN-01625,2024-04-08,2019-12-31,,0,Казань,Удержание,Команда 08,52,Дневная,78.36,9.94,0,0,92.38,87.11,85.1,4.08,76.63,0,0,
SYN-01626,2026-03-15,2021-11-06,,0,Казань,Поддержка,Команда 02,53,Смешанная,84.26,9.84,0,2,86.86,68.03,93.53,4.31,82.24,0,1.59,
SYN-01627,2025-02-03,2022-05-20,,0,Казань,Удержание,Команда 07,33,Смешанная,83.53,18.33,3,0,82.52,82.18,80.69,4.45,65.96,0,15.17,
SYN-01628,2025-04-19,2022-08-03,2025-04-27,1,Омск,Продажи,Команда 07,33,Дневная,92.7,5.93,0,0,93.44,75.36,82.84,4.9,45.7,0,16.18,Низкая вовлечённость
SYN-01629,2025-03-08,2020-06-02,,0,Омск,Удержание,Команда 03,58,Дневная,92.77,3.78,0,7,90.42,88.49,96.54,4.9,79.42,0,7.56,
SYN-01630,2024-12-11,2024-03-16,,0,Омск,Продажи,Команда 11,9,Дневная,114.89,14.68,5,0,89.11,84.5,84.45,4.1,37.29,1,6.8,
SYN-01631,2026-02-05,2022-03-28,,0,Омск,Удержание,Команда 07,47,Ночная,100.28,9.05,4,0,87.55,71.37,73.67,4.34,82.09,0,9.66,
SYN-01632,2025-02-18,2022-12-01,,0,Казань,Продажи,Команда 01,27,Ночная,75.28,21.69,0,4,96.47,88.25,78.47,4.22,50.35,0,6.48,
SYN-01633,2025-11-07,2022-02-26,,0,Москва,Продажи,Команда 11,45,Смешанная,76.84,6.87,3,3,84.14,75.28,90.0,4.62,77.07,0,7.17,
SYN-01634,2025-12-09,2022-09-26,,0,Казань,Удержание,Команда 06,39,Дневная,81.58,9.79,0,1,92.91,87.24,90.05,4.24,75.86,0,8.81,
SYN-01635,2024-01-16,2021-04-01,2024-02-12,1,Казань,Поддержка,Команда 06,34,Дневная,98.4,11.26,1,0,95.89,84.8,94.65,5,71.54,1,7.74,Смена графика
SYN-01636,2026-03-18,2022-08-06,2026-06-02,1,Казань,Поддержка,Команда 07,44,Смешанная,73.52,10.08,1,3,86.61,67.87,82.1,4.12,46.79,0,3.26,Низкая вовлечённость
SYN-01637,2025-08-03,2022-08-19,,0,Омск,Удержание,Команда 12,36,Дневная,70.98,10.58,2,8,80.25,82.78,94.33,4.61,67.46,0,13.55,
SYN-01638,2025-07-04,2023-06-15,,0,Казань,Удержание,Команда 08,25,Смешанная,94.56,7.64,4,5,80.82,83.58,78.33,4.07,75.65,0,10.64,
SYN-01639,2024-03-14,2020-09-01,,0,Омск,Поддержка,Команда 07,43,Смешанная,78.68,3.19,12,0,80.49,96.64,75.78,4.16,60.5,0,4.92,
SYN-01640,2026-01-05,2025-04-10,2026-03-28,1,Москва,Продажи,Команда 11,9,Ночная,100.68,23.83,2,0,86.52,80.96,77.34,4.28,51.98,0,5.26,Низкая вовлечённость
SYN-01641,2024-12-21,2021-06-10,,0,Москва,Продажи,Команда 08,43,Дневная,88.59,12.28,3,4,83.42,76.57,76.83,4.52,89.62,0,0.42,
SYN-01642,2024-02-18,2023-02-23,,0,Москва,Поддержка,Команда 07,12,Дневная,97.77,18.17,0,2,92.71,90.86,76.46,3.73,55.97,0,10.17,
SYN-01643,2025-11-10,2024-07-18,,0,Казань,Продажи,Команда 11,16,Дневная,70.57,12.12,7,1,81.92,68.92,84.52,4.37,65.54,0,3.77,
SYN-01644,2026-03-15,2023-11-26,,0,Казань,Поддержка,Команда 06,28,Дневная,99.44,10.62,1,3,89.25,96.43,89.71,4.05,82.81,0,12.68,
SYN-01645,2025-09-15,2021-12-05,,0,Казань,Поддержка,Команда 05,46,Дневная,81.22,13.23,8,0,79.44,81.02,85.8,3.78,66.2,0,0,
SYN-01646,2024-02-01,2019-04-28,,0,Москва,Продажи,Команда 01,58,Дневная,98.15,8.76,1,0,94.48,78.78,85.49,4.47,75.32,0,10.98,
SYN-01647,2026-01-02,2023-12-14,,0,Казань,Удержание,Команда 11,25,Дневная,105.03,21.4,0,5,83.07,78.67,89.44,4.26,64.85,0,12.9,
SYN-01648,2025-06-04,2020-08-29,,0,Казань,Поддержка,Команда 04,58,Дневная,80.1,5.01,1,2,91.85,76.15,86.79,4.1,64.2,0,7.34,
SYN-01649,2025-05-19,2021-05-10,,0,Казань,Продажи,Команда 02,49,Дневная,85.73,10.23,0,4,85.97,85.08,88.03,4.08,59.46,1,1.09,
SYN-01650,2025-02-02,2023-07-13,,0,Омск,Поддержка,Команда 01,19,Ночная,70.82,0,0,0,90.5,88.1,73.15,4.11,81.8,0,0.77,
SYN-01651,2026-02-09,2021-11-02,,0,Омск,Поддержка,Команда 10,52,Ночная,93.59,11.18,5,1,86.7,79.98,70.42,4.53,57.59,0,4.91,
SYN-01652,2025-12-07,2023-06-21,,0,Москва,Продажи,Команда 08,30,Дневная,101.21,21.43,5,1,89.31,95.08,77.53,4.1,61.55,0,10.94,
SYN-01653,2024-06-03,2020-04-25,,0,Омск,Поддержка,Команда 04,50,Дневная,79.44,0,0,3,92.45,99.09,91.23,4.96,49.11,0,5.04,
SYN-01654,2026-01-06,2024-01-17,,0,Москва,Поддержка,Команда 03,24,Смешанная,89.16,6.88,1,2,93.18,86.26,87.87,4.27,83.42,0,1.62,
SYN-01655,2025-01-18,2023-09-26,,0,Москва,Продажи,Команда 12,16,Дневная,73.41,0,2,2,85.39,57.63,86.41,4.46,78.93,0,6.44,
SYN-01656,2026-02-09,2023-09-23,2026-04-26,1,Омск,Продажи,Команда 08,29,Дневная,76.73,18.41,5,0,93.37,84.47,76.29,4.57,40.52,0,6.67,Низкая вовлечённость
SYN-01657,2025-02-01,2023-04-13,,0,Москва,Поддержка,Команда 06,22,Дневная,90.3,6.23,2,0,86.9,85.51,85.98,4.2,61.39,1,7.53,
SYN-01658,2024-05-05,2023-10-08,,0,Казань,Удержание,Команда 10,7,Смешанная,86.85,6.19,1,3,89.56,75.63,88.47,3.54,76.52,0,13.54,
SYN-01659,2024-06-18,2022-08-28,,0,Омск,Поддержка,Команда 04,22,Ночная,85.68,2.48,3,0,95.48,70.35,92.91,4.85,69.55,0,7.81,
SYN-01660,2025-10-11,2022-03-01,,0,Омск,Поддержка,Команда 04,44,Ночная,89.21,11.35,2,0,98.64,84.74,88.56,4.57,62.05,1,2.66,
SYN-01661,2026-01-07,2025-07-11,,0,Омск,Удержание,Команда 08,6,Смешанная,99.27,10.48,1,0,91.65,83.59,92.8,4.29,46.06,0,3.97,
SYN-01662,2026-01-15,2024-06-24,,0,Омск,Поддержка,Команда 07,19,Смешанная,88.0,9.59,3,2,90.51,65.25,80.88,4.19,76.09,0,5.5,
SYN-01663,2024-08-18,2024-06-19,,0,Омск,Поддержка,Команда 02,2,Дневная,87.68,2.45,5,4,78.75,98.91,80.73,4.32,85.66,0,7.46,
SYN-01664,2024-05-03,2023-10-06,,0,Москва,Удержание,Команда 01,7,Ночная,91.93,8.05,4,0,89.49,85.9,82.77,4.86,78.65,0,12.01,
SYN-01665,2024-05-19,2021-08-03,,0,Казань,Поддержка,Команда 05,34,Смешанная,97.57,9.57,7,0,86.54,100,84.05,4.34,63.31,1,12.38,
SYN-01666,2024-01-16,2021-10-28,,0,Москва,Поддержка,Команда 05,27,Дневная,72.82,13.77,0,0,90.69,83.45,88.03,4.79,62.39,0,10.11,
SYN-01667,2024-12-09,2023-08-17,2025-01-30,1,Казань,Продажи,Команда 05,16,Дневная,86.86,5.01,0,3,97.85,75.92,85.41,5,67.31,0,5.84,Личные причины
SYN-01668,2025-09-18,2021-06-11,,0,Казань,Удержание,Команда 04,52,Дневная,76.4,0,0,0,98.94,81.82,94.92,4.88,71.47,0,17.49,
SYN-01669,2024-01-14,2021-10-26,,0,Москва,Удержание,Команда 10,27,Дневная,80.35,0,3,0,84.53,70.77,83.16,4.37,63.0,0,6.9,
SYN-01670,2024-10-07,2020-05-01,,0,Омск,Продажи,Команда 01,54,Смешанная,67.73,4.12,2,0,92.56,85.39,84.41,4.27,63.51,0,9.42,
SYN-01671,2024-12-15,2020-06-09,,0,Москва,Продажи,Команда 02,55,Ночная,104.22,16.84,4,0,87.78,83.88,74.65,4.13,60.74,0,4.78,
SYN-01672,2024-06-13,2021-12-26,,0,Омск,Поддержка,Команда 03,30,Ночная,70.57,12.25,3,2,89.43,66.38,78.94,4.58,67.29,0,2.9,
SYN-01673,2024-08-12,2022-08-23,,0,Казань,Поддержка,Команда 03,24,Дневная,71.85,20.42,0,0,97.52,86.01,87.99,3.9,80.52,0,0,
SYN-01674,2025-06-15,2025-05-16,,0,Казань,Удержание,Команда 02,1,Смешанная,66.52,13.06,1,0,94.77,86.75,77.5,4.4,89.87,0,1.61,
SYN-01675,2025-05-09,2025-04-09,,0,Москва,Поддержка,Команда 11,1,Дневная,95.06,15.21,0,2,95.67,81.61,75.53,3.87,48.13,0,6.54,
SYN-01676,2025-06-01,2023-05-13,2025-06-20,1,Казань,Поддержка,Команда 12,25,Дневная,91.85,10.73,0,3,95.97,73.87,81.34,4.16,77.7,0,4.49,Смена графика
SYN-01677,2024-07-20,2022-01-02,,0,Омск,Поддержка,Команда 04,31,Дневная,89.98,5.05,0,0,96.94,77.22,84.96,4.6,76.03,0,8.67,
SYN-01678,2024-01-02,2021-06-16,,0,Омск,Продажи,Команда 09,31,Ночная,89.42,1.98,2,1,93.78,92.57,78.58,5,100,0,0,
SYN-01679,2025-08-13,2023-08-24,,0,Омск,Продажи,Команда 10,24,Смешанная,97.32,11.69,0,0,100,87.28,82.32,4.35,78.01,1,8.8,
SYN-01680,2026-03-05,2025-05-09,,0,Москва,Удержание,Команда 01,10,Смешанная,99.16,16.41,4,0,87.48,73.68,79.69,4.72,56.56,0,13.76,
SYN-01681,2025-06-16,2021-11-04,,0,Москва,Продажи,Команда 07,44,Смешанная,107.19,18.34,3,0,87.68,63.6,87.63,4.43,62.5,0,11.77,
SYN-01682,2024-03-19,2023-09-21,,0,Казань,Поддержка,Команда 02,6,Дневная,74.64,18.29,1,0,91.31,69.62,78.11,4.14,64.65,0,19.7,
SYN-01683,2024-09-14,2022-08-26,,0,Москва,Удержание,Команда 07,25,Дневная,101.14,23.79,0,2,95.8,73.84,96.69,4.93,85.98,0,9.7,
SYN-01684,2026-02-09,2025-09-12,2026-03-15,1,Москва,Поддержка,Команда 04,5,Смешанная,101.76,2.1,0,1,97.15,84.35,82.51,4.08,77.37,0,0,Личные причины
SYN-01685,2025-08-04,2024-04-11,,0,Казань,Поддержка,Команда 10,16,Дневная,60.92,18.89,0,1,93.62,89.51,92.06,4.11,58.78,0,2.72,
SYN-01686,2024-07-14,2022-06-25,,0,Омск,Продажи,Команда 05,25,Дневная,59.86,6.67,3,1,90.73,71.84,89.64,4.03,62.42,0,8.87,
SYN-01687,2025-12-07,2023-01-22,,0,Казань,Поддержка,Команда 06,35,Дневная,85.69,19.8,1,2,96.0,80.19,100,4.74,52.41,1,7.76,
SYN-01688,2025-03-12,2024-06-15,,0,Омск,Удержание,Команда 12,9,Смешанная,86.3,5.5,2,0,92.15,80.96,84.22,4.05,73.1,0,14.27,
SYN-01689,2024-05-11,2023-12-13,,0,Казань,Поддержка,Команда 02,5,Ночная,78.54,9.26,3,0,98.65,88.11,88.16,4.52,67.21,0,5.18,
SYN-01690,2024-11-04,2024-04-08,,0,Москва,Продажи,Команда 05,7,Дневная,105.61,27.49,0,0,98.33,73.21,96.78,4.28,80.45,0,12.66,
SYN-01691,2024-08-20,2019-09-16,,0,Казань,Продажи,Команда 08,60,Дневная,119.55,23.15,2,0,89.06,67.62,89.22,4.62,68.94,1,1.27,
SYN-01692,2025-06-17,2021-07-08,2025-06-26,1,Казань,Поддержка,Команда 09,48,Ночная,76.91,21.27,10,1,84.96,71.43,71.65,3.92,64.58,1,7.67,Личные причины
SYN-01693,2025-08-08,2024-10-12,,0,Казань,Удержание,Команда 03,10,Дневная,95.5,24.41,6,3,93.92,85.39,76.28,4.91,41.61,0,1.39,
SYN-01694,2025-05-19,2024-07-23,,0,Москва,Удержание,Команда 06,10,Смешанная,111.29,8.78,3,0,92.08,78.56,90.51,3.86,73.1,0,7.63,
SYN-01695,2026-01-02,2022-05-23,2026-03-19,1,Москва,Продажи,Команда 08,44,Ночная,97.31,11.29,11,1,77.98,86.12,83.1,4.71,96.91,0,4.13,Смена графика
SYN-01696,2025-05-08,2020-09-01,,0,Омск,Удержание,Команда 01,57,Ночная,90.94,1.05,1,0,96.0,58.96,78.57,4.63,69.83,0,12.81,
SYN-01697,2026-01-10,2024-03-21,2026-04-03,1,Омск,Поддержка,Команда 01,22,Ночная,90.86,4.98,8,0,82.92,75.31,75.3,4.63,69.66,0,8.83,Смена графика
SYN-01698,2024-06-03,2020-02-25,2024-07-09,1,Казань,Удержание,Команда 05,52,Дневная,114.86,22.28,1,0,92.23,73.36,70.62,3.65,69.81,0,9.52,Смена графика
SYN-01699,2025-02-08,2024-03-15,,0,Омск,Поддержка,Команда 10,11,Смешанная,92.27,27.86,1,0,95.44,99.65,93.17,3.93,49.94,0,10.86,
SYN-01700,2024-04-06,2024-02-06,,0,Москва,Продажи,Команда 07,2,Ночная,89.5,2.6,6,0,83.41,85.05,84.97,4.57,69.26,0,0,
SYN-01701,2024-07-12,2024-01-14,2024-09-19,1,Омск,Удержание,Команда 08,6,Дневная,52.16,17.14,2,0,94.75,86.43,81.74,4.22,57.56,0,10.73,Личные причины
SYN-01702,2025-01-19,2021-01-10,2025-02-05,1,Москва,Продажи,Команда 05,49,Дневная,96.38,16.1,1,2,81.86,91.07,73.89,4.28,55.42,1,6.99,Смена работодателя
SYN-01703,2025-08-04,2022-03-23,,0,Омск,Продажи,Команда 03,41,Дневная,109.2,7.99,6,1,89.52,71.15,80.66,4.26,69.94,0,6.65,
SYN-01704,2025-09-17,2024-03-26,,0,Казань,Поддержка,Команда 04,18,Дневная,70.42,21.41,3,4,84.79,88.25,75.85,3.92,80.39,0,8.32,
SYN-01705,2025-12-12,2023-01-27,,0,Омск,Удержание,Команда 08,35,Дневная,71.48,7.12,2,0,93.23,77.66,83.57,4.57,87.81,0,4.16,
SYN-01706,2026-02-12,2023-08-27,,0,Казань,Поддержка,Команда 11,30,Дневная,68.29,17.21,0,1,93.69,70.79,91.54,4.14,64.4,0,4.49,
SYN-01707,2024-11-19,2021-08-07,,0,Москва,Удержание,Команда 05,40,Ночная,78.15,12.23,2,0,88.67,95.77,84.9,4.55,64.49,1,13.02,
SYN-01708,2025-11-17,2021-09-09,,0,Казань,Продажи,Команда 01,51,Дневная,96.2,11.75,0,1,94.5,85.73,90.42,5,75.27,0,3.83,
SYN-01709,2026-03-01,2022-03-22,,0,Москва,Продажи,Команда 11,48,Дневная,79.64,19.33,1,1,92.78,62.96,76.57,4.03,68.33,0,9.29,
SYN-01710,2024-02-09,2022-04-20,2024-04-11,1,Казань,Продажи,Команда 02,22,Ночная,70.0,1.6,5,3,83.48,88.81,90.35,4.19,50.49,0,7.69,Низкая вовлечённость
SYN-01711,2025-11-04,2022-06-23,,0,Казань,Продажи,Команда 11,41,Ночная,89.24,17.09,0,2,89.56,66.36,83.12,4.74,76.31,0,0,
SYN-01712,2025-06-16,2024-04-22,,0,Москва,Удержание,Команда 02,14,Дневная,68.97,12.42,0,0,93.13,85.27,81.19,4.45,90.4,0,1.23,
SYN-01713,2024-08-19,2022-07-31,,0,Казань,Удержание,Команда 04,25,Смешанная,80.26,7.36,0,0,98.98,90.0,79.1,4.51,89.49,1,2.76,
SYN-01714,2025-12-15,2021-11-06,2026-01-16,1,Казань,Удержание,Команда 03,50,Дневная,102.59,21.82,4,2,84.89,94.01,100,4.03,51.12,0,5.22,Низкая вовлечённость
SYN-01715,2025-10-19,2024-08-25,,0,Москва,Продажи,Команда 04,14,Ночная,93.83,10.05,2,1,96.62,92.57,84.58,4.76,64.14,0,10.7,
SYN-01716,2025-07-04,2023-11-12,,0,Москва,Поддержка,Команда 12,20,Ночная,84.03,8.93,0,1,96.7,77.73,83.67,4.42,48.35,1,11.57,
SYN-01717,2025-04-21,2022-12-03,,0,Москва,Продажи,Команда 12,29,Дневная,113.51,11.38,3,4,91.98,84.54,97.4,4.3,68.4,0,10.61,
SYN-01718,2024-08-03,2023-12-07,,0,Москва,Поддержка,Команда 03,8,Дневная,78.49,9.09,0,2,89.13,84.91,83.59,4.13,63.72,0,11.19,
SYN-01719,2025-01-16,2021-04-07,,0,Москва,Поддержка,Команда 05,46,Смешанная,86.86,9.63,1,5,87.69,84.7,90.2,4.97,82.84,0,10.49,
SYN-01720,2024-02-04,2019-12-27,2024-03-21,1,Москва,Поддержка,Команда 02,50,Смешанная,116.1,19.75,2,1,94.23,98.23,75.96,5,56.87,1,11.49,Смена работодателя
SYN-01721,2026-01-10,2025-09-12,,0,Омск,Продажи,Команда 11,4,Дневная,88.08,11.82,0,1,94.53,71.65,71.35,3.9,44.59,0,1.08,
SYN-01722,2024-06-13,2022-08-23,,0,Москва,Поддержка,Команда 10,22,Дневная,111.2,24.61,1,0,92.15,82.11,81.22,4.24,74.41,0,6.93,
SYN-01723,2024-05-02,2022-06-12,,0,Казань,Удержание,Команда 03,23,Дневная,96.75,5.67,2,0,85.8,70.09,90.35,4.18,74.82,0,14.86,
SYN-01724,2024-08-13,2022-02-25,,0,Омск,Продажи,Команда 12,30,Ночная,81.51,8.0,1,1,88.76,82.16,93.07,4.57,83.31,0,1.38,
SYN-01725,2024-05-01,2020-09-19,,0,Москва,Продажи,Команда 04,44,Смешанная,79.38,0.1,0,0,91.59,90.88,87.36,4.88,84.22,0,14.47,
SYN-01726,2024-09-14,2022-04-28,2024-11-23,1,Москва,Продажи,Команда 09,29,Дневная,94.31,9.92,7,5,78.81,72.33,76.22,4.05,59.88,0,9.33,Личные причины
SYN-01727,2025-11-13,2022-01-03,,0,Москва,Удержание,Команда 07,47,Смешанная,82.26,0,10,0,81.43,89.48,80.42,3.7,59.02,1,14.92,
SYN-01728,2024-07-17,2022-12-25,2024-10-02,1,Омск,Продажи,Команда 09,19,Дневная,73.13,0.72,0,2,91.63,66.79,80.5,4.59,79.61,0,0.43,Личные причины
SYN-01729,2026-03-19,2024-12-24,,0,Москва,Поддержка,Команда 03,15,Дневная,71.9,5.12,2,1,92.89,85.16,95.76,4.64,54.33,0,0,
SYN-01730,2025-08-11,2021-05-04,,0,Казань,Поддержка,Команда 12,52,Дневная,99.87,12.7,1,0,96.33,100,89.38,4.52,90.83,0,8.79,
SYN-01731,2024-08-05,2021-12-19,,0,Москва,Продажи,Команда 05,32,Дневная,101.24,14.95,1,0,97.04,71.95,92.81,3.88,70.21,0,8.54,
SYN-01732,2025-10-05,2024-12-09,,0,Москва,Продажи,Команда 08,10,Смешанная,97.6,6.13,1,7,84.28,75.94,100,4.01,61.61,0,0.08,
SYN-01733,2025-10-08,2023-12-18,,0,Москва,Продажи,Команда 09,22,Ночная,124.1,20.22,2,0,95.36,79.07,80.43,4.04,78.63,0,14.59,
SYN-01734,2026-03-04,2025-12-04,,0,Москва,Продажи,Команда 01,3,Смешанная,92.71,15.27,1,0,91.85,81.18,87.2,3.96,67.14,0,3.17,
SYN-01735,2024-12-15,2020-10-07,,0,Москва,Продажи,Команда 08,51,Дневная,95.73,5.02,0,0,91.48,94.8,83.1,3.39,69.26,0,0,
SYN-01736,2024-12-01,2024-09-02,,0,Москва,Продажи,Команда 02,3,Смешанная,73.81,12.81,9,5,77.98,65.92,90.76,3.58,79.87,0,13.6,
SYN-01737,2024-12-14,2021-04-04,2024-12-31,1,Москва,Продажи,Команда 06,45,Ночная,84.48,4.4,2,1,85.51,83.82,100,4.31,65.7,0,0,Личные причины
SYN-01738,2025-12-17,2023-11-28,,0,Омск,Поддержка,Команда 12,25,Ночная,108.19,0.93,1,2,90.87,65.51,84.87,3.85,78.89,0,5.87,
SYN-01739,2024-04-21,2022-07-31,,0,Казань,Продажи,Команда 07,21,Дневная,73.51,0,2,1,89.33,86.9,86.17,3.92,56.11,1,9.48,
SYN-01740,2025-03-18,2020-04-13,2025-05-29,1,Москва,Продажи,Команда 03,60,Ночная,93.8,0,2,2,84.12,67.02,80.44,4.13,70.29,0,0,Смена графика
SYN-01741,2025-02-07,2022-11-20,,0,Казань,Удержание,Команда 09,27,Дневная,102.13,3.9,0,2,100,61.93,86.29,4.05,100,0,15.3,
SYN-01742,2026-03-12,2023-03-28,,0,Омск,Поддержка,Команда 06,36,Дневная,80.27,12.7,1,0,95.87,86.81,74.55,4.9,42.3,0,14.49,
SYN-01743,2025-02-05,2024-09-08,,0,Омск,Удержание,Команда 02,5,Дневная,89.87,17.86,7,0,82.53,77.58,77.78,4.01,58.51,0,6.53,
SYN-01744,2025-03-06,2023-02-15,,0,Омск,Продажи,Команда 04,25,Дневная,100.01,12.26,4,4,82.97,85.34,100,4.52,61.16,0,7.2,
SYN-01745,2024-12-11,2024-03-16,,0,Москва,Поддержка,Команда 09,9,Дневная,89.53,10.1,1,2,92.47,81.99,79.86,4.8,57.58,0,21.3,
SYN-01746,2025-07-21,2022-09-05,,0,Казань,Поддержка,Команда 12,35,Дневная,75.12,18.05,4,1,88.98,85.75,78.88,4.54,61.43,0,1.97,
SYN-01747,2026-02-04,2025-02-09,,0,Москва,Поддержка,Команда 04,12,Смешанная,87.0,18.4,5,0,84.02,84.54,74.9,4.55,65.66,0,1.78,
SYN-01748,2024-09-20,2022-04-04,,0,Москва,Продажи,Команда 07,30,Дневная,79.75,10.1,0,0,94.27,74.6,90.0,4.52,70.67,0,4.1,
SYN-01749,2025-06-18,2023-12-26,,0,Казань,Поддержка,Команда 12,18,Смешанная,90.4,10.64,0,0,100,78.11,88.7,4.41,54.36,0,0.33,
SYN-01750,2025-11-02,2023-03-18,,0,Казань,Поддержка,Команда 07,32,Ночная,82.75,5.46,4,1,86.78,88.8,82.28,4.71,74.06,0,18.52,
SYN-01751,2025-09-18,2022-03-08,,0,Казань,Удержание,Команда 06,43,Ночная,87.76,18.22,2,1,95.99,76.82,80.22,4.79,59.31,0,13.8,
SYN-01752,2025-02-02,2020-06-28,,0,Омск,Продажи,Команда 06,56,Дневная,88.85,7.02,0,0,93.52,77.28,79.67,4.54,60.29,1,0,
SYN-01753,2026-03-10,2022-08-28,,0,Москва,Продажи,Команда 09,43,Дневная,102.04,21.24,2,2,86.7,74.63,96.29,4.31,68.35,0,2.2,
SYN-01754,2025-09-02,2024-08-08,2025-11-12,1,Москва,Поддержка,Команда 02,13,Смешанная,69.44,16.2,14,12,71.35,78.73,76.64,4.66,72.02,0,3.77,Смена работодателя
SYN-01755,2025-02-01,2023-12-09,,0,Омск,Поддержка,Команда 09,14,Дневная,110.35,24.76,0,0,97.29,100,91.86,4.79,57.68,0,22.28,
SYN-01756,2025-09-02,2023-03-17,,0,Казань,Удержание,Команда 05,30,Ночная,98.69,21.88,0,0,99.43,70.08,94.39,4.16,70.02,0,7.46,
SYN-01757,2025-01-12,2022-09-25,,0,Казань,Поддержка,Команда 10,28,Дневная,100.02,16.56,1,0,89.14,66.04,82.49,4.62,53.36,0,7.69,
SYN-01758,2024-08-09,2020-10-29,,0,Москва,Продажи,Команда 05,46,Смешанная,85.59,10.08,0,3,94.4,92.95,76.35,4.15,58.91,0,1.26,
SYN-01759,2026-03-17,2024-03-27,,0,Казань,Продажи,Команда 06,24,Дневная,124.58,27.04,0,1,97.63,81.02,70.8,4.19,67.15,0,7.18,
SYN-01760,2024-11-04,2021-11-20,,0,Омск,Удержание,Команда 03,36,Дневная,82.51,7.3,6,0,89.28,72.62,89.76,4.4,69.73,0,7.02,
SYN-01761,2024-10-10,2020-04-04,,0,Москва,Удержание,Команда 08,55,Смешанная,95.11,21.47,4,1,89.8,66.35,85.17,4.62,76.21,0,8.32,
SYN-01762,2024-05-07,2020-02-28,,0,Москва,Продажи,Команда 10,51,Дневная,99.8,23.51,1,0,86.15,62.77,92.94,4.13,56.59,0,15.31,
SYN-01763,2024-07-09,2020-09-28,,0,Казань,Поддержка,Команда 12,46,Смешанная,68.64,22.96,3,0,87.51,87.63,84.95,4.88,51.02,1,5.29,
SYN-01764,2024-12-09,2021-04-29,,0,Омск,Поддержка,Команда 07,44,Смешанная,93.79,12.87,0,2,90.69,100,81.91,4.18,60.83,0,10.83,
SYN-01765,2025-02-21,2024-12-23,,0,Москва,Поддержка,Команда 09,2,Дневная,80.1,18.16,0,1,97.36,80.49,86.25,4.41,56.42,0,3.7,
SYN-01766,2025-04-21,2024-11-22,,0,Москва,Удержание,Команда 02,5,Дневная,73.19,11.32,1,0,95.37,66.07,82.28,4.96,60.11,1,6.19,
SYN-01767,2024-10-21,2024-07-23,,0,Казань,Продажи,Команда 06,3,Дневная,94.89,11.17,2,0,93.09,82.75,75.83,4.38,70.64,0,12.84,
SYN-01768,2024-08-17,2023-12-21,,0,Москва,Поддержка,Команда 10,8,Смешанная,87.45,13.73,12,2,73.18,76.08,81.2,4.51,63.33,0,4.69,
SYN-01769,2025-10-18,2024-09-23,2025-12-21,1,Москва,Продажи,Команда 06,13,Смешанная,99.61,6.05,1,0,89.4,69.87,91.76,4.37,55.75,0,0,Смена графика
SYN-01770,2024-04-09,2021-03-26,,0,Омск,Удержание,Команда 12,37,Ночная,81.11,22.48,0,5,87.68,71.18,93.35,4.29,63.46,0,0,
SYN-01771,2025-12-19,2023-10-31,,0,Омск,Поддержка,Команда 12,26,Ночная,73.89,14.45,1,0,81.01,69.13,85.83,4.84,67.85,0,9.84,
SYN-01772,2024-04-03,2020-11-20,2024-05-10,1,Омск,Продажи,Команда 09,41,Дневная,74.36,0,1,1,90.26,80.38,91.29,4.33,69.73,0,3.37,Смена работодателя
SYN-01773,2025-11-10,2025-03-15,,0,Казань,Продажи,Команда 08,8,Ночная,91.95,25.24,3,0,94.22,77.69,91.49,3.77,67.49,0,10.83,
SYN-01774,2024-06-17,2022-11-25,2024-06-30,1,Омск,Удержание,Команда 10,19,Дневная,74.11,5.61,2,0,88.81,98.83,92.36,4.14,60.78,0,9.09,Личные причины
SYN-01775,2024-07-09,2021-09-23,2024-09-06,1,Казань,Удержание,Команда 08,34,Дневная,85.72,11.27,0,3,91.15,69.83,80.02,4.67,68.47,0,11.97,Личные причины
SYN-01776,2025-05-19,2024-09-21,2025-08-13,1,Омск,Удержание,Команда 06,8,Смешанная,77.98,5.21,1,0,98.32,65.36,73.67,4.3,65.66,0,6.49,Смена графика
SYN-01777,2025-03-17,2023-05-27,,0,Москва,Удержание,Команда 08,22,Ночная,98.99,11.78,6,0,85.9,81.71,80.31,4.31,63.88,0,17.99,
SYN-01778,2025-08-15,2023-11-24,2025-09-11,1,Казань,Продажи,Команда 01,21,Дневная,93.9,20.49,4,0,93.9,92.04,80.55,4.46,43.84,1,1.49,Низкая вовлечённость
SYN-01779,2024-05-06,2022-02-16,,0,Казань,Удержание,Команда 06,27,Смешанная,70.8,0,0,2,96.99,62.52,75.16,4.55,84.81,0,6.31,
SYN-01780,2024-03-03,2023-08-06,,0,Омск,Удержание,Команда 12,7,Ночная,92.15,15.06,1,0,92.88,92.82,88.91,4.79,58.56,0,3.98,
SYN-01781,2025-07-16,2023-11-24,,0,Казань,Удержание,Команда 08,20,Дневная,108.67,11.51,0,0,94.38,77.99,74.46,4.32,80.39,0,3.74,
SYN-01782,2024-05-01,2020-02-22,,0,Казань,Поддержка,Команда 04,51,Ночная,98.97,31.74,1,0,84.6,75.48,94.3,4.73,74.99,0,12.61,
SYN-01783,2025-10-05,2022-02-23,2025-10-27,1,Омск,Продажи,Команда 07,44,Дневная,68.28,21.6,2,0,94.72,90.82,82.76,4.71,67.34,0,8.45,Личные причины
SYN-01784,2025-07-04,2024-06-09,,0,Омск,Удержание,Команда 11,13,Смешанная,100.92,9.68,2,1,84.78,82.38,83.17,4.17,66.9,0,6.48,
SYN-01785,2025-09-11,2024-07-18,2025-10-24,1,Омск,Продажи,Команда 03,14,Ночная,110.32,0,12,0,74.01,86.88,86.17,4.4,57.74,0,7.79,Смена графика
SYN-01786,2026-03-17,2024-04-26,,0,Омск,Поддержка,Команда 04,23,Дневная,86.83,20.72,5,0,86.36,78.34,74.15,4.15,54.14,0,1.35,
SYN-01787,2025-02-14,2024-01-21,2025-04-22,1,Омск,Удержание,Команда 03,13,Ночная,88.54,7.19,0,9,87.6,69.13,88.38,4.37,87.82,0,13.42,Личные причины
SYN-01788,2025-11-19,2023-12-30,,0,Москва,Удержание,Команда 02,23,Смешанная,69.9,6.7,0,2,97.71,90.26,92.56,5,69.11,0,11.56,
SYN-01789,2025-11-17,2021-11-08,,0,Омск,Удержание,Команда 06,49,Ночная,87.95,18.22,4,1,84.43,79.92,76.35,4.58,66.22,0,3.24,
SYN-01790,2026-03-13,2023-11-24,,0,Москва,Поддержка,Команда 05,28,Смешанная,84.0,0,7,3,80.55,70.89,70.22,4.21,58.12,0,13.86,
SYN-01791,2024-01-21,2020-09-08,,0,Омск,Поддержка,Команда 02,41,Дневная,103.18,21.53,5,6,86.6,85.82,89.88,3.85,55.49,0,0.68,
SYN-01792,2025-05-14,2025-02-13,,0,Москва,Удержание,Команда 05,3,Дневная,94.21,19.82,0,0,89.74,77.95,89.42,4.08,51.84,1,0,
SYN-01793,2025-12-09,2024-05-18,2026-02-06,1,Москва,Поддержка,Команда 07,19,Ночная,83.24,24.31,0,1,97.1,85.72,86.94,4.16,64.9,1,5.08,Высокая нагрузка
SYN-01794,2025-12-20,2022-10-07,,0,Омск,Удержание,Команда 12,39,Смешанная,91.83,10.33,14,1,78.6,70.2,89.09,4.49,63.31,0,10.84,
SYN-01795,2025-10-01,2022-06-19,,0,Казань,Удержание,Команда 03,40,Дневная,96.22,11.54,3,4,94.03,91.38,75.53,3.88,67.47,0,5.4,
SYN-01796,2024-06-05,2024-04-06,,0,Омск,Поддержка,Команда 07,2,Дневная,86.96,12.1,0,0,89.93,72.82,100,4.05,75.77,0,4.24,
SYN-01797,2024-09-21,2024-07-23,,0,Москва,Удержание,Команда 10,2,Дневная,86.98,11.35,3,0,92.01,73.2,76.94,4.11,56.44,0,1.15,
SYN-01798,2024-04-21,2019-10-15,2024-06-05,1,Омск,Удержание,Команда 07,55,Дневная,61.34,11.22,1,0,100,77.8,85.45,4.28,77.95,0,19.03,Смена работодателя
SYN-01799,2024-05-07,2023-11-09,,0,Казань,Удержание,Команда 11,6,Дневная,77.6,16.75,0,1,87.4,84.17,85.15,4.28,100,0,4.56,
SYN-01800,2025-01-15,2022-01-01,,0,Москва,Продажи,Команда 09,37,Дневная,134.04,28.51,5,2,81.84,62.84,83.3,4.44,52.94,0,10.14,
SYN-01801,2024-11-04,2024-10-05,,0,Омск,Продажи,Команда 01,1,Дневная,96.95,21.85,0,3,91.7,86.31,80.5,4.27,59.57,0,11.09,
SYN-01802,2025-11-11,2022-07-30,,0,Казань,Продажи,Команда 03,40,Дневная,89.96,4.24,0,0,100,85.7,89.15,4.39,66.33,0,0,
SYN-01803,2025-02-19,2023-01-01,,0,Омск,Удержание,Команда 10,26,Ночная,55.9,17.2,5,1,89.18,91.33,100,4.0,68.33,0,0.73,
SYN-01804,2025-07-10,2024-02-16,,0,Омск,Поддержка,Команда 11,17,Смешанная,56.78,11.9,2,1,83.9,78.08,89.87,4.04,66.49,0,4.05,
SYN-01805,2025-01-19,2020-02-15,,0,Казань,Удержание,Команда 01,60,Дневная,68.22,20.23,1,0,92.18,78.01,84.86,4.19,68.15,0,1.35,
SYN-01806,2026-03-09,2024-02-18,,0,Омск,Поддержка,Команда 07,25,Дневная,92.08,15.09,2,0,84.73,80.96,82.72,4.51,94.07,0,3.57,
SYN-01807,2025-07-18,2022-03-06,,0,Казань,Продажи,Команда 12,41,Смешанная,84.51,10.81,4,5,87.47,82.8,78.41,4.13,69.25,0,5.12,
SYN-01808,2024-06-01,2022-06-12,,0,Омск,Удержание,Команда 06,24,Дневная,92.42,19.06,0,0,93.78,89.72,86.43,4.77,69.14,0,6.68,
SYN-01809,2025-11-11,2025-10-12,,0,Омск,Поддержка,Команда 04,1,Ночная,62.84,14.83,1,0,90.22,85.2,85.94,4.71,74.05,0,6.49,
SYN-01810,2024-12-08,2021-09-25,,0,Москва,Продажи,Команда 11,39,Дневная,74.05,20.06,2,0,92.83,88.81,85.61,4.57,40.73,1,9.38,
SYN-01811,2024-10-16,2024-07-18,,0,Москва,Поддержка,Команда 02,3,Дневная,86.79,0.2,4,3,91.59,76.82,88.43,4.18,69.56,0,10.59,
SYN-01812,2024-07-21,2022-09-30,,0,Омск,Продажи,Команда 12,22,Дневная,94.64,2.96,4,0,84.22,99.48,76.66,4.36,35.15,0,2.84,
SYN-01813,2024-08-21,2023-09-26,,0,Казань,Удержание,Команда 01,11,Дневная,104.49,14.63,0,0,93.74,76.19,91.69,4.7,78.4,0,8.88,
SYN-01814,2025-08-16,2021-04-09,,0,Казань,Продажи,Команда 06,53,Смешанная,107.72,15.04,2,4,88.69,73.61,90.34,4.24,77.64,0,10.05,
SYN-01815,2025-08-17,2023-04-30,,0,Казань,Продажи,Команда 06,28,Смешанная,90.16,13.62,1,0,96.04,76.6,79.17,4.43,60.98,0,2.22,
SYN-01816,2025-06-12,2023-09-21,2025-08-18,1,Омск,Удержание,Команда 09,21,Смешанная,115.28,10.96,0,1,92.48,65.34,91.33,4.22,78.18,0,5.91,Смена графика
SYN-01817,2024-09-18,2020-07-11,2024-11-14,1,Казань,Удержание,Команда 07,51,Смешанная,102.49,17.74,11,0,74.84,82.68,76.4,4.55,60.48,0,5.58,Смена графика
SYN-01818,2025-05-04,2023-06-14,,0,Омск,Продажи,Команда 01,23,Дневная,85.28,12.79,0,1,99.0,79.88,69.7,4.34,72.89,0,6.01,
SYN-01819,2026-03-04,2021-07-28,,0,Москва,Удержание,Команда 10,56,Смешанная,100.49,17.41,0,1,88.77,87.76,86.02,4.28,78.97,0,1.7,
SYN-01820,2024-09-14,2023-11-19,,0,Москва,Удержание,Команда 02,10,Дневная,86.23,0.57,0,1,89.48,68.72,87.9,4.21,74.58,0,0,
SYN-01821,2025-09-01,2020-11-26,,0,Москва,Поддержка,Команда 09,58,Ночная,76.41,17.02,0,0,96.87,89.91,79.03,4.73,32.33,1,12.55,
SYN-01822,2024-04-14,2023-04-20,,0,Омск,Удержание,Команда 03,12,Смешанная,88.77,3.67,5,0,82.36,69.08,83.6,4.68,59.94,1,2.78,
SYN-01823,2024-11-18,2021-10-05,,0,Омск,Поддержка,Команда 10,38,Ночная,70.2,2.84,7,3,82.34,76.3,79.38,4.37,73.1,0,15.81,
SYN-01824,2025-01-15,2024-03-21,2025-03-24,1,Омск,Поддержка,Команда 05,10,Дневная,105.69,11.78,6,0,85.83,93.5,87.96,4.19,66.57,0,6.52,Смена работодателя
SYN-01825,2024-11-02,2024-09-03,2024-11-30,1,Казань,Поддержка,Команда 12,2,Смешанная,97.59,21.85,5,1,87.91,85.63,84.89,4.53,25.65,1,10.62,Низкая вовлечённость
SYN-01826,2024-11-05,2020-08-28,,0,Москва,Продажи,Команда 11,51,Ночная,87.56,11.24,5,3,80.34,81.38,86.26,4.5,51.82,0,2.21,
SYN-01827,2024-11-20,2022-09-02,,0,Казань,Поддержка,Команда 05,27,Смешанная,108.58,7.48,2,1,96.46,80.92,81.73,4.1,65.82,0,3.54,
SYN-01828,2024-05-09,2021-10-22,,0,Омск,Поддержка,Команда 06,31,Дневная,106.81,12.71,0,1,86.89,74.74,82.25,4.32,59.3,1,15.08,
SYN-01829,2024-09-18,2022-05-02,,0,Москва,Удержание,Команда 08,29,Смешанная,78.1,22.26,0,0,89.78,87.67,75.97,4.35,79.25,0,3.77,
SYN-01830,2024-10-16,2020-06-09,,0,Казань,Продажи,Команда 12,53,Дневная,88.53,4.04,1,0,88.61,89.46,82.81,4.24,73.02,0,4.11,
SYN-01831,2024-10-13,2023-11-18,,0,Омск,Удержание,Команда 10,11,Смешанная,107.49,1.84,0,0,91.14,75.03,90.43,4.41,59.64,1,14.19,
SYN-01832,2025-12-17,2024-09-23,,0,Казань,Поддержка,Команда 06,15,Ночная,85.6,3.74,2,1,90.38,91.01,67.52,4.07,71.99,0,7.43,
SYN-01833,2024-04-03,2019-04-30,,0,Казань,Удержание,Команда 11,60,Ночная,90.36,2.63,7,1,76.26,97.09,65.47,3.76,88.87,0,4.46,
SYN-01834,2025-06-13,2020-10-07,,0,Омск,Удержание,Команда 02,57,Дневная,85.16,1.44,0,0,100,67.5,96.73,4.05,70.35,0,5.45,
SYN-01835,2025-05-15,2023-01-26,,0,Омск,Удержание,Команда 05,28,Смешанная,71.23,12.01,0,0,89.41,84.56,85.81,5,46.36,0,11.77,
SYN-01836,2025-10-15,2022-05-04,2025-12-02,1,Казань,Продажи,Команда 05,42,Смешанная,90.47,9.19,2,1,95.14,86.36,70.27,4.31,59.46,0,4.8,Личные причины
SYN-01837,2024-03-04,2023-06-08,,0,Омск,Поддержка,Команда 04,9,Дневная,95.79,5.66,2,1,87.63,74.79,78.9,4.82,97.29,0,13.6,
SYN-01838,2024-02-15,2021-05-01,,0,Москва,Поддержка,Команда 02,34,Дневная,52.91,13.74,4,0,86.77,89.73,82.15,4.42,65.72,0,10.08,
SYN-01839,2024-03-18,2021-01-03,2024-06-04,1,Казань,Продажи,Команда 05,39,Смешанная,104.28,20.74,4,1,80.46,72.58,94.39,4.32,78.83,0,11.22,Личные причины
SYN-01840,2024-09-06,2022-09-17,,0,Омск,Удержание,Команда 01,24,Ночная,88.79,8.23,2,1,86.27,81.02,80.15,4.17,92.63,0,9.9,
SYN-01841,2026-03-13,2022-05-03,,0,Казань,Удержание,Команда 12,47,Дневная,99.92,0.95,0,0,91.42,68.49,95.79,4.38,78.04,0,4.83,
SYN-01842,2026-02-13,2023-03-01,,0,Казань,Продажи,Команда 03,36,Дневная,106.11,8.4,5,1,85.08,77.19,82.57,4.51,60.31,0,3.63,
SYN-01843,2025-09-03,2023-07-16,,0,Омск,Продажи,Команда 10,26,Ночная,91.36,16.44,5,7,79.79,76.4,75.6,4.39,66.43,0,8.78,
SYN-01844,2026-03-12,2025-08-14,,0,Москва,Поддержка,Команда 02,7,Дневная,89.08,18.69,2,0,86.05,89.99,80.34,5,65.8,0,0.3,
SYN-01845,2026-01-11,2022-07-01,,0,Москва,Продажи,Команда 02,43,Ночная,116.13,23.3,1,0,91.0,75.87,93.75,4.43,67.01,0,5.21,
SYN-01846,2025-04-10,2022-05-26,,0,Омск,Продажи,Команда 04,35,Дневная,87.85,27.4,4,5,82.45,93.19,86.92,4.59,35.08,1,4.77,
SYN-01847,2024-02-18,2023-08-22,2024-03-27,1,Омск,Поддержка,Команда 12,6,Смешанная,102.75,11.07,0,1,89.78,94.52,81.0,4.17,80.02,0,7.31,Смена графика
SYN-01848,2024-11-04,2023-02-13,,0,Казань,Поддержка,Команда 04,21,Смешанная,108.2,18.39,1,0,95.8,85.37,76.21,4.08,56.47,0,7.28,
SYN-01849,2024-09-20,2024-04-23,,0,Казань,Удержание,Команда 01,5,Дневная,84.17,22.22,7,1,86.79,74.41,75.18,4.46,67.94,1,0,
SYN-01850,2025-11-19,2023-11-30,2025-12-30,1,Омск,Удержание,Команда 12,24,Дневная,110.03,19.29,6,2,90.89,76.81,82.07,4.5,59.22,0,6.87,Смена работодателя
SYN-01851,2025-09-15,2021-01-09,,0,Казань,Поддержка,Команда 07,57,Дневная,75.77,6.69,0,0,96.39,73.34,80.71,4.59,80.02,0,2.89,
SYN-01852,2024-03-19,2023-09-21,,0,Омск,Поддержка,Команда 04,6,Смешанная,86.76,5.71,0,2,91.83,93.46,91.26,4.35,75.62,0,13.65,
SYN-01853,2025-06-17,2021-09-06,,0,Москва,Удержание,Команда 07,46,Дневная,80.92,1.44,2,2,94.25,76.2,83.83,4.29,44.14,0,4.6,
SYN-01854,2024-07-18,2021-06-04,,0,Казань,Поддержка,Команда 07,38,Дневная,87.09,5.46,1,3,90.85,89.06,85.3,4.73,73.23,0,1.32,
SYN-01855,2025-12-17,2024-11-22,,0,Москва,Поддержка,Команда 06,13,Смешанная,92.54,13.44,3,0,85.05,87.32,87.53,4.26,81.56,0,8.86,
SYN-01856,2024-01-21,2023-08-24,,0,Казань,Поддержка,Команда 01,5,Ночная,90.1,14.98,5,5,82.97,88.05,89.12,4.24,65.75,0,7.21,
SYN-01857,2024-04-09,2023-10-12,2024-06-20,1,Омск,Удержание,Команда 10,6,Ночная,77.91,21.34,3,0,89.36,75.69,88.54,4.42,33.11,0,11.13,Низкая вовлечённость
SYN-01858,2026-02-02,2024-12-09,2026-04-19,1,Омск,Продажи,Команда 08,14,Дневная,92.85,17.95,13,0,73.65,98.93,67.72,4.45,74.3,0,0.99,Несоответствие требованиям
SYN-01859,2025-10-02,2024-09-07,,0,Омск,Поддержка,Команда 03,13,Дневная,83.01,10.72,5,8,81.61,85.78,85.08,3.96,97.87,1,9.66,
SYN-01860,2024-10-17,2023-11-22,,0,Казань,Удержание,Команда 08,11,Смешанная,64.78,6.01,3,1,88.87,72.36,83.76,3.93,54.32,0,6.3,
SYN-01861,2025-09-05,2023-08-17,,0,Омск,Продажи,Команда 08,25,Дневная,88.43,19.19,1,3,86.89,62.52,77.91,4.36,81.79,1,10.22,
SYN-01862,2025-06-15,2025-03-17,,0,Казань,Поддержка,Команда 05,3,Смешанная,80.65,10.4,0,2,93.06,69.49,89.02,4.28,58.38,0,8.76,
SYN-01863,2024-07-16,2020-11-04,,0,Москва,Поддержка,Команда 09,45,Смешанная,80.57,19.42,1,0,95.44,67.75,78.72,4.02,56.37,0,0,
SYN-01864,2024-04-16,2023-07-21,,0,Омск,Поддержка,Команда 04,9,Дневная,83.8,3.69,4,1,92.04,82.71,87.46,4.25,38.01,1,6.8,
SYN-01865,2024-08-14,2024-01-17,,0,Москва,Продажи,Команда 01,7,Смешанная,92.64,12.92,2,1,89.69,60.25,75.84,4.16,53.08,0,9.03,
SYN-01866,2024-12-11,2024-08-13,,0,Омск,Продажи,Команда 06,4,Дневная,107.01,22.29,2,0,94.72,73.72,82.67,4.05,69.56,0,4.6,
SYN-01867,2024-08-18,2021-05-06,,0,Казань,Удержание,Команда 08,40,Смешанная,85.65,9.22,2,0,92.26,80.07,84.87,3.66,68.87,0,2.34,
SYN-01868,2026-02-06,2022-04-28,2026-05-05,1,Москва,Поддержка,Команда 12,46,Дневная,87.94,10.44,9,0,84.92,71.57,87.89,3.8,60.65,0,6.91,Смена графика
SYN-01869,2024-07-03,2020-12-21,,0,Казань,Поддержка,Команда 07,43,Ночная,81.97,0,0,0,95.86,75.89,86.34,3.72,89.51,0,10.85,
SYN-01870,2024-03-07,2021-06-21,2024-05-09,1,Омск,Поддержка,Команда 04,33,Смешанная,99.31,8.31,3,0,92.97,73.04,82.49,4.36,63.87,0,0,Смена работодателя
SYN-01871,2024-01-02,2021-04-17,,0,Омск,Поддержка,Команда 12,33,Смешанная,83.07,12.2,2,0,92.63,79.13,85.49,3.93,53.97,0,11.8,
SYN-01872,2024-05-15,2022-10-23,,0,Москва,Продажи,Команда 08,19,Дневная,92.96,24.26,3,2,83.55,71.84,88.76,4.73,62.55,0,6.05,
SYN-01873,2024-07-18,2020-09-07,,0,Москва,Поддержка,Команда 12,47,Дневная,89.1,12.38,1,4,89.39,74.34,77.61,3.82,84.58,0,7.04,
SYN-01874,2024-08-07,2021-08-23,,0,Казань,Поддержка,Команда 02,36,Дневная,83.2,8.05,0,0,91.1,78.83,84.93,4.44,86.2,0,10.07,
SYN-01875,2024-02-06,2022-06-16,,0,Москва,Удержание,Команда 03,20,Дневная,92.73,14.23,1,0,90.81,87.93,76.39,4.65,58.42,0,10.92,
SYN-01876,2025-04-11,2024-04-16,,0,Казань,Удержание,Команда 08,12,Дневная,98.51,0,2,0,98.95,72.02,84.23,4.32,62.12,0,3.61,
SYN-01877,2024-12-04,2020-09-26,,0,Казань,Поддержка,Команда 12,51,Ночная,93.47,21.37,3,1,86.47,84.37,98.93,4.41,51.79,0,5.46,
SYN-01878,2025-01-17,2023-02-27,,0,Москва,Продажи,Команда 07,23,Смешанная,95.72,1.67,0,4,91.76,93.13,88.66,4.1,86.28,0,6.6,
SYN-01879,2024-01-02,2021-07-16,,0,Омск,Удержание,Команда 04,30,Ночная,116.59,0.76,4,2,89.64,76.68,91.12,4.13,78.26,0,10.84,
SYN-01880,2024-08-08,2021-07-25,,0,Омск,Поддержка,Команда 03,37,Ночная,107.69,13.42,0,2,92.43,72.21,76.16,4.36,76.8,0,17.15,
SYN-01881,2024-10-14,2024-02-17,,0,Москва,Продажи,Команда 02,8,Ночная,105.42,13.61,0,0,91.45,72.34,96.39,4.48,91.53,0,15.04,
SYN-01882,2026-02-08,2022-12-26,,0,Москва,Продажи,Команда 09,38,Дневная,92.08,9.79,7,6,77.85,64.1,88.26,4.07,52.56,0,5.92,
SYN-01883,2025-11-15,2022-01-05,,0,Москва,Удержание,Команда 01,47,Ночная,99.29,7.17,1,0,94.91,80.32,85.62,3.82,84.05,0,5.49,
SYN-01884,2025-07-14,2021-04-06,,0,Москва,Поддержка,Команда 07,52,Ночная,114.13,8.51,3,0,90.06,89.57,80.11,3.97,85.15,0,6.78,
SYN-01885,2025-12-21,2023-12-02,,0,Казань,Поддержка,Команда 03,25,Дневная,89.2,8.54,6,4,81.23,80.89,81.29,4.2,85.25,0,0,
SYN-01886,2024-10-07,2023-11-12,,0,Омск,Продажи,Команда 08,11,Дневная,99.32,6.75,3,0,86.65,77.63,82.38,4.48,68.58,0,6.01,
SYN-01887,2024-07-19,2023-12-22,,0,Казань,Удержание,Команда 05,7,Ночная,77.11,11.89,2,2,88.89,80.81,89.37,4.9,65.5,0,6.53,
SYN-01888,2024-04-09,2023-02-14,,0,Омск,Продажи,Команда 03,14,Смешанная,98.4,16.53,0,1,82.92,70.85,79.57,4.62,71.25,0,10.29,
SYN-01889,2026-01-15,2023-01-01,2026-02-04,1,Москва,Продажи,Команда 01,37,Смешанная,79.91,16.83,1,4,92.44,83.74,98.69,4.8,53.02,0,11.49,Низкая вовлечённость
SYN-01890,2024-06-04,2021-08-19,,0,Казань,Удержание,Команда 08,34,Ночная,88.56,11.89,2,2,92.32,84.37,86.51,4.78,61.77,0,11.11,
SYN-01891,2026-03-19,2025-03-24,,0,Москва,Удержание,Команда 05,12,Смешанная,83.76,6.84,2,0,95.74,69.7,71.22,3.65,54.05,1,8.92,
SYN-01892,2026-02-17,2023-02-03,,0,Казань,Удержание,Команда 07,37,Ночная,111.36,10.4,2,0,90.85,74.38,80.5,4.51,76.26,0,3.13,
SYN-01893,2026-02-13,2023-07-29,,0,Омск,Поддержка,Команда 06,31,Дневная,83.53,19.47,1,1,86.56,94.14,89.17,4.41,52.92,0,6.77,
SYN-01894,2025-06-17,2023-06-28,2025-07-15,1,Омск,Продажи,Команда 07,24,Дневная,90.02,10.2,1,1,90.54,76.58,72.13,4.43,78.75,1,12.26,Личные причины
SYN-01895,2024-07-01,2021-06-17,2024-08-31,1,Омск,Удержание,Команда 01,37,Смешанная,87.38,5.88,0,1,95.92,68.59,88.37,4.84,77.43,0,7.06,Смена работодателя
SYN-01896,2024-02-10,2022-07-20,2024-02-22,1,Казань,Удержание,Команда 10,19,Дневная,81.63,12.88,5,2,86.8,83.32,94.08,4.45,41.76,1,7.73,Низкая вовлечённость
SYN-01897,2025-04-18,2024-08-21,,0,Омск,Удержание,Команда 11,8,Дневная,68.32,21.57,0,2,93.56,74.07,86.54,4.25,80.32,0,0.82,
SYN-01898,2025-08-05,2022-07-22,,0,Москва,Продажи,Команда 12,37,Дневная,99.6,9.14,2,1,83.68,76.21,97.66,4.45,65.45,0,7.82,
SYN-01899,2026-01-07,2022-03-29,,0,Казань,Удержание,Команда 07,46,Смешанная,89.62,6.0,0,2,89.43,73.5,84.84,4.22,78.85,0,7.18,
SYN-01900,2026-02-03,2021-07-29,,0,Казань,Продажи,Команда 12,55,Дневная,84.06,6.53,2,0,95.48,91.08,68.3,4.06,75.72,0,8.31,
SYN-01901,2025-03-08,2022-04-23,,0,Казань,Продажи,Команда 10,35,Дневная,101.83,17.93,7,1,74.25,83.99,85.89,4.03,90.26,0,13.42,
SYN-01902,2024-04-15,2023-08-19,,0,Омск,Продажи,Команда 10,8,Смешанная,97.94,12.94,1,1,98.88,92.72,94.64,4.16,61.79,0,9.07,
SYN-01903,2026-03-06,2025-05-10,2026-03-24,1,Москва,Удержание,Команда 11,10,Дневная,80.44,16.95,1,1,90.92,66.21,78.3,4.5,69.71,0,8.59,Смена графика
SYN-01904,2025-01-05,2023-10-13,,0,Москва,Продажи,Команда 09,15,Дневная,60.1,11.9,2,0,90.75,82.07,86.82,4.04,47.77,1,5.39,
SYN-01905,2024-08-21,2019-11-16,,0,Казань,Поддержка,Команда 11,58,Ночная,103.15,5.33,13,1,77.85,83.99,88.41,4.09,61.24,0,5.9,
SYN-01906,2025-01-05,2022-05-21,,0,Казань,Удержание,Команда 03,32,Ночная,89.25,19.56,2,0,89.99,99.18,82.51,3.66,82.05,0,3.08,
SYN-01907,2024-06-10,2021-08-25,,0,Омск,Поддержка,Команда 01,34,Дневная,80.57,1.46,4,4,93.39,84.02,94.81,5,54.2,0,8.04,
SYN-01908,2025-08-14,2021-02-06,,0,Москва,Продажи,Команда 10,55,Дневная,124.38,25.42,1,3,87.36,66.05,84.32,4.66,49.64,0,13.83,
SYN-01909,2024-12-11,2024-10-12,,0,Омск,Продажи,Команда 03,2,Дневная,81.32,12.08,5,1,84.02,91.55,90.24,4.05,58.12,0,8.52,
SYN-01910,2024-10-04,2023-07-12,,0,Омск,Удержание,Команда 02,15,Дневная,73.56,16.14,3,1,85.21,85.82,86.57,4.31,50.82,0,5.75,
SYN-01911,2025-12-09,2024-04-18,2026-01-29,1,Москва,Поддержка,Команда 11,20,Смешанная,87.77,3.56,0,3,93.25,81.46,77.99,4.35,76.45,0,3.54,Смена работодателя
SYN-01912,2025-03-16,2021-09-03,2025-05-15,1,Казань,Поддержка,Команда 03,43,Дневная,104.29,22.55,1,0,87.03,75.97,83.11,4.36,77.14,0,17.47,Личные причины
SYN-01913,2024-01-21,2023-08-24,,0,Москва,Продажи,Команда 08,5,Дневная,95.77,10.68,2,2,92.92,77.35,89.33,3.91,51.78,1,9.34,
SYN-01914,2024-02-02,2019-05-29,,0,Казань,Удержание,Команда 05,57,Смешанная,87.51,2.76,1,1,88.79,74.53,72.97,4.21,65.25,0,15.74,
SYN-01915,2025-03-03,2020-05-28,,0,Казань,Удержание,Команда 06,58,Дневная,88.39,0,1,0,87.46,86.08,85.16,4.46,79.52,0,11.86,
SYN-01916,2024-07-16,2024-06-16,,0,Казань,Продажи,Команда 04,1,Дневная,93.81,1.07,0,0,96.34,82.01,92.46,4.55,50.97,0,4.74,
SYN-01917,2026-03-19,2025-11-19,,0,Москва,Удержание,Команда 07,4,Дневная,77.12,14.44,1,2,85.29,89.06,72.93,4.58,83.56,0,8.15,
SYN-01918,2024-03-08,2022-10-15,2024-03-31,1,Москва,Продажи,Команда 04,17,Дневная,83.93,18.59,4,5,81.99,78.94,84.13,4.44,73.82,0,17.18,Личные причины
SYN-01919,2025-02-13,2023-09-22,,0,Москва,Поддержка,Команда 06,17,Смешанная,77.73,9.0,4,3,84.83,73.66,87.13,3.73,81.56,0,14.64,
SYN-01920,2026-02-07,2025-05-13,,0,Омск,Продажи,Команда 08,9,Смешанная,92.13,11.35,0,0,98.24,72.18,92.57,4.51,74.59,0,10.14,
SYN-01921,2024-09-04,2021-07-22,,0,Казань,Продажи,Команда 11,38,Дневная,101.56,9.97,0,1,93.43,78.27,80.71,3.96,73.52,0,13.09,
SYN-01922,2024-10-21,2022-07-04,,0,Казань,Поддержка,Команда 03,28,Дневная,80.78,7.69,1,1,97.04,74.62,90.53,5,99.24,0,5.22,
SYN-01923,2025-01-17,2024-09-19,,0,Омск,Поддержка,Команда 06,4,Дневная,99.23,3.56,2,1,87.05,78.9,100,5,79.76,0,16.62,
SYN-01924,2025-02-06,2022-10-20,2025-02-21,1,Омск,Продажи,Команда 04,28,Дневная,97.56,13.69,2,2,85.76,80.52,69.95,4.04,59.9,0,0,Несоответствие требованиям
SYN-01925,2025-07-19,2025-04-20,2025-07-27,1,Омск,Удержание,Команда 06,3,Смешанная,71.9,13.0,0,1,92.86,70.85,90.94,4.14,77.86,1,8.81,Личные причины
SYN-01926,2024-09-01,2024-03-05,,0,Омск,Поддержка,Команда 08,6,Смешанная,94.09,3.86,2,1,91.49,93.58,89.07,4.3,90.93,0,9.26,
SYN-01927,2025-12-21,2022-03-12,,0,Омск,Поддержка,Команда 08,46,Дневная,86.04,11.41,1,0,90.35,61.76,85.98,4.38,70.4,0,2.9,
SYN-01928,2024-12-05,2022-01-20,,0,Омск,Удержание,Команда 06,35,Смешанная,74.74,15.07,0,0,90.33,83.14,74.47,5,65.62,0,4.21,
SYN-01929,2025-06-04,2023-04-16,,0,Омск,Поддержка,Команда 02,26,Дневная,65.78,5.57,0,1,90.52,89.84,82.04,4.58,73.29,0,8.53,
SYN-01930,2025-02-02,2020-10-26,,0,Казань,Продажи,Команда 01,52,Ночная,112.61,15.8,4,3,85.69,82.35,94.16,4.32,73.89,0,1.76,
SYN-01931,2025-12-19,2025-05-23,,0,Москва,Продажи,Команда 05,7,Дневная,122.24,16.38,1,2,81.31,71.7,87.24,4.41,57.96,0,11.61,
SYN-01932,2025-09-20,2020-12-15,2025-12-15,1,Омск,Продажи,Команда 09,58,Дневная,86.28,9.06,2,5,86.98,83.59,79.36,4.28,57.8,0,10.16,Смена работодателя
SYN-01933,2024-10-05,2020-11-25,,0,Омск,Поддержка,Команда 08,47,Дневная,66.0,11.89,2,0,91.61,65.62,87.24,4.49,70.4,0,14.43,
SYN-01934,2026-02-06,2023-07-22,,0,Омск,Удержание,Команда 02,31,Дневная,67.13,12.05,1,3,92.99,92.95,81.17,4.69,73.85,0,5.31,
SYN-01935,2024-08-06,2023-07-13,,0,Омск,Продажи,Команда 07,13,Смешанная,86.88,17.84,4,3,91.72,89.27,84.11,4.98,55.38,0,11.7,
SYN-01936,2024-03-06,2022-03-17,,0,Омск,Поддержка,Команда 12,24,Дневная,87.83,20.84,1,1,90.63,75.46,99.96,4.54,70.99,0,0,
SYN-01937,2026-03-20,2025-12-20,2026-04-04,1,Москва,Поддержка,Команда 02,3,Дневная,76.52,17.64,3,2,85.78,92.45,87.44,4.73,64.64,0,11.13,Смена работодателя
SYN-01938,2026-02-17,2021-08-12,,0,Москва,Поддержка,Команда 01,55,Дневная,119.59,14.22,3,0,87.36,62.33,73.65,4.16,51.82,0,0,
SYN-01939,2025-11-19,2024-04-28,,0,Москва,Продажи,Команда 07,19,Дневная,100.65,0,0,3,85.8,83.83,85.38,4.41,60.82,0,13.6,
SYN-01940,2025-04-16,2023-07-26,,0,Омск,Удержание,Команда 06,21,Дневная,75.3,15.02,0,2,88.56,77.32,81.23,4.17,83.54,0,9.27,
SYN-01941,2024-10-19,2023-09-25,,0,Москва,Поддержка,Команда 12,13,Ночная,80.48,4.45,10,2,74.89,84.59,91.95,5,66.82,1,7.94,
SYN-01942,2024-04-18,2022-03-30,,0,Казань,Продажи,Команда 09,25,Дневная,108.35,20.41,4,0,99.1,74.92,91.4,4.71,55.31,0,6.8,
SYN-01943,2024-04-04,2024-03-05,,0,Москва,Поддержка,Команда 04,1,Дневная,75.97,12.09,8,1,79.92,66.49,83.93,3.97,75.65,0,6.86,
SYN-01944,2024-08-01,2022-09-11,,0,Казань,Удержание,Команда 05,23,Ночная,71.43,9.47,1,0,95.14,82.08,78.66,4.99,71.24,0,0,
SYN-01945,2024-08-04,2024-01-07,2024-10-15,1,Казань,Продажи,Команда 08,7,Дневная,106.58,6.53,6,0,91.21,87.21,78.73,4.48,45.5,1,9.31,Низкая вовлечённость
SYN-01946,2024-12-11,2023-02-20,,0,Казань,Поддержка,Команда 08,22,Дневная,73.25,5.38,4,0,87.65,100,81.17,4.11,73.91,0,0,
SYN-01947,2024-02-02,2020-02-23,,0,Казань,Удержание,Команда 05,48,Дневная,94.41,4.1,0,0,96.06,88.16,86.8,4.54,66.05,0,11.08,
SYN-01948,2024-09-20,2023-02-28,,0,Омск,Удержание,Команда 04,19,Смешанная,101.58,15.83,3,0,90.67,75.63,91.25,4.3,51.9,1,2.85,
SYN-01949,2025-10-10,2025-03-14,,0,Казань,Поддержка,Команда 02,7,Смешанная,74.21,20.24,9,0,80.27,91.34,76.67,4.87,73.72,0,9.17,
SYN-01950,2025-09-15,2024-05-23,,0,Москва,Продажи,Команда 11,16,Ночная,107.75,7.07,0,0,94.58,86.1,91.08,4.25,67.08,0,10.87,
SYN-01951,2026-03-07,2023-06-21,,0,Москва,Продажи,Команда 09,33,Смешанная,98.63,4.29,8,1,76.06,89.94,78.94,4.41,63.68,0,6.81,
SYN-01952,2025-09-03,2024-11-07,,0,Омск,Поддержка,Команда 01,10,Дневная,82.25,13.42,3,0,92.99,67.15,70.6,3.84,44.06,0,4.81,
SYN-01953,2024-11-16,2022-04-01,,0,Омск,Продажи,Команда 12,32,Дневная,72.53,0.1,4,0,88.24,71.63,86.34,4.39,48.92,1,7.7,
SYN-01954,2024-01-21,2021-01-06,2024-03-01,1,Омск,Продажи,Команда 06,37,Дневная,103.64,29.66,5,0,88.7,83.83,82.41,5,47.33,0,10.66,Низкая вовлечённость
SYN-01955,2024-01-01,2020-03-22,,0,Омск,Продажи,Команда 06,46,Дневная,86.8,8.3,0,0,95.14,81.83,91.49,4.04,72.75,0,11.99,
SYN-01956,2024-06-19,2022-04-01,,0,Казань,Продажи,Команда 04,27,Дневная,107.23,23.38,1,0,83.93,85.13,81.73,4.03,64.92,0,0,
SYN-01957,2026-03-10,2023-06-24,,0,Омск,Удержание,Команда 07,33,Ночная,89.5,10.19,0,0,99.89,87.75,86.23,4.16,79.78,0,5.61,
SYN-01958,2024-10-09,2020-05-03,,0,Омск,Поддержка,Команда 11,54,Дневная,67.61,15.13,1,0,91.95,78.56,86.48,3.6,66.27,0,9.39,
SYN-01959,2025-05-06,2024-01-12,,0,Москва,Удержание,Команда 11,16,Смешанная,103.17,13.7,0,0,96.86,66.49,83.7,4.14,72.04,0,12.19,
SYN-01960,2025-11-03,2024-01-13,,0,Казань,Продажи,Команда 07,22,Смешанная,93.5,5.45,3,0,87.3,57.8,78.86,4.49,60.71,0,0,
SYN-01961,2024-06-13,2020-05-05,,0,Омск,Продажи,Команда 06,50,Дневная,93.63,19.46,0,0,94.72,74.94,87.05,4.27,71.43,0,4.38,
SYN-01962,2025-07-12,2025-03-14,,0,Омск,Продажи,Команда 09,4,Смешанная,78.62,14.8,1,2,91.84,78.72,91.43,3.63,49.05,0,7.02,
SYN-01963,2025-10-11,2022-12-26,,0,Омск,Поддержка,Команда 12,34,Смешанная,96.66,20.46,0,0,87.1,88.05,79.89,4.18,82.11,0,0.81,
SYN-01964,2026-01-16,2024-10-23,2026-02-17,1,Омск,Продажи,Команда 02,15,Дневная,84.27,9.66,2,2,87.43,65.83,74.1,4.45,81.67,0,3.49,Смена графика
SYN-01965,2025-07-15,2021-06-06,,0,Казань,Удержание,Команда 11,50,Смешанная,72.62,5.55,2,3,92.59,83.93,92.05,4.67,81.37,0,14.66,
SYN-01966,2026-03-08,2025-02-11,2026-04-01,1,Москва,Продажи,Команда 02,13,Смешанная,100.4,20.19,6,0,85.17,80.02,84.71,5,49.14,0,6.41,Низкая вовлечённость
SYN-01967,2024-01-19,2019-07-14,2024-02-21,1,Омск,Продажи,Команда 09,55,Ночная,127.86,23.48,0,0,96.87,69.22,94.97,4.62,55.81,0,15.67,Смена графика
SYN-01968,2024-10-02,2024-02-05,,0,Москва,Удержание,Команда 12,8,Дневная,80.7,0,2,0,90.3,75.01,93.19,4.47,72.44,0,3.7,
SYN-01969,2024-06-05,2020-11-23,,0,Казань,Продажи,Команда 12,43,Смешанная,83.98,7.51,1,1,91.52,90.35,81.86,3.91,77.46,0,7.06,
SYN-01970,2025-10-18,2021-03-13,,0,Москва,Удержание,Команда 09,56,Дневная,91.03,0,0,0,96.05,80.8,77.03,4.68,79.01,0,3.93,
SYN-01971,2024-11-19,2021-04-09,,0,Москва,Удержание,Команда 07,44,Дневная,80.44,19.3,0,1,91.83,71.39,81.84,4.58,48.76,1,3.45,
SYN-01972,2024-10-02,2020-08-24,,0,Москва,Поддержка,Команда 06,50,Дневная,84.02,4.02,5,7,82.21,90.19,91.85,4.36,72.97,0,10.84,
SYN-01973,2024-06-07,2019-10-02,,0,Омск,Продажи,Команда 07,57,Дневная,85.6,20.97,1,6,87.5,92.13,79.8,4.02,66.71,0,5.46,
SYN-01974,2025-03-17,2023-09-24,,0,Казань,Продажи,Команда 06,18,Дневная,99.98,9.68,0,1,87.18,84.33,69.22,3.88,42.08,1,15.58,
SYN-01975,2024-07-06,2020-09-25,,0,Казань,Поддержка,Команда 09,46,Ночная,86.73,13.93,0,0,97.56,82.84,81.39,4.0,60.14,0,6.34,
SYN-01976,2024-04-03,2019-06-29,2024-06-23,1,Омск,Поддержка,Команда 05,58,Дневная,88.93,0,3,2,85.71,72.18,84.88,4.85,81.13,0,14.15,Смена графика
SYN-01977,2024-09-06,2023-05-15,,0,Омск,Продажи,Команда 03,16,Смешанная,91.15,8.42,2,6,82.11,69.95,96.45,4.44,42.86,0,0,
SYN-01978,2025-02-03,2022-04-20,,0,Казань,Удержание,Команда 11,34,Ночная,78.79,12.67,0,0,89.74,72.48,98.94,4.27,73.73,0,12.76,
SYN-01979,2024-09-19,2020-01-14,,0,Москва,Продажи,Команда 03,57,Дневная,95.24,10.96,5,1,88.03,91.01,100,4.42,63.78,1,6.39,
SYN-01980,2026-03-13,2025-03-18,,0,Казань,Продажи,Команда 08,12,Дневная,95.7,4.5,3,1,88.18,89.54,77.44,4.48,79.18,1,6.63,
SYN-01981,2025-11-03,2025-02-06,,0,Казань,Продажи,Команда 01,9,Дневная,84.26,3.95,1,1,84.57,70.27,77.97,4.8,72.9,0,16.11,
SYN-01982,2024-11-17,2021-09-04,2025-01-09,1,Омск,Продажи,Команда 11,39,Ночная,104.72,11.27,1,0,95.35,84.13,76.26,3.98,76.93,0,0,Смена графика
SYN-01983,2025-09-05,2022-08-22,,0,Москва,Поддержка,Команда 05,37,Дневная,90.48,11.44,2,3,86.65,82.12,85.62,4.0,44.36,1,0,
SYN-01984,2026-01-05,2021-08-29,2026-01-23,1,Москва,Продажи,Команда 12,53,Дневная,80.59,15.43,4,3,79.69,78.87,71.48,3.98,50.52,1,7.81,Низкая вовлечённость
SYN-01985,2024-11-11,2024-05-15,,0,Омск,Продажи,Команда 07,6,Дневная,86.5,18.9,11,2,78.93,84.99,91.73,4.37,48.83,0,3.39,
SYN-01986,2026-02-06,2025-07-11,,0,Москва,Поддержка,Команда 04,7,Смешанная,94.52,9.49,3,1,89.2,96.7,88.84,5,74.56,0,0,
SYN-01987,2024-10-20,2022-06-03,,0,Омск,Удержание,Команда 04,29,Дневная,85.75,11.47,0,0,99.82,74.33,96.26,4.03,72.31,0,0,
SYN-01988,2026-01-12,2025-05-17,,0,Казань,Поддержка,Команда 01,8,Смешанная,88.4,20.63,1,0,92.09,82.07,82.61,4.23,75.38,0,7.97,
SYN-01989,2024-06-01,2022-12-09,2024-07-06,1,Казань,Удержание,Команда 05,18,Дневная,81.65,18.36,2,1,90.34,85.78,69.82,3.99,75.31,1,11.2,Несоответствие требованиям
SYN-01990,2024-09-16,2022-08-28,,0,Омск,Продажи,Команда 03,25,Дневная,87.82,11.34,2,0,85.23,83.03,91.23,4.33,78.95,1,5.83,
SYN-01991,2024-01-16,2023-06-20,,0,Омск,Поддержка,Команда 05,7,Дневная,82.58,16.31,2,0,88.05,89.56,90.55,4.37,58.84,0,7.24,
SYN-01992,2024-04-06,2024-03-07,,0,Москва,Удержание,Команда 09,1,Ночная,66.44,7.89,0,10,88.19,73.31,88.23,4.37,79.42,0,12.87,
SYN-01993,2025-04-21,2021-02-11,,0,Москва,Поддержка,Команда 11,51,Смешанная,62.31,15.35,1,4,87.05,97.51,84.05,4.64,70.9,0,12.13,
SYN-01994,2026-01-06,2023-10-19,,0,Москва,Поддержка,Команда 09,27,Дневная,102.43,0,1,0,92.89,79.01,70.58,4.99,65.71,0,5.45,
SYN-01995,2024-11-02,2022-10-14,,0,Омск,Удержание,Команда 07,25,Ночная,93.75,7.03,1,0,95.13,87.17,77.81,4.73,81.86,0,8.34,
SYN-01996,2024-07-19,2022-11-27,,0,Омск,Продажи,Команда 06,20,Дневная,74.38,20.78,1,3,85.82,77.45,79.97,4.48,61.62,0,1.5,
SYN-01997,2025-06-12,2025-05-13,2025-07-16,1,Москва,Поддержка,Команда 03,1,Дневная,83.27,8.37,6,2,86.22,100,86.15,3.59,60.53,0,11.6,Смена графика
SYN-01998,2025-06-18,2022-03-06,,0,Москва,Поддержка,Команда 01,40,Дневная,88.02,7.3,0,0,90.21,80.05,85.16,4.62,63.91,0,0,
SYN-01999,2025-06-19,2024-01-26,,0,Казань,Продажи,Команда 04,17,Ночная,90.04,14.4,4,0,89.41,77.65,99.5,4.3,68.66,1,8.46,
SYN-02000,2025-12-03,2021-09-25,,0,Москва,Удержание,Команда 08,51,Дневная,74.77,17.29,1,0,89.59,100,77.25,4.87,61.78,0,14.42,
SYN-02001,2025-05-05,2022-04-21,,0,Омск,Удержание,Команда 07,37,Дневная,84.93,11.28,4,0,94.12,73.26,82.38,4.59,65.91,1,1.09,
SYN-02002,2026-01-16,2025-01-21,,0,Москва,Продажи,Команда 07,12,Ночная,76.27,11.94,0,0,85.54,79.54,91.55,4.19,85.84,0,4.61,
SYN-02003,2025-10-11,2023-04-25,,0,Москва,Поддержка,Команда 11,30,Дневная,68.75,21.39,1,4,87.65,82.34,81.8,4.59,72.47,0,6.06,
SYN-02004,2025-06-08,2023-04-20,,0,Москва,Удержание,Команда 12,26,Дневная,88.59,10.75,3,0,93.25,79.63,90.1,4.01,59.54,1,4.94,
SYN-02005,2024-06-03,2023-08-08,2024-07-14,1,Омск,Продажи,Команда 12,10,Дневная,115.78,5.74,3,1,88.76,62.83,95.66,4.04,63.97,0,2.6,Личные причины
SYN-02006,2024-04-17,2021-05-03,2024-06-06,1,Омск,Продажи,Команда 01,36,Дневная,80.44,14.13,3,0,83.92,66.55,80.66,4.06,67.72,0,15.87,Личные причины
SYN-02007,2025-11-18,2022-10-05,2025-12-12,1,Казань,Продажи,Команда 08,38,Дневная,106.1,20.93,2,0,95.31,75.14,75.34,3.95,60.22,0,9.01,Личные причины
SYN-02008,2024-07-05,2019-12-29,,0,Казань,Продажи,Команда 03,55,Дневная,102.03,11.15,2,1,85.09,75.65,77.16,4.79,75.62,0,6.77,
SYN-02009,2024-11-05,2021-11-21,,0,Москва,Продажи,Команда 03,36,Ночная,89.13,6.84,7,2,82.85,87.51,70.17,4.21,55.02,0,4.28,
SYN-02010,2025-02-20,2022-03-08,,0,Казань,Удержание,Команда 05,36,Ночная,107.71,19.46,2,4,80.65,87.9,94.17,4.35,77.4,0,0,
SYN-02011,2025-04-18,2020-09-11,,0,Омск,Удержание,Команда 10,56,Ночная,79.05,5.17,2,1,99.02,74.52,100,4.16,79.98,0,1.05,
SYN-02012,2025-07-09,2022-12-22,,0,Омск,Удержание,Команда 07,31,Смешанная,83.41,11.15,1,0,91.6,84.0,91.12,4.37,36.04,1,3.96,
SYN-02013,2024-05-20,2020-02-11,,0,Омск,Продажи,Команда 06,52,Дневная,80.33,3.32,0,5,90.18,76.55,98.94,3.94,69.32,0,4.24,
SYN-02014,2025-07-08,2020-12-01,,0,Казань,Поддержка,Команда 07,56,Дневная,77.16,13.52,0,4,87.69,90.54,84.18,4.12,73.84,0,14.74,
SYN-02015,2025-07-15,2023-01-27,,0,Москва,Удержание,Команда 07,30,Дневная,72.37,10.02,6,1,87.78,97.73,70.64,3.77,62.12,0,12.63,
SYN-02016,2025-11-09,2024-05-18,,0,Омск,Удержание,Команда 05,18,Ночная,94.05,20.42,3,0,94.44,79.78,82.31,4.47,70.76,0,5.5,
SYN-02017,2024-07-19,2020-04-11,,0,Казань,Продажи,Команда 10,52,Смешанная,68.26,0,0,4,87.41,80.4,91.28,3.8,67.24,0,9.42,
SYN-02018,2024-12-21,2021-06-10,2025-01-06,1,Москва,Удержание,Команда 10,43,Смешанная,78.2,4.0,5,1,88.92,80.06,80.64,4.83,87.81,0,2.68,Смена графика
SYN-02019,2025-06-10,2024-08-14,,0,Омск,Поддержка,Команда 07,10,Дневная,82.74,7.82,0,2,85.18,82.23,93.82,4.62,84.28,0,5.35,
SYN-02020,2025-10-16,2021-09-07,,0,Казань,Удержание,Команда 03,50,Дневная,98.86,3.37,1,0,90.52,86.03,90.27,4.45,73.15,0,1.6,
SYN-02021,2026-03-21,2021-07-15,,0,Казань,Удержание,Команда 11,57,Дневная,76.14,19.18,1,3,88.63,82.49,78.56,3.72,68.94,0,7.4,
SYN-02022,2024-01-17,2020-11-03,,0,Казань,Продажи,Команда 06,39,Дневная,115.44,7.29,0,0,97.5,71.54,91.41,4.31,79.88,0,6.99,
SYN-02023,2026-01-05,2024-11-11,2026-03-30,1,Казань,Продажи,Команда 01,14,Ночная,83.65,1.67,6,0,88.74,77.95,84.95,3.86,86.63,0,0.55,Смена графика
SYN-02024,2026-03-05,2021-07-29,,0,Казань,Удержание,Команда 01,56,Дневная,73.74,8.93,0,0,95.94,84.99,99.79,4.56,54.78,0,17.78,
SYN-02025,2024-06-18,2022-11-26,,0,Омск,Поддержка,Команда 01,19,Ночная,84.64,13.61,0,2,92.42,83.98,72.69,3.55,61.71,0,6.59,
SYN-02026,2025-12-21,2024-03-01,,0,Казань,Поддержка,Команда 05,22,Дневная,80.84,10.44,0,7,87.99,78.08,78.19,4.55,82.31,0,4.98,
SYN-02027,2024-12-08,2023-11-14,,0,Москва,Удержание,Команда 11,13,Дневная,106.35,0.26,5,0,93.03,68.39,83.36,4.06,63.57,0,3.3,
SYN-02028,2025-01-08,2022-04-24,,0,Москва,Поддержка,Команда 05,33,Дневная,87.31,14.19,0,0,94.95,78.34,76.06,4.19,60.16,0,11.73,
SYN-02029,2025-07-07,2023-02-18,,0,Казань,Удержание,Команда 12,29,Смешанная,78.03,9.72,3,1,87.48,76.52,79.14,4.19,80.89,0,0,
SYN-02030,2024-06-16,2019-11-10,,0,Москва,Поддержка,Команда 10,56,Дневная,97.85,4.01,1,1,93.99,79.64,92.96,4.04,82.78,0,0,
SYN-02031,2024-06-06,2022-03-19,,0,Москва,Удержание,Команда 06,27,Дневная,71.92,18.22,1,1,92.55,81.25,93.37,4.42,62.64,0,6.48,
SYN-02032,2025-10-12,2025-04-15,,0,Омск,Поддержка,Команда 04,6,Ночная,79.75,16.75,1,0,96.34,85.18,80.14,4.0,64.49,0,12.47,
SYN-02033,2024-09-01,2020-02-25,,0,Омск,Продажи,Команда 01,55,Дневная,90.15,0,8,3,76.21,70.32,90.35,4.37,60.04,0,16.79,
SYN-02034,2024-02-02,2023-04-08,2024-04-04,1,Казань,Поддержка,Команда 01,10,Дневная,94.78,18.97,2,2,85.47,65.5,78.2,4.42,85.53,0,8.48,Смена графика
SYN-02035,2025-03-02,2023-09-09,,0,Москва,Продажи,Команда 09,18,Смешанная,85.11,0,1,1,91.13,75.11,90.85,4.11,78.28,0,4.16,
SYN-02036,2024-05-02,2019-08-27,,0,Омск,Удержание,Команда 10,57,Дневная,97.55,7.76,4,8,80.2,71.81,86.74,3.69,48.35,0,0.24,
SYN-02037,2024-08-06,2022-12-15,,0,Омск,Продажи,Команда 05,20,Смешанная,61.1,0.32,0,4,90.32,77.35,81.14,4.66,72.05,0,5.64,
SYN-02038,2024-05-07,2021-12-19,,0,Омск,Поддержка,Команда 07,29,Дневная,101.01,5.76,3,0,88.62,98.83,85.6,4.45,97.34,1,5.4,
SYN-02039,2024-07-17,2023-02-23,2024-08-20,1,Казань,Удержание,Команда 01,17,Дневная,87.31,19.83,1,1,89.58,94.43,96.73,3.95,44.93,0,6.98,Низкая вовлечённость
SYN-02040,2026-03-12,2021-05-07,,0,Омск,Поддержка,Команда 04,59,Дневная,105.07,16.68,0,1,95.48,78.96,88.09,4.86,83.12,0,5.37,
SYN-02041,2025-11-04,2022-09-21,,0,Москва,Поддержка,Команда 04,38,Дневная,88.11,9.02,5,0,80.43,60.71,89.62,4.41,61.68,0,5.06,
SYN-02042,2025-12-19,2025-08-21,,0,Москва,Удержание,Команда 03,4,Ночная,103.62,7.09,0,0,94.19,88.64,77.8,4.0,66.26,0,10.42,
SYN-02043,2024-10-16,2020-05-10,,0,Омск,Удержание,Команда 11,54,Смешанная,99.26,6.25,1,0,91.41,81.91,84.77,3.72,62.05,0,4.22,
SYN-02044,2024-05-13,2022-07-23,,0,Казань,Поддержка,Команда 03,22,Ночная,70.46,6.94,0,0,93.99,82.29,84.88,4.18,70.57,0,0,
SYN-02045,2025-05-20,2020-11-12,,0,Омск,Продажи,Команда 08,55,Дневная,91.52,23.3,0,2,97.68,81.91,88.97,4.18,78.19,0,8.28,
SYN-02046,2024-03-09,2021-04-24,2024-05-21,1,Москва,Поддержка,Команда 04,35,Смешанная,96.47,24.54,0,1,100,79.56,70.35,3.9,62.37,0,2.12,Высокая нагрузка
SYN-02047,2025-03-20,2021-11-06,,0,Москва,Продажи,Команда 03,41,Смешанная,69.76,17.16,1,3,88.18,81.71,78.44,4.8,55.96,1,3.08,
SYN-02048,2026-01-20,2021-04-16,,0,Москва,Продажи,Команда 06,58,Дневная,130.95,20.7,6,0,81.17,78.73,85.44,4.88,58.66,0,8.05,
SYN-02049,2024-07-13,2019-10-08,,0,Москва,Удержание,Команда 08,58,Дневная,86.38,10.52,2,0,95.06,87.45,94.34,4.35,50.36,1,9.22,
SYN-02050,2024-11-15,2022-01-30,,0,Москва,Поддержка,Команда 03,34,Дневная,107.48,9.66,1,0,93.03,89.13,75.25,3.99,66.79,0,9.18,
SYN-02051,2024-08-02,2020-06-24,,0,Омск,Продажи,Команда 04,50,Дневная,93.04,12.88,2,1,100,88.96,77.16,4.45,98.9,0,11.19,
SYN-02052,2024-02-10,2023-04-16,2024-04-19,1,Омск,Поддержка,Команда 01,10,Ночная,98.96,6.52,6,2,80.87,85.97,76.91,3.79,99.31,0,12.73,Смена графика
SYN-02053,2025-05-14,2022-03-01,,0,Москва,Продажи,Команда 09,39,Дневная,66.61,9.34,2,1,92.88,85.02,92.57,4.28,83.26,1,2.19,
SYN-02054,2025-07-14,2024-01-21,2025-08-20,1,Казань,Поддержка,Команда 04,18,Смешанная,78.88,9.19,2,2,91.83,86.14,96.81,4.06,58.14,0,6.49,Личные причины
SYN-02055,2024-08-20,2022-08-01,,0,Омск,Удержание,Команда 09,25,Дневная,81.32,10.77,1,0,94.45,69.22,84.06,4.73,57.29,1,12.47,
SYN-02056,2025-09-02,2023-09-13,,0,Москва,Продажи,Команда 01,24,Смешанная,110.06,27.62,0,1,95.89,59.63,86.28,4.3,60.96,0,8.65,
SYN-02057,2026-01-19,2025-07-23,,0,Москва,Удержание,Команда 07,6,Дневная,79.26,9.5,1,2,92.04,87.32,87.6,4.49,60.21,0,1.75,
SYN-02058,2025-07-01,2022-11-14,2025-09-25,1,Москва,Удержание,Команда 06,32,Ночная,92.89,10.0,0,6,85.03,85.28,77.28,5,48.88,0,3.14,Низкая вовлечённость
SYN-02059,2025-09-09,2024-07-16,2025-10-05,1,Казань,Удержание,Команда 02,14,Ночная,96.99,21.56,1,5,89.51,100,87.51,4.92,76.03,0,9.35,Смена работодателя
SYN-02060,2025-11-10,2024-08-17,,0,Казань,Продажи,Команда 01,15,Смешанная,96.36,10.5,1,0,85.55,74.3,80.7,4.36,67.23,1,5.41,
SYN-02061,2025-01-20,2022-07-05,2025-03-01,1,Москва,Удержание,Команда 04,31,Дневная,83.49,18.01,3,1,86.19,77.43,100,4.36,55.19,0,8.97,Смена работодателя
SYN-02062,2024-05-18,2020-09-06,,0,Омск,Продажи,Команда 08,45,Смешанная,103.42,12.3,2,3,88.65,71.77,76.01,4.31,56.59,0,16.46,
SYN-02063,2024-09-11,2022-02-24,,0,Омск,Удержание,Команда 02,31,Ночная,92.28,18.2,2,1,93.69,95.25,79.83,4.62,76.81,0,5.74,
SYN-02064,2024-05-02,2020-08-21,,0,Омск,Продажи,Команда 11,45,Дневная,103.05,4.04,0,1,97.23,75.67,100,4.22,97.09,0,12.66,
SYN-02065,2024-06-07,2021-09-21,,0,Казань,Продажи,Команда 02,33,Ночная,85.17,10.58,4,0,86.23,84.1,96.75,3.71,57.83,0,13.35,
SYN-02066,2024-11-13,2021-03-04,,0,Казань,Поддержка,Команда 05,45,Дневная,77.36,9.63,0,1,92.0,67.54,91.48,4.53,74.12,0,8.09,
SYN-02067,2024-11-03,2024-03-08,,0,Омск,Поддержка,Команда 06,8,Дневная,88.15,15.38,0,0,98.15,79.52,83.06,4.82,71.61,0,3.54,
SYN-02068,2026-01-12,2024-02-22,,0,Казань,Удержание,Команда 01,23,Смешанная,90.31,6.9,3,3,89.88,82.76,82.61,4.32,73.35,0,8.2,
SYN-02069,2024-02-21,2021-03-08,2024-04-17,1,Москва,Поддержка,Команда 06,36,Дневная,77.55,8.13,0,0,94.57,85.82,84.71,4.41,66.88,0,2.96,Личные причины
SYN-02070,2025-01-09,2021-12-26,,0,Казань,Продажи,Команда 01,37,Дневная,91.68,8.05,3,0,94.29,80.88,98.16,4.35,76.54,1,3.73,
SYN-02071,2025-10-20,2021-05-14,,0,Казань,Поддержка,Команда 09,54,Смешанная,88.75,3.67,5,2,77.77,86.43,92.15,4.34,51.23,0,5.91,
SYN-02072,2026-01-13,2024-05-23,,0,Казань,Удержание,Команда 01,20,Дневная,85.41,24.91,0,0,96.36,90.67,88.91,3.83,64.09,0,13.54,
SYN-02073,2025-06-19,2023-01-31,,0,Москва,Продажи,Команда 10,29,Дневная,107.1,24.69,2,3,82.69,68.16,81.54,5.0,57.11,0,10.29,
SYN-02074,2025-03-18,2021-02-07,,0,Омск,Удержание,Команда 12,50,Смешанная,97.54,10.05,4,6,86.56,82.95,82.85,4.75,62.4,0,0,
SYN-02075,2025-05-16,2020-12-08,2025-08-11,1,Казань,Поддержка,Команда 07,54,Дневная,97.77,0,7,1,79.55,63.55,90.99,4.29,40.73,1,6.31,Низкая вовлечённость
SYN-02076,2024-02-12,2022-02-22,,0,Казань,Удержание,Команда 09,24,Дневная,84.46,4.46,1,0,93.97,84.73,78.25,4.4,74.75,0,5.58,
SYN-02077,2024-06-10,2023-04-17,,0,Казань,Удержание,Команда 02,14,Дневная,78.47,21.75,5,4,90.7,93.57,90.15,4.22,56.62,0,2.24,
SYN-02078,2025-01-14,2022-01-30,,0,Казань,Удержание,Команда 11,36,Ночная,77.18,18.46,0,1,99.14,79.78,94.43,4.34,63.88,0,1.47,
SYN-02079,2025-01-12,2020-03-09,,0,Омск,Удержание,Команда 09,59,Дневная,83.53,7.91,1,0,97.93,93.55,89.35,4.63,80.45,0,10.8,
SYN-02080,2025-09-08,2023-10-19,,0,Казань,Удержание,Команда 02,23,Ночная,73.9,18.72,3,2,84.49,76.79,88.37,4.34,65.8,0,6.86,
SYN-02081,2024-01-12,2019-11-04,2024-02-28,1,Москва,Поддержка,Команда 06,51,Ночная,92.9,2.96,0,1,86.91,82.77,76.49,4.58,66.31,0,0.3,Смена работодателя
SYN-02082,2025-05-10,2025-01-10,2025-06-22,1,Москва,Поддержка,Команда 06,4,Смешанная,93.0,11.89,3,12,82.4,74.32,92.31,3.95,94.49,1,3.08,Личные причины
SYN-02083,2026-03-10,2022-05-30,2026-04-29,1,Москва,Поддержка,Команда 06,46,Смешанная,102.47,8.8,12,1,75.23,82.8,82.09,4.43,43.56,0,10.67,Низкая вовлечённость
SYN-02084,2025-06-16,2024-07-21,2025-06-24,1,Казань,Удержание,Команда 12,11,Дневная,106.47,20.96,6,1,88.45,96.94,76.54,4.26,57.12,0,15.96,Личные причины
SYN-02085,2024-02-21,2023-02-26,,0,Москва,Поддержка,Команда 08,12,Дневная,69.07,2.8,2,0,95.59,78.41,79.75,4.2,69.4,0,14.55,
SYN-02086,2025-07-15,2022-09-29,,0,Омск,Продажи,Команда 03,34,Смешанная,87.97,4.11,0,0,92.83,68.67,81.14,3.61,64.71,0,7.91,
SYN-02087,2024-12-21,2024-10-22,,0,Казань,Продажи,Команда 07,2,Дневная,73.32,0.36,2,0,89.22,71.31,87.47,4.94,75.46,1,7.26,
SYN-02088,2025-07-21,2025-03-23,,0,Москва,Продажи,Команда 05,4,Дневная,86.4,11.9,2,0,92.04,76.53,75.63,3.75,78.28,0,3.42,
SYN-02089,2024-08-14,2022-03-28,,0,Омск,Удержание,Команда 05,29,Смешанная,89.56,2.68,3,1,82.53,80.79,72.59,4.43,61.8,0,8.04,
SYN-02090,2024-02-19,2022-09-27,,0,Казань,Продажи,Команда 06,17,Дневная,57.58,17.18,0,1,89.09,74.02,76.97,4.51,53.33,0,3.54,
SYN-02091,2024-10-17,2022-05-31,,0,Москва,Удержание,Команда 12,29,Дневная,89.39,11.94,2,1,89.68,76.99,87.04,4.23,68.13,0,4.03,
SYN-02092,2024-08-16,2021-07-03,,0,Казань,Продажи,Команда 12,38,Смешанная,90.4,0.35,2,1,79.82,79.17,77.4,4.51,80.04,1,14.98,
SYN-02093,2024-03-06,2019-11-28,,0,Омск,Продажи,Команда 09,52,Смешанная,70.39,7.09,1,6,91.45,76.85,86.6,4.71,56.74,0,0.93,
SYN-02094,2024-06-14,2023-09-18,,0,Омск,Поддержка,Команда 02,9,Дневная,82.26,8.95,0,0,96.39,78.82,94.69,4.57,51.55,0,3.92,
SYN-02095,2024-03-05,2020-11-21,,0,Омск,Продажи,Команда 08,40,Смешанная,112.99,18.29,1,1,88.38,77.83,89.96,4.53,81.25,0,8.91,
SYN-02096,2025-05-12,2020-11-04,,0,Москва,Продажи,Команда 09,55,Дневная,97.62,14.09,0,2,91.84,69.58,93.17,4.58,76.95,0,11.24,
SYN-02097,2024-04-11,2022-06-21,,0,Казань,Поддержка,Команда 06,22,Смешанная,73.2,10.19,5,2,95.89,80.78,94.09,4.5,69.27,0,5.29,
SYN-02098,2025-08-10,2023-07-22,,0,Омск,Поддержка,Команда 07,25,Дневная,69.02,12.4,2,3,91.09,73.99,79.48,4.88,78.21,0,5.35,
SYN-02099,2024-03-17,2021-08-30,2024-06-06,1,Омск,Поддержка,Команда 03,31,Дневная,91.94,29.0,5,1,79.4,73.31,96.72,3.83,39.36,1,0.72,Низкая вовлечённость
SYN-02100,2025-10-03,2023-02-16,,0,Омск,Поддержка,Команда 11,32,Дневная,78.2,16.48,2,3,93.1,77.41,82.91,4.68,62.31,0,13.8,
SYN-02101,2024-01-06,2020-07-25,,0,Омск,Поддержка,Команда 12,42,Дневная,88.15,23.34,0,3,88.57,85.99,85.27,4.64,72.75,0,0,
SYN-02102,2024-09-08,2023-07-16,,0,Москва,Продажи,Команда 07,14,Ночная,101.66,0,0,0,88.41,69.01,77.2,4.3,79.14,0,8.22,
SYN-02103,2025-05-16,2021-02-06,,0,Омск,Продажи,Команда 03,52,Смешанная,79.44,0,1,0,89.38,74.74,87.53,4.61,78.75,0,11.65,
SYN-02104,2024-04-16,2022-03-28,,0,Москва,Поддержка,Команда 07,25,Смешанная,88.73,18.06,5,0,82.07,84.28,93.0,3.71,92.89,0,8.0,
SYN-02105,2025-05-07,2022-08-21,,0,Омск,Поддержка,Команда 07,33,Смешанная,101.19,13.38,3,1,97.18,70.08,92.85,4.14,74.0,0,4.71,
SYN-02106,2025-07-05,2025-05-06,2025-09-12,1,Казань,Поддержка,Команда 12,2,Дневная,103.87,4.73,3,0,90.07,86.5,92.95,4.76,59.25,0,11.55,Смена работодателя
SYN-02107,2026-01-21,2021-12-13,2026-02-22,1,Казань,Удержание,Команда 10,50,Дневная,93.79,1.13,1,2,87.13,84.55,81.18,4.14,78.62,0,11.63,Смена графика
SYN-02108,2025-12-07,2023-05-22,,0,Омск,Поддержка,Команда 12,31,Ночная,97.6,8.03,0,0,90.45,70.95,88.7,4.4,55.63,1,13.56,
SYN-02109,2024-06-20,2022-07-01,2024-09-16,1,Омск,Поддержка,Команда 09,24,Смешанная,85.25,4.85,0,0,90.37,79.18,93.67,4.85,64.81,0,6.69,Смена работодателя
SYN-02110,2024-07-07,2023-05-14,,0,Омск,Продажи,Команда 05,14,Дневная,106.05,4.22,1,0,89.65,83.86,84.32,4.51,67.0,0,6.7,
SYN-02111,2025-01-01,2020-09-24,,0,Омск,Поддержка,Команда 08,52,Дневная,96.73,6.08,0,2,90.93,76.83,81.65,3.98,76.59,0,14.48,
SYN-02112,2026-03-08,2022-05-28,,0,Омск,Продажи,Команда 03,46,Дневная,107.6,14.95,3,0,88.37,80.93,80.27,4.78,69.42,0,14.63,
SYN-02113,2025-11-19,2022-09-06,,0,Казань,Поддержка,Команда 10,39,Дневная,66.93,22.33,0,2,95.42,69.5,76.89,4.7,45.52,0,5.55,
SYN-02114,2026-03-19,2022-12-05,,0,Москва,Поддержка,Команда 05,40,Дневная,85.94,25.0,0,0,90.61,69.42,85.84,4.54,75.64,0,1.98,
SYN-02115,2025-05-20,2024-01-26,,0,Казань,Поддержка,Команда 07,16,Смешанная,81.97,5.75,0,1,90.62,77.43,92.66,3.41,50.93,1,6.74,
SYN-02116,2025-03-18,2022-12-29,,0,Казань,Удержание,Команда 03,27,Смешанная,99.81,0,0,2,94.87,72.26,83.33,4.04,94.92,0,3.77,
SYN-02117,2025-07-11,2023-09-20,,0,Омск,Удержание,Команда 10,22,Дневная,103.15,0,1,2,95.35,63.83,87.82,4.72,79.28,0,9.66,
SYN-02118,2025-03-05,2020-10-27,,0,Казань,Удержание,Команда 12,53,Дневная,76.85,6.07,0,1,93.48,84.16,90.65,4.27,76.82,0,8.61,
SYN-02119,2024-01-04,2022-01-14,2024-03-18,1,Казань,Удержание,Команда 12,24,Смешанная,97.29,13.3,4,4,83.94,77.01,89.55,4.31,57.33,0,7.95,Смена графика
SYN-02120,2025-11-12,2021-03-08,2026-01-01,1,Казань,Удержание,Команда 01,57,Смешанная,68.14,0,0,1,97.15,80.23,81.49,4.98,61.49,0,7.26,Смена работодателя
SYN-02121,2025-07-09,2021-11-27,,0,Омск,Продажи,Команда 07,44,Дневная,85.03,0,2,1,84.61,86.11,77.94,3.96,72.53,1,4.8,
SYN-02122,2024-04-04,2021-01-20,,0,Казань,Продажи,Команда 02,39,Дневная,81.88,20.98,10,0,79.9,95.2,76.36,4.17,59.66,0,11.24,
SYN-02123,2025-03-21,2020-07-15,,0,Москва,Поддержка,Команда 01,57,Смешанная,85.32,20.19,3,0,96.75,70.72,78.01,4.12,80.27,0,13.34,
SYN-02124,2025-05-20,2020-07-15,2025-06-08,1,Москва,Удержание,Команда 07,59,Дневная,116.77,12.01,8,0,85.98,80.98,71.34,4.79,37.26,0,10.8,Низкая вовлечённость
SYN-02125,2025-08-20,2021-11-09,,0,Омск,Поддержка,Команда 03,46,Дневная,96.28,11.81,9,0,79.98,82.09,85.62,4.24,72.64,0,6.89,
SYN-02126,2025-01-03,2023-10-11,,0,Москва,Продажи,Команда 01,15,Дневная,95.74,5.87,3,0,89.75,90.47,77.89,4.16,49.21,0,7.84,
SYN-02127,2026-03-17,2021-08-10,,0,Омск,Удержание,Команда 08,56,Смешанная,101.79,0,8,3,79.8,90.51,85.79,4.77,69.32,0,3.06,
SYN-02128,2024-12-14,2022-03-30,,0,Москва,Продажи,Команда 04,33,Дневная,93.37,11.51,1,0,94.66,54.92,87.63,4.83,76.74,0,6.42,
SYN-02129,2025-06-20,2023-07-31,,0,Омск,Продажи,Команда 05,23,Дневная,102.25,20.32,7,2,83.75,71.42,80.33,4.4,35.4,0,7.15,
SYN-02130,2025-04-09,2024-01-15,,0,Казань,Продажи,Команда 12,15,Смешанная,84.02,25.08,0,2,93.94,91.7,92.18,4.57,55.47,0,7.93,
SYN-02131,2025-09-18,2023-09-29,,0,Омск,Продажи,Команда 01,24,Дневная,105.04,16.2,5,2,84.11,100,88.58,4.55,64.09,0,0,
SYN-02132,2025-09-07,2024-09-12,,0,Омск,Продажи,Команда 12,12,Смешанная,95.63,3.43,4,1,83.79,85.06,94.93,4.64,72.4,0,8.49,
SYN-02133,2024-01-01,2019-05-27,2024-02-26,1,Казань,Поддержка,Команда 01,56,Смешанная,85.64,11.7,3,1,86.91,63.71,90.0,4.0,83.28,0,1.33,Смена графика
SYN-02134,2025-01-12,2023-01-23,2025-03-24,1,Москва,Удержание,Команда 04,24,Ночная,79.38,14.91,6,6,76.04,82.99,84.04,4.99,57.69,0,12.06,Смена работодателя
SYN-02135,2024-09-20,2022-03-05,2024-12-04,1,Омск,Продажи,Команда 01,31,Ночная,118.31,31.41,3,6,83.46,71.18,80.1,4.33,55.83,0,7.88,Высокая нагрузка
SYN-02136,2025-02-11,2021-04-03,,0,Москва,Поддержка,Команда 03,47,Ночная,103.86,12.74,2,0,86.44,76.47,72.98,4.45,70.3,0,1.38,
SYN-02137,2025-10-04,2022-01-23,,0,Казань,Продажи,Команда 06,45,Смешанная,85.24,16.95,1,1,90.72,72.98,73.29,3.8,60.16,0,0.36,
SYN-02138,2026-03-12,2022-08-30,,0,Москва,Продажи,Команда 03,43,Дневная,110.61,8.31,0,0,97.02,78.21,84.82,4.65,64.77,0,6.9,
SYN-02139,2024-06-07,2021-05-24,,0,Омск,Удержание,Команда 01,37,Дневная,104.37,19.26,7,0,85.24,76.6,79.19,4.11,82.68,0,3.02,
SYN-02140,2024-02-06,2021-06-21,2024-02-15,1,Казань,Удержание,Команда 04,32,Смешанная,83.85,5.08,4,2,86.19,74.49,86.64,4.08,61.76,0,6.72,Смена работодателя
SYN-02141,2025-10-01,2021-04-25,,0,Москва,Продажи,Команда 06,54,Дневная,123.06,28.36,0,1,96.15,64.17,100,4.56,69.52,1,7.09,
SYN-02142,2025-03-20,2024-07-23,,0,Казань,Поддержка,Команда 06,8,Смешанная,68.26,3.82,1,0,97.92,90.78,81.68,4.49,97.17,0,7.84,
SYN-02143,2025-04-11,2023-12-18,,0,Москва,Поддержка,Команда 03,16,Дневная,97.76,6.2,1,3,98.03,84.3,71.67,3.72,100,0,4.83,
SYN-02144,2025-02-07,2021-06-28,,0,Москва,Удержание,Команда 06,44,Ночная,86.92,12.86,1,1,89.91,70.13,87.33,4.34,63.02,0,19.4,
SYN-02145,2025-12-14,2023-06-28,2026-01-24,1,Казань,Удержание,Команда 12,30,Ночная,93.74,11.58,9,3,79.64,99.29,86.3,4.86,74.91,0,0,Смена работодателя
SYN-02146,2024-09-15,2023-07-23,,0,Москва,Удержание,Команда 08,14,Дневная,68.7,13.05,0,0,97.19,77.02,87.17,4.11,80.04,0,1.12,
SYN-02147,2025-11-02,2022-09-19,,0,Москва,Удержание,Команда 11,38,Дневная,91.98,9.35,0,0,95.42,88.2,91.16,4.21,73.34,0,3.02,
SYN-02148,2026-03-11,2022-07-30,,0,Москва,Удержание,Команда 04,44,Дневная,93.73,14.42,1,2,91.06,65.92,86.37,4.33,60.81,0,0,
SYN-02149,2024-01-04,2022-01-14,,0,Москва,Удержание,Команда 11,24,Ночная,88.57,2.92,0,0,100,85.53,100,4.6,68.62,0,9.68,
SYN-02150,2025-11-11,2024-01-21,,0,Москва,Продажи,Команда 12,22,Дневная,101.2,40.53,10,0,75.85,83.06,83.83,4.15,77.04,0,10.71,
SYN-02151,2024-09-10,2020-10-01,2024-11-05,1,Омск,Удержание,Команда 01,48,Дневная,63.28,0,2,1,93.19,80.77,84.27,4.65,48.36,1,13.29,Низкая вовлечённость
SYN-02152,2024-09-15,2021-10-31,,0,Казань,Продажи,Команда 09,35,Ночная,103.38,25.19,0,0,94.22,65.5,81.06,4.01,74.23,0,9.95,
SYN-02153,2024-04-15,2024-02-15,,0,Казань,Удержание,Команда 06,2,Смешанная,97.12,0,0,0,92.37,81.2,94.26,4.59,74.85,0,2.43,
SYN-02154,2024-08-06,2019-12-31,,0,Казань,Продажи,Команда 06,56,Дневная,63.28,0,1,2,90.85,68.53,90.41,5,62.86,1,9.81,
SYN-02155,2025-01-20,2023-10-28,,0,Омск,Продажи,Команда 04,15,Смешанная,113.98,32.12,0,0,93.7,100,87.93,4.67,56.1,1,5.76,
SYN-02156,2025-06-21,2020-08-16,,0,Омск,Продажи,Команда 12,59,Смешанная,106.43,19.23,7,2,78.39,80.1,87.66,4.27,61.44,0,0,
SYN-02157,2026-03-07,2024-12-12,2026-04-17,1,Омск,Поддержка,Команда 04,15,Дневная,110.09,14.32,0,0,94.13,81.2,85.79,3.76,73.53,0,6.75,Личные причины
SYN-02158,2025-06-01,2024-05-07,,0,Омск,Поддержка,Команда 09,13,Дневная,110.68,16.44,0,0,88.5,67.15,84.08,4.0,67.02,0,8.59,
SYN-02159,2026-01-15,2021-05-11,2026-01-29,1,Казань,Продажи,Команда 08,57,Дневная,81.46,17.55,0,0,93.24,68.8,72.19,4.16,76.13,0,4.07,Смена графика
SYN-02160,2024-11-05,2023-10-12,,0,Москва,Поддержка,Команда 01,13,Дневная,89.9,16.51,1,0,92.4,97.25,65.21,4.29,66.64,0,20.1,
SYN-02161,2024-12-01,2020-12-22,,0,Казань,Удержание,Команда 05,48,Дневная,98.25,0,0,0,95.18,70.55,74.67,4.98,79.29,0,8.37,
SYN-02162,2025-04-03,2022-05-19,2025-06-28,1,Казань,Продажи,Команда 07,35,Ночная,87.1,15.52,3,3,91.48,81.19,83.5,4.53,73.34,0,5.09,Личные причины
SYN-02163,2025-03-02,2021-10-19,,0,Москва,Продажи,Команда 09,41,Дневная,102.54,15.06,0,12,83.31,79.67,75.54,4.18,60.4,1,6.82,
SYN-02164,2026-02-04,2022-05-26,,0,Казань,Удержание,Команда 10,45,Смешанная,78.77,5.39,2,2,81.17,67.05,90.61,4.16,77.64,0,4.13,
SYN-02165,2025-09-16,2023-12-26,,0,Омск,Удержание,Команда 08,21,Смешанная,105.6,15.73,14,0,71.73,70.65,84.08,4.5,70.33,0,11.38,
SYN-02166,2024-12-14,2024-09-15,,0,Москва,Продажи,Команда 08,3,Ночная,107.11,10.75,3,0,98.6,84.47,90.67,4.59,52.94,0,13.0,
SYN-02167,2025-03-05,2024-03-10,,0,Москва,Продажи,Команда 06,12,Смешанная,100.98,22.6,2,1,83.23,81.66,84.54,4.42,49.38,0,5.54,
SYN-02168,2024-07-15,2022-10-24,,0,Казань,Продажи,Команда 05,21,Дневная,88.21,8.56,1,1,98.19,66.52,82.05,4.51,59.86,0,6.05,
SYN-02169,2024-08-14,2020-06-06,2024-11-06,1,Москва,Удержание,Команда 08,51,Смешанная,94.65,15.9,4,10,79.3,75.17,83.23,4.18,74.16,0,17.49,Смена графика
SYN-02170,2024-07-03,2021-01-20,,0,Омск,Удержание,Команда 10,42,Дневная,92.42,5.79,0,2,88.54,87.26,84.26,3.81,55.91,0,16.9,
SYN-02171,2026-01-04,2024-01-15,,0,Казань,Поддержка,Команда 05,24,Дневная,101.01,3.28,5,4,84.91,72.6,83.64,4.61,71.75,0,13.22,
SYN-02172,2025-04-13,2023-08-22,,0,Москва,Удержание,Команда 03,20,Смешанная,72.05,23.23,0,2,91.36,71.75,88.31,4.82,59.14,0,9.28,
SYN-02173,2024-08-10,2020-09-30,,0,Москва,Поддержка,Команда 06,47,Смешанная,85.3,12.43,5,0,84.15,86.77,82.76,4.7,61.44,0,9.18,
SYN-02174,2025-05-10,2023-06-20,,0,Омск,Продажи,Команда 08,23,Ночная,88.1,13.19,2,0,89.72,84.18,82.55,3.65,66.17,1,5.53,
SYN-02175,2026-01-14,2025-04-19,,0,Москва,Удержание,Команда 09,9,Дневная,109.95,0,3,2,91.23,84.41,81.88,4.63,64.11,0,3.61,
SYN-02176,2024-05-14,2022-12-21,,0,Омск,Поддержка,Команда 08,17,Ночная,81.39,4.34,0,0,87.94,90.99,92.55,4.65,62.28,0,0.23,
SYN-02177,2025-10-20,2025-06-22,,0,Казань,Поддержка,Команда 06,4,Смешанная,111.58,24.02,1,4,92.45,86.73,72.84,4.42,75.15,0,4.9,
SYN-02178,2025-07-11,2022-10-25,,0,Омск,Удержание,Команда 07,33,Дневная,88.84,4.9,1,1,100,71.11,82.47,4.27,75.6,0,18.16,
SYN-02179,2024-12-16,2022-05-31,,0,Казань,Продажи,Команда 07,31,Ночная,119.26,10.38,1,0,95.2,79.78,92.8,4.3,79.75,0,9.07,
SYN-02180,2024-03-16,2022-11-22,,0,Омск,Поддержка,Команда 03,16,Смешанная,81.96,12.22,1,0,88.07,95.66,89.68,4.5,66.73,0,9.93,
SYN-02181,2025-09-10,2025-08-11,,0,Казань,Продажи,Команда 10,1,Ночная,88.84,4.99,1,3,85.45,87.86,86.81,4.36,89.73,0,6.36,
SYN-02182,2024-04-07,2024-03-08,2024-04-15,1,Казань,Продажи,Команда 12,1,Дневная,106.26,9.33,6,0,90.08,76.85,96.5,4.12,69.91,0,1.31,Смена графика
SYN-02183,2025-08-17,2022-01-05,,0,Казань,Удержание,Команда 02,44,Смешанная,106.52,5.52,3,1,91.67,80.42,84.83,4.71,77.09,0,7.31,
SYN-02184,2025-03-07,2020-04-02,,0,Казань,Поддержка,Команда 09,60,Смешанная,109.54,13.5,1,1,90.13,76.88,89.95,3.44,63.22,1,2.17,
SYN-02185,2024-06-12,2021-12-25,2024-08-18,1,Москва,Поддержка,Команда 10,30,Смешанная,89.16,4.19,3,0,94.12,75.71,87.35,4.3,61.1,0,2.73,Смена работодателя
SYN-02186,2025-01-14,2023-12-21,,0,Казань,Поддержка,Команда 11,13,Дневная,93.8,13.23,0,0,100,63.27,93.59,4.53,52.81,1,5.58,
SYN-02187,2024-12-13,2024-06-16,,0,Москва,Поддержка,Команда 01,6,Дневная,90.02,10.89,6,0,88.93,93.81,81.93,4.55,68.49,1,3.58,
SYN-02188,2024-02-14,2022-12-21,,0,Москва,Продажи,Команда 10,14,Смешанная,101.0,17.74,1,0,94.85,77.15,75.27,4.34,55.02,0,0,
SYN-02189,2026-01-18,2023-09-01,,0,Омск,Удержание,Команда 11,29,Ночная,95.38,0,4,0,85.33,84.89,66.62,4.57,55.0,0,8.43,
SYN-02190,2025-08-14,2021-08-05,,0,Омск,Продажи,Команда 11,49,Дневная,92.65,14.29,0,0,95.56,66.96,82.71,5,51.03,0,3.21,
SYN-02191,2024-11-18,2024-07-21,,0,Москва,Удержание,Команда 02,4,Ночная,102.43,14.02,0,4,100,69.24,88.23,4.16,84.94,0,5.4,
SYN-02192,2025-10-11,2021-12-01,,0,Казань,Продажи,Команда 07,47,Дневная,96.12,6.41,1,0,92.15,81.04,74.5,4.19,54.74,0,6.34,
SYN-02193,2024-11-09,2020-06-03,,0,Омск,Удержание,Команда 07,54,Дневная,85.05,10.04,1,1,100,84.59,86.88,3.42,62.63,0,16.17,
SYN-02194,2024-05-10,2023-09-13,,0,Москва,Поддержка,Команда 04,8,Дневная,69.97,13.14,0,3,92.45,68.72,84.67,4.3,38.44,0,2.27,
SYN-02195,2024-12-19,2021-04-09,,0,Омск,Поддержка,Команда 02,45,Смешанная,113.75,13.94,0,1,93.1,74.71,83.69,4.57,69.85,0,0,
SYN-02196,2026-02-14,2021-05-11,,0,Казань,Поддержка,Команда 02,58,Дневная,93.54,9.54,1,2,90.2,85.47,89.47,4.06,71.32,0,8.09,
SYN-02197,2025-10-01,2022-09-17,2025-11-06,1,Омск,Поддержка,Команда 08,37,Дневная,85.13,23.09,3,4,85.99,84.75,84.03,4.92,60.07,0,12.44,Смена работодателя
SYN-02198,2026-03-05,2023-08-18,2026-05-15,1,Москва,Поддержка,Команда 09,31,Смешанная,97.9,26.44,4,5,86.2,100,72.44,4.25,36.26,1,4.2,Низкая вовлечённость
SYN-02199,2026-03-01,2023-02-15,,0,Омск,Удержание,Команда 06,37,Ночная,89.29,0,0,0,91.93,94.18,94.03,4.43,84.92,0,7.56,
SYN-02200,2026-03-14,2021-11-05,,0,Москва,Поддержка,Команда 04,53,Ночная,79.39,16.56,2,3,93.89,76.9,96.75,4.28,80.22,0,4.39,
SYN-02201,2025-09-15,2022-06-03,,0,Омск,Удержание,Команда 09,40,Смешанная,85.41,0,0,0,91.77,76.73,80.08,4.23,69.31,0,7.9,
SYN-02202,2024-08-04,2019-10-30,,0,Казань,Удержание,Команда 09,58,Дневная,68.79,8.78,1,4,89.49,92.3,80.22,4.53,65.72,0,1.25,
SYN-02203,2024-09-08,2023-12-13,,0,Омск,Продажи,Команда 12,9,Дневная,80.52,13.79,1,0,95.6,73.25,82.35,4.29,62.87,0,5.31,
SYN-02204,2025-11-19,2024-01-29,,0,Москва,Поддержка,Команда 10,22,Смешанная,97.44,7.97,3,0,92.4,68.42,89.63,4.46,64.18,1,10.69,
SYN-02205,2024-11-07,2022-07-21,,0,Казань,Удержание,Команда 07,28,Дневная,85.29,4.59,3,2,93.73,79.3,91.95,4.11,92.21,0,11.14,
SYN-02206,2025-02-20,2020-11-13,,0,Москва,Поддержка,Команда 03,52,Дневная,90.73,8.1,1,0,97.01,92.54,86.66,4.24,61.85,0,6.24,
SYN-02207,2025-02-09,2023-03-22,,0,Казань,Удержание,Команда 04,23,Ночная,82.92,3.74,2,1,87.84,88.51,81.12,5,76.63,0,9.31,
SYN-02208,2024-05-15,2023-11-17,,0,Москва,Продажи,Команда 06,6,Смешанная,103.07,8.83,9,2,76.09,73.41,100,3.92,52.92,1,5.35,
SYN-02209,2025-05-14,2021-12-31,,0,Омск,Продажи,Команда 10,41,Дневная,86.77,17.22,13,0,81.95,84.71,92.19,4.25,64.73,0,12.33,
SYN-02210,2024-12-11,2022-02-25,,0,Казань,Продажи,Команда 06,34,Смешанная,106.54,14.33,2,2,90.44,85.63,85.57,4.33,65.58,0,7.77,
SYN-02211,2025-08-05,2021-03-29,,0,Москва,Продажи,Команда 07,53,Смешанная,111.21,28.22,1,0,89.16,69.65,73.37,4.06,65.7,0,4.83,
SYN-02212,2025-11-18,2023-03-04,,0,Казань,Удержание,Команда 04,33,Дневная,85.78,14.06,1,0,91.62,74.44,90.73,5,73.09,0,0.08,
SYN-02213,2024-04-19,2024-03-20,,0,Омск,Удержание,Команда 11,1,Дневная,79.87,12.09,11,1,70.39,51.47,90.18,4.4,62.26,0,5.1,
SYN-02214,2025-09-05,2023-07-18,,0,Казань,Поддержка,Команда 01,26,Дневная,73.58,14.29,0,3,97.2,89.4,94.24,4.34,65.44,0,6.92,
SYN-02215,2025-02-09,2023-04-21,,0,Москва,Поддержка,Команда 03,22,Дневная,83.11,8.27,1,1,90.95,78.23,79.07,4.26,67.73,0,10.89,
SYN-02216,2025-12-08,2021-06-02,,0,Москва,Поддержка,Команда 10,55,Ночная,86.35,6.15,6,1,86.24,67.23,90.4,4.14,56.21,1,2.92,
SYN-02217,2024-03-03,2022-11-09,,0,Омск,Поддержка,Команда 12,16,Дневная,87.29,12.93,0,0,88.58,78.25,89.16,4.69,66.87,0,13.86,
SYN-02218,2026-03-12,2023-08-25,,0,Омск,Удержание,Команда 06,31,Ночная,97.23,0,0,2,97.61,85.65,88.11,3.89,67.2,0,4.59,
SYN-02219,2024-08-20,2024-07-21,,0,Казань,Удержание,Команда 07,1,Дневная,66.0,20.32,4,0,90.43,76.17,94.45,4.78,47.8,0,3.72,
SYN-02220,2024-04-15,2020-06-05,2024-06-16,1,Омск,Удержание,Команда 05,47,Дневная,78.62,18.26,1,2,95.55,74.9,95.66,4.2,44.67,1,4.63,Низкая вовлечённость
SYN-02221,2025-08-17,2025-01-19,,0,Казань,Продажи,Команда 05,7,Дневная,90.22,7.03,3,1,88.46,83.74,78.88,4.23,70.89,0,18.63,
SYN-02222,2026-01-12,2023-04-28,,0,Омск,Поддержка,Команда 03,33,Дневная,92.45,9.95,2,0,89.25,81.31,88.51,4.17,81.77,0,8.54,
SYN-02223,2026-03-09,2023-01-24,2026-04-03,1,Казань,Поддержка,Команда 09,38,Смешанная,78.16,18.64,4,3,90.91,82.85,78.23,3.91,57.24,0,1.99,Смена графика
SYN-02224,2026-02-06,2021-09-30,,0,Омск,Поддержка,Команда 07,53,Дневная,98.69,15.96,4,0,87.76,88.47,80.56,3.92,55.84,0,4.0,
SYN-02225,2025-06-01,2022-09-15,,0,Москва,Поддержка,Команда 06,33,Дневная,104.92,14.35,1,0,91.2,83.73,93.69,4.06,65.63,0,6.68,
SYN-02226,2024-07-10,2022-01-22,2024-08-20,1,Казань,Продажи,Команда 06,30,Смешанная,117.51,25.7,2,1,91.25,62.6,83.18,4.34,48.39,1,12.24,Низкая вовлечённость
SYN-02227,2025-08-06,2020-12-30,,0,Омск,Удержание,Команда 08,56,Дневная,80.19,11.48,0,0,96.38,65.76,86.83,4.16,51.36,0,0,
SYN-02228,2024-08-21,2024-07-22,2024-09-10,1,Омск,Удержание,Команда 02,1,Дневная,88.52,11.51,11,2,78.71,72.19,77.91,4.57,39.11,0,3.06,Низкая вовлечённость
SYN-02229,2024-11-07,2020-11-28,2024-11-15,1,Омск,Поддержка,Команда 01,48,Дневная,68.67,25.97,6,3,84.02,79.2,91.09,5.0,56.11,0,8.76,Высокая нагрузка
SYN-02230,2025-09-02,2021-01-26,,0,Казань,Поддержка,Команда 03,56,Дневная,99.4,3.99,0,1,89.58,82.62,90.1,4.2,58.06,1,14.22,
SYN-02231,2024-11-03,2021-11-19,,0,Казань,Поддержка,Команда 10,36,Дневная,86.41,1.98,2,0,91.23,98.61,89.93,4.23,74.05,0,3.23,
SYN-02232,2024-03-06,2021-04-21,,0,Омск,Продажи,Команда 03,35,Дневная,84.12,5.04,2,0,89.73,92.33,86.07,4.12,44.96,0,7.31,
SYN-02233,2025-06-14,2024-04-20,,0,Казань,Удержание,Команда 11,14,Дневная,95.45,2.55,4,1,84.39,84.68,96.3,3.61,82.09,0,5.52,
SYN-02234,2024-06-07,2022-03-20,2024-07-31,1,Омск,Продажи,Команда 07,27,Смешанная,102.1,14.88,2,1,90.46,73.61,85.89,4.64,61.92,0,7.23,Смена графика
SYN-02235,2026-03-09,2022-01-29,,0,Казань,Поддержка,Команда 12,50,Дневная,93.14,2.89,0,3,100,79.21,84.0,4.04,81.86,0,9.79,
SYN-02236,2024-01-10,2021-04-25,,0,Омск,Удержание,Команда 04,33,Дневная,96.3,11.58,2,0,83.66,84.76,69.65,3.42,84.07,0,3.53,
SYN-02237,2024-09-01,2021-10-17,,0,Казань,Продажи,Команда 01,35,Ночная,85.46,4.81,7,2,76.48,73.97,88.43,4.54,70.4,0,0,
SYN-02238,2024-03-01,2020-02-21,,0,Москва,Продажи,Команда 04,49,Дневная,103.68,18.13,1,2,83.52,97.13,78.81,4.71,69.16,0,5.97,
SYN-02239,2024-02-08,2019-03-06,,0,Москва,Продажи,Команда 11,60,Дневная,103.38,14.98,0,0,100,65.95,87.96,4.97,91.92,0,0,
SYN-02240,2024-04-11,2019-05-08,,0,Казань,Продажи,Команда 08,60,Смешанная,110.63,12.07,0,0,92.07,90.97,88.28,4.55,52.56,0,12.19,
SYN-02241,2024-03-15,2023-10-17,,0,Казань,Поддержка,Команда 06,5,Смешанная,83.59,20.71,6,0,91.17,88.29,99.41,4.2,45.29,0,7.61,
SYN-02242,2025-06-20,2022-04-07,,0,Омск,Продажи,Команда 12,39,Дневная,103.24,6.63,5,0,83.54,96.64,84.09,3.84,59.69,0,11.5,
SYN-02243,2024-03-16,2021-07-30,,0,Омск,Поддержка,Команда 04,32,Дневная,87.84,3.14,5,0,82.69,70.68,82.5,4.18,75.31,0,6.34,
SYN-02244,2024-05-10,2022-09-18,2024-06-12,1,Москва,Удержание,Команда 02,20,Дневная,99.46,23.25,1,0,93.83,78.06,84.49,3.5,70.29,0,2.63,Смена работодателя
SYN-02245,2024-07-06,2023-12-09,,0,Омск,Продажи,Команда 01,7,Дневная,98.84,11.58,2,0,97.81,67.09,81.54,4.74,69.96,0,10.8,
SYN-02246,2024-09-17,2020-08-09,,0,Омск,Продажи,Команда 12,50,Смешанная,87.7,18.97,2,2,87.57,87.49,92.77,4.51,55.96,1,3.47,
SYN-02247,2024-12-06,2023-05-16,,0,Москва,Продажи,Команда 10,19,Ночная,91.76,11.95,2,0,92.23,90.0,85.88,4.21,75.88,0,8.57,
SYN-02248,2025-06-11,2022-09-25,2025-07-23,1,Омск,Продажи,Команда 09,33,Смешанная,127.55,19.66,14,0,71.01,76.8,86.24,3.74,60.28,0,13.74,Личные причины
SYN-02249,2024-11-02,2022-12-13,,0,Омск,Продажи,Команда 08,23,Дневная,114.98,19.8,1,0,93.63,84.53,89.21,4.56,53.71,1,14.28,
SYN-02250,2024-03-12,2021-05-27,,0,Казань,Поддержка,Команда 01,34,Дневная,91.53,12.82,7,0,80.41,98.98,90.99,4.64,71.63,0,13.27,
SYN-02251,2026-02-18,2023-05-05,,0,Москва,Поддержка,Команда 02,34,Дневная,89.52,13.89,0,0,100,80.02,100,4.69,66.07,1,0,
SYN-02252,2024-08-06,2023-03-15,,0,Казань,Удержание,Команда 04,17,Смешанная,78.12,16.56,0,0,91.49,83.55,87.57,4.53,86.49,0,1.0,
SYN-02253,2024-07-14,2021-01-01,,0,Москва,Удержание,Команда 06,43,Дневная,79.15,11.77,6,0,88.6,60.52,87.43,4.42,58.92,0,13.3,
SYN-02254,2024-04-14,2021-03-31,,0,Москва,Поддержка,Команда 01,37,Дневная,102.99,20.89,1,1,92.79,90.12,76.77,3.97,75.2,0,10.97,
SYN-02255,2024-01-14,2023-11-15,2024-03-01,1,Москва,Поддержка,Команда 10,2,Дневная,77.96,22.17,1,1,94.01,84.1,95.0,4.42,49.57,0,0.05,Низкая вовлечённость
SYN-02256,2025-10-08,2025-09-08,,0,Москва,Удержание,Команда 02,1,Дневная,75.6,22.49,0,0,94.85,72.78,87.54,4.45,51.05,0,2.35,
SYN-02257,2024-08-12,2020-12-01,,0,Москва,Продажи,Команда 03,45,Ночная,93.95,17.03,0,0,86.98,84.84,95.58,4.36,76.84,0,4.42,
SYN-02258,2024-08-18,2022-03-02,,0,Казань,Поддержка,Команда 11,30,Дневная,72.71,8.06,0,6,88.88,72.05,75.19,3.85,100,0,11.79,
SYN-02259,2024-04-12,2021-04-28,2024-06-17,1,Москва,Продажи,Команда 09,36,Смешанная,83.97,21.35,4,0,89.41,74.58,92.22,4.05,58.01,0,10.0,Смена графика
SYN-02260,2024-01-04,2019-07-29,,0,Омск,Удержание,Команда 05,54,Дневная,81.85,33.33,2,0,96.25,93.46,95.7,4.21,54.04,0,5.12,
SYN-02261,2024-07-18,2022-08-28,,0,Казань,Поддержка,Команда 12,23,Дневная,67.38,11.87,0,3,95.0,73.13,86.09,4.57,71.41,0,10.31,
SYN-02262,2024-06-18,2023-02-24,2024-07-17,1,Казань,Удержание,Команда 09,16,Смешанная,85.24,19.19,2,0,91.27,77.18,88.95,4.38,50.2,0,0,Низкая вовлечённость
SYN-02263,2025-05-20,2023-05-01,,0,Омск,Продажи,Команда 12,25,Дневная,92.29,15.32,0,1,88.73,91.11,79.93,4.57,89.0,0,2.56,
SYN-02264,2024-07-17,2023-08-22,,0,Москва,Продажи,Команда 04,11,Смешанная,95.12,16.86,5,1,86.78,83.19,85.88,4.25,50.98,0,15.36,
SYN-02265,2025-07-01,2023-07-12,,0,Москва,Поддержка,Команда 05,24,Ночная,89.73,15.1,0,2,90.29,78.07,89.54,4.65,63.93,1,6.11,
SYN-02266,2024-05-12,2023-03-19,2024-06-27,1,Москва,Поддержка,Команда 12,14,Дневная,93.87,6.34,4,4,84.11,80.53,75.91,4.28,68.99,0,6.47,Личные причины
SYN-02267,2025-02-16,2020-11-09,,0,Москва,Продажи,Команда 05,52,Дневная,90.24,4.68,1,1,94.84,84.16,83.17,4.8,82.56,0,11.94,
SYN-02268,2024-12-13,2022-09-25,,0,Казань,Поддержка,Команда 08,27,Дневная,86.34,16.51,2,1,85.33,76.77,89.26,4.04,67.09,0,8.72,
SYN-02269,2025-07-21,2024-08-25,,0,Москва,Удержание,Команда 08,11,Дневная,84.79,0,3,3,87.51,75.78,81.95,4.64,72.16,0,9.43,
SYN-02270,2024-09-17,2021-02-05,,0,Омск,Продажи,Команда 07,44,Смешанная,93.77,7.83,2,1,90.53,78.07,93.49,4.15,71.06,0,7.47,
SYN-02271,2024-12-14,2022-09-26,,0,Омск,Продажи,Команда 03,27,Ночная,109.95,3.64,3,1,95.05,82.93,86.84,4.01,71.57,1,7.53,
SYN-02272,2024-04-08,2022-11-15,,0,Москва,Продажи,Команда 03,17,Смешанная,120.23,19.3,0,3,89.52,72.9,85.17,4.45,62.92,1,6.95,
SYN-02273,2024-12-13,2021-04-03,,0,Омск,Удержание,Команда 10,45,Дневная,68.0,8.35,2,0,90.43,87.57,82.54,3.89,58.13,0,12.41,
SYN-02274,2025-01-03,2023-10-11,,0,Москва,Продажи,Команда 12,15,Дневная,100.37,22.04,2,0,88.79,80.28,84.2,4.23,74.03,0,0,
SYN-02275,2024-09-18,2023-08-25,,0,Казань,Поддержка,Команда 05,13,Дневная,88.25,11.19,2,0,85.55,85.76,81.66,4.52,81.39,0,12.21,
SYN-02276,2024-04-01,2022-02-11,,0,Москва,Поддержка,Команда 07,26,Смешанная,62.97,0,6,2,88.03,80.35,78.79,3.73,69.73,0,7.01,
SYN-02277,2025-10-01,2025-03-05,,0,Москва,Удержание,Команда 07,7,Ночная,91.79,23.5,0,5,88.82,87.28,78.24,4.24,69.96,1,9.17,
SYN-02278,2024-06-02,2023-08-07,,0,Москва,Удержание,Команда 01,10,Дневная,98.06,5.62,7,2,76.68,74.67,94.17,4.08,60.94,0,10.43,
SYN-02279,2025-10-21,2024-02-29,,0,Казань,Удержание,Команда 06,20,Ночная,99.13,0,2,3,84.03,78.89,89.08,4.53,83.79,0,5.45,
SYN-02280,2024-06-15,2022-12-23,,0,Москва,Удержание,Команда 08,18,Ночная,92.94,10.22,12,2,72.76,88.72,82.14,4.99,73.72,0,15.33,
SYN-02281,2025-08-12,2024-07-18,,0,Казань,Удержание,Команда 09,13,Дневная,80.22,12.62,3,0,87.33,83.08,81.98,4.08,68.3,0,4.42,
SYN-02282,2026-01-17,2021-05-13,,0,Москва,Удержание,Команда 01,57,Дневная,96.47,2.93,0,1,94.83,67.44,87.05,3.9,57.12,0,6.57,
SYN-02283,2024-11-07,2023-01-17,,0,Москва,Удержание,Команда 05,22,Дневная,73.04,10.87,0,0,96.18,67.31,85.47,4.77,81.3,0,4.02,
SYN-02284,2024-10-10,2021-12-25,,0,Казань,Поддержка,Команда 01,34,Смешанная,80.24,16.71,0,2,87.77,64.7,79.73,4.26,59.69,0,7.27,
SYN-02285,2025-03-21,2023-12-27,,0,Омск,Продажи,Команда 09,15,Дневная,101.27,15.31,1,0,98.22,53.71,87.62,4.0,40.92,0,3.55,
SYN-02286,2025-07-08,2025-04-09,,0,Омск,Продажи,Команда 06,3,Дневная,84.24,24.34,0,0,95.41,86.13,83.43,4.57,64.65,0,0.42,
SYN-02287,2025-10-15,2022-12-30,,0,Москва,Продажи,Команда 06,34,Смешанная,79.75,7.47,6,0,83.04,68.17,84.14,4.46,54.05,0,5.45,
SYN-02288,2025-07-12,2025-01-13,,0,Москва,Поддержка,Команда 06,6,Дневная,68.63,0,8,0,77.43,87.28,88.65,4.31,83.57,0,12.83,
SYN-02289,2025-01-21,2022-12-03,,0,Омск,Продажи,Команда 05,26,Дневная,97.1,0,0,1,95.25,89.9,91.39,4.82,91.85,0,11.16,
SYN-02290,2024-03-07,2019-11-29,,0,Омск,Удержание,Команда 02,52,Дневная,102.58,15.01,0,2,98.18,63.7,91.24,4.37,79.65,0,9.54,
SYN-02291,2026-01-12,2025-06-16,,0,Омск,Продажи,Команда 07,7,Дневная,84.31,9.69,1,0,86.84,69.28,87.04,4.57,61.02,0,5.42,
SYN-02292,2025-12-20,2022-01-10,,0,Омск,Удержание,Команда 10,48,Дневная,105.54,3.61,3,0,90.73,82.23,85.58,4.42,65.7,0,13.27,
SYN-02293,2026-03-12,2021-09-04,,0,Омск,Удержание,Команда 07,55,Дневная,84.12,12.62,2,1,89.97,82.22,82.79,4.97,41.61,0,11.82,
SYN-02294,2025-10-10,2022-09-26,,0,Омск,Удержание,Команда 12,37,Смешанная,78.4,16.36,0,0,98.18,69.34,74.19,3.93,81.97,0,13.77,
SYN-02295,2026-01-05,2023-07-20,,0,Омск,Продажи,Команда 05,30,Дневная,91.76,10.83,8,1,81.81,84.62,78.72,4.63,82.86,0,13.0,
SYN-02296,2026-02-13,2022-06-04,,0,Омск,Продажи,Команда 11,45,Дневная,85.9,9.69,3,1,88.48,85.9,75.87,4.19,76.15,0,4.72,
SYN-02297,2025-08-21,2021-10-11,,0,Казань,Поддержка,Команда 10,47,Дневная,76.55,17.02,3,0,84.68,69.26,100,4.49,92.78,0,0,
SYN-02298,2025-03-18,2022-03-04,,0,Омск,Удержание,Команда 10,37,Смешанная,87.03,0,1,0,93.19,68.05,79.3,4.28,78.03,0,11.1,
SYN-02299,2025-07-16,2024-12-18,,0,Казань,Удержание,Команда 01,7,Дневная,87.19,11.43,4,0,86.79,63.18,93.29,4.14,71.15,0,3.67,
SYN-02300,2025-03-05,2020-03-31,,0,Омск,Продажи,Команда 04,60,Ночная,99.6,4.35,7,1,83.28,85.96,83.03,4.24,79.36,0,2.16,
SYN-02301,2024-06-15,2021-04-02,,0,Омск,Поддержка,Команда 02,39,Дневная,62.14,10.07,0,3,87.56,66.84,77.28,4.94,75.85,0,10.4,
SYN-02302,2024-01-18,2020-05-08,2024-04-08,1,Омск,Поддержка,Команда 11,45,Ночная,64.38,20.78,2,0,93.0,88.48,83.72,4.74,54.5,0,5.1,Низкая вовлечённость
SYN-02303,2025-12-11,2024-07-19,,0,Омск,Удержание,Команда 11,17,Дневная,72.55,16.8,0,0,100,76.63,77.24,3.72,91.33,0,0,
SYN-02304,2024-08-05,2024-05-07,,0,Омск,Поддержка,Команда 08,3,Смешанная,88.99,6.15,1,2,91.27,72.4,81.0,3.89,73.21,0,1.21,
SYN-02305,2025-09-01,2020-11-26,,0,Омск,Удержание,Команда 12,58,Дневная,64.26,14.96,1,0,95.35,82.84,84.76,4.65,60.35,0,7.92,
SYN-02306,2024-02-18,2019-04-15,,0,Казань,Удержание,Команда 03,59,Ночная,94.79,14.21,0,0,94.08,76.39,73.12,4.67,81.24,0,6.4,
SYN-02307,2024-11-09,2023-09-16,2024-11-29,1,Москва,Поддержка,Команда 12,14,Дневная,95.49,20.89,3,2,87.41,87.72,84.6,5,63.26,0,14.02,Смена графика
SYN-02308,2025-12-13,2023-08-26,2026-01-02,1,Казань,Продажи,Команда 07,28,Смешанная,93.65,0,1,1,96.64,80.69,71.85,4.0,86.52,0,18.74,Смена работодателя
SYN-02309,2024-05-15,2023-12-17,2024-06-08,1,Москва,Продажи,Команда 05,5,Смешанная,94.13,14.97,0,3,97.35,77.73,78.98,4.9,36.87,1,4.49,Низкая вовлечённость
SYN-02310,2024-09-08,2019-11-04,,0,Омск,Поддержка,Команда 12,59,Ночная,81.56,10.0,2,2,97.27,79.8,84.1,5,59.05,0,18.66,
SYN-02311,2024-10-04,2022-05-18,,0,Москва,Удержание,Команда 01,29,Дневная,113.87,10.96,1,3,96.1,87.49,77.64,4.25,59.56,0,7.14,
SYN-02312,2024-07-20,2023-07-26,,0,Омск,Удержание,Команда 05,12,Дневная,94.85,5.99,1,1,92.27,85.87,80.75,4.33,68.91,0,4.48,
SYN-02313,2026-03-09,2021-07-03,,0,Москва,Удержание,Команда 03,57,Дневная,105.25,23.56,1,0,91.12,83.87,82.36,4.1,56.85,0,0,
SYN-02314,2025-09-15,2022-06-03,,0,Казань,Поддержка,Команда 06,40,Дневная,91.07,1.96,0,1,100,87.65,100,4.14,89.32,0,3.62,
SYN-02315,2024-05-12,2020-02-03,,0,Омск,Поддержка,Команда 11,52,Дневная,90.11,0,2,3,87.16,79.74,82.71,3.77,77.45,1,11.08,
SYN-02316,2024-03-21,2024-02-20,,0,Москва,Поддержка,Команда 11,1,Дневная,85.16,11.39,9,0,80.4,87.35,89.94,4.52,94.94,0,5.0,
SYN-02317,2025-04-08,2022-07-23,,0,Москва,Поддержка,Команда 08,33,Дневная,107.57,17.73,0,0,93.74,79.13,89.34,4.49,86.76,0,0,
SYN-02318,2025-01-18,2020-04-14,,0,Москва,Продажи,Команда 03,58,Смешанная,81.99,22.56,4,1,85.27,92.57,86.58,4.03,75.5,0,13.71,
SYN-02319,2025-07-14,2022-12-27,2025-08-31,1,Казань,Удержание,Команда 08,31,Дневная,94.41,21.57,5,0,92.06,72.33,83.9,4.27,39.43,1,4.82,Низкая вовлечённость
SYN-02320,2024-07-02,2020-07-23,,0,Омск,Удержание,Команда 07,48,Ночная,114.84,6.66,4,4,86.37,79.56,82.16,4.38,72.7,1,0.94,
SYN-02321,2024-05-08,2024-02-08,,0,Москва,Удержание,Команда 07,3,Дневная,102.01,20.0,3,1,96.87,81.73,66.57,4.45,66.14,0,3.28,
SYN-02322,2025-12-01,2022-12-17,,0,Казань,Удержание,Команда 11,36,Дневная,86.75,8.09,2,1,98.29,88.44,91.16,3.96,50.87,0,13.36,
SYN-02323,2025-12-19,2023-05-04,,0,Москва,Поддержка,Команда 07,32,Смешанная,86.45,12.78,0,1,95.61,80.3,90.36,3.97,57.93,0,7.54,
SYN-02324,2026-02-20,2023-10-04,,0,Омск,Поддержка,Команда 04,29,Дневная,80.27,26.47,0,0,98.71,89.52,91.33,4.87,68.63,1,13.36,
SYN-02325,2026-01-15,2022-06-05,,0,Москва,Продажи,Команда 07,44,Дневная,82.68,5.46,2,0,89.89,87.73,82.57,4.48,73.79,0,3.88,
SYN-02326,2026-02-17,2025-05-23,,0,Москва,Удержание,Команда 08,9,Дневная,81.29,11.24,1,0,91.18,79.88,85.23,4.66,50.85,0,5.3,
SYN-02327,2026-01-15,2022-06-05,,0,Казань,Удержание,Команда 08,44,Ночная,87.37,0,0,1,90.04,90.39,81.24,3.53,60.7,0,7.45,
SYN-02328,2025-09-14,2022-09-30,,0,Москва,Поддержка,Команда 09,36,Смешанная,83.84,16.67,1,0,92.39,73.03,90.24,3.99,83.27,0,0,
SYN-02329,2024-02-13,2021-06-28,2024-03-29,1,Омск,Продажи,Команда 07,32,Дневная,96.25,10.45,0,0,96.76,78.78,90.39,4.59,59.9,0,10.5,Личные причины
SYN-02330,2025-02-09,2024-02-15,,0,Омск,Поддержка,Команда 05,12,Дневная,87.39,9.2,2,1,87.1,71.45,75.51,4.8,67.43,0,7.17,
SYN-02331,2024-05-04,2022-10-12,2024-05-26,1,Москва,Продажи,Команда 03,19,Дневная,90.02,1.01,1,4,93.36,87.91,82.45,4.49,42.05,0,2.95,Низкая вовлечённость
SYN-02332,2025-08-18,2025-04-20,,0,Москва,Продажи,Команда 08,4,Ночная,94.96,11.53,0,1,100,79.03,81.75,4.32,78.77,0,11.89,
SYN-02333,2025-08-11,2024-11-14,,0,Омск,Удержание,Команда 05,9,Дневная,106.35,19.02,3,2,89.79,63.09,87.19,4.57,74.11,0,16.95,
SYN-02334,2026-01-17,2022-11-04,,0,Омск,Поддержка,Команда 07,39,Смешанная,86.32,15.58,3,3,87.56,79.51,80.47,4.38,54.21,0,11.43,
SYN-02335,2025-03-21,2021-08-09,,0,Москва,Продажи,Команда 12,44,Дневная,89.49,0,3,2,91.92,85.07,84.8,4.6,83.11,0,10.82,
SYN-02336,2024-02-15,2022-06-25,,0,Москва,Продажи,Команда 11,20,Смешанная,96.93,4.41,1,4,87.94,89.81,80.62,4.3,66.66,0,6.77,
SYN-02337,2026-01-13,2022-03-05,,0,Москва,Удержание,Команда 06,47,Дневная,68.77,0.5,0,1,92.32,68.83,97.75,4.38,84.04,0,5.14,
SYN-02338,2024-12-08,2022-03-24,,0,Москва,Удержание,Команда 11,33,Дневная,110.36,11.84,0,0,89.4,80.09,85.51,4.47,66.48,0,8.91,
SYN-02339,2024-04-06,2020-02-27,,0,Казань,Удержание,Команда 04,50,Дневная,90.36,5.71,1,1,92.44,78.7,76.22,4.31,74.7,0,6.34,
SYN-02340,2025-05-02,2024-06-06,,0,Казань,Продажи,Команда 05,11,Дневная,80.42,11.78,3,1,86.15,88.41,90.22,4.35,47.31,0,3.93,
SYN-02341,2025-07-18,2022-02-04,2025-08-19,1,Казань,Продажи,Команда 12,42,Дневная,85.31,18.43,0,0,94.23,79.2,92.14,4.3,59.12,0,5.9,Личные причины
SYN-02342,2025-08-03,2022-07-20,,0,Москва,Поддержка,Команда 08,37,Смешанная,71.35,27.29,7,0,80.41,88.2,77.44,4.24,47.47,0,5.01,
SYN-02343,2025-03-19,2024-04-23,2025-03-28,1,Москва,Поддержка,Команда 06,11,Смешанная,80.24,7.78,1,0,96.05,81.15,88.98,5,56.46,0,8.51,Личные причины
SYN-02344,2025-06-18,2023-03-31,2025-08-24,1,Казань,Продажи,Команда 12,27,Смешанная,91.13,7.77,3,5,83.04,73.9,79.07,3.98,51.94,1,4.17,Низкая вовлечённость
SYN-02345,2026-01-17,2021-07-12,,0,Омск,Поддержка,Команда 03,55,Дневная,91.24,8.41,4,3,88.88,65.26,81.53,4.4,87.66,0,4.98,
SYN-02346,2025-02-04,2024-04-10,2025-04-27,1,Казань,Удержание,Команда 08,10,Дневная,97.68,1.43,2,0,87.25,76.23,92.11,3.49,71.93,1,8.38,Смена графика
SYN-02347,2024-03-13,2020-05-03,,0,Москва,Удержание,Команда 01,47,Дневная,91.97,15.51,3,0,90.39,84.24,90.97,4.39,47.92,1,2.27,
SYN-02348,2025-04-15,2020-07-10,,0,Омск,Удержание,Команда 08,58,Дневная,63.09,15.43,6,5,77.21,78.38,90.88,4.06,60.51,0,3.16,
SYN-02349,2025-05-04,2025-04-04,,0,Казань,Продажи,Команда 01,1,Смешанная,95.62,0,4,2,80.22,60.36,90.72,5,80.95,0,14.28,
SYN-02350,2025-01-01,2022-07-16,,0,Омск,Продажи,Команда 09,30,Смешанная,76.15,5.8,3,0,90.39,80.57,95.26,4.18,61.42,0,12.54,
SYN-02351,2025-06-05,2024-08-09,,0,Омск,Поддержка,Команда 01,10,Дневная,80.66,14.64,0,1,100,78.51,78.09,4.01,58.32,1,0,
SYN-02352,2024-08-06,2024-04-08,,0,Омск,Поддержка,Команда 08,4,Дневная,86.37,2.52,0,0,94.14,81.65,83.46,3.86,87.68,0,3.73,
SYN-02353,2024-06-15,2021-05-02,,0,Москва,Удержание,Команда 02,38,Дневная,92.86,1.34,0,0,96.95,62.01,93.3,4.25,63.76,0,13.8,
SYN-02354,2024-02-02,2021-09-15,,0,Омск,Продажи,Команда 02,29,Дневная,75.28,14.96,2,3,81.75,77.69,84.86,5,62.81,1,12.34,
SYN-02355,2025-02-03,2021-07-24,,0,Омск,Удержание,Команда 06,43,Дневная,99.56,11.4,0,5,92.25,97.88,84.17,4.37,83.22,0,11.14,
SYN-02356,2025-07-18,2022-06-04,2025-08-29,1,Омск,Поддержка,Команда 03,38,Дневная,83.64,18.5,0,5,86.67,90.12,82.1,4.34,59.88,1,11.62,Смена работодателя
SYN-02357,2025-06-11,2021-06-02,,0,Казань,Поддержка,Команда 10,49,Дневная,75.76,13.33,1,2,86.49,87.76,90.78,4.99,57.22,0,0,
SYN-02358,2024-01-05,2019-09-28,,0,Омск,Поддержка,Команда 07,52,Ночная,101.22,14.02,1,2,91.26,76.15,79.62,4.74,73.9,0,0,
SYN-02359,2026-01-01,2024-03-12,,0,Москва,Удержание,Команда 05,22,Дневная,83.98,25.14,7,2,80.05,78.55,88.74,4.27,44.12,1,0,
SYN-02360,2025-10-08,2021-04-02,,0,Казань,Поддержка,Команда 07,55,Дневная,96.53,6.82,2,0,95.19,80.7,90.53,4.1,70.28,0,9.92,
SYN-02361,2026-02-07,2023-02-23,,0,Омск,Поддержка,Команда 11,36,Дневная,88.54,13.39,0,0,96.38,80.97,93.45,4.55,85.67,0,9.18,
SYN-02362,2025-10-06,2022-06-24,,0,Казань,Поддержка,Команда 01,40,Ночная,106.57,6.36,10,2,83.12,88.29,82.49,4.57,47.38,0,17.26,
SYN-02363,2026-03-14,2026-02-12,,0,Москва,Продажи,Команда 04,1,Дневная,87.12,12.96,2,1,91.07,77.56,94.82,3.91,78.98,0,17.16,
SYN-02364,2024-08-02,2022-11-11,,0,Казань,Продажи,Команда 04,21,Дневная,121.97,23.61,5,4,86.01,66.34,77.87,3.7,88.93,0,3.56,
SYN-02365,2025-07-19,2020-09-13,,0,Москва,Удержание,Команда 05,59,Ночная,96.3,21.27,2,0,90.1,63.17,84.46,4.37,66.6,0,9.1,
SYN-02366,2025-05-08,2023-08-17,,0,Казань,Поддержка,Команда 10,21,Дневная,92.17,9.1,1,3,87.85,91.51,98.7,4.44,89.07,0,0.8,
SYN-02367,2025-09-21,2025-02-23,,0,Москва,Удержание,Команда 02,7,Дневная,98.86,9.88,4,8,79.59,81.21,89.36,4.46,64.31,0,12.74,
SYN-02368,2024-04-08,2022-07-18,,0,Омск,Удержание,Команда 11,21,Дневная,78.5,20.09,3,0,95.18,82.73,87.84,3.64,68.77,0,6.33,
SYN-02369,2025-08-02,2021-11-21,,0,Казань,Продажи,Команда 11,45,Дневная,88.28,16.75,2,2,84.53,83.03,78.96,4.33,72.02,0,4.09,
SYN-02370,2025-06-01,2022-07-17,2025-06-18,1,Москва,Продажи,Команда 01,35,Дневная,83.59,0.49,14,0,75.17,80.67,79.56,4.53,63.24,0,3.34,Смена графика
SYN-02371,2025-03-16,2024-08-18,,0,Омск,Удержание,Команда 05,7,Дневная,79.02,20.26,2,1,88.78,93.98,82.06,4.47,64.4,0,7.35,
SYN-02372,2025-11-13,2022-03-04,,0,Омск,Удержание,Команда 10,45,Дневная,93.99,12.1,2,1,89.25,81.86,74.73,4.31,58.01,0,7.09,
SYN-02373,2025-08-01,2024-02-08,,0,Казань,Поддержка,Команда 05,18,Смешанная,96.14,23.51,0,0,95.14,72.48,93.16,4.89,20,0,7.54,
SYN-02374,2024-09-14,2021-02-02,,0,Казань,Удержание,Команда 12,44,Дневная,101.32,3.59,7,1,84.23,88.98,83.99,4.32,68.48,0,7.27,
SYN-02375,2025-04-21,2024-02-26,,0,Омск,Продажи,Команда 11,14,Смешанная,67.5,8.5,1,1,93.14,82.5,79.52,4.26,69.15,0,11.39,
SYN-02376,2024-11-18,2023-09-25,,0,Омск,Поддержка,Команда 07,14,Смешанная,96.19,10.24,0,2,89.02,82.06,92.83,4.25,70.25,0,6.13,
SYN-02377,2025-02-13,2021-06-04,,0,Казань,Продажи,Команда 04,45,Дневная,101.44,2.29,5,0,85.56,77.8,85.04,5,61.22,0,7.27,
SYN-02378,2026-03-08,2023-05-23,2026-05-21,1,Омск,Поддержка,Команда 06,34,Ночная,85.3,13.93,1,4,90.92,84.58,80.61,4.69,67.51,0,6.46,Смена графика
SYN-02379,2025-12-16,2021-09-08,,0,Омск,Удержание,Команда 12,52,Ночная,108.37,18.98,4,3,85.26,87.1,83.66,3.96,55.79,0,12.24,
SYN-02380,2024-07-14,2024-05-15,2024-07-31,1,Москва,Удержание,Команда 12,2,Дневная,108.83,22.88,2,1,94.74,67.4,78.4,4.24,50.88,0,10.63,Низкая вовлечённость
SYN-02381,2024-06-08,2019-09-03,2024-07-22,1,Москва,Удержание,Команда 08,58,Смешанная,89.64,13.51,1,1,96.3,77.19,88.21,4.02,81.75,0,4.77,Личные причины
SYN-02382,2024-02-21,2019-03-19,,0,Омск,Поддержка,Команда 02,60,Дневная,93.05,6.11,9,0,91.75,70.85,58.72,3.98,66.95,0,7.34,
SYN-02383,2024-10-09,2021-09-25,,0,Омск,Удержание,Команда 03,37,Смешанная,84.21,11.27,0,0,99.92,78.94,85.38,4.52,69.87,0,13.1,
SYN-02384,2024-03-16,2023-10-18,,0,Москва,Продажи,Команда 03,5,Дневная,96.56,5.66,1,1,95.1,82.3,84.79,4.44,59.97,0,11.99,
SYN-02385,2025-01-11,2022-11-23,,0,Москва,Поддержка,Команда 08,26,Дневная,89.08,0,2,1,87.92,91.9,90.07,3.88,70.91,0,3.5,
SYN-02386,2025-01-02,2024-09-04,,0,Омск,Продажи,Команда 04,4,Дневная,96.18,1.82,2,1,100,70.45,93.7,4.22,67.91,0,9.94,
SYN-02387,2024-12-09,2021-08-27,,0,Москва,Продажи,Команда 09,40,Смешанная,80.03,4.52,12,4,70.25,87.39,78.04,3.82,62.67,0,10.56,
SYN-02388,2026-02-01,2025-07-06,,0,Омск,Продажи,Команда 11,7,Смешанная,86.26,0,0,0,91.15,82.65,88.15,4.75,74.14,0,11.17,
SYN-02389,2024-09-13,2022-07-26,,0,Москва,Поддержка,Команда 07,26,Дневная,62.06,15.15,0,1,90.88,79.39,95.72,4.14,72.08,0,7.0,
SYN-02390,2025-04-21,2021-04-12,,0,Москва,Удержание,Команда 06,49,Дневная,100.69,0,0,2,92.41,84.45,85.5,3.95,65.66,0,0,
SYN-02391,2025-08-03,2022-09-18,,0,Москва,Удержание,Команда 01,35,Смешанная,76.73,5.8,1,0,91.87,72.96,84.2,4.08,62.31,0,10.74,
SYN-02392,2025-08-01,2021-10-21,,0,Москва,Продажи,Команда 12,46,Смешанная,114.55,37.66,1,0,91.86,56.99,92.98,3.96,56.1,0,16.17,
SYN-02393,2025-10-13,2023-04-27,,0,Омск,Удержание,Команда 02,30,Дневная,101.86,1.74,4,0,93.68,71.09,81.16,4.34,63.09,0,5.6,
SYN-02394,2024-12-16,2024-09-17,,0,Омск,Удержание,Команда 10,3,Смешанная,84.23,2.19,0,2,92.95,72.28,82.59,4.42,70.0,0,15.73,
SYN-02395,2025-12-15,2025-03-20,2026-02-26,1,Казань,Продажи,Команда 04,9,Ночная,96.25,3.22,1,1,87.36,92.5,79.97,3.52,69.57,0,5.29,Смена работодателя
SYN-02396,2024-03-19,2023-12-20,,0,Казань,Удержание,Команда 06,3,Ночная,78.51,15.06,4,0,82.32,78.81,88.19,4.43,60.34,0,4.72,
SYN-02397,2024-02-10,2019-04-07,,0,Москва,Продажи,Команда 01,59,Дневная,105.97,3.97,0,2,95.11,83.46,88.58,3.86,68.17,0,7.04,
SYN-02398,2026-03-18,2024-07-26,,0,Казань,Поддержка,Команда 12,20,Дневная,103.15,0.6,2,0,83.08,75.97,90.73,4.75,96.44,0,2.11,
SYN-02399,2025-07-09,2025-04-10,,0,Омск,Поддержка,Команда 08,3,Дневная,66.47,4.24,1,2,99.27,60.7,89.2,4.25,59.1,0,8.36,
SYN-02400,2025-10-18,2024-01-27,,0,Казань,Поддержка,Команда 07,21,Смешанная,113.08,16.4,4,0,89.43,99.93,76.4,4.2,55.3,0,8.07,
SYN-02401,2025-03-16,2021-11-02,,0,Казань,Поддержка,Команда 01,41,Дневная,97.45,3.83,1,0,98.38,72.63,96.34,4.05,80.56,0,4.64,
SYN-02402,2024-06-18,2020-10-07,,0,Казань,Поддержка,Команда 05,45,Дневная,97.26,0,1,4,83.61,80.69,81.12,4.41,84.53,0,2.38,
SYN-02403,2026-02-12,2023-12-25,2026-04-26,1,Москва,Поддержка,Команда 06,26,Дневная,87.58,11.62,4,1,88.65,75.58,93.24,4.65,62.71,0,16.24,Личные причины
SYN-02404,2025-06-16,2025-01-17,,0,Казань,Продажи,Команда 07,5,Дневная,81.15,4.71,0,0,88.78,73.85,80.6,4.46,74.79,0,7.42,
SYN-02405,2025-10-12,2024-12-16,,0,Омск,Удержание,Команда 02,10,Дневная,68.75,6.07,0,0,95.55,71.86,89.78,3.76,73.78,0,14.28,
SYN-02406,2025-09-08,2020-10-04,,0,Омск,Удержание,Команда 03,60,Дневная,101.94,9.97,0,2,86.76,79.81,80.02,4.38,62.27,0,8.54,
SYN-02407,2024-12-06,2021-01-26,,0,Москва,Удержание,Команда 02,47,Дневная,92.14,15.2,3,0,91.66,62.79,88.39,4.66,70.35,0,12.49,
SYN-02408,2025-09-10,2022-09-26,,0,Казань,Поддержка,Команда 04,36,Смешанная,88.2,15.04,1,2,95.88,85.38,88.41,4.16,79.44,0,2.2,
SYN-02409,2024-06-09,2022-06-20,,0,Казань,Поддержка,Команда 02,24,Дневная,93.86,14.83,1,2,92.22,73.87,83.95,4.07,64.24,0,12.46,
SYN-02410,2024-11-13,2024-04-17,,0,Казань,Продажи,Команда 10,7,Ночная,79.68,10.92,3,0,89.25,71.97,94.42,4.82,53.38,0,5.6,
SYN-02411,2025-08-06,2025-01-08,2025-10-29,1,Казань,Продажи,Команда 10,7,Ночная,82.57,5.86,0,1,95.61,64.68,83.42,4.03,74.28,0,9.81,Смена работодателя
SYN-02412,2025-05-14,2021-05-05,2025-07-20,1,Казань,Поддержка,Команда 08,49,Дневная,90.47,20.11,2,0,90.13,88.65,86.67,3.55,71.57,0,4.63,Смена работодателя
SYN-02413,2024-06-03,2023-09-07,,0,Казань,Продажи,Команда 05,9,Ночная,82.03,12.6,0,0,90.56,80.59,83.1,3.96,69.29,0,5.09,
SYN-02414,2026-01-14,2025-06-18,,0,Омск,Продажи,Команда 07,7,Дневная,107.54,18.05,2,0,86.91,75.03,100,4.35,72.99,0,7.61,
SYN-02415,2024-04-20,2023-06-25,,0,Омск,Поддержка,Команда 06,10,Дневная,82.47,11.99,2,1,86.5,96.69,100,4.86,80.59,1,7.74,
SYN-02416,2024-11-19,2021-10-06,2024-12-18,1,Казань,Удержание,Команда 08,38,Дневная,97.76,11.6,4,0,88.49,80.9,100,4.28,87.55,0,10.61,Личные причины
SYN-02417,2025-01-06,2024-06-10,2025-04-02,1,Москва,Поддержка,Команда 07,7,Ночная,118.47,10.87,2,1,88.44,83.65,78.06,4.52,81.17,0,13.62,Смена работодателя
SYN-02418,2025-10-19,2021-03-14,,0,Омск,Удержание,Команда 04,56,Дневная,69.1,6.69,2,4,90.79,87.18,91.66,4.25,71.06,0,0,
SYN-02419,2025-12-17,2022-08-05,,0,Омск,Поддержка,Команда 09,41,Дневная,104.61,14.58,5,7,77.01,76.07,87.4,4.17,78.24,0,9.53,
SYN-02420,2024-06-03,2021-03-21,,0,Москва,Поддержка,Команда 07,39,Дневная,82.66,14.94,2,1,90.87,75.24,83.14,4.61,58.31,0,7.15,
SYN-02421,2026-01-02,2021-02-27,2026-03-15,1,Омск,Удержание,Команда 07,59,Смешанная,93.42,20.21,5,3,79.55,88.93,97.84,4.08,60.46,0,2.55,Смена графика
SYN-02422,2024-04-06,2023-11-08,,0,Омск,Продажи,Команда 04,5,Смешанная,79.36,4.46,3,0,96.23,83.58,81.05,4.58,59.02,1,7.68,
SYN-02423,2025-07-12,2021-05-04,,0,Москва,Удержание,Команда 01,51,Дневная,81.88,10.94,2,0,86.35,60.2,74.83,4.44,58.08,0,5.04,
SYN-02424,2025-12-11,2025-01-15,,0,Казань,Удержание,Команда 12,11,Ночная,69.69,25.23,0,3,93.4,89.65,94.92,4.0,60.3,0,8.36,
SYN-02425,2024-10-04,2020-06-27,,0,Омск,Удержание,Команда 07,52,Дневная,85.2,21.21,0,2,95.25,87.14,85.32,4.34,74.15,0,0,
SYN-02426,2025-08-21,2022-12-05,,0,Москва,Удержание,Команда 04,33,Смешанная,56.36,17.49,0,0,93.98,75.83,74.25,4.16,73.34,0,6.86,
SYN-02427,2025-12-20,2021-01-15,,0,Казань,Поддержка,Команда 11,60,Смешанная,86.97,15.89,4,5,84.73,88.05,82.71,3.87,100,0,4.65,
SYN-02428,2025-07-08,2022-02-24,,0,Казань,Поддержка,Команда 06,41,Смешанная,90.81,5.32,4,1,81.74,98.03,80.24,5,62.92,0,0.98,
SYN-02429,2026-01-16,2025-02-20,,0,Омск,Удержание,Команда 01,11,Дневная,97.26,3.34,4,3,79.96,74.08,76.8,4.61,75.81,0,1.74,
SYN-02430,2025-02-12,2024-02-18,,0,Омск,Удержание,Команда 09,12,Дневная,94.39,9.48,0,0,86.11,91.06,77.07,4.42,63.52,0,0,
SYN-02431,2024-06-01,2020-12-19,,0,Омск,Удержание,Команда 05,42,Ночная,73.88,0,9,1,86.06,83.65,88.82,4.44,96.48,0,0.08,
SYN-02432,2025-03-15,2021-03-06,,0,Омск,Поддержка,Команда 05,49,Дневная,92.75,15.03,3,0,92.33,80.57,84.46,4.89,70.27,0,6.04,
SYN-02433,2025-11-13,2022-01-03,,0,Казань,Продажи,Команда 03,47,Дневная,84.4,1.91,1,0,91.81,80.16,94.45,4.24,77.28,0,8.73,
SYN-02434,2025-11-14,2022-11-30,,0,Москва,Поддержка,Команда 09,36,Смешанная,86.55,2.56,6,0,79.13,84.09,84.74,4.17,77.59,0,5.68,
SYN-02435,2024-03-19,2022-03-30,,0,Москва,Поддержка,Команда 08,24,Смешанная,101.86,5.8,1,1,91.7,88.75,89.46,4.55,60.13,0,3.83,
SYN-02436,2024-08-03,2020-05-26,,0,Казань,Продажи,Команда 04,51,Дневная,87.03,0.48,2,3,88.32,85.06,69.04,4.06,66.21,0,1.28,
SYN-02437,2024-02-16,2022-03-28,2024-02-24,1,Омск,Поддержка,Команда 01,23,Дневная,81.84,2.89,0,0,92.21,76.06,98.48,4.54,84.99,0,6.11,Личные причины
SYN-02438,2024-03-09,2021-05-24,,0,Москва,Поддержка,Команда 11,34,Дневная,100.19,8.57,1,4,95.73,85.73,89.57,4.61,83.62,0,9.02,
SYN-02439,2024-08-20,2023-09-25,,0,Казань,Поддержка,Команда 07,11,Смешанная,92.61,18.66,5,3,79.64,92.49,89.02,4.15,57.83,0,7.84,
SYN-02440,2024-01-09,2020-02-29,2024-03-23,1,Омск,Продажи,Команда 02,47,Смешанная,89.38,0,2,0,88.07,83.11,73.83,4.28,81.92,0,7.43,Смена работодателя
SYN-02441,2024-08-05,2023-11-09,,0,Казань,Удержание,Команда 01,9,Дневная,95.44,16.77,3,2,92.54,79.9,96.65,4.15,40.75,0,3.36,
SYN-02442,2025-09-14,2020-10-10,,0,Омск,Поддержка,Команда 10,60,Дневная,76.28,0,1,6,87.34,69.69,77.81,5,79.29,0,7.58,
SYN-02443,2024-07-06,2023-06-12,,0,Казань,Продажи,Команда 05,13,Ночная,106.16,0,1,0,88.16,84.73,80.69,4.13,41.4,1,4.26,
SYN-02444,2024-01-16,2019-04-12,,0,Москва,Удержание,Команда 10,58,Смешанная,70.26,0,0,2,92.2,72.58,89.67,4.53,97.76,0,5.81,
SYN-02445,2024-03-13,2021-09-25,,0,Омск,Удержание,Команда 06,30,Смешанная,99.14,18.09,0,0,96.91,83.96,96.32,4.01,66.93,0,2.1,
SYN-02446,2024-02-19,2021-12-01,,0,Казань,Поддержка,Команда 04,27,Смешанная,84.91,0.86,0,1,96.99,88.87,88.34,4.01,79.93,0,6.92,
SYN-02447,2026-01-13,2021-10-06,,0,Омск,Поддержка,Команда 01,52,Ночная,76.4,9.91,8,2,81.36,80.54,82.66,4.61,50.74,0,7.43,
SYN-02448,2025-08-11,2023-03-25,,0,Омск,Продажи,Команда 04,29,Дневная,94.33,9.41,0,0,100,81.24,81.85,4.77,68.45,0,10.25,
SYN-02449,2025-09-13,2022-10-29,,0,Казань,Поддержка,Команда 02,35,Дневная,93.25,18.88,3,1,84.65,85.54,85.99,4.5,58.46,0,10.38,
SYN-02450,2024-07-05,2019-10-30,,0,Омск,Поддержка,Команда 03,57,Ночная,76.65,0,2,2,97.19,74.99,91.64,4.23,75.0,0,10.44,
SYN-02451,2026-01-19,2024-09-26,2026-02-18,1,Казань,Продажи,Команда 06,16,Дневная,86.39,16.12,1,0,94.52,76.55,80.99,3.86,65.85,0,16.91,Личные причины
SYN-02452,2024-10-02,2024-02-05,,0,Москва,Поддержка,Команда 03,8,Дневная,98.11,12.84,4,1,84.04,70.02,90.54,4.44,68.88,0,0,
SYN-02453,2025-03-01,2024-02-05,,0,Москва,Поддержка,Команда 02,13,Дневная,101.1,24.71,2,0,86.03,57.88,90.38,5,67.11,0,5.24,
SYN-02454,2024-06-11,2020-05-03,2024-08-02,1,Москва,Удержание,Команда 09,50,Дневная,100.33,24.98,4,1,90.82,74.84,81.56,3.82,69.53,0,2.54,Высокая нагрузка
SYN-02455,2025-09-02,2021-06-25,,0,Омск,Продажи,Команда 04,51,Дневная,101.52,0.43,1,0,95.27,65.88,82.2,4.73,72.62,0,10.31,
SYN-02456,2025-02-13,2022-04-30,2025-05-06,1,Омск,Продажи,Команда 06,34,Ночная,77.58,11.97,3,1,94.94,76.97,86.71,4.27,54.22,0,4.99,Низкая вовлечённость
SYN-02457,2025-03-14,2020-12-05,,0,Омск,Удержание,Команда 12,52,Ночная,71.47,4.5,2,0,92.56,84.34,84.99,4.14,83.64,0,2.47,
SYN-02458,2025-09-09,2021-06-02,,0,Москва,Удержание,Команда 01,52,Ночная,89.6,18.36,0,0,98.11,80.87,78.75,4.27,70.14,0,0.51,
SYN-02459,2025-10-06,2021-03-31,,0,Казань,Продажи,Команда 06,55,Смешанная,119.24,17.26,5,0,86.38,69.39,83.97,4.5,48.95,0,5.92,
SYN-02460,2026-03-01,2025-12-31,,0,Казань,Удержание,Команда 09,2,Дневная,80.67,7.65,4,0,85.98,81.95,76.5,3.89,79.5,0,2.56,
SYN-02461,2024-02-11,2023-04-17,,0,Москва,Поддержка,Команда 01,10,Смешанная,69.04,11.12,7,1,86.78,84.56,78.53,4.93,53.11,0,7.16,
SYN-02462,2024-05-20,2023-06-25,,0,Омск,Продажи,Команда 02,11,Дневная,92.39,0,3,1,93.84,87.61,85.98,4.22,83.47,0,16.96,
SYN-02463,2024-02-03,2022-11-10,,0,Казань,Продажи,Команда 04,15,Смешанная,106.04,23.44,5,0,91.85,82.6,76.56,3.59,80.63,0,5.76,
SYN-02464,2024-10-03,2021-03-23,2024-12-07,1,Казань,Удержание,Команда 10,43,Дневная,83.42,11.46,1,0,95.44,80.55,70.54,4.67,97.3,0,0,Личные причины
SYN-02465,2025-03-15,2023-12-21,,0,Казань,Удержание,Команда 11,15,Дневная,88.33,17.47,2,4,88.15,85.12,71.5,4.12,94.6,0,5.24,
SYN-02466,2025-03-07,2023-09-14,,0,Москва,Поддержка,Команда 12,18,Дневная,111.88,4.17,1,0,88.82,72.56,77.27,4.62,80.55,0,3.06,
SYN-02467,2024-10-08,2022-06-21,,0,Омск,Удержание,Команда 12,28,Дневная,91.72,11.19,6,0,84.5,78.5,92.63,4.45,66.75,0,13.73,
SYN-02468,2024-07-06,2021-04-23,2024-08-28,1,Казань,Поддержка,Команда 07,39,Дневная,76.33,24.1,2,3,90.18,71.65,76.17,4.34,57.8,0,0.91,Высокая нагрузка
SYN-02469,2024-06-07,2024-05-08,,0,Москва,Продажи,Команда 07,1,Ночная,84.38,18.11,0,0,98.46,88.07,100,4.24,52.8,0,4.18,
SYN-02470,2025-10-02,2025-04-05,,0,Москва,Удержание,Команда 05,6,Дневная,66.35,0,1,0,90.66,72.99,83.32,4.09,77.05,0,7.92,
SYN-02471,2024-04-20,2019-11-13,,0,Москва,Продажи,Команда 09,54,Ночная,88.92,0,2,2,85.46,82.14,85.94,4.24,72.92,0,11.28,
SYN-02472,2024-03-05,2021-12-16,,0,Москва,Продажи,Команда 10,27,Дневная,98.81,7.52,3,0,96.63,95.19,82.98,3.38,84.32,0,9.63,
SYN-02473,2024-04-19,2022-10-27,,0,Омск,Продажи,Команда 04,18,Дневная,107.16,8.79,4,0,85.82,82.95,85.57,4.65,61.27,0,7.36,
SYN-02474,2025-09-09,2021-03-04,,0,Омск,Поддержка,Команда 06,55,Ночная,80.57,2.94,1,2,88.61,81.26,83.21,4.66,59.49,0,6.44,
SYN-02475,2024-05-18,2021-04-04,,0,Казань,Удержание,Команда 09,38,Дневная,71.6,4.14,1,0,93.3,74.08,91.81,4.17,61.51,0,12.11,
SYN-02476,2026-03-10,2024-02-19,,0,Казань,Удержание,Команда 02,25,Дневная,69.5,3.06,3,0,87.99,86.13,86.66,3.94,64.46,0,11.21,
SYN-02477,2025-01-03,2022-04-19,,0,Москва,Продажи,Команда 01,33,Ночная,90.64,7.27,2,1,98.95,91.08,88.17,4.39,74.19,0,13.95,
SYN-02478,2025-06-10,2024-06-15,,0,Москва,Удержание,Команда 06,12,Ночная,80.25,6.28,0,6,86.88,89.51,77.81,4.18,86.04,0,6.98,
SYN-02479,2024-03-09,2023-06-13,,0,Казань,Поддержка,Команда 10,9,Дневная,54.92,3.77,1,1,96.07,76.58,78.75,4.92,69.12,0,0,
SYN-02480,2025-01-12,2021-07-02,,0,Москва,Продажи,Команда 03,43,Ночная,116.66,20.56,1,1,93.95,99.29,77.75,4.3,49.59,0,5.24,
SYN-02481,2026-03-14,2021-04-09,,0,Казань,Поддержка,Команда 07,60,Дневная,70.77,9.28,2,2,97.46,80.52,86.56,4.78,98.69,0,9.91,
SYN-02482,2024-06-17,2022-09-26,,0,Омск,Продажи,Команда 03,21,Ночная,56.68,13.66,1,2,89.56,83.12,82.38,4.61,61.29,0,4.71,
SYN-02483,2025-02-15,2024-11-17,2025-05-07,1,Казань,Удержание,Команда 12,3,Дневная,76.5,0.93,6,2,80.71,68.73,100,4.25,57.73,0,14.71,Смена графика
SYN-02484,2026-01-03,2025-07-07,,0,Омск,Удержание,Команда 11,6,Дневная,94.75,17.76,1,0,93.72,80.42,84.24,4.52,56.17,0,3.84,
SYN-02485,2025-01-14,2024-02-19,2025-03-22,1,Москва,Продажи,Команда 02,11,Дневная,86.22,8.9,14,0,74.02,81.39,79.05,4.3,66.26,0,6.41,Личные причины
SYN-02486,2025-05-11,2023-02-21,,0,Москва,Удержание,Команда 09,27,Смешанная,75.99,11.5,6,2,86.39,78.2,92.35,4.18,59.0,0,6.27,
SYN-02487,2025-04-06,2020-10-29,,0,Москва,Поддержка,Команда 09,54,Дневная,88.81,17.3,0,0,93.08,83.12,78.35,4.46,69.56,0,7.4,
SYN-02488,2025-10-17,2024-02-25,,0,Омск,Поддержка,Команда 11,20,Ночная,88.43,5.11,0,0,87.56,83.08,90.82,4.37,78.63,0,10.49,
SYN-02489,2025-03-12,2025-01-11,,0,Казань,Продажи,Команда 02,2,Смешанная,87.33,9.83,0,2,92.02,82.69,87.73,4.2,73.11,0,8.76,
SYN-02490,2025-08-18,2025-04-20,,0,Казань,Удержание,Команда 02,4,Смешанная,87.35,4.2,1,1,95.2,69.61,75.54,4.75,86.65,0,15.55,
SYN-02491,2025-07-19,2023-12-27,,0,Казань,Удержание,Команда 06,19,Смешанная,105.19,6.84,0,0,91.94,72.27,94.97,4.69,47.83,1,8.2,
SYN-02492,2026-03-08,2025-07-11,,0,Москва,Продажи,Команда 02,8,Дневная,95.19,9.52,1,1,87.96,83.78,84.75,4.07,77.54,0,7.28,
SYN-02493,2024-05-14,2023-11-16,,0,Москва,Удержание,Команда 09,6,Дневная,106.02,6.89,2,3,90.49,75.99,93.8,4.3,68.04,0,14.08,
SYN-02494,2024-11-04,2022-05-19,2025-01-29,1,Омск,Удержание,Команда 06,30,Смешанная,74.27,27.67,2,0,95.95,78.44,83.85,4.38,59.84,0,8.26,Высокая нагрузка
SYN-02495,2025-11-04,2021-11-25,,0,Омск,Поддержка,Команда 09,48,Смешанная,67.25,5.09,1,0,86.78,78.69,89.86,4.24,44.01,0,0,
SYN-02496,2024-11-10,2021-07-29,2024-11-19,1,Казань,Поддержка,Команда 12,40,Дневная,85.43,14.45,1,1,94.27,83.86,100,4.33,67.8,0,9.34,Смена графика
SYN-02497,2025-05-11,2021-06-01,,0,Москва,Поддержка,Команда 07,48,Дневная,100.15,12.13,0,6,85.14,85.65,84.69,4.09,72.41,0,3.08,
SYN-02498,2024-08-03,2020-07-25,,0,Казань,Удержание,Команда 08,49,Дневная,79.94,19.73,7,0,88.41,85.1,82.43,3.74,74.02,0,12.59,
SYN-02499,2025-01-01,2023-02-11,2025-01-13,1,Казань,Удержание,Команда 10,23,Дневная,103.64,31.14,1,0,94.73,71.66,86.08,4.6,55.17,1,0.96,Высокая нагрузка
SYN-02500,2025-05-08,2022-03-25,2025-06-22,1,Москва,Продажи,Команда 10,38,Дневная,127.98,28.54,5,0,81.23,60.78,83.9,3.79,64.99,0,7.8,Высокая нагрузка
SYN-02501,2024-12-13,2023-07-22,,0,Казань,Продажи,Команда 03,17,Смешанная,119.65,12.35,3,0,89.64,63.52,92.8,4.49,56.57,0,3.72,
SYN-02502,2024-06-03,2020-09-22,,0,Омск,Продажи,Команда 11,45,Дневная,89.7,5.98,0,0,100,83.4,86.97,4.71,79.15,0,2.51,
SYN-02503,2026-01-11,2024-12-17,,0,Москва,Продажи,Команда 10,13,Смешанная,95.32,2.58,1,0,94.73,96.12,81.16,4.07,67.39,0,4.89,
SYN-02504,2025-10-12,2023-04-26,2026-01-04,1,Казань,Продажи,Команда 04,30,Ночная,80.94,5.02,0,2,91.71,85.85,90.39,3.82,61.69,0,3.79,Личные причины
SYN-02505,2025-05-17,2023-08-26,2025-08-01,1,Москва,Продажи,Команда 07,21,Смешанная,79.5,3.56,0,3,90.22,91.27,89.34,4.42,68.86,0,5.97,Смена графика
SYN-02506,2025-03-11,2024-03-16,2025-05-08,1,Казань,Поддержка,Команда 04,12,Смешанная,54.18,31.31,0,0,100,84.05,84.55,4.93,39.55,1,1.71,Низкая вовлечённость
SYN-02507,2024-08-21,2022-04-04,,0,Казань,Поддержка,Команда 06,29,Смешанная,88.62,26.25,1,0,98.8,85.6,89.1,4.83,77.11,0,7.56,
SYN-02508,2024-05-19,2022-04-30,,0,Омск,Удержание,Команда 02,25,Дневная,84.24,5.61,0,0,100,100,93.87,4.89,75.79,0,13.91,
SYN-02509,2024-12-14,2022-02-28,2025-02-01,1,Казань,Удержание,Команда 01,34,Дневная,112.21,8.06,4,0,95.37,81.6,83.45,4.84,72.29,1,7.47,Личные причины
SYN-02510,2025-03-12,2022-05-27,,0,Казань,Удержание,Команда 04,34,Ночная,111.0,22.79,0,3,98.85,88.95,82.66,4.44,40.4,0,3.86,
SYN-02511,2024-12-18,2022-01-03,,0,Москва,Удержание,Команда 12,36,Дневная,98.27,0,1,0,92.71,71.84,90.69,4.43,60.68,0,4.76,
SYN-02512,2025-03-07,2020-09-29,,0,Казань,Продажи,Команда 04,54,Дневная,71.6,3.35,9,0,81.34,63.31,78.5,4.04,63.09,0,14.27,
SYN-02513,2025-06-11,2025-03-13,,0,Казань,Продажи,Команда 10,3,Смешанная,92.75,32.34,3,0,92.18,90.85,95.93,3.88,70.05,0,16.67,
SYN-02514,2024-05-01,2022-05-12,,0,Омск,Продажи,Команда 06,24,Дневная,102.17,16.45,3,2,91.61,82.54,85.55,4.46,48.58,0,6.24,
SYN-02515,2024-10-07,2020-08-29,,0,Москва,Поддержка,Команда 02,50,Дневная,68.66,14.84,3,5,89.22,86.18,82.86,3.8,61.12,0,11.12,
SYN-02516,2024-12-20,2021-10-07,,0,Омск,Поддержка,Команда 05,39,Дневная,88.55,7.1,14,1,68.99,74.96,70.83,4.6,74.06,0,2.64,
SYN-02517,2024-08-21,2023-08-27,,0,Казань,Поддержка,Команда 11,12,Дневная,70.26,6.08,2,0,98.86,100,73.78,4.35,77.93,1,10.12,
SYN-02518,2024-09-03,2021-08-20,,0,Москва,Продажи,Команда 05,37,Дневная,110.73,17.86,1,3,84.95,81.56,86.04,4.81,73.46,0,6.84,
SYN-02519,2024-06-10,2022-04-22,,0,Казань,Поддержка,Команда 03,26,Смешанная,83.01,9.57,0,2,91.82,90.03,87.36,4.34,72.41,0,5.76,
SYN-02520,2026-01-20,2021-03-17,,0,Омск,Удержание,Команда 12,59,Дневная,113.76,21.7,3,0,85.32,82.38,84.84,4.3,80.31,0,2.56,
SYN-02521,2026-01-06,2021-07-31,,0,Казань,Удержание,Команда 12,54,Дневная,91.87,0,3,1,93.21,76.54,83.11,3.92,90.99,0,5.59,
SYN-02522,2025-08-04,2020-12-28,,0,Омск,Поддержка,Команда 04,56,Ночная,97.97,11.23,0,2,94.4,80.57,91.82,3.94,69.51,0,6.15,
SYN-02523,2025-03-10,2020-06-04,,0,Москва,Продажи,Команда 09,58,Смешанная,87.38,9.08,3,0,89.01,86.22,85.11,4.55,53.34,0,13.76,
SYN-02524,2025-09-13,2020-10-09,,0,Москва,Поддержка,Команда 07,60,Смешанная,82.13,9.54,1,6,85.93,72.26,86.36,4.66,82.0,0,0.45,
SYN-02525,2024-03-20,2023-03-26,,0,Казань,Поддержка,Команда 03,12,Дневная,71.42,14.09,3,0,90.15,82.01,96.09,4.39,84.85,0,3.84,
SYN-02526,2024-04-15,2022-07-25,2024-04-29,1,Москва,Поддержка,Команда 07,21,Ночная,103.87,19.19,1,0,95.21,90.12,88.86,4.19,63.86,1,3.84,Смена работодателя
SYN-02527,2024-05-04,2020-04-25,,0,Москва,Поддержка,Команда 04,49,Дневная,87.81,8.35,0,0,95.49,67.42,82.69,4.09,75.37,0,18.48,
SYN-02528,2025-11-05,2021-10-27,2025-12-01,1,Казань,Поддержка,Команда 07,49,Смешанная,85.18,10.89,1,1,93.1,91.29,94.07,4.09,58.45,0,5.79,Смена графика
SYN-02529,2025-01-05,2020-09-28,,0,Казань,Удержание,Команда 01,52,Дневная,75.38,20.5,4,2,84.9,75.89,70.92,4.07,62.16,0,5.11,
SYN-02530,2026-02-17,2022-11-05,,0,Москва,Поддержка,Команда 10,40,Дневная,63.43,1.39,6,3,79.46,79.31,75.2,4.41,77.01,0,2.46,
SYN-02531,2025-08-20,2023-11-29,,0,Казань,Поддержка,Команда 03,21,Смешанная,79.03,9.08,0,1,88.93,79.64,94.42,4.08,78.06,0,8.86,
SYN-02532,2024-01-15,2022-04-25,,0,Казань,Удержание,Команда 11,21,Смешанная,62.64,5.4,1,1,94.72,86.61,87.67,3.99,61.58,0,2.11,
SYN-02533,2025-10-04,2021-01-28,,0,Омск,Продажи,Команда 01,57,Ночная,72.18,5.94,0,0,99.03,79.83,77.58,4.29,71.14,0,0,
SYN-02534,2024-09-07,2020-07-30,,0,Омск,Продажи,Команда 01,50,Дневная,81.7,11.57,1,3,93.25,63.52,79.67,4.68,82.66,0,7.9,
SYN-02535,2025-01-08,2022-12-20,,0,Москва,Поддержка,Команда 08,25,Дневная,80.76,6.83,4,0,88.21,69.4,96.66,4.19,64.08,1,0,
SYN-02536,2026-01-20,2021-03-17,,0,Казань,Удержание,Команда 08,59,Смешанная,73.54,5.3,0,0,96.85,91.75,78.52,3.55,49.72,1,2.13,
SYN-02537,2024-09-02,2021-08-19,,0,Омск,Удержание,Команда 06,37,Смешанная,94.84,5.74,0,2,88.32,85.27,90.21,4.62,67.48,0,19.72,
SYN-02538,2025-02-02,2021-01-24,,0,Омск,Поддержка,Команда 03,49,Ночная,85.13,11.79,0,5,89.64,83.67,76.66,4.39,68.37,0,14.11,
SYN-02539,2025-03-14,2023-11-20,,0,Омск,Продажи,Команда 05,16,Смешанная,88.2,25.37,3,0,95.63,76.85,85.66,3.94,77.46,0,7.63,
SYN-02540,2024-08-18,2023-12-22,,0,Казань,Удержание,Команда 03,8,Дневная,91.12,0,1,4,87.28,100,77.7,4.38,63.23,1,8.07,
SYN-02541,2024-05-02,2020-05-23,,0,Казань,Поддержка,Команда 03,48,Смешанная,98.46,16.61,2,1,95.51,79.95,81.98,4.34,66.02,0,2.75,
SYN-02542,2025-01-12,2024-04-17,,0,Омск,Продажи,Команда 04,9,Дневная,97.45,22.55,6,1,86.01,87.38,90.82,4.22,73.04,0,5.56,
SYN-02543,2024-02-02,2022-06-12,,0,Омск,Удержание,Команда 04,20,Дневная,104.07,14.18,0,0,89.64,81.77,98.97,3.97,100,0,12.38,
SYN-02544,2024-02-18,2019-08-13,2024-04-20,1,Москва,Удержание,Команда 09,55,Дневная,82.94,34.4,6,0,80.87,81.32,77.83,3.46,32.94,0,8.2,Низкая вовлечённость
SYN-02545,2025-11-09,2022-12-25,,0,Омск,Продажи,Команда 08,35,Смешанная,101.25,2.0,5,1,86.0,81.24,86.58,3.93,86.62,0,6.6,
SYN-02546,2025-07-03,2022-06-19,,0,Омск,Поддержка,Команда 04,37,Дневная,90.53,16.07,3,1,87.69,73.94,89.16,4.27,55.84,0,2.8,
SYN-02547,2024-06-10,2022-07-21,,0,Омск,Продажи,Команда 06,23,Смешанная,92.69,10.47,0,2,95.84,82.23,86.93,4.26,90.35,0,16.96,
SYN-02548,2025-06-03,2020-11-26,,0,Казань,Удержание,Команда 09,55,Дневная,92.3,11.93,1,3,95.14,78.51,94.35,4.52,78.49,0,6.46,
SYN-02549,2025-02-03,2024-12-05,2025-03-01,1,Казань,Поддержка,Команда 09,2,Дневная,83.88,24.11,3,1,90.22,67.16,84.98,4.3,55.86,1,2.28,Высокая нагрузка
SYN-02550,2024-10-21,2021-03-11,,0,Казань,Продажи,Команда 10,44,Смешанная,98.01,2.97,2,0,88.73,60.68,83.78,4.29,80.98,1,14.37,
SYN-02551,2025-01-18,2024-09-20,,0,Москва,Поддержка,Команда 01,4,Дневная,100.26,18.04,7,0,83.4,99.19,84.19,4.4,60.93,0,11.94,
SYN-02552,2024-12-16,2020-08-09,,0,Москва,Продажи,Команда 11,53,Ночная,95.17,28.33,0,0,92.42,78.13,80.16,4.46,48.87,0,5.61,
SYN-02553,2024-12-07,2021-01-27,,0,Омск,Поддержка,Команда 08,47,Дневная,90.78,0,1,1,91.76,74.05,80.14,4.23,67.64,1,0.34,
SYN-02554,2024-01-18,2021-08-01,2024-02-19,1,Москва,Продажи,Команда 04,30,Ночная,72.54,20.44,0,2,95.5,71.74,92.13,4.39,60.31,0,9.28,Смена графика
SYN-02555,2024-06-15,2021-03-03,,0,Москва,Продажи,Команда 05,40,Смешанная,100.18,22.46,1,1,95.54,67.05,85.69,4.08,68.07,0,0,
SYN-02556,2024-03-04,2022-12-10,,0,Казань,Продажи,Команда 12,15,Дневная,91.45,3.86,0,9,88.73,91.4,83.85,4.46,97.0,0,0,
SYN-02557,2026-02-19,2022-01-11,,0,Омск,Продажи,Команда 05,50,Смешанная,77.73,2.96,0,4,93.92,93.51,81.56,4.29,85.21,0,14.49,
SYN-02558,2026-02-08,2024-10-16,,0,Омск,Продажи,Команда 01,16,Ночная,104.65,9.4,2,0,91.41,72.97,94.83,3.44,68.82,0,13.93,
SYN-02559,2026-01-07,2022-08-26,2026-03-05,1,Казань,Поддержка,Команда 08,41,Дневная,102.1,4.88,8,1,78.85,90.98,81.12,4.25,75.25,0,6.9,Личные причины
SYN-02560,2024-08-15,2023-03-24,,0,Москва,Поддержка,Команда 09,17,Ночная,78.7,3.03,8,3,83.87,67.01,76.0,4.53,73.91,0,5.51,
SYN-02561,2024-12-12,2021-08-30,2025-02-18,1,Казань,Удержание,Команда 02,40,Дневная,86.55,8.21,4,4,80.32,86.42,81.39,4.17,53.67,1,2.29,Низкая вовлечённость
SYN-02562,2025-05-02,2020-10-25,,0,Москва,Удержание,Команда 11,55,Смешанная,83.02,22.7,1,0,91.71,94.47,90.15,4.02,83.33,0,5.66,
SYN-02563,2025-12-21,2023-03-07,,0,Москва,Удержание,Команда 02,34,Дневная,84.72,10.53,1,0,99.01,94.88,81.97,4.48,70.69,0,13.95,
SYN-02564,2024-06-16,2023-01-23,,0,Казань,Удержание,Команда 04,17,Смешанная,97.31,14.19,1,0,91.67,81.53,80.36,4.32,73.41,1,5.22,
SYN-02565,2024-07-13,2020-09-02,,0,Казань,Продажи,Команда 10,47,Ночная,89.19,15.1,2,5,85.22,76.28,74.13,4.84,71.59,0,3.18,
SYN-02566,2025-01-15,2024-10-17,,0,Казань,Продажи,Команда 01,3,Ночная,101.99,8.66,0,1,95.44,75.72,87.5,4.34,86.28,0,12.95,
SYN-02567,2024-11-21,2020-11-12,,0,Омск,Удержание,Команда 01,49,Дневная,93.15,0,3,2,91.49,90.6,81.6,4.63,76.97,0,2.72,
SYN-02568,2025-10-16,2020-12-11,,0,Омск,Продажи,Команда 09,59,Смешанная,92.16,16.78,3,1,80.54,75.64,96.15,4.31,68.79,0,9.02,
SYN-02569,2024-03-12,2020-08-30,,0,Казань,Поддержка,Команда 03,43,Дневная,100.13,14.37,12,0,84.2,77.77,90.18,4.02,59.04,0,6.81,
SYN-02570,2024-01-12,2020-03-03,,0,Омск,Поддержка,Команда 05,47,Дневная,92.54,13.88,1,1,96.65,80.24,86.89,4.12,95.95,0,3.91,
SYN-02571,2024-01-16,2023-12-17,,0,Казань,Удержание,Команда 11,1,Дневная,78.62,16.62,0,3,88.27,80.29,85.04,4.36,90.11,0,12.77,
SYN-02572,2024-07-03,2024-02-04,,0,Казань,Удержание,Команда 12,5,Ночная,79.55,8.32,5,0,83.49,86.13,75.12,4.31,71.9,0,4.48,
SYN-02573,2024-07-10,2022-10-19,,0,Москва,Продажи,Команда 09,21,Дневная,112.94,7.66,1,0,98.11,68.79,73.47,4.99,89.79,0,10.71,
SYN-02574,2024-03-01,2023-04-06,,0,Омск,Поддержка,Команда 06,11,Дневная,101.65,0.01,1,1,96.1,66.57,81.91,3.91,76.8,0,7.03,
SYN-02575,2024-06-17,2022-04-29,,0,Казань,Поддержка,Команда 02,26,Дневная,98.3,12.54,2,0,95.1,86.8,81.26,3.88,72.18,0,7.48,
SYN-02576,2024-03-09,2023-01-14,,0,Казань,Продажи,Команда 06,14,Дневная,99.32,13.6,7,0,89.54,83.63,76.29,3.49,57.8,0,0.11,
SYN-02577,2025-02-18,2021-04-10,,0,Москва,Продажи,Команда 04,47,Смешанная,97.26,20.33,4,1,92.07,77.25,73.0,3.91,50.1,0,0,
SYN-02578,2024-06-18,2023-12-21,,0,Казань,Удержание,Команда 03,6,Дневная,103.35,7.01,3,1,87.04,75.91,80.84,4.62,71.42,1,8.04,
SYN-02579,2026-01-12,2025-01-17,,0,Омск,Продажи,Команда 04,12,Смешанная,75.7,5.47,3,0,92.72,88.85,85.08,4.2,62.62,0,3.65,
SYN-02580,2024-01-02,2021-09-14,,0,Москва,Продажи,Команда 08,28,Ночная,104.58,21.25,0,1,91.66,92.04,83.31,4.23,86.29,0,5.75,
SYN-02581,2024-09-05,2019-12-01,,0,Казань,Продажи,Команда 06,58,Смешанная,93.74,20.91,1,0,91.73,100,82.85,4.54,58.36,0,9.58,
SYN-02582,2024-05-08,2020-05-29,,0,Казань,Продажи,Команда 04,48,Смешанная,107.2,0.26,0,6,82.83,92.09,77.78,4.42,81.81,0,6.67,
SYN-02583,2024-03-20,2023-08-23,,0,Омск,Продажи,Команда 04,7,Дневная,105.41,11.05,1,0,94.11,79.79,83.45,4.45,72.19,0,7.07,
SYN-02584,2025-08-14,2021-02-06,,0,Казань,Поддержка,Команда 01,55,Дневная,71.08,25.7,1,2,89.62,90.13,90.82,4.62,88.57,0,0,
SYN-02585,2025-10-16,2022-04-05,,0,Омск,Продажи,Команда 08,43,Смешанная,77.49,9.05,1,0,95.51,82.65,92.18,4.5,76.62,0,2.47,
SYN-02586,2025-11-02,2025-05-06,,0,Омск,Поддержка,Команда 11,6,Дневная,73.49,10.32,0,3,88.86,72.72,71.63,4.06,73.18,0,13.7,
SYN-02587,2025-10-15,2024-04-23,2025-12-16,1,Омск,Поддержка,Команда 01,18,Дневная,74.46,16.82,2,0,92.16,68.57,99.04,4.37,70.22,0,9.51,Смена работодателя
SYN-02588,2025-04-03,2021-10-21,,0,Москва,Поддержка,Команда 06,42,Дневная,103.38,14.31,6,1,83.23,79.46,89.07,3.87,74.97,0,7.43,
SYN-02589,2026-01-14,2022-10-02,,0,Москва,Продажи,Команда 03,40,Смешанная,82.92,7.11,5,1,88.26,77.19,73.87,4.23,75.35,0,0,
SYN-02590,2026-01-15,2021-06-10,,0,Москва,Поддержка,Команда 08,56,Дневная,104.7,24.5,1,1,95.17,87.91,81.06,3.27,65.5,0,2.31,
SYN-02591,2025-05-11,2020-11-03,,0,Казань,Поддержка,Команда 09,55,Смешанная,83.18,10.08,0,0,91.48,64.73,86.45,4.11,59.26,0,0,
SYN-02592,2024-07-12,2021-02-28,2024-09-22,1,Казань,Удержание,Команда 07,41,Смешанная,101.42,22.27,5,1,86.91,60.07,82.84,4.47,23.37,1,13.48,Низкая вовлечённость
SYN-02593,2025-04-20,2023-07-30,,0,Москва,Продажи,Команда 02,21,Ночная,86.12,13.72,0,2,90.07,78.2,91.4,5,60.55,0,18.4,
SYN-02594,2025-10-13,2022-10-29,,0,Москва,Поддержка,Команда 01,36,Ночная,72.3,9.04,1,1,92.44,79.52,93.18,4.57,77.54,0,9.28,
SYN-02595,2025-11-16,2025-02-19,,0,Казань,Поддержка,Команда 05,9,Смешанная,92.87,11.77,0,2,93.71,68.76,73.93,4.48,69.02,0,10.5,
SYN-02596,2025-03-02,2024-11-02,2025-05-20,1,Омск,Удержание,Команда 04,4,Смешанная,84.17,15.76,3,0,92.18,80.83,97.97,4.56,46.02,0,3.66,Низкая вовлечённость
SYN-02597,2025-08-16,2024-02-23,,0,Омск,Удержание,Команда 12,18,Смешанная,101.84,2.62,1,2,92.82,89.34,87.38,4.64,69.01,0,13.23,
SYN-02598,2025-02-14,2022-04-01,,0,Казань,Продажи,Команда 09,35,Дневная,89.93,15.77,0,1,87.09,78.06,84.36,4.01,73.75,0,11.27,
SYN-02599,2024-11-15,2020-02-10,,0,Казань,Поддержка,Команда 11,58,Смешанная,98.75,25.62,5,0,83.45,62.98,91.42,4.13,70.23,0,4.6,
SYN-02600,2026-03-14,2022-08-02,,0,Омск,Поддержка,Команда 04,44,Ночная,87.74,6.33,0,0,96.63,94.75,97.15,4.25,66.88,1,0,
SYN-02601,2026-03-21,2023-03-07,,0,Казань,Удержание,Команда 06,37,Дневная,95.74,19.17,10,1,83.84,70.56,83.88,4.76,44.59,0,3.53,
SYN-02602,2026-02-09,2025-09-12,,0,Казань,Удержание,Команда 04,5,Ночная,96.39,21.81,0,0,95.97,74.01,86.49,4.4,68.3,0,5.6,
SYN-02603,2026-02-12,2023-11-25,,0,Омск,Удержание,Команда 01,27,Дневная,82.24,13.87,2,0,89.86,65.51,83.08,4.47,63.86,0,2.9,
SYN-02604,2024-04-09,2021-01-25,,0,Казань,Удержание,Команда 06,39,Ночная,89.77,0,1,2,93.99,85.48,80.25,4.02,76.95,0,3.36,
SYN-02605,2025-05-02,2021-03-24,,0,Москва,Поддержка,Команда 03,50,Ночная,86.11,7.06,0,0,93.05,81.94,94.54,4.5,75.32,0,7.4,
SYN-02606,2025-03-03,2023-03-14,,0,Казань,Продажи,Команда 05,24,Ночная,86.38,23.0,1,1,86.68,91.88,84.16,4.24,81.94,0,4.94,
SYN-02607,2025-12-21,2022-06-10,,0,Казань,Удержание,Команда 11,43,Дневная,70.07,15.45,6,0,87.92,82.54,81.2,4.53,70.93,0,8.79,
SYN-02608,2025-05-07,2023-02-17,,0,Казань,Удержание,Команда 12,27,Ночная,80.78,11.13,2,1,89.31,84.76,90.16,4.36,55.33,0,16.6,
SYN-02609,2025-02-08,2021-07-29,2025-03-20,1,Москва,Продажи,Команда 03,43,Дневная,112.97,26.03,3,3,91.21,71.56,91.75,4.13,46.19,0,15.06,Низкая вовлечённость
SYN-02610,2024-04-19,2022-04-30,,0,Москва,Поддержка,Команда 07,24,Дневная,128.25,38.7,1,2,89.41,88.58,84.79,4.67,87.82,0,6.26,
SYN-02611,2024-10-07,2024-01-11,2024-12-22,1,Казань,Поддержка,Команда 06,9,Дневная,78.21,26.16,3,5,85.73,76.0,78.58,4.57,51.03,0,5.86,Низкая вовлечённость
SYN-02612,2024-02-14,2019-07-10,,0,Казань,Поддержка,Команда 12,56,Дневная,80.44,12.16,1,1,93.45,68.92,86.08,5,77.01,0,14.2,
SYN-02613,2025-12-21,2023-08-04,,0,Казань,Поддержка,Команда 09,29,Дневная,71.19,9.12,10,2,79.75,95.94,86.69,4.39,81.33,0,5.66,
SYN-02614,2024-09-12,2021-10-28,,0,Москва,Поддержка,Команда 03,35,Дневная,82.58,7.97,2,1,89.91,69.8,91.61,4.54,78.52,0,5.35,
SYN-02615,2025-09-04,2022-04-23,2025-10-22,1,Казань,Продажи,Команда 07,41,Смешанная,81.36,13.38,7,2,86.93,86.54,86.49,4.15,57.5,0,8.57,Смена работодателя
SYN-02616,2026-03-17,2023-08-30,2026-05-08,1,Москва,Поддержка,Команда 07,31,Смешанная,88.77,9.06,1,2,84.49,98.57,77.17,4.96,53.44,0,13.16,Низкая вовлечённость
SYN-02617,2024-03-01,2021-02-15,,0,Москва,Удержание,Команда 09,37,Дневная,76.58,3.69,0,0,100,92.89,82.0,3.75,80.99,0,0,
SYN-02618,2024-06-03,2020-05-25,,0,Омск,Продажи,Команда 06,49,Дневная,92.73,8.57,0,0,100,85.94,78.25,4.26,83.76,0,2.15,
SYN-02619,2025-10-19,2025-06-21,,0,Казань,Поддержка,Команда 10,4,Дневная,94.58,8.88,5,0,87.4,70.31,96.22,4.16,78.64,0,5.88,
SYN-02620,2025-11-07,2024-04-16,,0,Казань,Продажи,Команда 04,19,Дневная,83.05,10.07,4,1,90.38,76.67,86.39,4.41,70.86,0,6.91,
SYN-02621,2025-05-03,2022-04-19,,0,Москва,Поддержка,Команда 03,37,Смешанная,94.39,17.88,3,1,85.42,76.85,80.06,4.71,65.17,0,8.11,
SYN-02622,2025-12-20,2022-07-09,2026-02-03,1,Омск,Продажи,Команда 03,42,Смешанная,75.94,15.71,0,2,91.81,65.28,87.28,4.5,51.92,1,1.87,Низкая вовлечённость
SYN-02623,2024-07-03,2024-05-04,2024-09-10,1,Омск,Удержание,Команда 06,2,Дневная,91.1,19.15,3,0,90.02,82.28,81.4,4.04,46.01,1,9.41,Низкая вовлечённость
SYN-02624,2026-01-11,2025-05-16,,0,Москва,Поддержка,Команда 02,8,Дневная,96.48,21.16,0,3,94.59,77.73,95.92,4.54,76.28,0,3.78,
SYN-02625,2025-03-16,2022-11-27,2025-04-29,1,Казань,Удержание,Команда 12,28,Ночная,77.3,25.82,3,1,81.87,90.04,90.65,4.31,48.36,0,5.37,Низкая вовлечённость
SYN-02626,2025-10-03,2022-02-21,,0,Москва,Поддержка,Команда 01,44,Смешанная,95.22,27.54,2,0,93.0,81.51,76.18,4.24,76.87,0,1.09,
SYN-02627,2025-12-01,2022-07-20,,0,Москва,Поддержка,Команда 10,41,Ночная,81.89,13.55,0,5,83.24,77.69,92.95,4.0,71.53,0,3.66,
SYN-02628,2024-11-07,2024-01-12,,0,Москва,Продажи,Команда 03,10,Дневная,99.04,24.51,1,0,91.42,84.98,89.35,5,47.37,1,19.2,
SYN-02629,2024-06-17,2023-08-22,,0,Казань,Продажи,Команда 10,10,Дневная,88.3,15.88,1,0,87.76,75.46,90.89,4.59,71.39,1,3.17,
SYN-02630,2024-05-12,2022-07-22,2024-07-28,1,Москва,Поддержка,Команда 12,22,Дневная,95.89,6.65,0,4,91.2,88.87,80.99,4.51,90.98,0,10.8,Смена работодателя
SYN-02631,2025-10-11,2023-12-21,,0,Омск,Поддержка,Команда 10,22,Дневная,78.28,12.77,4,3,85.51,91.89,79.01,4.38,70.8,0,9.29,
SYN-02632,2024-09-08,2020-04-02,,0,Омск,Продажи,Команда 03,54,Дневная,92.52,13.91,3,1,93.15,85.1,79.3,4.39,60.79,0,3.27,
SYN-02633,2024-02-12,2023-09-15,,0,Омск,Удержание,Команда 05,5,Дневная,89.31,16.49,0,1,93.58,80.94,86.04,4.21,63.26,0,10.02,
SYN-02634,2025-05-01,2025-04-01,2025-05-26,1,Москва,Поддержка,Команда 12,1,Ночная,81.43,16.91,11,0,76.57,75.36,79.27,3.72,71.95,0,12.9,Смена графика
SYN-02635,2025-09-17,2024-02-25,,0,Москва,Продажи,Команда 05,19,Дневная,94.09,9.04,1,1,86.03,75.83,87.56,4.4,53.99,1,1.95,
SYN-02636,2025-03-16,2023-09-23,,0,Омск,Поддержка,Команда 10,18,Смешанная,69.17,15.08,0,1,85.88,73.59,83.59,4.76,42.46,1,11.78,
SYN-02637,2024-10-07,2021-08-24,,0,Москва,Удержание,Команда 08,38,Дневная,104.81,2.4,3,2,87.5,83.06,80.6,4.62,81.15,0,12.15,
SYN-02638,2024-02-05,2020-05-26,,0,Омск,Поддержка,Команда 05,45,Ночная,95.96,11.5,4,2,83.66,96.83,82.15,4.3,82.91,0,9.67,
SYN-02639,2024-05-11,2019-11-04,,0,Москва,Продажи,Команда 04,55,Дневная,90.29,10.99,2,0,95.77,66.11,87.23,4.45,67.42,0,17.45,
SYN-02640,2024-10-09,2024-01-13,,0,Казань,Поддержка,Команда 09,9,Дневная,91.23,20.6,0,0,93.4,81.46,79.86,4.99,76.53,0,7.6,
SYN-02641,2026-03-07,2025-04-11,,0,Омск,Удержание,Команда 09,11,Смешанная,61.43,6.25,0,0,99.36,89.07,85.24,4.35,79.79,0,13.74,
SYN-02642,2025-02-11,2023-10-20,,0,Омск,Поддержка,Команда 11,16,Дневная,107.33,14.64,1,0,95.58,85.17,77.49,4.06,64.35,1,7.41,
SYN-02643,2026-01-10,2021-02-05,,0,Омск,Удержание,Команда 08,60,Смешанная,92.52,7.83,4,0,84.43,81.04,78.21,4.69,53.43,0,10.0,
SYN-02644,2024-08-08,2019-12-03,2024-10-21,1,Москва,Продажи,Команда 01,57,Смешанная,111.14,26.11,2,3,84.47,72.25,80.97,3.66,61.64,0,0,Высокая нагрузка
SYN-02645,2024-02-08,2021-11-20,,0,Омск,Поддержка,Команда 08,27,Смешанная,71.82,0.77,0,0,93.31,88.54,88.01,4.34,54.05,1,6.55,
SYN-02646,2026-01-18,2021-06-13,,0,Казань,Поддержка,Команда 05,56,Смешанная,95.1,16.91,1,2,92.14,100,84.37,4.86,64.43,0,8.53,
SYN-02647,2024-01-12,2022-11-18,,0,Омск,Удержание,Команда 08,14,Смешанная,93.62,2.88,0,0,89.24,89.24,79.84,4.46,55.24,0,3.18,
SYN-02648,2025-10-10,2021-12-30,2025-11-24,1,Казань,Поддержка,Команда 12,46,Ночная,121.25,26.04,0,0,90.82,75.18,88.07,4.08,70.2,0,7.39,Высокая нагрузка
SYN-02649,2025-07-02,2020-12-25,,0,Москва,Поддержка,Команда 11,55,Смешанная,82.7,19.36,6,0,80.06,85.23,91.32,4.39,80.51,0,9.51,
SYN-02650,2025-07-06,2023-04-18,2025-09-17,1,Казань,Удержание,Команда 09,27,Ночная,86.01,11.58,3,5,87.57,75.62,89.45,4.74,55.69,1,0,Смена работодателя
SYN-02651,2024-07-02,2021-07-18,,0,Москва,Удержание,Команда 07,36,Ночная,74.68,12.6,2,1,91.06,77.15,83.64,4.28,68.23,0,3.65,
SYN-02652,2026-01-10,2021-02-05,,0,Казань,Продажи,Команда 05,60,Смешанная,87.86,14.6,3,1,94.97,83.33,92.6,4.22,43.38,1,7.18,
SYN-02653,2025-10-04,2021-08-26,,0,Омск,Продажи,Команда 09,50,Смешанная,116.11,7.63,2,0,89.83,76.14,73.83,4.99,57.57,1,13.21,
SYN-02654,2025-02-05,2025-01-06,,0,Омск,Поддержка,Команда 08,1,Ночная,81.21,11.01,1,2,92.84,78.3,82.9,4.27,76.35,0,1.14,
SYN-02655,2026-02-13,2021-05-10,,0,Омск,Удержание,Команда 04,58,Смешанная,70.86,0,0,5,93.75,56.95,88.09,4.27,81.8,0,0,
SYN-02656,2025-12-12,2022-10-29,,0,Казань,Удержание,Команда 06,38,Смешанная,94.11,25.03,0,0,96.07,82.51,84.35,4.76,75.34,0,6.95,
SYN-02657,2025-03-04,2022-12-15,2025-05-22,1,Омск,Удержание,Команда 01,27,Дневная,99.16,23.96,6,4,79.97,91.25,85.25,3.68,46.95,0,7.54,Низкая вовлечённость
SYN-02658,2025-09-21,2021-11-11,2025-10-02,1,Казань,Поддержка,Команда 06,47,Дневная,64.66,20.43,2,1,85.38,72.12,85.62,3.54,73.77,1,0.83,Смена работодателя
SYN-02659,2024-08-16,2024-02-18,,0,Омск,Удержание,Команда 07,6,Дневная,72.94,8.93,1,0,88.07,74.32,91.41,4.18,73.32,0,9.83,
SYN-02660,2024-03-21,2020-04-11,,0,Казань,Удержание,Команда 04,48,Дневная,92.13,0,1,0,93.47,81.88,88.75,4.8,70.8,0,6.0,
SYN-02661,2026-01-19,2021-08-13,,0,Москва,Продажи,Команда 10,54,Ночная,80.53,28.7,3,1,92.22,72.91,81.27,4.26,51.26,0,0,
SYN-02662,2024-01-14,2021-07-28,2024-02-13,1,Омск,Продажи,Команда 03,30,Дневная,90.35,18.78,4,1,92.48,92.52,85.63,5,51.61,0,9.08,Низкая вовлечённость
SYN-02663,2026-03-14,2021-05-09,,0,Казань,Продажи,Команда 10,59,Смешанная,73.59,4.86,0,3,90.35,83.82,81.06,4.06,92.75,0,8.99,
SYN-02664,2024-10-06,2023-03-16,,0,Казань,Продажи,Команда 09,19,Дневная,99.05,22.34,6,2,80.22,77.46,83.74,4.27,54.15,0,2.53,
SYN-02665,2025-02-06,2022-04-23,,0,Омск,Продажи,Команда 05,34,Дневная,135,22.78,0,1,99.85,54.16,86.12,4.6,88.24,0,3.06,
SYN-02666,2024-03-21,2020-01-12,,0,Омск,Удержание,Команда 01,51,Дневная,95.41,8.95,6,0,79.32,82.35,83.44,4.38,71.51,0,1.97,
SYN-02667,2026-03-10,2024-09-16,,0,Москва,Продажи,Команда 12,18,Смешанная,94.87,13.16,0,0,90.63,86.11,75.72,4.0,59.62,1,8.89,
SYN-02668,2024-06-11,2024-04-12,,0,Омск,Продажи,Команда 05,2,Дневная,114.32,16.85,0,2,90.7,72.96,89.62,4.01,76.88,0,5.88,
SYN-02669,2025-02-19,2021-06-10,,0,Москва,Продажи,Команда 10,45,Дневная,74.31,11.03,0,3,88.14,68.09,86.33,4.7,60.73,0,8.01,
SYN-02670,2024-07-20,2023-02-26,,0,Казань,Удержание,Команда 05,17,Дневная,86.56,5.82,0,3,91.61,82.48,100,5,71.21,0,13.56,
SYN-02671,2024-03-02,2023-02-06,,0,Казань,Продажи,Команда 07,13,Смешанная,106.71,21.2,7,0,86.08,69.91,71.73,5,52.05,0,0.12,
SYN-02672,2026-03-05,2026-01-04,,0,Москва,Продажи,Команда 01,2,Смешанная,103.94,13.77,1,0,95.1,81.76,90.09,4.63,38.05,1,4.83,
SYN-02673,2026-01-19,2023-05-05,,0,Омск,Поддержка,Команда 10,33,Дневная,87.86,0,2,2,86.71,84.74,84.37,4.48,79.73,0,7.18,
SYN-02674,2025-02-21,2020-03-19,,0,Омск,Продажи,Команда 05,60,Дневная,125.93,21.46,0,2,96.21,77.64,87.23,3.65,65.38,0,6.05,
SYN-02675,2024-05-15,2022-09-23,,0,Москва,Продажи,Команда 01,20,Ночная,83.37,0,2,1,89.71,79.19,81.16,4.73,88.66,0,1.98,
SYN-02676,2024-08-11,2024-05-13,,0,Москва,Продажи,Команда 10,3,Дневная,90.68,7.17,6,0,82.32,56.71,73.62,4.66,77.69,0,4.39,
SYN-02677,2026-03-15,2025-01-19,,0,Москва,Продажи,Команда 06,14,Дневная,78.13,22.94,0,7,87.3,77.37,85.32,4.38,65.6,0,7.37,
SYN-02678,2024-06-13,2023-03-21,,0,Омск,Поддержка,Команда 12,15,Дневная,80.8,24.58,4,0,88.48,75.48,85.24,4.78,81.01,0,7.46,
SYN-02679,2024-02-09,2022-12-16,,0,Москва,Удержание,Команда 11,14,Дневная,107.18,22.92,2,1,88.36,70.76,99.43,4.62,60.36,0,7.23,
SYN-02680,2024-01-06,2020-11-22,,0,Казань,Удержание,Команда 07,38,Ночная,79.85,4.86,2,0,91.67,90.07,84.99,4.03,77.5,0,5.55,
SYN-02681,2024-02-19,2020-10-07,,0,Москва,Поддержка,Команда 05,41,Дневная,88.15,6.86,0,0,100,66.4,80.72,5,74.4,0,10.61,
SYN-02682,2025-06-10,2023-05-22,,0,Омск,Продажи,Команда 05,25,Дневная,100.07,10.4,0,7,92.37,78.37,96.23,4.46,73.12,0,12.65,
SYN-02683,2024-05-15,2020-08-04,,0,Москва,Удержание,Команда 04,46,Дневная,112.61,16.87,2,6,84.2,75.5,80.79,4.22,85.53,0,3.08,
SYN-02684,2024-01-10,2021-10-22,,0,Москва,Продажи,Команда 05,27,Дневная,92.8,6.75,6,1,73.37,72.95,78.7,4.17,60.32,0,7.59,
SYN-02685,2024-02-17,2022-07-27,,0,Москва,Удержание,Команда 12,19,Смешанная,93.45,31.62,0,5,89.76,86.55,74.46,4.12,73.8,0,9.62,
SYN-02686,2026-03-05,2021-03-31,,0,Казань,Удержание,Команда 06,60,Дневная,94.64,7.71,0,3,88.55,74.14,80.44,4.66,72.51,0,0,
SYN-02687,2025-12-13,2024-11-18,2026-01-13,1,Москва,Удержание,Команда 11,13,Смешанная,115.74,21.56,0,0,87.06,80.6,90.17,5,49.85,0,14.59,Низкая вовлечённость
SYN-02688,2024-09-19,2022-07-02,,0,Москва,Продажи,Команда 05,27,Ночная,80.0,1.35,1,0,97.66,86.35,87.65,4.61,81.57,0,0,
SYN-02689,2025-04-15,2025-01-15,,0,Омск,Поддержка,Команда 06,3,Дневная,76.46,12.03,4,3,90.51,67.08,71.81,4.24,68.64,1,2.57,
SYN-02690,2024-08-14,2022-03-28,,0,Омск,Поддержка,Команда 11,29,Дневная,111.05,13.03,7,1,72.42,70.52,85.98,4.78,37.76,0,9.64,
SYN-02691,2026-02-19,2025-05-25,,0,Москва,Удержание,Команда 09,9,Дневная,85.66,4.81,4,2,92.15,68.27,91.62,4.08,75.09,0,0.77,
SYN-02692,2025-09-02,2021-02-25,,0,Москва,Удержание,Команда 07,55,Смешанная,102.06,17.51,8,0,83.75,75.66,76.04,4.7,73.62,0,6.27,
SYN-02693,2024-06-06,2021-05-23,2024-07-11,1,Омск,Поддержка,Команда 12,37,Дневная,90.79,21.15,4,5,75.93,100,81.05,4.38,44.8,0,8.91,Низкая вовлечённость
SYN-02694,2024-05-01,2019-05-28,,0,Омск,Удержание,Команда 04,60,Смешанная,56.52,17.69,0,1,92.32,89.56,95.42,4.47,68.89,0,9.47,
SYN-02695,2024-05-12,2019-09-06,2024-05-28,1,Москва,Удержание,Команда 02,57,Ночная,103.95,10.96,0,0,100,82.27,87.19,4.55,73.31,0,2.55,Смена работодателя
SYN-02696,2025-06-09,2023-08-19,,0,Омск,Удержание,Команда 12,22,Дневная,88.19,10.07,0,1,89.46,82.88,74.47,4.95,58.58,0,14.15,
SYN-02697,2025-12-12,2021-07-06,,0,Казань,Поддержка,Команда 08,54,Смешанная,92.04,7.68,5,0,83.53,66.5,85.32,4.4,76.14,0,8.38,
SYN-02698,2026-03-05,2024-01-15,,0,Москва,Продажи,Команда 09,26,Дневная,80.85,0,0,0,100,87.14,86.52,4.72,78.97,0,13.59,
SYN-02699,2025-03-02,2024-04-06,,0,Омск,Удержание,Команда 09,11,Дневная,73.78,19.65,2,5,84.44,62.68,94.57,4.72,76.0,0,8.56,
SYN-02700,2024-01-12,2019-08-06,,0,Омск,Поддержка,Команда 03,54,Смешанная,101.21,13.7,1,3,88.13,78.29,77.79,4.18,73.16,0,0.11,
SYN-02701,2024-11-19,2024-04-23,,0,Москва,Удержание,Команда 09,7,Дневная,92.31,1.38,2,2,87.56,61.49,83.14,4.43,65.84,0,0,
SYN-02702,2024-09-04,2021-12-19,2024-11-28,1,Казань,Поддержка,Команда 08,33,Дневная,134.25,17.67,4,0,91.2,77.33,90.92,3.59,51.94,0,9.53,Низкая вовлечённость
SYN-02703,2026-02-06,2021-04-03,,0,Москва,Удержание,Команда 01,59,Дневная,95.48,0,1,1,92.29,85.73,80.22,4.44,91.34,0,13.33,
SYN-02704,2024-12-05,2021-01-25,,0,Москва,Продажи,Команда 10,47,Смешанная,82.08,16.41,0,5,90.91,97.58,88.53,4.34,58.45,0,2.24,
SYN-02705,2025-06-21,2023-07-02,,0,Москва,Удержание,Команда 03,24,Ночная,74.81,0,8,4,79.5,95.68,88.67,3.78,78.93,0,5.9,
SYN-02706,2024-02-05,2019-06-01,,0,Казань,Продажи,Команда 09,57,Смешанная,98.23,13.8,0,0,96.76,83.58,90.72,4.87,87.24,0,12.4,
SYN-02707,2024-02-07,2020-06-27,,0,Омск,Поддержка,Команда 09,44,Дневная,80.38,10.86,1,5,92.74,79.46,92.88,3.93,55.35,0,8.37,
SYN-02708,2025-08-21,2023-11-30,,0,Казань,Продажи,Команда 08,21,Дневная,98.05,21.14,3,1,93.54,74.78,83.9,4.45,58.38,0,8.02,
SYN-02709,2024-02-10,2022-10-18,,0,Омск,Удержание,Команда 09,16,Дневная,86.45,0.61,1,0,85.14,66.78,93.68,4.92,71.03,1,4.72,
SYN-02710,2026-01-21,2022-09-09,2026-04-16,1,Омск,Удержание,Команда 04,41,Ночная,86.03,4.14,0,4,93.83,82.04,89.91,4.84,96.75,0,9.73,Смена работодателя
SYN-02711,2025-01-15,2023-09-23,,0,Москва,Удержание,Команда 10,16,Дневная,83.62,0,2,3,92.3,74.03,97.61,4.68,91.14,0,11.62,
SYN-02712,2025-02-15,2024-11-17,,0,Омск,Поддержка,Команда 03,3,Ночная,91.17,9.95,0,1,88.9,59.6,98.05,4.06,59.41,0,6.1,
SYN-02713,2024-02-15,2021-03-02,,0,Москва,Поддержка,Команда 04,36,Дневная,87.31,12.34,1,0,94.27,79.29,83.05,4.46,65.4,0,3.62,
SYN-02714,2025-07-16,2024-06-21,,0,Москва,Удержание,Команда 04,13,Ночная,71.12,10.09,1,7,88.89,81.58,78.97,4.54,88.23,0,9.24,
SYN-02715,2026-02-05,2021-11-28,2026-04-29,1,Омск,Продажи,Команда 08,51,Дневная,112.24,18.56,3,2,87.76,78.33,80.8,4.45,84.97,0,13.75,Смена графика
SYN-02716,2025-09-06,2022-12-21,,0,Казань,Удержание,Команда 06,33,Ночная,77.79,12.24,4,1,82.68,82.32,83.13,4.51,50.51,0,5.9,
SYN-02717,2024-05-09,2023-09-12,,0,Москва,Поддержка,Команда 10,8,Смешанная,87.35,11.96,3,1,87.71,75.77,70.09,4.42,67.34,1,16.94,
SYN-02718,2025-11-16,2022-06-05,,0,Москва,Удержание,Команда 03,42,Дневная,88.37,19.89,1,1,100,93.14,100,3.72,56.13,0,2.55,
SYN-02719,2024-01-16,2019-02-11,,0,Омск,Продажи,Команда 11,60,Дневная,91.05,17.01,1,1,94.51,75.68,84.0,4.92,77.26,0,8.9,
SYN-02720,2025-09-08,2023-07-21,,0,Казань,Продажи,Команда 02,26,Дневная,127.32,7.42,3,0,86.19,67.61,83.93,4.3,85.71,0,3.33,
SYN-02721,2025-12-07,2023-04-22,,0,Москва,Удержание,Команда 08,32,Дневная,97.86,17.19,6,0,89.9,83.75,81.76,4.19,78.83,0,9.01,
SYN-02722,2024-08-07,2024-01-10,,0,Омск,Удержание,Команда 11,7,Дневная,71.43,0,0,2,88.89,66.27,87.15,4.63,81.27,0,6.35,
SYN-02723,2024-06-17,2023-01-24,,0,Казань,Поддержка,Команда 03,17,Дневная,89.37,11.34,5,0,91.42,85.84,89.86,4.12,77.88,0,18.73,
SYN-02724,2025-12-05,2021-10-27,,0,Казань,Поддержка,Команда 01,50,Смешанная,85.19,13.5,0,0,88.89,86.5,94.0,4.39,52.88,1,3.66,
SYN-02725,2026-03-08,2021-09-30,,0,Москва,Поддержка,Команда 08,54,Дневная,83.52,14.44,5,1,85.26,91.06,83.3,4.45,86.08,0,6.24,
SYN-02726,2026-03-06,2023-03-22,,0,Казань,Продажи,Команда 01,36,Дневная,70.7,10.46,3,2,85.75,73.5,76.29,4.12,66.32,0,19.85,
SYN-02727,2025-07-05,2021-08-25,,0,Казань,Удержание,Команда 10,47,Ночная,102.09,12.96,0,0,98.44,91.71,77.16,4.12,56.64,0,11.29,
SYN-02728,2026-02-14,2022-08-04,,0,Казань,Удержание,Команда 05,43,Ночная,101.09,11.13,0,0,94.61,78.12,77.31,4.11,58.75,0,8.24,
SYN-02729,2026-03-12,2023-02-26,,0,Москва,Поддержка,Команда 06,37,Смешанная,72.24,13.3,1,0,91.93,70.67,97.71,4.21,63.37,0,8.28,
SYN-02730,2025-07-17,2021-01-09,,0,Москва,Поддержка,Команда 09,55,Смешанная,81.09,10.21,1,2,93.23,73.54,93.46,4.48,71.48,0,13.37,
SYN-02731,2025-03-15,2022-12-26,,0,Москва,Удержание,Команда 02,27,Смешанная,91.72,26.22,2,0,98.06,74.84,84.03,3.84,41.88,1,1.09,
SYN-02732,2024-08-10,2022-02-22,2024-10-24,1,Омск,Удержание,Команда 08,30,Дневная,77.75,1.6,0,1,97.16,80.29,81.2,4.92,86.99,0,11.79,Смена графика
SYN-02733,2025-02-08,2020-08-03,,0,Омск,Удержание,Команда 01,55,Ночная,86.4,13.63,2,0,95.46,82.47,82.63,3.8,47.36,0,3.85,
SYN-02734,2024-10-08,2024-07-10,,0,Москва,Продажи,Команда 11,3,Дневная,105.21,18.03,0,0,92.87,98.3,75.73,4.53,75.07,0,4.78,
SYN-02735,2025-09-14,2020-11-09,,0,Казань,Продажи,Команда 02,59,Смешанная,82.58,9.88,1,5,90.15,95.81,91.39,3.64,57.77,0,13.71,
SYN-02736,2025-01-11,2020-05-07,,0,Москва,Продажи,Команда 04,57,Ночная,97.18,5.31,4,3,82.85,83.29,81.19,4.1,66.49,0,9.69,
SYN-02737,2024-12-09,2022-06-23,,0,Москва,Удержание,Команда 12,30,Дневная,100.04,4.32,2,0,77.88,79.27,88.62,4.21,64.1,0,9.2,
SYN-02738,2024-06-04,2020-12-22,,0,Москва,Удержание,Команда 08,42,Смешанная,96.26,13.8,2,4,90.83,73.27,77.88,4.65,78.84,0,1.3,
SYN-02739,2025-04-09,2024-01-15,,0,Казань,Поддержка,Команда 11,15,Дневная,103.36,0,6,2,81.42,77.76,82.5,4.47,72.58,0,1.25,
SYN-02740,2024-06-20,2020-04-12,,0,Москва,Продажи,Команда 03,51,Дневная,100.38,9.68,0,0,98.41,81.09,90.93,4.33,80.65,0,6.72,
SYN-02741,2025-06-17,2025-01-18,,0,Казань,Удержание,Команда 09,5,Смешанная,84.9,19.78,0,1,91.83,85.7,77.0,4.19,43.68,1,12.51,
SYN-02742,2025-06-16,2022-01-03,,0,Омск,Поддержка,Команда 06,42,Дневная,108.45,15.9,5,6,82.4,73.15,87.31,4.75,72.54,0,8.61,
SYN-02743,2024-11-05,2024-03-10,,0,Омск,Поддержка,Команда 04,8,Дневная,91.51,9.2,0,1,93.96,66.25,91.66,4.32,74.13,1,2.07,
SYN-02744,2024-05-01,2020-02-22,,0,Москва,Поддержка,Команда 08,51,Дневная,95.71,7.33,0,2,90.45,77.93,100,3.45,59.26,0,0,
SYN-02745,2025-01-20,2020-11-12,,0,Омск,Поддержка,Команда 10,51,Дневная,84.56,4.67,5,3,82.03,61.41,84.88,4.67,56.88,0,16.37,
SYN-02746,2024-08-13,2020-01-07,,0,Казань,Поддержка,Команда 06,56,Дневная,87.51,10.85,0,1,91.94,96.46,79.1,4.33,65.65,0,12.07,
SYN-02747,2025-05-04,2024-03-10,2025-07-04,1,Казань,Продажи,Команда 01,14,Ночная,93.65,10.46,2,4,83.95,73.04,75.23,4.35,37.86,0,7.98,Низкая вовлечённость
SYN-02748,2025-05-10,2020-08-04,,0,Казань,Поддержка,Команда 01,58,Смешанная,70.77,0.53,2,0,89.94,71.45,80.93,5,68.93,0,14.82,
SYN-02749,2024-06-12,2020-08-02,2024-08-14,1,Москва,Продажи,Команда 10,47,Дневная,101.4,26.79,2,0,94.46,93.58,89.49,4.37,65.64,0,1.8,Высокая нагрузка
SYN-02750,2024-12-20,2024-10-21,,0,Омск,Продажи,Команда 07,2,Дневная,78.31,11.02,2,0,91.39,78.36,84.26,4.09,85.78,0,6.48,
SYN-02751,2025-09-12,2023-10-23,,0,Казань,Продажи,Команда 03,23,Дневная,83.08,6.61,2,0,90.89,76.54,94.81,4.54,74.62,0,4.05,
SYN-02752,2025-12-13,2021-07-07,,0,Казань,Продажи,Команда 11,54,Смешанная,89.28,13.41,2,1,96.13,77.26,94.01,4.35,71.29,0,8.62,
SYN-02753,2024-11-12,2023-01-22,,0,Казань,Продажи,Команда 08,22,Ночная,100.51,18.46,2,0,96.0,79.91,81.8,4.32,63.11,1,1.29,
SYN-02754,2025-06-07,2023-03-20,,0,Омск,Поддержка,Команда 04,27,Дневная,68.45,8.62,1,0,93.15,69.79,92.49,3.99,58.01,1,8.83,
SYN-02755,2025-09-12,2024-01-21,2025-12-05,1,Омск,Продажи,Команда 01,20,Ночная,88.6,14.45,0,3,88.99,82.5,85.73,5,58.83,1,15.09,Смена графика
SYN-02756,2025-10-20,2024-06-27,,0,Омск,Продажи,Команда 02,16,Смешанная,95.79,8.68,4,0,87.81,87.57,86.74,4.41,22.8,0,15.55,
SYN-02757,2025-03-18,2020-10-10,,0,Омск,Продажи,Команда 11,54,Дневная,69.0,6.26,1,1,86.04,87.73,76.33,4.25,51.65,0,14.94,
SYN-02758,2024-11-13,2020-10-05,,0,Казань,Продажи,Команда 10,50,Дневная,88.77,21.15,2,1,91.86,86.71,98.57,4.57,37.03,1,9.01,
SYN-02759,2025-02-01,2023-05-13,,0,Омск,Поддержка,Команда 07,21,Дневная,89.73,14.77,3,1,97.0,63.95,89.55,4.48,81.46,0,3.3,
SYN-02760,2026-01-21,2022-10-09,,0,Москва,Удержание,Команда 01,40,Ночная,86.72,7.36,1,0,89.33,84.03,90.36,4.15,69.23,1,8.72,
SYN-02761,2024-05-19,2020-02-10,,0,Омск,Поддержка,Команда 12,52,Дневная,74.64,14.88,0,1,96.19,79.93,85.1,4.17,86.0,0,2.45,
SYN-02762,2024-10-19,2020-07-12,,0,Казань,Продажи,Команда 10,52,Смешанная,110.17,1.04,3,0,83.37,64.77,86.66,4.45,66.28,0,8.08,
SYN-02763,2024-05-19,2022-03-31,,0,Москва,Поддержка,Команда 05,26,Дневная,79.48,14.59,1,2,90.57,80.17,82.19,4.53,95.57,0,11.75,
SYN-02764,2025-08-20,2023-04-03,,0,Казань,Удержание,Команда 11,29,Дневная,85.3,12.19,1,0,95.7,83.86,86.38,4.37,56.14,0,9.88,
SYN-02765,2025-03-07,2023-11-13,,0,Москва,Поддержка,Команда 07,16,Дневная,98.62,35.44,0,2,93.28,91.86,84.99,4.12,64.28,1,5.1,
SYN-02766,2025-08-05,2024-11-08,2025-08-31,1,Омск,Поддержка,Команда 11,9,Дневная,89.49,22.36,3,0,90.01,78.3,78.94,4.58,46.79,0,5.34,Низкая вовлечённость
SYN-02767,2025-12-18,2024-10-24,,0,Омск,Поддержка,Команда 11,14,Дневная,84.01,23.26,2,0,88.29,81.5,83.6,3.62,74.76,0,11.79,
SYN-02768,2024-04-02,2019-08-27,,0,Омск,Поддержка,Команда 08,56,Дневная,92.59,18.2,0,2,95.47,78.5,85.18,4.85,79.42,0,3.96,
SYN-02769,2024-08-09,2024-04-11,,0,Москва,Продажи,Команда 01,4,Дневная,76.28,13.55,1,0,90.58,80.84,79.84,5,66.08,1,13.53,
SYN-02770,2025-07-18,2022-11-01,2025-09-10,1,Казань,Удержание,Команда 01,33,Дневная,80.64,6.83,3,1,87.78,64.11,84.49,4.08,78.81,0,3.51,Смена работодателя
SYN-02771,2024-01-12,2020-01-03,,0,Омск,Удержание,Команда 01,49,Дневная,95.93,0,0,0,94.83,78.05,84.44,4.17,52.6,0,7.44,
SYN-02772,2025-11-11,2021-12-02,,0,Казань,Поддержка,Команда 09,48,Смешанная,95.36,23.29,0,1,88.31,78.0,73.69,4.14,59.79,0,12.44,
SYN-02773,2025-04-08,2023-10-16,2025-05-07,1,Омск,Удержание,Команда 03,18,Ночная,74.67,3.74,0,0,92.84,74.68,74.6,4.53,81.49,0,13.92,Смена работодателя
SYN-02774,2024-05-07,2021-08-21,2024-07-31,1,Москва,Продажи,Команда 07,33,Смешанная,86.36,30.68,4,0,85.01,86.08,88.19,4.25,51.11,0,19.9,Низкая вовлечённость
SYN-02775,2025-05-12,2021-01-03,,0,Казань,Поддержка,Команда 06,53,Дневная,90.26,18.0,0,1,89.26,100,85.77,4.5,51.67,1,15.78,
SYN-02776,2024-01-13,2022-12-19,,0,Омск,Поддержка,Команда 04,13,Ночная,87.91,10.09,0,1,93.5,85.11,86.94,4.47,79.41,0,9.14,
SYN-02777,2024-10-18,2023-06-26,,0,Москва,Удержание,Команда 04,16,Дневная,91.82,9.58,2,0,91.78,67.8,80.73,3.94,84.47,0,3.66,
SYN-02778,2024-07-19,2023-11-22,2024-10-07,1,Казань,Продажи,Команда 09,8,Дневная,92.47,24.67,11,1,80.12,73.39,87.22,3.89,36.12,0,5.38,Низкая вовлечённость
SYN-02779,2024-08-02,2020-04-25,2024-09-23,1,Омск,Продажи,Команда 07,52,Смешанная,97.83,6.6,0,0,97.83,84.1,92.39,4.52,57.34,0,6.38,Смена работодателя
SYN-02780,2024-04-13,2022-06-23,,0,Москва,Поддержка,Команда 10,22,Дневная,90.99,7.73,6,1,89.94,75.89,93.44,4.27,57.28,0,0,
SYN-02781,2024-07-04,2024-02-05,,0,Москва,Поддержка,Команда 03,5,Смешанная,87.72,9.45,3,0,91.77,83.89,84.98,4.46,98.66,0,7.09,
SYN-02782,2026-02-14,2024-02-25,,0,Казань,Удержание,Команда 12,24,Смешанная,94.92,11.33,0,1,94.49,86.25,90.54,4.21,69.03,0,10.62,
SYN-02783,2025-11-18,2025-07-21,,0,Омск,Удержание,Команда 04,4,Дневная,93.71,13.64,9,0,72.12,69.2,92.36,3.86,68.29,1,7.38,
SYN-02784,2024-09-03,2019-12-29,,0,Омск,Поддержка,Команда 01,57,Дневная,86.62,12.69,2,0,85.41,92.91,88.03,4.01,78.16,0,9.61,
SYN-02785,2025-10-21,2020-12-16,,0,Москва,Поддержка,Команда 04,59,Дневная,97.95,15.04,4,0,87.79,87.15,77.11,4.73,100,0,6.13,
SYN-02786,2024-03-11,2021-02-25,,0,Омск,Поддержка,Команда 09,37,Дневная,86.84,8.71,0,3,86.93,89.35,82.22,4.11,95.38,0,11.71,
SYN-02787,2025-09-12,2025-08-13,2025-11-13,1,Москва,Поддержка,Команда 02,1,Дневная,111.71,6.65,5,1,84.94,94.28,84.22,4.55,36.83,1,5.16,Низкая вовлечённость
SYN-02788,2025-07-20,2021-09-09,2025-10-14,1,Казань,Удержание,Команда 04,47,Дневная,98.0,10.43,4,0,85.55,81.22,87.11,4.38,58.9,0,6.26,Смена работодателя
SYN-02789,2024-06-17,2024-02-18,2024-07-03,1,Москва,Удержание,Команда 02,4,Смешанная,119.71,17.7,1,0,78.74,82.44,86.84,4.46,59.92,0,10.76,Смена работодателя
SYN-02790,2025-05-06,2020-08-30,,0,Москва,Поддержка,Команда 07,57,Ночная,73.51,0,1,2,92.29,88.4,98.57,4.53,60.63,0,14.0,
SYN-02791,2025-05-10,2022-12-22,,0,Омск,Продажи,Команда 04,29,Дневная,81.05,7.0,2,0,100,66.7,91.43,4.46,74.16,0,10.01,
SYN-02792,2025-12-21,2021-04-16,2026-02-28,1,Москва,Удержание,Команда 12,57,Ночная,97.75,1.38,3,2,89.47,80.75,89.88,4.03,62.15,1,12.3,Смена работодателя
SYN-02793,2025-09-21,2021-05-15,2025-12-01,1,Москва,Удержание,Команда 06,53,Смешанная,67.26,0,9,6,83.25,76.63,81.5,4.83,41.26,0,15.41,Низкая вовлечённость
SYN-02794,2025-07-15,2021-11-03,2025-08-30,1,Казань,Продажи,Команда 12,45,Смешанная,92.34,7.01,5,2,81.68,97.81,95.74,4.65,62.12,0,6.35,Смена работодателя
SYN-02795,2024-11-20,2022-07-04,,0,Казань,Удержание,Команда 03,29,Смешанная,82.87,15.31,1,2,94.77,90.79,87.43,4.27,48.16,0,7.28,
SYN-02796,2025-02-07,2021-05-29,,0,Казань,Удержание,Команда 02,45,Ночная,84.39,5.98,2,7,91.07,97.4,94.84,4.26,74.33,0,11.08,
SYN-02797,2024-09-20,2020-05-14,,0,Омск,Продажи,Команда 07,53,Ночная,89.05,9.65,2,0,82.89,94.78,81.8,4.15,73.18,0,7.54,
SYN-02798,2025-03-11,2023-11-17,,0,Омск,Поддержка,Команда 09,16,Дневная,77.73,13.84,1,0,89.09,82.46,87.93,4.16,81.86,0,10.7,
SYN-02799,2025-09-09,2021-02-02,,0,Омск,Удержание,Команда 06,56,Ночная,93.21,21.74,0,1,97.69,72.37,92.49,3.8,38.32,0,0,
SYN-02800,2024-05-06,2023-08-10,,0,Москва,Продажи,Команда 09,9,Дневная,102.15,14.74,1,0,92.35,94.21,84.21,4.1,59.14,0,6.91,
SYN-02801,2026-06-30,2024-10-08,,,Казань,Поддержка,Команда 12,21,Дневная,86.82,9.06,0,0,95.67,81.42,94.15,4.35,58.75,0,6.24,
SYN-02802,2026-06-30,2025-08-04,,,Казань,Удержание,Команда 05,11,Смешанная,83.44,1.21,0,1,88.23,76.82,94.34,4.43,87.77,0,5.94,
SYN-02803,2026-06-30,2023-01-17,,,Омск,Удержание,Команда 10,42,Ночная,73.83,6.77,0,0,94.55,64.65,83.57,4.36,62.12,1,4.97,
SYN-02804,2026-06-30,2024-05-11,,,Казань,Удержание,Команда 05,26,Ночная,87.4,9.66,0,1,95.97,72.04,100,4.38,77.14,0,3.52,
SYN-02805,2026-06-30,2023-02-16,,,Омск,Удержание,Команда 07,41,Дневная,72.71,1.85,0,0,99.35,80.58,96.14,4.14,76.71,0,2.26,
SYN-02806,2026-06-30,2023-10-14,,,Казань,Продажи,Команда 07,33,Смешанная,93.09,12.42,2,5,87.7,73.79,88.34,4.37,97.45,0,0,
SYN-02807,2026-06-30,2024-01-12,,,Омск,Продажи,Команда 11,30,Дневная,98.47,21.06,1,1,92.27,87.15,85.49,3.9,53.23,0,3.35,
SYN-02808,2026-06-30,2024-07-10,,,Москва,Удержание,Команда 08,24,Смешанная,77.37,9.36,8,4,82.79,74.49,73.3,4.24,52.37,0,1.81,
SYN-02809,2026-06-30,2021-12-23,,,Омск,Продажи,Команда 06,55,Смешанная,78.25,4.85,7,0,80.48,78.62,92.75,4.68,89.67,0,8.28,
SYN-02810,2026-06-30,2024-11-07,,,Омск,Поддержка,Команда 09,20,Дневная,80.24,15.34,1,0,90.96,64.65,86.52,4.54,55.69,1,2.22,
SYN-02811,2026-06-30,2021-08-25,,,Казань,Поддержка,Команда 06,59,Дневная,86.04,14.75,2,1,94.94,86.49,72.15,4.9,53.63,0,8.79,
SYN-02812,2026-06-30,2025-11-02,,,Москва,Поддержка,Команда 03,8,Смешанная,83.05,6.14,1,1,90.03,86.69,92.61,4.02,65.03,0,12.72,
SYN-02813,2026-06-30,2025-01-06,,,Москва,Удержание,Команда 02,18,Дневная,94.9,3.24,6,0,84.74,97.19,95.85,4.16,91.01,0,0,
SYN-02814,2026-06-30,2024-10-08,,,Казань,Поддержка,Команда 11,21,Ночная,83.3,28.29,0,0,94.86,80.39,83.16,4.33,49.85,0,13.1,
SYN-02815,2026-06-30,2025-11-02,,,Омск,Удержание,Команда 05,8,Дневная,78.89,8.62,0,0,94.0,70.16,96.68,4.26,83.1,1,0.15,
SYN-02816,2026-06-30,2021-10-24,,,Омск,Продажи,Команда 08,57,Дневная,92.56,11.2,3,0,85.39,80.44,83.47,4.46,84.92,0,7.54,
SYN-02817,2026-06-30,2024-09-08,,,Казань,Поддержка,Команда 10,22,Дневная,72.58,18.08,4,1,81.7,69.39,86.05,4.43,60.93,0,0.4,
SYN-02818,2026-06-30,2023-03-18,,,Омск,Продажи,Команда 11,40,Дневная,82.26,0,0,1,93.55,60.35,100,5,62.88,1,5.92,
SYN-02819,2026-06-30,2023-02-16,,,Казань,Удержание,Команда 11,41,Дневная,85.76,5.39,0,1,88.42,80.55,79.98,4.63,59.02,0,0,
SYN-02820,2026-06-30,2026-05-01,,,Казань,Продажи,Команда 01,2,Дневная,66.72,6.25,0,0,92.04,77.53,85.77,5,84.04,0,17.72,
SYN-02821,2026-06-30,2022-01-22,,,Москва,Продажи,Команда 03,54,Дневная,75.92,6.23,10,0,82.36,74.68,66.08,3.83,64.7,0,11.01,
SYN-02822,2026-06-30,2025-01-06,,,Москва,Удержание,Команда 12,18,Дневная,85.18,29.89,1,0,90.78,80.59,76.67,4.7,45.97,0,8.84,
SYN-02823,2026-06-30,2021-08-25,,,Казань,Удержание,Команда 08,59,Дневная,64.14,22.37,4,0,86.57,89.77,85.61,4.49,63.62,0,3.86,
SYN-02824,2026-06-30,2024-11-07,,,Москва,Продажи,Команда 11,20,Ночная,100.97,9.3,1,0,98.3,62.88,81.67,3.59,78.23,0,4.7,
SYN-02825,2026-06-30,2025-08-04,,,Омск,Удержание,Команда 01,11,Дневная,108.85,13.39,1,1,100,83.46,80.67,4.61,70.94,0,19.19,
SYN-02826,2026-06-30,2022-05-22,,,Москва,Удержание,Команда 03,50,Смешанная,92.42,4.27,3,1,86.3,69.76,92.88,3.89,86.91,0,9.46,
SYN-02827,2026-06-30,2023-10-14,,,Омск,Удержание,Команда 05,33,Дневная,77.57,8.24,0,4,90.61,80.31,91.6,4.52,69.66,0,6.08,
SYN-02828,2026-06-30,2025-12-02,,,Омск,Продажи,Команда 05,7,Ночная,93.66,2.05,1,0,93.69,83.37,74.53,4.31,59.97,0,0.37,
SYN-02829,2026-06-30,2023-07-16,,,Омск,Удержание,Команда 10,36,Смешанная,94.44,3.33,1,0,96.16,81.24,92.57,3.87,82.16,0,4.44,
SYN-02830,2026-06-30,2024-08-09,,,Омск,Продажи,Команда 10,23,Смешанная,72.66,12.86,4,1,88.58,67.43,86.44,4.09,75.84,0,8.8,
SYN-02831,2026-06-30,2023-07-16,,,Москва,Удержание,Команда 09,36,Дневная,105.09,18.91,3,0,97.1,77.19,86.45,4.8,61.99,0,1.66,
SYN-02832,2026-06-30,2023-06-16,,,Москва,Продажи,Команда 08,37,Смешанная,88.49,12.12,0,2,87.65,74.75,87.83,3.97,69.65,0,10.68,
SYN-02833,2026-06-30,2023-04-17,,,Москва,Удержание,Команда 01,39,Дневная,96.52,12.65,0,0,91.31,58.59,84.38,3.88,82.34,0,2.91,
SYN-02834,2026-06-30,2021-07-26,,,Омск,Поддержка,Команда 07,60,Дневная,97.43,3.76,1,0,90.76,87.22,85.4,3.88,76.53,0,2.14,
SYN-02835,2026-06-30,2024-07-10,,,Москва,Поддержка,Команда 05,24,Смешанная,90.78,18.43,7,3,81.54,70.72,76.42,4.43,58.28,0,0.14,
SYN-02836,2026-06-30,2025-08-04,,,Москва,Продажи,Команда 08,11,Смешанная,107.37,17.53,0,1,93.34,81.55,77.08,4.11,55.29,0,0.88,
SYN-02837,2026-06-30,2025-09-03,,,Казань,Поддержка,Команда 04,10,Ночная,71.87,5.14,0,0,86.41,73.16,93.46,4.39,66.73,0,9.97,
SYN-02838,2026-06-30,2025-07-05,,,Казань,Удержание,Команда 04,12,Смешанная,75.2,24.52,7,1,82.3,77.51,76.21,4.87,50.68,0,11.86,
SYN-02839,2026-06-30,2022-04-22,,,Казань,Удержание,Команда 08,51,Ночная,82.48,4.41,0,0,93.52,87.22,84.74,4.28,75.09,0,0.88,
SYN-02840,2026-06-30,2022-04-22,,,Омск,Продажи,Команда 10,51,Дневная,97.06,20.42,2,0,86.59,75.77,84.73,4.16,76.2,0,4.64,
SYN-02841,2026-06-30,2022-09-19,,,Казань,Продажи,Команда 06,46,Дневная,99.44,0,1,3,84.76,73.79,91.84,3.77,66.61,0,11.7,
SYN-02842,2026-06-30,2023-02-16,,,Москва,Удержание,Команда 05,41,Смешанная,90.76,9.87,1,1,88.49,73.81,81.9,3.49,45.08,1,5.95,
SYN-02843,2026-06-30,2023-08-15,,,Москва,Поддержка,Команда 09,35,Смешанная,77.68,12.29,0,2,95.53,74.78,78.25,4.26,60.94,0,3.97,
SYN-02844,2026-06-30,2022-06-21,,,Москва,Удержание,Команда 08,49,Смешанная,85.69,9.81,4,0,81.55,86.99,85.0,4.4,95.99,0,8.73,
SYN-02845,2026-06-30,2024-12-07,,,Москва,Продажи,Команда 11,19,Дневная,62.07,10.4,0,0,99.21,80.11,85.83,4.46,56.39,1,0.72,
SYN-02846,2026-06-30,2023-11-13,,,Омск,Удержание,Команда 04,32,Дневная,102.14,23.53,0,1,86.52,72.09,94.98,5,79.59,0,10.3,
SYN-02847,2026-06-30,2024-07-10,,,Омск,Удержание,Команда 07,24,Ночная,99.29,1.86,0,3,92.73,86.27,87.83,4.34,79.41,0,2.98,
SYN-02848,2026-06-30,2022-10-19,,,Омск,Поддержка,Команда 05,45,Смешанная,80.46,7.95,0,0,92.32,77.59,91.7,4.46,75.04,1,10.4,
SYN-02849,2026-06-30,2024-04-11,,,Москва,Удержание,Команда 02,27,Дневная,108.69,15.54,6,1,94.55,77.05,93.1,4.69,61.77,0,0.99,
SYN-02850,2026-06-30,2025-12-02,,,Омск,Удержание,Команда 04,7,Ночная,91.23,19.27,1,3,97.48,80.3,84.11,4.59,59.91,1,4.51,
SYN-02851,2026-06-30,2023-04-17,,,Омск,Поддержка,Команда 03,39,Дневная,75.4,10.87,2,1,94.99,79.39,80.15,4.05,67.23,0,0,
SYN-02852,2026-06-30,2021-09-24,,,Казань,Удержание,Команда 07,58,Смешанная,87.62,8.84,0,2,91.26,78.48,87.92,4.55,60.32,0,12.24,
SYN-02853,2026-06-30,2023-01-17,,,Москва,Продажи,Команда 06,42,Дневная,108.77,14.19,3,0,88.33,81.91,82.53,4.64,54.8,0,14.32,
SYN-02854,2026-06-30,2024-12-07,,,Казань,Поддержка,Команда 03,19,Дневная,90.45,20.3,1,0,100,81.01,93.84,4.44,42.03,0,7.09,
SYN-02855,2026-06-30,2025-07-05,,,Казань,Продажи,Команда 08,12,Смешанная,86.23,25.0,0,0,94.38,87.39,91.78,4.51,44.5,0,13.8,
SYN-02856,2026-06-30,2023-11-13,,,Казань,Продажи,Команда 05,32,Дневная,119.47,2.35,4,0,91.88,77.25,85.26,4.29,82.7,0,2.99,
SYN-02857,2026-06-30,2025-07-05,,,Москва,Продажи,Команда 05,12,Дневная,96.14,11.71,2,0,85.79,81.27,89.94,4.33,69.03,0,7.22,
SYN-02858,2026-06-30,2024-03-12,,,Казань,Удержание,Команда 11,28,Ночная,86.68,25.35,0,1,94.98,79.68,91.82,5,94.62,0,7.79,
SYN-02859,2026-06-30,2023-03-18,,,Казань,Продажи,Команда 08,40,Дневная,80.79,13.23,4,4,83.18,93.06,85.93,4.29,66.15,0,0,
SYN-02860,2026-06-30,2024-07-10,,,Москва,Удержание,Команда 05,24,Смешанная,96.26,1.47,4,3,85.58,100,79.51,4.01,64.13,0,2.15,
SYN-02861,2026-06-30,2025-06-05,,,Омск,Удержание,Команда 09,13,Смешанная,97.54,4.25,2,1,84.59,77.75,95.57,5,90.7,0,11.35,
SYN-02862,2026-06-30,2024-10-08,,,Казань,Продажи,Команда 12,21,Ночная,108.65,22.01,1,0,97.26,96.46,81.14,4.28,65.82,0,0,
SYN-02863,2026-06-30,2024-02-11,,,Москва,Удержание,Команда 06,29,Смешанная,62.89,15.12,2,3,87.92,82.31,89.26,4.21,60.26,1,1.77,
SYN-02864,2026-06-30,2025-08-04,,,Казань,Поддержка,Команда 05,11,Дневная,82.35,11.67,3,2,91.0,73.87,79.07,4.64,66.81,0,11.5,
SYN-02865,2026-06-30,2023-06-16,,,Омск,Продажи,Команда 08,37,Смешанная,86.6,16.22,0,1,85.85,98.67,91.22,4.53,85.51,0,0.91,
SYN-02866,2026-06-30,2021-08-25,,,Казань,Продажи,Команда 03,59,Дневная,83.84,7.66,0,1,92.95,87.66,91.26,3.83,58.17,1,3.78,
SYN-02867,2026-06-30,2025-03-07,,,Москва,Продажи,Команда 09,16,Ночная,79.67,6.28,3,2,83.68,93.12,87.63,4.67,62.96,0,10.07,
SYN-02868,2026-06-30,2024-08-09,,,Омск,Продажи,Команда 02,23,Ночная,107.37,12.88,1,5,90.0,90.88,90.49,3.82,61.99,0,8.62,
SYN-02869,2026-06-30,2023-12-13,,,Омск,Поддержка,Команда 08,31,Дневная,97.68,0,5,0,84.64,86.32,91.07,4.43,81.04,0,6.51,
SYN-02870,2026-06-30,2024-02-11,,,Омск,Поддержка,Команда 09,29,Смешанная,75.06,22.88,1,4,85.52,84.64,80.1,4.16,59.65,0,9.01,
SYN-02871,2026-06-30,2021-10-24,,,Казань,Продажи,Команда 05,57,Ночная,82.85,11.82,0,1,94.41,77.99,93.52,4.84,53.58,0,0,
SYN-02872,2026-06-30,2022-05-22,,,Омск,Поддержка,Команда 03,50,Дневная,71.4,14.76,3,6,87.12,89.34,80.14,3.99,54.5,0,16.06,
SYN-02873,2026-06-30,2025-04-06,,,Омск,Продажи,Команда 02,15,Ночная,85.2,6.59,1,1,81.06,78.17,87.45,4.44,62.71,0,9.32,
SYN-02874,2026-06-30,2023-05-17,,,Казань,Продажи,Команда 05,38,Дневная,91.52,20.74,0,5,83.06,65.99,88.16,4.44,52.8,0,2.93,
SYN-02875,2026-06-30,2022-03-23,,,Омск,Удержание,Команда 12,52,Ночная,80.82,11.61,0,0,92.58,77.01,90.11,4.46,70.85,0,5.29,
SYN-02876,2026-06-30,2023-06-16,,,Москва,Удержание,Команда 08,37,Дневная,84.9,1.12,3,0,88.2,78.52,88.56,3.96,74.92,0,4.2,
SYN-02877,2026-06-30,2024-05-11,,,Москва,Поддержка,Команда 10,26,Дневная,91.18,18.34,0,1,94.05,70.35,89.55,3.83,90.82,0,4.08,
SYN-02878,2026-06-30,2025-10-03,,,Омск,Продажи,Команда 08,9,Дневная,99.54,8.7,1,0,90.19,81.97,74.66,4.19,69.56,0,7.69,
SYN-02879,2026-06-30,2023-04-17,,,Казань,Продажи,Команда 09,39,Дневная,73.31,23.93,1,2,92.73,96.83,88.36,4.23,43.99,0,3.18,
SYN-02880,2026-06-30,2024-06-10,,,Омск,Поддержка,Команда 12,25,Ночная,90.13,9.13,1,2,98.55,79.99,82.21,4.47,78.28,0,0,
SYN-02881,2026-06-30,2025-08-04,,,Омск,Поддержка,Команда 11,11,Дневная,85.93,23.3,3,1,96.78,87.54,73.12,4.17,61.27,0,4.97,
SYN-02882,2026-06-30,2021-09-24,,,Казань,Продажи,Команда 11,58,Ночная,100.08,22.67,0,1,99.59,89.58,88.01,4.72,75.23,0,17.24,
SYN-02883,2026-06-30,2023-12-13,,,Москва,Продажи,Команда 03,31,Дневная,85.74,6.32,0,0,91.19,69.58,96.75,4.82,68.74,0,11.48,
SYN-02884,2026-06-30,2024-08-09,,,Москва,Поддержка,Команда 08,23,Смешанная,84.69,8.18,1,2,94.28,78.28,72.92,4.62,57.74,0,4.44,
SYN-02885,2026-06-30,2023-05-17,,,Москва,Поддержка,Команда 01,38,Ночная,70.23,17.28,1,1,90.63,80.15,80.86,4.27,67.8,0,8.02,
SYN-02886,2026-06-30,2024-02-11,,,Казань,Продажи,Команда 09,29,Ночная,88.14,22.42,4,0,88.33,82.86,70.21,3.95,48.32,0,8.11,
SYN-02887,2026-06-30,2025-10-03,,,Омск,Удержание,Команда 09,9,Смешанная,76.84,11.31,1,4,91.73,100,80.17,4.37,67.32,1,13.07,
SYN-02888,2026-06-30,2023-12-13,,,Омск,Продажи,Команда 04,31,Дневная,102.9,23.76,1,2,93.41,91.02,88.3,4.75,91.29,0,7.97,
SYN-02889,2026-06-30,2023-07-16,,,Москва,Удержание,Команда 10,36,Дневная,104.02,0,6,0,93.97,76.27,87.37,4.17,100,0,0,
SYN-02890,2026-06-30,2021-09-24,,,Казань,Удержание,Команда 07,58,Дневная,55.56,11.6,3,1,87.67,66.62,83.92,4.37,68.17,0,9.09,
SYN-02891,2026-06-30,2024-02-11,,,Казань,Удержание,Команда 03,29,Смешанная,98.37,19.48,0,0,96.66,89.75,96.13,4.62,88.96,0,9.3,
SYN-02892,2026-06-30,2023-09-14,,,Казань,Удержание,Команда 07,34,Смешанная,84.22,4.71,2,1,94.36,65.92,82.38,3.88,61.61,1,8.7,
SYN-02893,2026-06-30,2021-12-23,,,Омск,Продажи,Команда 03,55,Дневная,107.52,8.96,1,0,93.93,100,78.1,4.59,93.41,0,0.56,
SYN-02894,2026-06-30,2026-01-01,,,Казань,Поддержка,Команда 02,6,Дневная,79.97,18.9,2,3,83.56,78.72,73.3,4.12,64.4,0,7.66,
SYN-02895,2026-06-30,2025-03-07,,,Казань,Поддержка,Команда 11,16,Смешанная,70.43,5.92,1,0,98.54,58.55,93.99,4.48,83.31,0,15.42,
SYN-02896,2026-06-30,2023-02-16,,,Омск,Поддержка,Команда 03,41,Ночная,75.02,6.73,2,0,94.3,79.68,71.21,3.98,87.55,0,0,
SYN-02897,2026-06-30,2024-07-10,,,Омск,Продажи,Команда 06,24,Ночная,86.29,19.6,4,2,85.08,77.76,86.35,4.03,58.83,0,0.14,
SYN-02898,2026-06-30,2022-12-18,,,Москва,Поддержка,Команда 07,43,Смешанная,76.09,14.13,1,1,87.41,74.51,82.08,4.51,55.75,0,3.5,
SYN-02899,2026-06-30,2023-05-17,,,Казань,Продажи,Команда 09,38,Дневная,96.93,18.91,0,4,89.74,74.85,78.99,4.3,71.8,0,10.5,
SYN-02900,2026-06-30,2024-03-12,,,Москва,Поддержка,Команда 05,28,Дневная,75.1,16.37,3,0,89.78,70.07,93.27,4.18,52.83,0,9.83,
SYN-02901,2026-06-30,2023-08-15,,,Казань,Поддержка,Команда 09,35,Смешанная,70.81,27.66,4,0,88.09,78.57,75.88,4.87,52.86,0,7.82,
SYN-02902,2026-06-30,2024-12-07,,,Казань,Удержание,Команда 08,19,Дневная,77.05,9.37,1,0,89.44,88.1,88.28,4.48,77.66,0,12.44,
SYN-02903,2026-06-30,2024-09-08,,,Казань,Продажи,Команда 01,22,Смешанная,91.6,23.91,0,0,88.91,94.81,88.12,4.7,55.92,1,7.32,
SYN-02904,2026-06-30,2022-08-20,,,Москва,Поддержка,Команда 09,47,Смешанная,68.75,16.77,1,0,92.53,80.68,99.41,4.11,64.87,0,10.26,
SYN-02905,2026-06-30,2022-12-18,,,Москва,Поддержка,Команда 05,43,Ночная,120.23,19.92,1,0,98.59,72.38,95.22,4.23,60.01,0,2.97,
SYN-02906,2026-06-30,2022-08-20,,,Омск,Поддержка,Команда 11,47,Смешанная,92.12,1.09,4,1,96.07,64.14,77.51,4.27,78.59,0,8.83,
SYN-02907,2026-06-30,2025-01-06,,,Казань,Продажи,Команда 12,18,Ночная,95.22,8.59,10,0,74.92,75.47,82.41,4.22,71.85,0,17.95,
SYN-02908,2026-06-30,2022-11-18,,,Омск,Поддержка,Команда 12,44,Смешанная,58.07,6.06,4,1,88.29,97.03,83.59,4.66,57.3,0,0,
SYN-02909,2026-06-30,2024-08-09,,,Омск,Поддержка,Команда 07,23,Дневная,95.5,0,6,0,88.94,82.2,78.36,3.62,80.04,0,5.06,
SYN-02910,2026-06-30,2026-03-02,,,Омск,Продажи,Команда 11,4,Ночная,111.39,13.58,3,0,83.72,89.13,84.35,5,60.45,0,11.3,
SYN-02911,2026-06-30,2023-08-15,,,Москва,Поддержка,Команда 01,35,Дневная,89.74,28.27,6,1,83.73,91.86,84.49,4.29,70.12,1,1.27,
SYN-02912,2026-06-30,2025-04-06,,,Москва,Продажи,Команда 11,15,Смешанная,70.53,13.71,3,6,87.46,68.15,89.03,3.86,30.15,1,6.4,
SYN-02913,2026-06-30,2024-06-10,,,Омск,Поддержка,Команда 07,25,Дневная,91.05,5.29,7,3,81.17,79.01,81.85,5,59.56,0,9.59,
SYN-02914,2026-06-30,2025-10-03,,,Казань,Поддержка,Команда 04,9,Дневная,82.37,0,6,0,89.81,72.89,85.31,4.04,65.3,0,1.21,
SYN-02915,2026-06-30,2025-04-06,,,Казань,Поддержка,Команда 10,15,Дневная,112.43,15.62,1,1,98.35,76.03,84.77,4.17,57.3,1,7.28,
SYN-02916,2026-06-30,2025-05-06,,,Казань,Продажи,Команда 03,14,Дневная,111.1,38.45,0,0,90.74,81.82,92.62,5,61.21,0,12.56,
SYN-02917,2026-06-30,2022-02-21,,,Москва,Продажи,Команда 06,53,Дневная,106.62,9.81,1,0,100,88.28,77.61,4.13,76.75,0,11.89,
SYN-02918,2026-06-30,2024-01-12,,,Казань,Продажи,Команда 10,30,Дневная,80.96,20.56,4,11,85.11,84.47,87.01,4.44,56.38,0,4.11,
SYN-02919,2026-06-30,2023-12-13,,,Омск,Удержание,Команда 03,31,Дневная,73.47,1.96,0,8,85.86,74.4,87.11,4.46,75.65,0,8.33,
SYN-02920,2026-06-30,2021-08-25,,,Омск,Продажи,Команда 03,59,Дневная,104.04,0.82,0,1,91.34,81.57,63.15,4.13,76.89,0,8.07,
SYN-02921,2026-06-30,2023-08-15,,,Москва,Продажи,Команда 02,35,Смешанная,96.49,7.65,1,1,90.44,92.81,82.96,4.2,65.36,0,0,
SYN-02922,2026-06-30,2022-10-19,,,Москва,Удержание,Команда 05,45,Смешанная,100.35,1.81,4,0,87.78,81.92,78.62,4.25,76.03,0,7.16,
SYN-02923,2026-06-30,2021-07-26,,,Москва,Удержание,Команда 11,60,Смешанная,78.82,22.94,4,0,90.44,68.7,83.94,4.29,52.19,0,17.96,
SYN-02924,2026-06-30,2021-12-23,,,Омск,Продажи,Команда 06,55,Дневная,73.9,3.98,0,0,100,100.0,83.27,4.37,67.08,0,5.46,
SYN-02925,2026-06-30,2023-08-15,,,Казань,Удержание,Команда 09,35,Дневная,77.12,17.09,0,0,91.69,68.82,79.47,4.8,77.29,0,1.37,
SYN-02926,2026-06-30,2022-01-22,,,Москва,Поддержка,Команда 07,54,Ночная,66.57,14.51,7,0,83.5,92.83,77.68,3.94,61.44,0,6.47,
SYN-02927,2026-06-30,2021-12-23,,,Омск,Поддержка,Команда 01,55,Дневная,96.32,17.41,5,0,85.69,83.51,73.31,4.57,76.7,1,12.34,
SYN-02928,2026-06-30,2024-05-11,,,Омск,Удержание,Команда 11,26,Смешанная,74.29,7.42,1,0,86.1,74.61,81.69,4.5,55.53,0,12.19,
SYN-02929,2026-06-30,2023-12-13,,,Омск,Продажи,Команда 01,31,Дневная,109.27,19.46,3,0,90.39,80.87,96.79,4.13,41.38,1,3.91,
SYN-02930,2026-06-30,2022-12-18,,,Казань,Удержание,Команда 04,43,Ночная,86.38,17.2,1,3,92.41,92.2,89.39,4.11,65.2,0,7.99,
SYN-02931,2026-06-30,2023-11-13,,,Омск,Поддержка,Команда 07,32,Смешанная,92.64,5.21,5,1,82.9,72.83,78.75,4.47,57.77,0,15.63,
SYN-02932,2026-06-30,2024-04-11,,,Казань,Поддержка,Команда 01,27,Дневная,81.91,14.77,1,3,83.41,93.89,97.18,3.67,73.6,1,7.34,
SYN-02933,2026-06-30,2025-02-05,,,Москва,Продажи,Команда 03,17,Смешанная,87.11,12.5,14,1,76.09,85.72,73.01,4.71,38.28,0,6.58,
SYN-02934,2026-06-30,2026-05-31,,,Омск,Продажи,Команда 02,1,Дневная,115.84,16.98,10,2,75.91,80.08,80.89,3.46,43.1,1,3.33,
SYN-02935,2026-06-30,2026-04-01,,,Омск,Поддержка,Команда 01,3,Ночная,73.15,22.04,0,2,96.84,83.55,90.16,4.69,70.08,1,6.77,
SYN-02936,2026-06-30,2023-01-17,,,Казань,Продажи,Команда 05,42,Ночная,111.14,28.45,0,0,88.01,69.34,84.28,4.27,57.08,0,2.29,
SYN-02937,2026-06-30,2021-09-24,,,Москва,Продажи,Команда 05,58,Дневная,67.68,16.7,1,0,88.32,83.71,82.38,4.47,81.1,0,1.34,
SYN-02938,2026-06-30,2022-07-21,,,Москва,Поддержка,Команда 08,48,Дневная,67.33,8.43,0,0,92.92,84.44,82.44,4.56,64.55,0,6.96,
SYN-02939,2026-06-30,2025-11-02,,,Казань,Удержание,Команда 01,8,Дневная,114.66,15.87,13,0,68.19,94.41,72.07,4.24,73.24,0,0,
SYN-02940,2026-06-30,2025-06-05,,,Москва,Поддержка,Команда 01,13,Смешанная,111.13,16.81,2,1,94.99,68.92,89.52,4.29,59.23,0,7.68,
SYN-02941,2026-06-30,2023-11-13,,,Казань,Поддержка,Команда 08,32,Смешанная,74.9,8.41,1,3,91.9,96.49,96.64,3.99,70.87,0,8.45,
SYN-02942,2026-06-30,2025-12-02,,,Омск,Поддержка,Команда 10,7,Дневная,83.8,5.67,5,0,88.66,87.72,85.75,4.53,84.36,0,0.78,
SYN-02943,2026-06-30,2021-09-24,,,Казань,Продажи,Команда 05,58,Дневная,84.68,0.49,2,0,85.95,91.2,81.55,3.35,83.96,1,7.16,
SYN-02944,2026-06-30,2025-04-06,,,Казань,Удержание,Команда 09,15,Смешанная,79.72,23.86,1,6,100,73.42,86.03,4.62,56.78,0,3.93,
SYN-02945,2026-06-30,2025-11-02,,,Омск,Удержание,Команда 08,8,Смешанная,92.84,0,0,3,93.42,81.3,93.0,4.04,72.66,0,3.97,
SYN-02946,2026-06-30,2024-05-11,,,Омск,Удержание,Команда 07,26,Дневная,90.02,0,11,3,73.25,92.58,88.83,4.11,79.35,0,1.06,
SYN-02947,2026-06-30,2023-04-17,,,Омск,Продажи,Команда 03,39,Дневная,86.07,5.73,7,1,89.28,91.08,72.39,3.76,62.97,1,4.45,
SYN-02948,2026-06-30,2023-10-14,,,Омск,Удержание,Команда 03,33,Дневная,88.04,9.94,2,0,94.22,64.75,80.31,4.72,72.27,1,8.91,
SYN-02949,2026-06-30,2021-11-23,,,Омск,Продажи,Команда 11,56,Смешанная,91.09,7.96,1,0,86.18,100,82.24,4.16,62.09,0,3.6,
SYN-02950,2026-06-30,2022-04-22,,,Москва,Удержание,Команда 10,51,Дневная,82.75,15.95,1,1,89.68,89.61,84.68,3.89,91.94,0,11.92,
SYN-02951,2026-06-30,2024-10-08,,,Омск,Поддержка,Команда 07,21,Дневная,85.76,11.08,0,1,98.99,73.81,96.48,3.77,78.44,0,0,
SYN-02952,2026-06-30,2026-01-31,,,Москва,Удержание,Команда 03,5,Дневная,70.02,7.73,0,0,95.7,78.74,82.59,4.33,77.57,0,8.64,
SYN-02953,2026-06-30,2022-11-18,,,Москва,Продажи,Команда 06,44,Ночная,88.56,10.86,4,2,91.74,78.4,87.87,4.69,64.21,0,6.3,
SYN-02954,2026-06-30,2022-11-18,,,Москва,Удержание,Команда 03,44,Дневная,100.54,14.87,2,0,92.13,71.37,82.27,4.32,78.31,0,3.64,
SYN-02955,2026-06-30,2025-03-07,,,Омск,Удержание,Команда 01,16,Дневная,62.86,5.12,3,1,87.8,81.85,88.38,4.48,30.42,1,4.43,
SYN-02956,2026-06-30,2023-03-18,,,Казань,Поддержка,Команда 03,40,Дневная,79.9,0,0,2,91.57,69.22,85.58,4.62,77.08,0,8.86,
SYN-02957,2026-06-30,2023-04-17,,,Москва,Продажи,Команда 12,39,Смешанная,91.12,3.64,2,0,92.69,86.5,81.43,5,63.48,0,6.62,
SYN-02958,2026-06-30,2024-05-11,,,Москва,Удержание,Команда 11,26,Ночная,97.44,12.27,1,1,89.57,75.68,81.41,4.34,61.68,0,10.98,
SYN-02959,2026-06-30,2022-12-18,,,Омск,Продажи,Команда 07,43,Ночная,87.58,1.67,6,0,88.27,88.54,73.26,4.56,78.61,0,3.79,
SYN-02960,2026-06-30,2022-05-22,,,Москва,Поддержка,Команда 02,50,Дневная,98.21,9.04,4,0,92.96,86.79,80.4,4.51,58.56,1,8.75,
SYN-02961,2026-06-30,2025-08-04,,,Казань,Продажи,Команда 07,11,Дневная,104.74,23.85,0,2,94.74,91.56,95.46,4.39,60.38,0,10.87,
SYN-02962,2026-06-30,2022-11-18,,,Омск,Удержание,Команда 05,44,Смешанная,69.38,3.91,0,6,91.55,78.52,85.57,4.73,66.08,0,3.44,
SYN-02963,2026-06-30,2023-09-14,,,Казань,Поддержка,Команда 11,34,Ночная,99.19,4.96,0,0,94.03,84.54,71.87,3.92,52.49,0,0.97,
SYN-02964,2026-06-30,2024-09-08,,,Омск,Продажи,Команда 08,22,Дневная,96.78,11.7,4,0,89.79,88.53,100,4.96,70.9,0,3.34,
SYN-02965,2026-06-30,2025-05-06,,,Москва,Продажи,Команда 01,14,Дневная,96.63,6.33,3,1,90.58,97.7,87.45,3.56,64.0,0,2.64,
SYN-02966,2026-06-30,2023-02-16,,,Омск,Поддержка,Команда 05,41,Смешанная,104.37,21.61,0,2,89.46,84.32,80.51,4.84,56.11,0,5.28,
SYN-02967,2026-06-30,2023-07-16,,,Москва,Поддержка,Команда 12,36,Дневная,94.28,12.37,1,1,96.62,82.1,82.08,3.65,63.32,0,2.94,
SYN-02968,2026-06-30,2026-03-02,,,Казань,Поддержка,Команда 11,4,Дневная,79.91,0,9,0,85.88,71.52,92.61,4.97,47.52,0,15.98,
SYN-02969,2026-06-30,2025-07-05,,,Москва,Удержание,Команда 09,12,Дневная,87.41,3.68,4,0,91.32,67.06,94.17,4.36,67.87,0,12.86,
SYN-02970,2026-06-30,2022-09-19,,,Казань,Поддержка,Команда 08,46,Смешанная,86.33,0,2,0,86.96,75.9,89.64,4.02,73.57,1,3.56,
SYN-02971,2026-06-30,2025-08-04,,,Казань,Удержание,Команда 04,11,Смешанная,109.67,13.74,2,1,91.63,83.41,84.79,3.94,76.37,0,11.29,
SYN-02972,2026-06-30,2023-07-16,,,Казань,Поддержка,Команда 07,36,Дневная,111.81,17.4,5,0,90.08,87.43,88.52,4.32,85.74,0,7.54,
SYN-02973,2026-06-30,2024-11-07,,,Омск,Поддержка,Команда 11,20,Смешанная,102.94,34.49,2,2,87.18,93.06,87.48,4.05,45.29,1,14.29,
SYN-02974,2026-06-30,2024-11-07,,,Казань,Продажи,Команда 04,20,Дневная,126.0,23.15,2,1,98.35,77.06,86.13,4.54,62.35,1,9.23,
SYN-02975,2026-06-30,2023-07-16,,,Омск,Продажи,Команда 05,36,Дневная,74.7,16.14,3,8,79.9,89.74,90.29,4.2,77.02,0,13.88,
SYN-02976,2026-06-30,2025-11-02,,,Казань,Поддержка,Команда 07,8,Дневная,84.26,11.17,0,4,87.57,84.25,85.3,4.35,88.76,0,1.25,
SYN-02977,2026-06-30,2022-04-22,,,Омск,Удержание,Команда 07,51,Дневная,72.1,22.98,0,1,89.39,76.98,82.39,4.03,70.72,0,6.95,
SYN-02978,2026-06-30,2024-11-07,,,Казань,Удержание,Команда 11,20,Смешанная,70.48,0,0,4,87.63,89.41,87.08,3.77,48.95,0,2.36,
SYN-02979,2026-06-30,2024-12-07,,,Москва,Удержание,Команда 10,19,Дневная,102.62,14.88,2,2,97.72,92.65,91.77,4.56,80.77,0,8.58,
SYN-02980,2026-06-30,2023-04-17,,,Москва,Поддержка,Команда 04,39,Дневная,114.54,12.46,1,2,84.73,91.37,79.04,4.32,59.57,0,10.15,
SYN-02981,2026-06-30,2024-09-08,,,Омск,Продажи,Команда 02,22,Смешанная,103.69,7.85,2,1,87.56,73.55,93.52,4.06,43.28,1,1.52,
SYN-02982,2026-06-30,2022-11-18,,,Москва,Продажи,Команда 05,44,Смешанная,81.66,25.65,1,1,91.5,81.86,94.52,3.76,35.24,0,10.69,
SYN-02983,2026-06-30,2025-09-03,,,Казань,Продажи,Команда 05,10,Ночная,93.73,16.11,11,1,75.86,84.63,94.25,3.99,30.06,1,3.34,
SYN-02984,2026-06-30,2024-06-10,,,Омск,Поддержка,Команда 11,25,Дневная,91.3,1.73,1,1,93.23,81.49,85.3,4.44,71.32,0,0.41,
SYN-02985,2026-06-30,2025-01-06,,,Омск,Поддержка,Команда 03,18,Дневная,77.12,12.23,3,1,92.04,81.66,93.71,3.82,70.76,0,4.09,
SYN-02986,2026-06-30,2025-03-07,,,Казань,Удержание,Команда 03,16,Дневная,83.41,18.32,0,1,92.05,88.08,85.08,4.21,80.84,0,7.69,
SYN-02987,2026-06-30,2024-08-09,,,Омск,Поддержка,Команда 11,23,Смешанная,97.08,18.77,0,0,93.83,92.34,85.97,4.26,41.87,1,14.97,
SYN-02988,2026-06-30,2021-10-24,,,Москва,Поддержка,Команда 01,57,Дневная,87.73,7.22,0,0,93.22,77.45,76.28,4.5,80.32,0,0,
SYN-02989,2026-06-30,2023-11-13,,,Омск,Поддержка,Команда 01,32,Дневная,83.75,18.94,0,3,94.43,90.06,85.38,4.7,49.65,0,12.18,
SYN-02990,2026-06-30,2023-08-15,,,Казань,Продажи,Команда 02,35,Смешанная,81.9,14.19,5,0,90.87,77.81,87.9,4.28,40.85,0,14.46,
SYN-02991,2026-06-30,2024-01-12,,,Омск,Удержание,Команда 01,30,Смешанная,87.68,18.86,0,1,89.14,91.63,85.67,4.56,56.24,1,6.38,
SYN-02992,2026-06-30,2023-02-16,,,Москва,Продажи,Команда 05,41,Смешанная,89.16,20.94,2,4,86.12,90.82,78.96,4.75,53.43,0,4.86,
SYN-02993,2026-06-30,2024-01-12,,,Омск,Поддержка,Команда 09,30,Дневная,97.5,17.05,4,0,90.71,81.35,93.16,4.17,52.9,1,9.92,
SYN-02994,2026-06-30,2023-05-17,,,Омск,Поддержка,Команда 06,38,Дневная,114.12,25.46,0,1,90.72,85.46,90.32,4.75,63.19,0,2.3,
SYN-02995,2026-06-30,2023-02-16,,,Омск,Поддержка,Команда 02,41,Дневная,89.79,17.95,2,0,91.36,92.48,87.26,4.1,65.83,0,7.48,
SYN-02996,2026-06-30,2023-08-15,,,Москва,Продажи,Команда 04,35,Дневная,79.27,0,0,2,89.22,83.0,92.56,4.57,71.72,0,1.58,
SYN-02997,2026-06-30,2023-06-16,,,Москва,Поддержка,Команда 01,37,Смешанная,78.59,4.35,5,0,88.73,69.29,72.03,4.19,86.26,0,1.59,
SYN-02998,2026-06-30,2024-07-10,,,Казань,Удержание,Команда 05,24,Ночная,66.59,11.72,1,0,97.12,88.74,75.81,4.24,67.26,0,5.83,
SYN-02999,2026-06-30,2025-06-05,,,Омск,Поддержка,Команда 06,13,Дневная,77.86,17.64,1,0,91.6,88.23,85.03,4.72,83.38,0,5.22,
SYN-03000,2026-06-30,2022-12-18,,,Омск,Поддержка,Команда 07,43,Дневная,84.82,20.53,3,0,90.16,74.05,83.6,4.83,45.01,0,0,
SYN-03001,2026-06-30,2021-10-24,,,Москва,Удержание,Команда 05,57,Смешанная,68.9,11.66,0,0,92.98,79.28,100,4.63,77.24,0,15.18,
SYN-03002,2026-06-30,2022-04-22,,,Москва,Удержание,Команда 08,51,Дневная,115.26,28.42,0,0,91.6,89.93,81.9,4.38,53.88,0,5.63,
SYN-03003,2026-06-30,2022-11-18,,,Москва,Продажи,Команда 01,44,Смешанная,107.42,9.06,0,2,93.13,100,84.32,3.85,79.2,0,18.04,
SYN-03004,2026-06-30,2026-01-31,,,Омск,Удержание,Команда 04,5,Ночная,78.13,9.45,1,0,94.05,87.76,95.91,4.16,61.79,0,15.1,
SYN-03005,2026-06-30,2023-07-16,,,Москва,Удержание,Команда 04,36,Дневная,94.05,24.74,7,6,82.45,75.56,85.47,4.49,47.7,0,9.73,
SYN-03006,2026-06-30,2024-10-08,,,Омск,Поддержка,Команда 10,21,Дневная,102.44,0.41,0,2,91.91,91.56,84.57,4.56,63.8,0,8.07,
SYN-03007,2026-06-30,2023-05-17,,,Омск,Поддержка,Команда 10,38,Дневная,76.34,23.84,4,5,85.72,82.27,79.38,4.96,50.02,0,13.41,
SYN-03008,2026-06-30,2025-12-02,,,Омск,Удержание,Команда 02,7,Дневная,86.09,9.98,2,0,89.85,90.54,86.73,3.79,52.51,0,0,
SYN-03009,2026-06-30,2023-01-17,,,Омск,Продажи,Команда 07,42,Смешанная,87.51,15.2,1,1,91.18,97.03,100,3.93,66.08,0,14.01,
SYN-03010,2026-06-30,2025-12-02,,,Москва,Удержание,Команда 08,7,Дневная,74.37,10.52,1,1,88.76,81.62,78.35,3.64,88.29,0,1.61,
SYN-03011,2026-06-30,2024-01-12,,,Омск,Продажи,Команда 03,30,Дневная,81.91,2.87,1,3,93.99,69.04,93.74,4.55,76.13,0,7.5,
SYN-03012,2026-06-30,2022-03-23,,,Москва,Поддержка,Команда 11,52,Дневная,94.57,3.76,0,0,88.05,79.79,84.91,3.96,77.97,0,0,
SYN-03013,2026-06-30,2022-03-23,,,Омск,Удержание,Команда 01,52,Ночная,82.05,0,8,2,85.14,73.43,95.11,4.22,45.18,0,3.07,
SYN-03014,2026-06-30,2022-06-21,,,Казань,Удержание,Команда 03,49,Ночная,99.25,17.91,2,0,92.82,89.34,86.91,4.48,79.98,0,10.02,
SYN-03015,2026-06-30,2021-12-23,,,Казань,Продажи,Команда 03,55,Дневная,98.81,19.84,0,1,91.94,82.12,93.67,4.12,78.79,0,9.07,
SYN-03016,2026-06-30,2024-03-12,,,Казань,Продажи,Команда 11,28,Смешанная,74.83,20.98,0,0,90.82,72.53,85.49,3.59,76.98,0,5.26,
SYN-03017,2026-06-30,2023-08-15,,,Москва,Продажи,Команда 09,35,Дневная,88.89,12.12,4,1,84.52,82.18,85.42,4.54,71.69,0,0,
SYN-03018,2026-06-30,2025-12-02,,,Омск,Удержание,Команда 04,7,Дневная,113.11,1.31,1,3,87.17,87.82,93.75,3.83,67.53,0,2.37,
SYN-03019,2026-06-30,2025-07-05,,,Казань,Продажи,Команда 12,12,Ночная,104.02,15.47,2,1,92.46,76.54,88.75,3.75,78.51,0,5.95,
SYN-03020,2026-06-30,2023-11-13,,,Омск,Удержание,Команда 04,32,Дневная,102.03,17.44,0,3,90.22,78.38,85.3,4.15,65.59,0,10.89,
SYN-03021,2026-06-30,2022-07-21,,,Казань,Продажи,Команда 07,48,Дневная,82.36,7.54,1,0,93.23,86.73,95.5,4.35,67.81,0,7.33,
SYN-03022,2026-06-30,2025-02-05,,,Москва,Поддержка,Команда 07,17,Смешанная,73.86,14.6,3,2,84.42,76.86,80.33,4.22,64.05,0,7.52,
SYN-03023,2026-06-30,2023-07-16,,,Казань,Поддержка,Команда 09,36,Дневная,78.44,8.38,0,1,87.17,87.28,74.65,4.27,72.97,0,8.78,
SYN-03024,2026-06-30,2022-01-22,,,Москва,Продажи,Команда 02,54,Смешанная,87.83,5.11,0,0,97.75,79.4,100,4.31,77.39,0,1.07,
SYN-03025,2026-06-30,2025-05-06,,,Москва,Удержание,Команда 10,14,Дневная,66.84,18.49,3,4,90.02,79.76,90.13,4.19,61.01,0,8.58,
SYN-03026,2026-06-30,2021-12-23,,,Казань,Поддержка,Команда 05,55,Смешанная,95.9,12.08,1,1,94.08,75.06,92.01,3.82,69.07,0,13.07,
SYN-03027,2026-06-30,2025-04-06,,,Москва,Продажи,Команда 09,15,Дневная,97.65,16.06,4,1,82.86,81.0,89.4,4.4,66.74,0,10.16,
SYN-03028,2026-06-30,2023-04-17,,,Москва,Продажи,Команда 04,39,Ночная,109.17,10.76,2,5,95.46,95.51,78.36,4.78,91.85,0,11.33,
SYN-03029,2026-06-30,2025-03-07,,,Омск,Поддержка,Команда 04,16,Смешанная,73.25,11.37,2,0,90.96,84.05,86.03,3.93,69.22,0,1.84,
SYN-03030,2026-06-30,2025-06-05,,,Казань,Продажи,Команда 12,13,Дневная,114.96,14.7,3,5,85.32,76.7,100,4.61,61.67,0,14.43,
SYN-03031,2026-06-30,2022-01-22,,,Омск,Удержание,Команда 07,54,Ночная,74.06,13.27,0,1,95.16,74.83,81.36,4.31,50.47,0,0,
SYN-03032,2026-06-30,2022-05-22,,,Омск,Продажи,Команда 08,50,Дневная,85.67,7.31,1,3,90.62,100,91.31,5,81.87,1,4.17,
SYN-03033,2026-06-30,2021-07-26,,,Москва,Удержание,Команда 03,60,Дневная,89.45,4.09,3,1,95.66,67.9,79.1,4.43,53.33,0,5.4,
SYN-03034,2026-06-30,2026-05-31,,,Омск,Поддержка,Команда 09,1,Ночная,83.25,16.81,0,1,88.71,86.86,96.81,4.23,83.3,0,13.05,
SYN-03035,2026-06-30,2025-06-05,,,Омск,Удержание,Команда 12,13,Дневная,82.26,19.14,0,2,89.97,83.62,89.36,3.94,60.39,0,9.74,
SYN-03036,2026-06-30,2023-03-18,,,Омск,Поддержка,Команда 10,40,Дневная,73.21,22.85,0,0,89.57,97.98,99.92,4.09,37.9,0,17.09,
SYN-03037,2026-06-30,2025-10-03,,,Омск,Удержание,Команда 11,9,Дневная,85.92,16.58,0,0,91.17,86.79,84.06,4.1,73.93,1,6.77,
SYN-03038,2026-06-30,2024-03-12,,,Москва,Удержание,Команда 09,28,Ночная,88.2,24.15,0,1,94.21,84.25,91.72,4.08,59.03,1,3.34,
SYN-03039,2026-06-30,2025-10-03,,,Москва,Продажи,Команда 01,9,Дневная,93.96,10.59,1,2,91.68,70.2,82.41,3.98,71.24,0,9.88,
SYN-03040,2026-06-30,2024-10-08,,,Омск,Удержание,Команда 01,21,Дневная,85.69,11.42,6,1,85.61,78.95,69.78,4.35,67.08,0,0.86,
SYN-03041,2026-06-30,2023-03-18,,,Москва,Удержание,Команда 08,40,Дневная,114.17,8.68,3,3,85.37,92.22,76.02,4.53,52.68,0,1.97,
SYN-03042,2026-06-30,2021-10-24,,,Москва,Удержание,Команда 03,57,Дневная,99.94,11.86,10,0,88.24,67.45,91.89,4.49,61.0,0,6.51,
SYN-03043,2026-06-30,2023-01-17,,,Омск,Поддержка,Команда 03,42,Дневная,79.01,5.26,0,0,94.63,87.33,88.25,3.91,67.25,0,10.52,
SYN-03044,2026-06-30,2024-01-12,,,Казань,Поддержка,Команда 12,30,Смешанная,90.08,16.97,5,1,83.24,66.58,82.35,4.21,56.59,0,0,
SYN-03045,2026-06-30,2024-02-11,,,Москва,Поддержка,Команда 02,29,Смешанная,77.67,0,2,0,90.75,78.83,87.36,4.45,68.34,1,9.52,
SYN-03046,2026-06-30,2022-10-19,,,Омск,Удержание,Команда 03,45,Дневная,99.02,5.36,7,0,78.76,82.63,85.9,4.51,67.94,0,5.31,
SYN-03047,2026-06-30,2022-07-21,,,Омск,Продажи,Команда 09,48,Дневная,97.74,12.61,6,1,81.22,67.97,85.17,3.39,50.85,1,1.57,
SYN-03048,2026-06-30,2022-04-22,,,Омск,Поддержка,Команда 05,51,Дневная,86.25,7.61,0,4,97.88,95.72,71.99,4.77,67.49,0,1.99,
SYN-03049,2026-06-30,2022-06-21,,,Казань,Продажи,Команда 06,49,Ночная,84.55,16.31,8,1,85.37,80.64,78.18,4.25,69.24,1,0.42,
SYN-03050,2026-06-30,2025-11-02,,,Москва,Удержание,Команда 01,8,Дневная,86.72,11.05,14,3,72.98,80.0,82.71,4.43,55.07,0,6.43,
SYN-03051,2026-06-30,2024-04-11,,,Казань,Удержание,Команда 05,27,Дневная,71.51,3.63,0,1,91.13,75.08,95.28,4.59,78.75,0,4.1,
SYN-03052,2026-06-30,2021-10-24,,,Москва,Поддержка,Команда 04,57,Ночная,96.81,13.4,3,0,99.03,83.94,84.07,4.72,74.65,0,0,
SYN-03053,2026-06-30,2024-06-10,,,Казань,Продажи,Команда 05,25,Дневная,119.34,20.85,0,3,98.27,100,81.37,4.29,77.09,0,6.05,
SYN-03054,2026-06-30,2021-11-23,,,Москва,Поддержка,Команда 05,56,Дневная,98.66,21.37,0,4,89.0,71.57,94.13,4.25,76.68,0,6.29,
SYN-03055,2026-06-30,2025-01-06,,,Казань,Удержание,Команда 02,18,Ночная,106.25,4.19,0,0,88.63,78.99,75.95,4.43,45.12,0,23.82,
SYN-03056,2026-06-30,2024-07-10,,,Москва,Удержание,Команда 07,24,Ночная,91.26,12.72,6,1,86.7,87.95,83.34,4.63,48.82,0,4.28,
SYN-03057,2026-06-30,2025-02-05,,,Омск,Продажи,Команда 10,17,Ночная,79.25,12.69,2,3,92.97,65.86,87.69,4.97,55.44,0,9.93,
SYN-03058,2026-06-30,2021-11-23,,,Омск,Продажи,Команда 11,56,Дневная,86.97,14.32,6,6,85.82,79.18,89.91,4.4,60.06,0,7.54,
SYN-03059,2026-06-30,2024-07-10,,,Москва,Продажи,Команда 05,24,Дневная,73.6,8.75,7,2,83.66,89.87,86.63,4.49,85.85,0,3.48,
SYN-03060,2026-06-30,2025-02-05,,,Москва,Удержание,Команда 04,17,Дневная,68.51,23.11,2,5,89.49,82.09,77.97,4.17,32.9,1,9.3,
SYN-03061,2026-06-30,2024-05-11,,,Казань,Удержание,Команда 12,26,Дневная,54.42,12.36,1,0,93.39,85.69,100,4.42,51.31,0,12.09,
SYN-03062,2026-06-30,2021-07-26,,,Москва,Удержание,Команда 10,60,Смешанная,82.93,12.96,0,1,95.14,81.18,89.67,4.6,61.21,1,4.42,
SYN-03063,2026-06-30,2024-03-12,,,Омск,Поддержка,Команда 12,28,Дневная,103.45,14.07,3,2,83.09,62.41,69.7,3.93,48.8,1,2.2,
SYN-03064,2026-06-30,2023-06-16,,,Казань,Удержание,Команда 09,37,Дневная,93.17,17.61,0,0,95.46,82.29,77.57,4.49,46.3,0,11.07,
SYN-03065,2026-06-30,2022-10-19,,,Омск,Удержание,Команда 03,45,Смешанная,67.92,13.59,9,4,72.48,87.36,88.96,3.82,71.74,0,0,
SYN-03066,2026-06-30,2023-02-16,,,Казань,Поддержка,Команда 03,41,Дневная,115.69,17.51,7,1,82.87,67.84,75.41,4.01,92.3,0,5.92,
SYN-03067,2026-06-30,2025-10-03,,,Омск,Удержание,Команда 10,9,Смешанная,74.28,9.79,0,1,95.27,77.6,82.87,4.1,73.43,0,1.91,
SYN-03068,2026-06-30,2024-10-08,,,Казань,Продажи,Команда 05,21,Смешанная,90.11,0,1,2,90.26,75.27,83.04,4.04,94.11,0,9.71,
SYN-03069,2026-06-30,2023-05-17,,,Омск,Продажи,Команда 04,38,Дневная,74.46,15.83,1,0,92.21,80.98,88.64,4.98,76.29,0,5.54,
SYN-03070,2026-06-30,2024-03-12,,,Казань,Удержание,Команда 09,28,Ночная,74.51,13.42,2,2,91.2,86.53,82.65,4.48,68.96,0,6.67,
SYN-03071,2026-06-30,2025-07-05,,,Казань,Поддержка,Команда 02,12,Дневная,85.55,17.97,0,1,93.16,70.13,90.92,3.82,63.36,0,9.99,
SYN-03072,2026-06-30,2026-03-02,,,Москва,Поддержка,Команда 06,4,Ночная,84.5,0,0,0,92.74,88.63,99.67,4.35,100,0,8.88,
SYN-03073,2026-06-30,2024-07-10,,,Казань,Продажи,Команда 01,24,Дневная,96.15,0,1,2,93.66,95.95,76.57,4.13,75.61,0,10.14,
SYN-03074,2026-06-30,2023-08-15,,,Омск,Удержание,Команда 08,35,Смешанная,70.06,0,0,0,84.96,77.11,93.05,4.89,70.22,0,6.96,
SYN-03075,2026-06-30,2023-07-16,,,Москва,Удержание,Команда 05,36,Ночная,78.66,9.15,1,3,86.56,92.48,87.52,4.17,81.75,0,4.82,
SYN-03076,2026-06-30,2025-07-05,,,Омск,Удержание,Команда 12,12,Ночная,118.73,6.49,10,4,76.57,68.95,86.6,4.14,52.46,0,8.17,
SYN-03077,2026-06-30,2021-08-25,,,Казань,Удержание,Команда 05,59,Ночная,80.37,17.78,3,0,90.69,85.17,86.78,3.82,41.27,0,2.79,
SYN-03078,2026-06-30,2022-09-19,,,Казань,Поддержка,Команда 09,46,Смешанная,85.68,15.21,5,1,88.73,68.57,86.76,4.39,66.88,0,4.2,
SYN-03079,2026-06-30,2022-07-21,,,Омск,Поддержка,Команда 11,48,Смешанная,80.47,25.77,9,0,87.0,64.71,91.4,4.55,58.91,1,4.81,
SYN-03080,2026-06-30,2023-07-16,,,Москва,Удержание,Команда 12,36,Дневная,77.67,14.13,0,0,85.66,74.09,95.53,3.8,55.81,0,14.7,
SYN-03081,2026-06-30,2022-11-18,,,Москва,Поддержка,Команда 11,44,Ночная,84.27,10.14,3,1,89.56,79.88,82.63,4.8,74.4,0,11.41,
SYN-03082,2026-06-30,2024-02-11,,,Омск,Продажи,Команда 06,29,Дневная,95.67,10.92,4,2,94.01,74.27,92.38,3.98,67.01,0,1.39,
SYN-03083,2026-06-30,2026-05-31,,,Москва,Поддержка,Команда 08,1,Дневная,68.31,25.67,2,6,87.6,76.27,87.37,4.15,69.8,0,4.81,
SYN-03084,2026-06-30,2022-09-19,,,Москва,Поддержка,Команда 11,46,Смешанная,96.94,2.55,4,0,90.79,82.0,80.74,4.08,79.96,0,10.61,
SYN-03085,2026-06-30,2026-05-01,,,Казань,Продажи,Команда 06,2,Ночная,86.95,22.38,0,1,92.59,89.58,98.68,4.23,70.42,0,1.19,
SYN-03086,2026-06-30,2023-07-16,,,Москва,Поддержка,Команда 01,36,Дневная,75.73,18.45,4,1,88.07,87.23,86.21,4.6,73.0,0,6.0,
SYN-03087,2026-06-30,2023-01-17,,,Омск,Продажи,Команда 07,42,Дневная,84.6,1.74,0,0,100,75.88,86.68,4.72,91.35,0,6.01,
SYN-03088,2026-06-30,2024-06-10,,,Казань,Удержание,Команда 10,25,Ночная,92.25,11.55,1,1,91.97,90.79,89.83,4.6,67.04,0,8.26,
SYN-03089,2026-06-30,2024-09-08,,,Казань,Продажи,Команда 08,22,Дневная,72.17,0,0,0,96.79,63.05,99.12,4.61,62.18,0,6.89,
SYN-03090,2026-06-30,2024-06-10,,,Омск,Удержание,Команда 01,25,Дневная,84.12,12.72,5,3,82.91,80.47,85.38,4.6,65.71,0,0,
SYN-03091,2026-06-30,2025-02-05,,,Казань,Продажи,Команда 10,17,Смешанная,94.3,22.25,3,3,86.07,58.13,94.28,4.55,67.16,0,5.44,
SYN-03092,2026-06-30,2023-03-18,,,Казань,Удержание,Команда 10,40,Смешанная,92.88,13.03,2,2,92.28,95.01,91.46,4.45,74.31,0,8.69,
SYN-03093,2026-06-30,2023-01-17,,,Казань,Продажи,Команда 07,42,Дневная,86.25,0,2,1,89.22,79.04,86.62,4.4,58.05,1,0,
SYN-03094,2026-06-30,2025-03-07,,,Омск,Поддержка,Команда 09,16,Смешанная,77.98,0,10,0,80.6,96.28,76.1,4.4,81.95,0,1.47,
SYN-03095,2026-06-30,2026-04-01,,,Казань,Продажи,Команда 02,3,Ночная,77.38,8.44,1,6,85.37,78.59,87.78,4.6,73.26,0,2.78,
SYN-03096,2026-06-30,2024-10-08,,,Омск,Удержание,Команда 07,21,Дневная,83.42,16.67,1,2,92.79,73.27,98.95,4.53,69.19,0,6.22,
SYN-03097,2026-06-30,2025-10-03,,,Казань,Поддержка,Команда 08,9,Дневная,100.06,7.06,2,1,82.21,91.83,89.1,3.8,70.62,0,5.1,
SYN-03098,2026-06-30,2023-11-13,,,Омск,Удержание,Команда 06,32,Дневная,115.46,11.08,3,0,80.43,80.69,84.62,4.36,69.24,1,0,
SYN-03099,2026-06-30,2024-09-08,,,Казань,Удержание,Команда 10,22,Смешанная,99.37,24.47,1,0,86.55,75.57,87.85,3.96,61.69,0,10.65,
SYN-03100,2026-06-30,2022-06-21,,,Казань,Продажи,Команда 12,49,Дневная,105.74,24.98,1,1,96.47,84.98,87.32,4.37,61.39,0,14.42,
SYN-03101,2026-06-30,2021-07-26,,,Казань,Поддержка,Команда 01,60,Дневная,91.63,5.53,8,0,76.52,94.6,90.37,4.18,90.1,0,7.0,
SYN-03102,2026-06-30,2024-06-10,,,Омск,Удержание,Команда 06,25,Дневная,83.37,14.57,0,2,85.47,84.15,92.9,4.36,58.63,0,0,
SYN-03103,2026-06-30,2024-11-07,,,Казань,Удержание,Команда 05,20,Дневная,87.01,7.91,0,1,90.04,89.73,96.81,4.49,60.46,0,4.16,
SYN-03104,2026-06-30,2021-10-24,,,Казань,Продажи,Команда 01,57,Дневная,77.37,6.76,1,0,89.4,68.05,90.91,4.35,69.69,1,10.29,
SYN-03105,2026-06-30,2021-11-23,,,Омск,Продажи,Команда 05,56,Дневная,87.62,4.88,0,1,91.38,88.62,88.25,4.71,57.66,0,8.53,
SYN-03106,2026-06-30,2024-05-11,,,Казань,Поддержка,Команда 06,26,Дневная,104.87,0,0,0,86.89,78.69,82.05,4.2,89.86,0,8.78,
SYN-03107,2026-06-30,2024-04-11,,,Казань,Продажи,Команда 05,27,Смешанная,110.7,0.25,3,2,92.41,74.74,91.81,4.39,73.86,0,0,
SYN-03108,2026-06-30,2022-05-22,,,Казань,Удержание,Команда 12,50,Дневная,93.68,0,2,0,96.8,74.87,77.75,4.15,61.25,0,6.81,
SYN-03109,2026-06-30,2024-09-08,,,Москва,Продажи,Команда 06,22,Ночная,74.95,0,1,0,93.61,98.46,86.93,4.61,84.25,0,0,
SYN-03110,2026-06-30,2023-07-16,,,Омск,Продажи,Команда 12,36,Дневная,78.67,15.38,8,0,83.98,78.62,76.37,4.46,63.53,0,5.68,
SYN-03111,2026-06-30,2022-05-22,,,Омск,Продажи,Команда 07,50,Смешанная,104.88,18.09,0,0,92.35,73.84,80.4,4.51,66.96,0,7.03,
SYN-03112,2026-06-30,2025-04-06,,,Москва,Поддержка,Команда 01,15,Смешанная,102.85,13.66,7,2,78.62,74.81,80.45,4.2,58.9,0,6.75,
SYN-03113,2026-06-30,2023-11-13,,,Омск,Поддержка,Команда 12,32,Смешанная,103.09,5.08,0,0,96.36,70.85,83.6,4.61,62.72,0,6.61,
SYN-03114,2026-06-30,2023-06-16,,,Москва,Поддержка,Команда 01,37,Дневная,94.48,17.54,1,2,87.34,89.71,90.7,3.98,61.46,0,2.16,
SYN-03115,2026-06-30,2023-04-17,,,Москва,Удержание,Команда 03,39,Дневная,94.29,0.26,6,0,89.1,83.34,88.79,4.44,68.55,0,7.1,
SYN-03116,2026-06-30,2025-11-02,,,Омск,Поддержка,Команда 03,8,Дневная,103.7,9.38,0,1,92.85,74.59,83.82,3.73,85.25,0,4.18,
SYN-03117,2026-06-30,2022-08-20,,,Казань,Продажи,Команда 07,47,Дневная,92.42,5.97,0,0,92.53,81.29,83.14,4.55,62.19,0,9.26,
SYN-03118,2026-06-30,2022-08-20,,,Москва,Удержание,Команда 11,47,Смешанная,90.87,8.72,0,0,88.76,92.36,95.46,4.49,56.93,1,9.81,
SYN-03119,2026-06-30,2023-09-14,,,Казань,Поддержка,Команда 07,34,Дневная,74.98,8.2,0,1,94.88,99.72,95.24,4.01,60.55,0,6.95,
SYN-03120,2026-06-30,2022-01-22,,,Казань,Поддержка,Команда 09,54,Дневная,76.26,9.18,2,1,86.99,62.84,90.57,3.98,71.68,0,7.46,
SYN-03121,2026-06-30,2021-10-24,,,Москва,Поддержка,Команда 02,57,Дневная,72.45,4.52,0,0,94.39,80.2,81.56,3.7,62.44,0,6.85,
SYN-03122,2026-06-30,2022-04-22,,,Казань,Поддержка,Команда 12,51,Дневная,100.65,5.57,1,0,89.84,78.35,83.44,4.83,53.07,0,1.76,
SYN-03123,2026-06-30,2024-08-09,,,Омск,Удержание,Команда 08,23,Ночная,88.14,7.67,0,1,94.19,77.1,79.48,4.76,82.5,0,6.73,
SYN-03124,2026-06-30,2022-05-22,,,Омск,Удержание,Команда 07,50,Дневная,68.58,6.68,11,0,77.79,69.17,77.93,3.77,68.65,0,10.48,
SYN-03125,2026-06-30,2026-03-02,,,Омск,Удержание,Команда 07,4,Дневная,90.03,9.23,1,2,95.2,69.43,65.13,4.06,69.98,0,8.13,
SYN-03126,2026-06-30,2025-02-05,,,Москва,Поддержка,Команда 05,17,Дневная,74.95,10.46,0,2,96.68,67.35,72.64,4.14,78.55,0,13.98,
SYN-03127,2026-06-30,2025-01-06,,,Москва,Поддержка,Команда 06,18,Дневная,93.9,7.62,6,0,72.69,75.72,76.75,4.48,90.38,0,12.78,
SYN-03128,2026-06-30,2022-06-21,,,Казань,Поддержка,Команда 12,49,Дневная,93.78,9.54,0,0,93.63,79.74,80.21,4.16,51.52,0,4.21,
SYN-03129,2026-06-30,2023-12-13,,,Москва,Продажи,Команда 06,31,Дневная,91.97,14.35,0,3,90.44,85.02,93.36,3.93,76.74,0,3.83,
SYN-03130,2026-06-30,2024-04-11,,,Казань,Удержание,Команда 09,27,Дневная,75.9,20.67,0,1,91.5,94.55,78.46,4.45,60.71,1,16.48,
SYN-03131,2026-06-30,2024-05-11,,,Москва,Продажи,Команда 09,26,Ночная,65.09,12.83,0,0,93.91,67.2,85.66,4.14,74.78,0,9.72,
SYN-03132,2026-06-30,2024-09-08,,,Казань,Поддержка,Команда 04,22,Дневная,79.29,11.66,0,2,91.7,90.24,77.54,4.69,84.59,0,3.97,
SYN-03133,2026-06-30,2022-03-23,,,Омск,Поддержка,Команда 01,52,Смешанная,79.0,0.21,1,5,83.5,89.54,78.99,4.25,82.54,1,8.62,
SYN-03134,2026-06-30,2025-04-06,,,Омск,Продажи,Команда 04,15,Дневная,94.19,3.31,14,1,79.11,76.11,75.31,4.5,56.49,0,2.51,
SYN-03135,2026-06-30,2022-10-19,,,Казань,Продажи,Команда 09,45,Смешанная,89.76,16.82,0,0,98.23,79.93,80.39,3.76,91.82,1,15.97,
SYN-03136,2026-06-30,2025-12-02,,,Москва,Удержание,Команда 07,7,Дневная,80.9,9.36,6,0,90.07,78.64,80.48,4.38,65.69,0,5.51,
SYN-03137,2026-06-30,2024-07-10,,,Казань,Продажи,Команда 03,24,Смешанная,104.04,5.97,0,0,100,90.99,92.0,4.98,86.08,0,7.84,
SYN-03138,2026-06-30,2023-03-18,,,Казань,Удержание,Команда 03,40,Смешанная,103.61,17.34,1,0,100,95.54,84.72,3.96,69.0,0,11.77,
SYN-03139,2026-06-30,2026-05-01,,,Москва,Удержание,Команда 10,2,Дневная,77.55,0.49,1,2,93.4,81.66,70.65,4.36,59.98,1,3.3,
SYN-03140,2026-06-30,2025-02-05,,,Омск,Поддержка,Команда 01,17,Дневная,50.81,14.17,1,4,96.2,67.32,80.33,4.65,90.17,0,6.11,
SYN-03141,2026-06-30,2025-08-04,,,Казань,Продажи,Команда 12,11,Ночная,94.11,32.11,0,3,87.5,82.52,81.27,4.32,63.11,0,11.94,
SYN-03142,2026-06-30,2023-11-13,,,Омск,Удержание,Команда 12,32,Дневная,90.38,0,4,2,84.7,87.4,95.38,4.46,83.2,0,5.74,
SYN-03143,2026-06-30,2023-08-15,,,Казань,Продажи,Команда 02,35,Дневная,89.08,24.6,1,1,90.81,85.25,88.76,4.82,66.95,1,7.34,
SYN-03144,2026-06-30,2025-07-05,,,Казань,Поддержка,Команда 02,12,Дневная,95.87,6.37,1,1,88.89,81.53,91.71,4.19,69.01,0,0,
SYN-03145,2026-06-30,2025-04-06,,,Москва,Поддержка,Команда 09,15,Дневная,91.74,8.7,1,1,88.38,76.62,87.2,4.24,89.93,0,12.51,
SYN-03146,2026-06-30,2021-12-23,,,Москва,Поддержка,Команда 02,55,Смешанная,77.57,3.43,3,3,87.75,89.45,84.77,4.32,70.35,0,14.2,
SYN-03147,2026-06-30,2022-09-19,,,Москва,Поддержка,Команда 06,46,Дневная,101.69,17.2,0,0,82.75,58.58,86.19,4.23,46.78,1,12.68,
SYN-03148,2026-06-30,2024-03-12,,,Омск,Поддержка,Команда 02,28,Дневная,90.66,5.96,12,1,74.79,80.61,78.18,4.21,59.58,0,7.21,
SYN-03149,2026-06-30,2023-08-15,,,Москва,Поддержка,Команда 06,35,Смешанная,77.54,25.53,0,0,94.3,72.23,87.31,4.23,51.45,1,6.41,
SYN-03150,2026-06-30,2022-10-19,,,Казань,Поддержка,Команда 01,45,Дневная,90.76,8.81,0,0,95.5,90.32,82.92,4.1,79.88,0,11.92,
SYN-03151,2026-06-30,2025-12-02,,,Омск,Удержание,Команда 04,7,Ночная,88.29,17.06,1,1,95.93,60.78,100,4.33,46.2,1,11.67,
SYN-03152,2026-06-30,2026-05-31,,,Казань,Поддержка,Команда 08,1,Дневная,102.41,5.11,1,2,93.14,97.73,76.32,5,54.83,0,3.52,
SYN-03153,2026-06-30,2022-08-20,,,Казань,Продажи,Команда 11,47,Ночная,98.73,16.5,2,0,92.11,76.38,82.93,4.07,69.78,1,13.61,
SYN-03154,2026-06-30,2021-08-25,,,Москва,Поддержка,Команда 06,59,Дневная,100.63,16.18,4,0,86.35,73.23,72.21,4.28,76.45,0,10.26,
SYN-03155,2026-06-30,2022-07-21,,,Казань,Поддержка,Команда 04,48,Дневная,94.43,2.01,4,3,77.79,62.01,89.29,4.54,75.34,0,12.44,
SYN-03156,2026-06-30,2023-07-16,,,Омск,Поддержка,Команда 03,36,Смешанная,101.19,10.46,0,0,96.84,79.85,85.24,4.27,75.14,0,4.6,
SYN-03157,2026-06-30,2023-09-14,,,Омск,Продажи,Команда 01,34,Смешанная,90.03,0,2,0,85.05,72.25,87.83,4.49,83.78,1,12.06,
SYN-03158,2026-06-30,2025-08-04,,,Омск,Удержание,Команда 10,11,Дневная,96.88,11.43,0,1,100,88.43,95.13,3.84,76.59,0,7.37,
SYN-03159,2026-06-30,2025-11-02,,,Казань,Удержание,Команда 08,8,Дневная,80.71,27.34,0,1,95.48,80.51,100,4.67,59.38,0,2.94,
SYN-03160,2026-06-30,2025-07-05,,,Омск,Продажи,Команда 12,12,Смешанная,101.84,21.06,0,8,80.42,79.0,93.95,4.86,67.84,1,9.55,
SYN-03161,2026-06-30,2025-05-06,,,Москва,Поддержка,Команда 07,14,Ночная,63.25,11.15,1,3,90.48,76.49,84.22,4.87,79.22,1,14.07,
SYN-03162,2026-06-30,2023-09-14,,,Омск,Продажи,Команда 08,34,Смешанная,93.63,11.46,8,0,84.31,84.82,77.51,4.4,60.59,1,19.32,
SYN-03163,2026-06-30,2023-11-13,,,Омск,Продажи,Команда 12,32,Ночная,96.58,10.35,1,1,94.97,74.15,92.18,5,52.69,1,3.26,
SYN-03164,2026-06-30,2023-01-17,,,Москва,Поддержка,Команда 06,42,Ночная,103.0,7.07,1,0,95.93,99.97,82.46,4.5,75.09,1,15.27,
SYN-03165,2026-06-30,2022-12-18,,,Омск,Удержание,Команда 12,43,Дневная,71.76,13.94,4,1,90.14,86.15,84.8,4.11,83.24,0,8.49,
SYN-03166,2026-06-30,2023-07-16,,,Омск,Поддержка,Команда 04,36,Дневная,92.79,9.75,2,2,82.28,77.38,76.58,3.76,70.17,0,11.28,
SYN-03167,2026-06-30,2023-07-16,,,Москва,Поддержка,Команда 02,36,Дневная,72.94,0,3,4,88.9,89.12,93.17,4.23,61.51,0,2.93,
SYN-03168,2026-06-30,2023-12-13,,,Казань,Поддержка,Команда 01,31,Дневная,77.59,0,5,1,81.39,80.25,89.31,4.77,80.96,0,17.83,
SYN-03169,2026-06-30,2022-11-18,,,Москва,Удержание,Команда 04,44,Дневная,79.65,3.93,2,0,93.9,99.32,89.62,3.37,57.42,0,13.1,
SYN-03170,2026-06-30,2025-11-02,,,Казань,Продажи,Команда 05,8,Ночная,67.34,10.7,0,0,94.36,87.93,81.37,4.26,81.15,0,9.78,
SYN-03171,2026-06-30,2021-08-25,,,Москва,Продажи,Команда 07,59,Дневная,80.48,5.76,0,0,97.84,82.82,75.51,4.99,66.21,0,0,
SYN-03172,2026-06-30,2024-09-08,,,Казань,Поддержка,Команда 04,22,Дневная,94.27,22.06,0,1,97.26,78.82,86.9,3.89,66.35,0,9.12,
SYN-03173,2026-06-30,2025-12-02,,,Казань,Поддержка,Команда 07,7,Смешанная,102.03,13.91,0,0,92.53,84.58,80.57,3.82,80.47,0,6.52,
SYN-03174,2026-06-30,2026-01-31,,,Москва,Удержание,Команда 05,5,Ночная,85.97,0,3,0,93.88,77.19,83.96,4.33,72.1,0,9.29,
SYN-03175,2026-06-30,2024-08-09,,,Казань,Поддержка,Команда 06,23,Смешанная,96.56,2.24,3,3,90.77,77.47,75.59,4.33,50.87,0,3.63,
SYN-03176,2026-06-30,2025-10-03,,,Москва,Удержание,Команда 07,9,Смешанная,93.9,6.83,0,3,90.89,88.74,82.8,4.54,69.06,0,8.21,
SYN-03177,2026-06-30,2024-01-12,,,Москва,Удержание,Команда 10,30,Дневная,103.21,28.42,4,3,89.07,78.13,80.46,4.17,59.5,0,3.62,
SYN-03178,2026-06-30,2023-08-15,,,Казань,Продажи,Команда 03,35,Дневная,74.16,18.86,4,0,88.6,76.65,68.71,4.15,56.75,0,4.73,
SYN-03179,2026-06-30,2026-01-31,,,Омск,Поддержка,Команда 10,5,Дневная,81.15,5.39,1,2,87.26,100,78.8,4.7,59.96,0,9.16,
SYN-03180,2026-06-30,2024-03-12,,,Москва,Поддержка,Команда 03,28,Дневная,87.14,12.95,2,0,87.0,89.7,80.76,4.63,74.92,0,8.9,
SYN-03181,2026-06-30,2022-08-20,,,Казань,Поддержка,Команда 05,47,Дневная,73.59,2.58,1,1,90.13,71.38,83.14,4.91,69.24,0,10.27,
SYN-03182,2026-06-30,2025-04-06,,,Казань,Поддержка,Команда 06,15,Ночная,70.21,11.29,7,4,79.09,82.25,81.96,4.59,60.75,0,10.83,
SYN-03183,2026-06-30,2025-02-05,,,Казань,Поддержка,Команда 01,17,Дневная,75.29,14.38,0,1,99.67,95.43,73.41,4.2,52.81,1,6.68,
SYN-03184,2026-06-30,2023-12-13,,,Казань,Удержание,Команда 09,31,Дневная,75.83,9.3,0,0,95.39,64.69,77.35,4.42,72.03,0,16.71,
SYN-03185,2026-06-30,2024-12-07,,,Казань,Поддержка,Команда 03,19,Смешанная,78.73,14.68,1,1,92.25,93.86,90.35,4.27,79.95,0,6.57,
SYN-03186,2026-06-30,2021-10-24,,,Москва,Продажи,Команда 01,57,Дневная,95.89,13.65,0,0,89.35,80.62,85.59,4.55,64.91,0,5.38,
SYN-03187,2026-06-30,2022-11-18,,,Казань,Поддержка,Команда 10,44,Дневная,79.94,9.93,0,2,93.72,65.48,80.46,4.84,84.47,0,18.08,
SYN-03188,2026-06-30,2022-04-22,,,Казань,Удержание,Команда 08,51,Ночная,77.74,2.85,3,0,86.79,70.02,89.49,4.56,31.67,0,14.08,
SYN-03189,2026-06-30,2026-01-01,,,Казань,Продажи,Команда 04,6,Дневная,93.73,17.04,0,6,91.14,79.16,96.65,4.46,77.1,0,14.02,
SYN-03190,2026-06-30,2021-10-24,,,Москва,Продажи,Команда 09,57,Дневная,108.48,2.43,11,1,81.05,85.0,83.98,4.46,54.78,1,4.89,
SYN-03191,2026-06-30,2024-08-09,,,Москва,Удержание,Команда 12,23,Дневная,73.11,0,2,5,85.3,81.16,92.91,4.18,64.05,0,9.68,
SYN-03192,2026-06-30,2023-04-17,,,Москва,Поддержка,Команда 07,39,Дневная,96.28,10.58,1,2,93.86,74.33,87.25,5,73.06,0,9.14,
SYN-03193,2026-06-30,2024-04-11,,,Омск,Удержание,Команда 01,27,Ночная,93.37,12.36,1,0,96.57,76.92,89.03,4.32,74.22,0,6.28,
SYN-03194,2026-06-30,2026-04-01,,,Омск,Удержание,Команда 02,3,Дневная,104.46,25.35,4,1,84.08,85.38,82.78,4.15,63.37,1,0.62,
SYN-03195,2026-06-30,2022-07-21,,,Москва,Поддержка,Команда 04,48,Ночная,115.38,25.16,0,1,95.96,84.77,83.06,4.94,70.91,0,0.28,
SYN-03196,2026-06-30,2021-08-25,,,Москва,Удержание,Команда 06,59,Дневная,81.2,12.96,4,2,81.22,76.47,77.5,4.96,50.94,0,6.13,
SYN-03197,2026-06-30,2025-06-05,,,Омск,Поддержка,Команда 05,13,Смешанная,88.2,17.3,2,1,96.59,95.72,83.42,4.96,79.52,0,9.11,
SYN-03198,2026-06-30,2023-12-13,,,Казань,Поддержка,Команда 11,31,Смешанная,99.2,5.33,3,5,85.34,75.36,74.24,4.19,60.23,1,6.11,
SYN-03199,2026-06-30,2023-02-16,,,Казань,Поддержка,Команда 07,41,Смешанная,93.45,7.8,6,0,89.1,94.45,68.95,4.2,58.82,0,13.76,
SYN-03200,2026-06-30,2022-09-19,,,Москва,Удержание,Команда 12,46,Смешанная,72.4,13.63,0,0,100,70.9,89.27,4.0,62.9,0,6.69,
SYN-03201,2026-06-30,2025-12-02,,,Москва,Удержание,Команда 06,7,Смешанная,110.42,24.41,7,4,81.22,59.04,78.1,4.79,63.48,0,3.78,
SYN-03202,2026-06-30,2022-09-19,,,Москва,Удержание,Команда 12,46,Дневная,105.79,17.93,1,0,86.35,94.09,80.23,4.36,50.19,1,3.81,
SYN-03203,2026-06-30,2023-02-16,,,Москва,Удержание,Команда 06,41,Смешанная,91.93,5.03,3,1,85.1,89.64,85.38,4.8,72.79,0,0.61,
SYN-03204,2026-06-30,2026-04-01,,,Москва,Продажи,Команда 07,3,Дневная,80.75,12.85,1,1,95.71,61.53,100,5,60.92,0,4.68,
SYN-03205,2026-06-30,2022-12-18,,,Омск,Удержание,Команда 09,43,Ночная,82.21,14.56,1,0,92.44,77.89,84.65,4.69,60.18,0,9.62,
SYN-03206,2026-06-30,2023-11-13,,,Казань,Поддержка,Команда 01,32,Смешанная,87.91,27.54,1,2,87.96,70.59,86.29,4.85,69.41,0,8.02,
SYN-03207,2026-06-30,2021-12-23,,,Казань,Поддержка,Команда 05,55,Дневная,67.74,0,0,0,84.13,77.58,89.8,4.68,93.33,0,3.46,
SYN-03208,2026-06-30,2021-08-25,,,Омск,Удержание,Команда 09,59,Ночная,85.16,10.24,6,3,79.56,82.41,88.19,3.81,62.4,0,1.16,
SYN-03209,2026-06-30,2023-03-18,,,Омск,Продажи,Команда 11,40,Ночная,81.25,26.49,0,0,92.2,88.99,92.72,4.34,58.23,0,5.98,
SYN-03210,2026-06-30,2024-04-11,,,Омск,Продажи,Команда 02,27,Смешанная,91.86,7.24,0,0,96.95,76.92,84.52,4.5,58.11,0,10.96,
SYN-03211,2026-06-30,2022-05-22,,,Казань,Поддержка,Команда 01,50,Дневная,66.75,5.59,1,4,88.61,76.23,96.9,4.31,56.21,0,4.57,
SYN-03212,2026-06-30,2026-01-31,,,Москва,Поддержка,Команда 11,5,Дневная,74.35,24.63,0,6,88.27,84.59,89.59,4.44,58.04,1,5.93,
SYN-03213,2026-06-30,2022-12-18,,,Омск,Удержание,Команда 09,43,Дневная,68.49,11.78,2,1,89.86,98.66,77.82,4.29,56.09,0,4.87,
SYN-03214,2026-06-30,2025-09-03,,,Москва,Поддержка,Команда 09,10,Дневная,72.55,13.3,0,3,94.35,83.78,85.59,4.15,76.32,0,15.12,
SYN-03215,2026-06-30,2022-12-18,,,Москва,Удержание,Команда 02,43,Ночная,106.24,6.47,4,0,88.71,84.87,95.86,4.27,87.61,0,8.87,
SYN-03216,2026-06-30,2021-09-24,,,Казань,Удержание,Команда 08,58,Дневная,82.05,17.92,0,0,97.2,79.05,89.55,4.97,80.8,0,7.99,
SYN-03217,2026-06-30,2025-04-06,,,Москва,Поддержка,Команда 08,15,Дневная,85.38,10.54,3,0,99.33,80.05,96.89,4.99,86.29,0,2.42,
SYN-03218,2026-06-30,2022-12-18,,,Казань,Продажи,Команда 11,43,Смешанная,85.86,4.89,0,0,91.55,82.01,84.55,4.54,68.79,0,10.68,
SYN-03219,2026-06-30,2024-01-12,,,Казань,Поддержка,Команда 07,30,Ночная,86.77,16.83,1,2,85.5,82.33,88.46,4.46,78.59,0,0,
SYN-03220,2026-06-30,2026-05-01,,,Казань,Поддержка,Команда 12,2,Дневная,98.6,23.58,9,2,78.79,88.43,87.23,4.49,63.83,0,0,
SYN-03221,2026-06-30,2024-08-09,,,Казань,Продажи,Команда 01,23,Дневная,105.88,0,0,0,94.89,88.57,86.17,4.31,77.02,0,5.07,
SYN-03222,2026-06-30,2022-04-22,,,Омск,Продажи,Команда 07,51,Смешанная,116.17,10.78,8,3,75.31,83.0,70.64,3.79,57.46,0,7.72,
SYN-03223,2026-06-30,2023-09-14,,,Омск,Продажи,Команда 01,34,Дневная,85.94,19.19,0,1,93.28,89.02,86.99,4.28,75.43,0,3.87,
SYN-03224,2026-06-30,2023-02-16,,,Казань,Поддержка,Команда 01,41,Смешанная,79.57,11.24,2,0,89.31,81.44,90.12,4.21,67.14,0,9.2,
SYN-03225,2026-06-30,2021-12-23,,,Москва,Продажи,Команда 07,55,Дневная,89.57,0,0,1,92.59,83.95,86.52,4.42,80.23,0,9.48,
SYN-03226,2026-06-30,2023-07-16,,,Москва,Поддержка,Команда 06,36,Смешанная,113.48,28.86,2,0,98.46,81.77,86.13,4.77,63.61,0,5.13,
SYN-03227,2026-06-30,2024-08-09,,,Казань,Поддержка,Команда 03,23,Дневная,89.06,14.03,1,0,87.96,94.88,90.72,3.78,62.43,0,0,
SYN-03228,2026-06-30,2022-11-18,,,Казань,Поддержка,Команда 09,44,Смешанная,66.24,16.29,1,0,88.63,91.18,89.28,4.35,58.02,0,12.1,
SYN-03229,2026-06-30,2022-02-21,,,Казань,Удержание,Команда 07,53,Дневная,98.92,0,10,2,84.03,96.43,89.44,4.42,82.57,0,9.82,
SYN-03230,2026-06-30,2022-11-18,,,Казань,Поддержка,Команда 08,44,Ночная,77.35,14.23,2,11,87.39,73.82,80.23,4.55,74.19,0,0.52,
SYN-03231,2026-06-30,2023-10-14,,,Москва,Удержание,Команда 02,33,Смешанная,88.25,23.6,3,0,85.63,95.17,84.96,4.85,69.06,0,2.24,
SYN-03232,2026-06-30,2025-07-05,,,Москва,Удержание,Команда 12,12,Дневная,78.83,0,1,10,83.88,83.51,88.03,4.65,94.18,0,6.78,
SYN-03233,2026-06-30,2026-01-01,,,Москва,Продажи,Команда 02,6,Дневная,84.3,5.87,7,1,77.32,89.11,88.44,4.29,62.57,1,15.48,
SYN-03234,2026-06-30,2024-08-09,,,Казань,Продажи,Команда 10,23,Дневная,95.02,11.62,1,1,98.85,92.52,75.46,3.93,59.48,0,2.44,
SYN-03235,2026-06-30,2023-01-17,,,Казань,Продажи,Команда 09,42,Дневная,93.03,28.49,0,0,89.68,78.48,92.58,4.74,62.64,1,13.86,
SYN-03236,2026-06-30,2026-01-31,,,Москва,Продажи,Команда 09,5,Смешанная,119.27,16.05,2,1,88.72,75.54,83.59,4.26,64.51,1,11.18,
SYN-03237,2026-06-30,2023-08-15,,,Омск,Удержание,Команда 08,35,Смешанная,53.03,22.43,2,1,89.4,81.78,77.72,4.43,74.03,0,7.42,
SYN-03238,2026-06-30,2022-09-19,,,Казань,Поддержка,Команда 05,46,Ночная,83.96,16.92,5,0,82.19,87.9,79.41,4.0,83.91,0,0,
SYN-03239,2026-06-30,2026-03-02,,,Омск,Удержание,Команда 12,4,Ночная,94.29,26.01,0,0,93.89,80.48,91.22,4.03,77.49,0,5.83,
SYN-03240,2026-06-30,2023-03-18,,,Москва,Продажи,Команда 07,40,Смешанная,97.86,1.75,6,0,88.37,84.2,89.01,4.26,75.78,0,7.81,
SYN-03241,2026-06-30,2026-05-01,,,Москва,Продажи,Команда 10,2,Смешанная,111.23,13.35,0,4,95.26,81.54,79.58,4.54,53.89,0,7.07,
SYN-03242,2026-06-30,2024-05-11,,,Москва,Поддержка,Команда 05,26,Смешанная,82.1,19.93,2,2,90.05,86.04,74.16,4.13,55.24,1,2.92,
SYN-03243,2026-06-30,2023-02-16,,,Москва,Продажи,Команда 10,41,Дневная,97.54,4.99,1,1,98.89,82.65,81.07,4.89,63.9,0,11.51,
SYN-03244,2026-06-30,2025-01-06,,,Москва,Продажи,Команда 04,18,Дневная,95.37,10.41,0,2,93.92,86.43,76.03,4.44,76.75,0,9.79,
SYN-03245,2026-06-30,2024-11-07,,,Москва,Удержание,Команда 02,20,Смешанная,113.63,30.67,2,0,89.32,88.85,84.65,3.8,76.31,0,9.14,
SYN-03246,2026-06-30,2024-03-12,,,Москва,Поддержка,Команда 05,28,Смешанная,85.72,5.82,6,1,83.87,100,76.09,3.85,68.22,0,1.66,
SYN-03247,2026-06-30,2026-04-01,,,Москва,Продажи,Команда 11,3,Смешанная,86.43,14.43,3,4,88.88,78.15,90.27,4.06,47.09,0,5.72,
SYN-03248,2026-06-30,2024-10-08,,,Москва,Удержание,Команда 05,21,Ночная,86.22,9.32,4,0,88.61,86.47,82.39,4.57,68.01,0,12.93,
SYN-03249,2026-06-30,2022-12-18,,,Казань,Продажи,Команда 11,43,Дневная,75.62,0,0,0,99.53,72.94,83.55,3.83,85.36,0,8.06,
SYN-03250,2026-06-30,2023-06-16,,,Омск,Продажи,Команда 11,37,Смешанная,88.33,9.66,0,0,93.86,84.23,96.68,3.97,58.88,1,7.24,
SYN-03251,2026-06-30,2025-12-02,,,Омск,Удержание,Команда 08,7,Смешанная,71.46,0.77,1,2,88.23,76.33,85.63,4.14,66.51,0,6.03,
SYN-03252,2026-06-30,2021-12-23,,,Москва,Удержание,Команда 03,55,Дневная,77.58,10.83,5,2,82.97,81.09,74.58,4.47,54.33,0,5.38,
SYN-03253,2026-06-30,2026-01-01,,,Омск,Поддержка,Команда 01,6,Дневная,99.33,0.47,0,4,89.67,82.37,84.01,4.8,64.21,1,6.7,
SYN-03254,2026-06-30,2026-01-01,,,Москва,Удержание,Команда 03,6,Ночная,102.61,8.55,0,5,92.04,83.04,84.18,4.17,66.96,1,11.48,
SYN-03255,2026-06-30,2023-10-14,,,Казань,Продажи,Команда 01,33,Смешанная,108.08,9.59,1,1,91.57,81.16,83.49,4.36,83.95,0,13.77,
SYN-03256,2026-06-30,2025-12-02,,,Казань,Поддержка,Команда 05,7,Дневная,78.4,15.92,1,0,92.09,81.56,79.05,4.61,51.42,0,5.69,
SYN-03257,2026-06-30,2025-01-06,,,Омск,Удержание,Команда 10,18,Дневная,84.68,19.77,0,3,89.35,73.88,77.4,4.42,62.32,0,5.51,
SYN-03258,2026-06-30,2023-10-14,,,Омск,Удержание,Команда 02,33,Дневная,111.93,25.0,2,0,86.55,82.1,86.62,4.48,71.62,0,6.0,
SYN-03259,2026-06-30,2024-08-09,,,Москва,Удержание,Команда 12,23,Дневная,82.45,26.05,0,4,91.65,80.39,91.3,4.02,79.66,0,10.13,
SYN-03260,2026-06-30,2024-09-08,,,Омск,Поддержка,Команда 05,22,Ночная,100.62,0.64,1,0,98.46,68.51,89.6,4.32,80.04,0,9.79,
SYN-03261,2026-06-30,2022-11-18,,,Омск,Удержание,Команда 09,44,Дневная,93.66,0,0,1,98.59,71.06,76.37,3.96,60.22,0,9.51,
SYN-03262,2026-06-30,2024-02-11,,,Казань,Продажи,Команда 05,29,Дневная,101.92,12.8,0,1,88.22,78.51,83.88,4.43,88.17,0,0.62,
SYN-03263,2026-06-30,2023-11-13,,,Омск,Поддержка,Команда 10,32,Дневная,70.93,13.75,1,4,90.8,76.3,81.35,4.78,73.75,0,1.4,
SYN-03264,2026-06-30,2023-06-16,,,Омск,Продажи,Команда 09,37,Смешанная,102.56,16.23,0,2,96.83,68.29,82.34,4.1,49.57,0,6.8,
SYN-03265,2026-06-30,2025-09-03,,,Омск,Продажи,Команда 04,10,Дневная,101.07,21.43,1,3,84.52,67.47,82.64,4.24,56.95,0,4.79,
SYN-03266,2026-06-30,2026-05-31,,,Казань,Поддержка,Команда 12,1,Дневная,84.45,6.22,2,0,87.24,95.69,93.08,4.23,69.57,1,0.91,
SYN-03267,2026-06-30,2023-11-13,,,Москва,Поддержка,Команда 07,32,Дневная,109.67,2.97,0,1,88.5,71.82,83.44,4.49,64.89,0,10.08,
SYN-03268,2026-06-30,2026-05-01,,,Казань,Удержание,Команда 05,2,Смешанная,97.44,7.97,1,0,92.96,82.97,81.73,4.92,56.52,1,9.61,
SYN-03269,2026-06-30,2025-08-04,,,Москва,Продажи,Команда 05,11,Дневная,96.68,12.22,11,1,79.25,63.96,75.68,4.38,72.38,0,12.63,
SYN-03270,2026-06-30,2026-05-31,,,Казань,Удержание,Команда 09,1,Дневная,80.74,23.81,1,0,89.27,78.33,89.22,4.26,64.47,0,12.67,
SYN-03271,2026-06-30,2023-07-16,,,Казань,Поддержка,Команда 10,36,Ночная,92.99,5.06,4,0,87.07,69.04,85.36,3.86,61.92,0,5.78,
SYN-03272,2026-06-30,2024-08-09,,,Казань,Поддержка,Команда 07,23,Дневная,108.35,14.25,1,0,90.11,67.77,77.63,4.87,56.51,1,0.01,
SYN-03273,2026-06-30,2023-03-18,,,Москва,Продажи,Команда 12,40,Дневная,91.94,9.36,0,2,96.5,85.01,83.7,3.74,70.96,1,3.59,
SYN-03274,2026-06-30,2022-07-21,,,Москва,Поддержка,Команда 04,48,Ночная,98.57,12.22,2,2,85.38,74.13,86.7,3.99,50.2,0,6.58,
SYN-03275,2026-06-30,2024-10-08,,,Казань,Удержание,Команда 04,21,Дневная,87.25,3.18,0,12,84.25,82.29,84.61,4.26,79.59,0,9.29,
SYN-03276,2026-06-30,2022-12-18,,,Омск,Поддержка,Команда 04,43,Смешанная,88.4,14.97,0,1,99.04,84.99,74.69,4.5,52.23,1,13.29,
SYN-03277,2026-06-30,2025-01-06,,,Омск,Поддержка,Команда 05,18,Дневная,103.14,5.63,0,6,89.23,81.25,87.32,4.6,73.18,0,0.94,
SYN-03278,2026-06-30,2024-06-10,,,Москва,Удержание,Команда 11,25,Дневная,95.47,9.86,4,4,85.75,86.54,79.79,5,63.44,1,14.47,
SYN-03279,2026-06-30,2023-05-17,,,Москва,Удержание,Команда 10,38,Дневная,81.5,0,1,1,83.95,86.63,94.16,4.35,64.14,0,13.79,
SYN-03280,2026-06-30,2025-07-05,,,Казань,Поддержка,Команда 10,12,Ночная,102.12,16.75,1,0,93.82,61.72,85.86,3.77,73.26,0,4.94,
SYN-03281,2026-06-30,2024-09-08,,,Омск,Продажи,Команда 11,22,Ночная,63.2,24.93,0,3,96.71,83.87,81.32,4.31,63.32,0,7.45,
SYN-03282,2026-06-30,2023-03-18,,,Казань,Удержание,Команда 01,40,Ночная,67.45,3.1,1,0,94.16,85.89,77.74,4.57,67.89,1,0,
SYN-03283,2026-06-30,2024-06-10,,,Омск,Поддержка,Команда 07,25,Смешанная,85.97,0,0,7,86.05,72.65,83.78,4.7,77.56,0,6.88,
SYN-03284,2026-06-30,2022-09-19,,,Москва,Продажи,Команда 02,46,Дневная,67.42,4.79,4,1,94.05,89.89,96.38,4.1,63.2,0,9.0,
SYN-03285,2026-06-30,2024-09-08,,,Омск,Продажи,Команда 09,22,Смешанная,98.84,0,0,4,83.21,89.01,79.27,4.27,66.5,1,6.3,
SYN-03286,2026-06-30,2026-01-01,,,Москва,Удержание,Команда 06,6,Дневная,84.31,2.89,0,4,95.55,89.14,94.33,5,63.52,0,7.75,
SYN-03287,2026-06-30,2026-04-01,,,Казань,Удержание,Команда 12,3,Дневная,82.67,7.78,3,0,84.06,92.18,80.03,4.16,80.6,0,10.38,
SYN-03288,2026-06-30,2026-05-31,,,Москва,Удержание,Команда 10,1,Дневная,89.57,10.77,1,1,88.35,68.3,85.74,4.56,68.77,0,2.26,
SYN-03289,2026-06-30,2026-05-01,,,Казань,Удержание,Команда 11,2,Дневная,86.29,17.46,3,3,83.79,61.53,86.7,3.78,54.64,0,0.13,
SYN-03290,2026-06-30,2026-01-31,,,Казань,Поддержка,Команда 06,5,Ночная,78.62,22.4,2,0,94.22,88.91,77.28,4.47,72.68,0,4.31,
SYN-03291,2026-06-30,2022-02-21,,,Казань,Удержание,Команда 02,53,Дневная,85.64,15.61,0,0,90.26,88.13,88.27,4.52,53.45,0,8.68,
SYN-03292,2026-06-30,2023-02-16,,,Омск,Продажи,Команда 01,41,Дневная,89.55,8.64,1,3,91.77,84.49,81.01,3.88,74.29,0,0,
SYN-03293,2026-06-30,2023-04-17,,,Москва,Удержание,Команда 12,39,Дневная,95.82,1.04,0,0,88.37,100,77.35,4.53,72.23,0,5.04,
SYN-03294,2026-06-30,2021-10-24,,,Москва,Поддержка,Команда 05,57,Смешанная,98.33,0,2,3,88.73,100,83.51,3.62,68.13,0,10.28,
SYN-03295,2026-06-30,2024-07-10,,,Казань,Удержание,Команда 03,24,Дневная,87.77,16.44,2,0,97.62,74.61,83.77,4.67,73.02,0,0,
SYN-03296,2026-06-30,2025-01-06,,,Казань,Удержание,Команда 11,18,Смешанная,97.93,12.96,0,0,90.79,68.33,88.86,4.32,92.16,0,15.55,
SYN-03297,2026-06-30,2024-12-07,,,Москва,Поддержка,Команда 12,19,Ночная,73.21,14.49,1,0,100,73.4,96.95,4.71,33.2,0,8.08,
SYN-03298,2026-06-30,2023-11-13,,,Казань,Продажи,Команда 12,32,Дневная,105.18,13.15,0,0,96.21,84.87,84.82,4.38,60.39,0,9.73,
SYN-03299,2026-06-30,2024-08-09,,,Казань,Продажи,Команда 01,23,Дневная,96.87,3.17,3,1,89.97,79.79,71.38,3.97,70.83,0,1.24,
SYN-03300,2026-06-30,2024-06-10,,,Омск,Удержание,Команда 03,25,Ночная,87.99,17.28,3,0,91.52,89.9,83.5,4.9,62.39,0,4.3,
SYN-03301,2026-06-30,2022-09-19,,,Казань,Поддержка,Команда 04,46,Ночная,72.32,12.64,2,0,88.44,86.26,82.43,3.75,77.18,0,9.32,
SYN-03302,2026-06-30,2025-01-06,,,Казань,Продажи,Команда 06,18,Дневная,96.72,9.98,2,3,90.42,73.43,85.86,3.72,67.43,0,10.27,
SYN-03303,2026-06-30,2022-07-21,,,Москва,Продажи,Команда 01,48,Дневная,79.07,6.55,0,0,96.85,86.26,82.68,3.9,85.06,0,10.91,
SYN-03304,2026-06-30,2025-08-04,,,Омск,Продажи,Команда 03,11,Ночная,93.89,12.38,1,0,86.68,69.58,83.18,5,71.11,1,7.39,
SYN-03305,2026-06-30,2022-09-19,,,Омск,Удержание,Команда 10,46,Дневная,77.19,13.82,9,2,76.62,82.58,80.53,4.51,65.68,0,10.74,
SYN-03306,2026-06-30,2025-11-02,,,Казань,Продажи,Команда 10,8,Ночная,79.02,12.37,0,3,92.96,70.51,98.36,4.35,88.17,0,7.18,
SYN-03307,2026-06-30,2023-04-17,,,Москва,Поддержка,Команда 06,39,Дневная,88.87,7.21,5,2,84.08,65.09,74.65,4.22,74.58,0,10.03,
SYN-03308,2026-06-30,2022-01-22,,,Омск,Удержание,Команда 11,54,Смешанная,89.13,7.49,0,1,93.0,74.38,77.53,4.29,69.97,0,11.86,
SYN-03309,2026-06-30,2021-08-25,,,Казань,Продажи,Команда 09,59,Дневная,97.49,0.32,1,1,89.5,82.97,88.32,4.19,78.76,0,2.01,
SYN-03310,2026-06-30,2023-08-15,,,Москва,Продажи,Команда 05,35,Смешанная,100.68,8.08,2,0,86.14,68.87,80.73,4.29,71.45,0,6.39,
SYN-03311,2026-06-30,2026-04-01,,,Казань,Удержание,Команда 10,3,Дневная,102.93,14.08,1,1,88.3,76.73,88.75,4.87,59.39,0,4.63,
SYN-03312,2026-06-30,2021-10-24,,,Москва,Поддержка,Команда 12,57,Смешанная,74.05,2.4,0,0,91.7,74.56,89.02,3.88,95.21,0,16.44,
SYN-03313,2026-06-30,2021-07-26,,,Омск,Удержание,Команда 02,60,Смешанная,93.23,2.05,0,0,96.34,83.61,87.13,4.39,64.82,0,7.12,
SYN-03314,2026-06-30,2025-09-03,,,Омск,Поддержка,Команда 04,10,Дневная,82.26,0.15,0,5,91.37,71.09,70.48,4.51,73.49,0,11.86,
SYN-03315,2026-06-30,2024-06-10,,,Омск,Поддержка,Команда 06,25,Смешанная,90.66,9.42,1,4,88.89,70.17,86.54,4.34,88.18,0,5.73,
SYN-03316,2026-06-30,2026-01-31,,,Омск,Поддержка,Команда 08,5,Дневная,100.89,11.01,6,3,84.56,78.84,87.77,4.61,70.79,0,0,
SYN-03317,2026-06-30,2024-04-11,,,Казань,Удержание,Команда 07,27,Смешанная,102.4,15.22,0,0,94.1,84.77,88.81,4.57,44.76,0,11.33,
SYN-03318,2026-06-30,2022-05-22,,,Омск,Продажи,Команда 07,50,Смешанная,93.85,5.76,1,0,95.35,95.63,86.06,4.06,81.34,0,2.98,
SYN-03319,2026-06-30,2023-01-17,,,Москва,Удержание,Команда 11,42,Смешанная,120.58,17.77,3,0,91.03,76.54,90.93,4.05,59.53,1,0,
SYN-03320,2026-06-30,2025-09-03,,,Казань,Продажи,Команда 06,10,Дневная,86.83,8.52,4,0,84.03,88.02,86.17,3.97,76.75,1,8.38,
SYN-03321,2026-06-30,2024-01-12,,,Омск,Продажи,Команда 07,30,Ночная,94.42,25.82,6,2,88.46,73.0,73.32,4.09,76.21,0,10.01,
SYN-03322,2026-06-30,2023-10-14,,,Москва,Удержание,Команда 04,33,Дневная,90.63,6.8,0,3,88.96,87.51,93.96,4.32,64.93,0,6.6,
SYN-03323,2026-06-30,2024-01-12,,,Казань,Поддержка,Команда 10,30,Смешанная,80.95,8.41,9,4,85.85,87.86,83.33,4.26,56.77,0,3.65,
SYN-03324,2026-06-30,2024-04-11,,,Москва,Поддержка,Команда 08,27,Дневная,89.39,9.91,1,0,92.91,82.45,75.46,3.62,55.01,1,10.86,
SYN-03325,2026-06-30,2022-03-23,,,Москва,Продажи,Команда 03,52,Дневная,112.62,15.93,0,3,88.88,75.71,78.72,4.05,67.71,0,9.14,
SYN-03326,2026-06-30,2026-05-01,,,Омск,Поддержка,Команда 07,2,Дневная,70.01,17.31,2,0,96.25,74.52,85.22,4.1,64.87,0,12.3,
SYN-03327,2026-06-30,2023-02-16,,,Москва,Продажи,Команда 02,41,Дневная,88.51,3.64,0,1,95.84,80.77,87.55,4.54,73.37,1,0,
SYN-03328,2026-06-30,2023-07-16,,,Казань,Удержание,Команда 10,36,Смешанная,80.44,0,6,2,88.73,73.27,79.05,4.16,83.3,0,4.24,
SYN-03329,2026-06-30,2026-01-01,,,Казань,Продажи,Команда 08,6,Дневная,83.26,16.68,3,6,93.31,82.98,93.63,4.44,69.64,0,9.59,
SYN-03330,2026-06-30,2026-05-31,,,Москва,Продажи,Команда 07,1,Дневная,84.47,26.1,4,0,83.87,84.16,93.0,4.41,47.55,0,9.94,
SYN-03331,2026-06-30,2022-09-19,,,Казань,Удержание,Команда 05,46,Ночная,93.18,8.8,4,1,83.75,71.49,82.87,4.23,72.07,0,5.92,
SYN-03332,2026-06-30,2022-01-22,,,Казань,Поддержка,Команда 03,54,Дневная,63.94,11.62,2,3,91.13,80.72,87.55,3.48,54.98,0,3.65,
SYN-03333,2026-06-30,2024-03-12,,,Казань,Продажи,Команда 02,28,Дневная,116.05,25.93,1,3,91.25,86.62,90.52,4.26,75.07,0,0,
SYN-03334,2026-06-30,2022-05-22,,,Омск,Продажи,Команда 06,50,Дневная,83.01,8.55,0,0,92.67,77.91,89.92,4.35,71.91,0,9.5,
SYN-03335,2026-06-30,2021-07-26,,,Казань,Удержание,Команда 05,60,Смешанная,96.3,0,2,2,90.58,90.89,86.28,4.49,86.97,0,9.16,
SYN-03336,2026-06-30,2023-06-16,,,Омск,Поддержка,Команда 11,37,Смешанная,66.64,6.62,0,0,93.85,68.57,87.29,4.31,84.14,0,14.55,
SYN-03337,2026-06-30,2023-09-14,,,Казань,Поддержка,Команда 03,34,Смешанная,93.59,6.6,3,3,89.92,80.64,82.21,3.72,67.69,0,0,
SYN-03338,2026-06-30,2026-05-31,,,Омск,Удержание,Команда 09,1,Дневная,64.41,9.14,5,0,91.93,82.81,88.11,4.55,57.51,0,0,
SYN-03339,2026-06-30,2025-06-05,,,Москва,Поддержка,Команда 12,13,Дневная,90.13,14.49,3,0,94.14,78.77,80.2,4.21,67.79,0,14.08,
SYN-03340,2026-06-30,2021-09-24,,,Казань,Продажи,Команда 08,58,Смешанная,93.91,19.8,1,3,91.17,72.23,94.73,4.88,72.3,0,2.6,
SYN-03341,2026-06-30,2022-03-23,,,Москва,Продажи,Команда 11,52,Дневная,86.19,13.74,6,0,92.71,67.47,72.98,4.34,63.15,0,1.97,
SYN-03342,2026-06-30,2021-08-25,,,Казань,Удержание,Команда 05,59,Дневная,68.92,19.81,14,0,71.75,82.68,83.95,4.57,54.01,0,15.38,
SYN-03343,2026-06-30,2026-05-01,,,Омск,Поддержка,Команда 04,2,Дневная,94.41,19.04,0,0,91.53,78.01,89.57,4.65,54.23,0,8.02,
SYN-03344,2026-06-30,2022-04-22,,,Москва,Удержание,Команда 06,51,Дневная,80.81,17.04,0,1,89.15,83.9,73.31,3.74,52.63,0,3.38,
SYN-03345,2026-06-30,2021-07-26,,,Казань,Удержание,Команда 07,60,Дневная,66.19,18.06,1,1,88.0,75.19,73.15,4.15,46.07,0,6.85,
SYN-03346,2026-06-30,2026-05-01,,,Омск,Поддержка,Команда 09,2,Дневная,73.14,20.43,1,0,87.82,94.33,86.6,4.19,88.27,0,11.64,
SYN-03347,2026-06-30,2022-11-18,,,Казань,Продажи,Команда 12,44,Дневная,110.73,8.97,2,1,93.61,93.22,94.96,4.23,77.19,0,11.89,
SYN-03348,2026-06-30,2022-05-22,,,Омск,Продажи,Команда 07,50,Ночная,89.17,16.68,3,3,98.54,70.88,75.35,4.12,60.49,1,1.83,
SYN-03349,2026-06-30,2026-03-02,,,Казань,Поддержка,Команда 06,4,Дневная,52.04,10.89,1,1,90.55,72.53,80.43,4.05,75.33,0,7.54,
SYN-03350,2026-06-30,2025-01-06,,,Москва,Удержание,Команда 05,18,Ночная,76.36,4.47,1,0,96.86,76.89,88.85,4.9,67.63,0,0,
SYN-03351,2026-06-30,2024-11-07,,,Омск,Удержание,Команда 01,20,Ночная,76.11,0,0,0,92.75,98.46,73.21,4.0,86.68,0,0,
SYN-03352,2026-06-30,2022-02-21,,,Казань,Продажи,Команда 01,53,Дневная,104.49,19.74,2,0,92.07,81.38,93.5,4.31,82.44,0,12.35,
SYN-03353,2026-06-30,2024-12-07,,,Омск,Поддержка,Команда 11,19,Дневная,101.13,11.36,3,0,88.25,68.16,78.3,4.07,77.59,0,0.13,
SYN-03354,2026-06-30,2021-11-23,,,Казань,Поддержка,Команда 08,56,Смешанная,99.68,15.23,0,0,95.97,82.76,75.97,3.8,44.82,0,4.34,
SYN-03355,2026-06-30,2025-05-06,,,Омск,Продажи,Команда 04,14,Дневная,103.92,13.42,0,2,93.28,62.88,79.54,4.13,86.26,0,4.63,
SYN-03356,2026-06-30,2022-11-18,,,Москва,Продажи,Команда 03,44,Дневная,109.51,7.62,2,1,86.89,71.78,84.32,4.38,57.73,0,4.45,
SYN-03357,2026-06-30,2022-05-22,,,Омск,Продажи,Команда 11,50,Дневная,93.16,0.65,3,0,97.4,94.16,88.74,4.41,68.79,0,7.41,
SYN-03358,2026-06-30,2021-11-23,,,Казань,Поддержка,Команда 06,56,Дневная,72.59,14.36,0,2,89.87,85.23,90.56,4.35,63.59,0,17.38,
SYN-03359,2026-06-30,2025-05-06,,,Москва,Продажи,Команда 01,14,Ночная,106.18,1.36,2,8,86.19,84.15,87.77,4.54,64.05,1,9.57,
SYN-03360,2026-06-30,2024-09-08,,,Москва,Поддержка,Команда 05,22,Дневная,73.57,6.53,0,0,95.57,67.91,74.58,4.27,58.65,0,0,
SYN-03361,2026-06-30,2023-09-14,,,Москва,Продажи,Команда 08,34,Дневная,81.46,12.74,8,1,86.67,80.32,83.96,4.21,66.13,0,8.18,
SYN-03362,2026-06-30,2022-11-18,,,Омск,Поддержка,Команда 07,44,Смешанная,113.32,13.68,1,0,89.51,77.36,88.73,4.08,77.05,0,3.72,
SYN-03363,2026-06-30,2022-09-19,,,Москва,Удержание,Команда 01,46,Дневная,81.84,34.88,2,0,85.87,92.12,73.34,3.29,45.25,1,12.18,
SYN-03364,2026-06-30,2024-05-11,,,Омск,Продажи,Команда 03,26,Дневная,103.69,12.0,0,0,98.4,74.61,80.93,4.77,75.83,1,9.7,
SYN-03365,2026-06-30,2021-11-23,,,Казань,Продажи,Команда 01,56,Дневная,105.21,0,0,1,93.35,78.86,87.69,4.2,63.17,1,6.72,
SYN-03366,2026-06-30,2022-06-21,,,Омск,Удержание,Команда 02,49,Дневная,55.43,18.28,0,1,95.69,89.58,87.87,4.6,72.03,0,5.99,
SYN-03367,2026-06-30,2024-10-08,,,Омск,Поддержка,Команда 10,21,Дневная,70.05,11.19,7,4,75.83,89.76,66.93,4.38,58.97,0,12.22,
SYN-03368,2026-06-30,2025-02-05,,,Омск,Продажи,Команда 10,17,Дневная,94.73,0,0,0,90.67,81.23,96.23,4.55,85.87,0,1.21,
SYN-03369,2026-06-30,2025-09-03,,,Москва,Продажи,Команда 12,10,Смешанная,118.59,10.8,1,1,89.66,66.26,77.44,4.55,86.02,0,4.81,
SYN-03370,2026-06-30,2021-11-23,,,Москва,Продажи,Команда 03,56,Ночная,66.65,12.5,4,0,88.75,83.54,83.54,4.91,88.89,0,6.35,
SYN-03371,2026-06-30,2023-11-13,,,Казань,Удержание,Команда 06,32,Дневная,101.92,14.16,0,0,94.87,77.65,93.79,4.09,66.77,1,0,
SYN-03372,2026-06-30,2022-03-23,,,Омск,Удержание,Команда 12,52,Дневная,64.77,0.74,3,2,86.66,64.02,99.39,4.05,57.41,0,6.79,
SYN-03373,2026-06-30,2024-04-11,,,Казань,Продажи,Команда 12,27,Дневная,106.4,17.83,3,0,93.2,61.39,92.49,4.02,100,0,5.53,
SYN-03374,2026-06-30,2023-10-14,,,Омск,Удержание,Команда 06,33,Дневная,96.24,15.81,4,1,90.24,90.3,97.47,4.48,36.45,1,5.24,
SYN-03375,2026-06-30,2022-06-21,,,Омск,Удержание,Команда 10,49,Дневная,92.52,7.27,0,1,91.99,81.57,91.58,4.69,74.85,0,26.0,
SYN-03376,2026-06-30,2023-12-13,,,Омск,Удержание,Команда 08,31,Ночная,67.32,11.4,0,2,94.4,73.19,80.46,4.59,73.94,0,7.89,
SYN-03377,2026-06-30,2023-08-15,,,Казань,Удержание,Команда 09,35,Смешанная,93.49,12.23,8,2,75.95,95.94,95.36,4.23,61.49,0,10.29,
SYN-03378,2026-06-30,2025-06-05,,,Москва,Поддержка,Команда 06,13,Дневная,103.38,9.55,0,3,88.06,78.86,97.34,3.84,65.88,0,0.93,
SYN-03379,2026-06-30,2025-09-03,,,Казань,Поддержка,Команда 10,10,Дневная,102.91,12.46,0,0,95.15,78.56,95.38,4.17,60.91,0,1.93,
SYN-03380,2026-06-30,2024-11-07,,,Казань,Поддержка,Команда 04,20,Ночная,68.17,0,8,0,75.58,84.12,80.54,4.16,89.08,0,4.21,
SYN-03381,2026-06-30,2022-07-21,,,Казань,Поддержка,Команда 12,48,Дневная,89.4,7.66,4,0,86.67,91.57,76.42,4.72,100,0,5.41,
SYN-03382,2026-06-30,2021-08-25,,,Москва,Продажи,Команда 01,59,Ночная,83.05,0,0,0,93.34,76.3,83.51,4.07,74.1,0,6.8,
SYN-03383,2026-06-30,2025-08-04,,,Москва,Продажи,Команда 03,11,Смешанная,84.79,14.99,0,1,95.53,75.79,88.5,4.39,60.19,0,0,
SYN-03384,2026-06-30,2024-06-10,,,Москва,Удержание,Команда 12,25,Смешанная,105.48,24.79,2,0,89.02,80.06,86.27,4.73,61.14,0,11.31,
SYN-03385,2026-06-30,2023-03-18,,,Омск,Поддержка,Команда 09,40,Смешанная,55.12,25.56,6,3,86.16,78.01,83.88,3.98,56.48,0,11.94,
SYN-03386,2026-06-30,2022-04-22,,,Казань,Удержание,Команда 03,51,Смешанная,88.93,12.52,0,1,95.43,93.68,86.22,4.66,59.06,0,13.38,
SYN-03387,2026-06-30,2025-12-02,,,Казань,Продажи,Команда 08,7,Ночная,94.62,5.14,1,1,90.59,91.68,89.26,4.94,98.59,0,10.05,
SYN-03388,2026-06-30,2024-08-09,,,Омск,Продажи,Команда 03,23,Дневная,77.43,13.02,0,1,95.29,100,84.17,4.49,73.26,0,5.94,
SYN-03389,2026-06-30,2023-06-16,,,Москва,Поддержка,Команда 02,37,Смешанная,90.06,16.99,5,1,85.15,89.59,90.06,4.31,60.23,0,0,
SYN-03390,2026-06-30,2022-05-22,,,Омск,Продажи,Команда 10,50,Ночная,94.45,12.97,1,3,97.1,73.08,85.21,4.63,70.34,0,0,
SYN-03391,2026-06-30,2021-11-23,,,Москва,Продажи,Команда 01,56,Дневная,85.59,5.78,3,0,96.72,89.23,94.45,4.35,66.85,0,4.19,
SYN-03392,2026-06-30,2024-11-07,,,Казань,Удержание,Команда 03,20,Дневная,69.6,18.55,3,4,89.79,76.1,68.08,4.11,70.05,0,5.9,
SYN-03393,2026-06-30,2023-08-15,,,Москва,Продажи,Команда 03,35,Дневная,116.01,19.45,7,3,82.75,80.72,82.27,4.16,74.73,0,6.41,
SYN-03394,2026-06-30,2021-10-24,,,Казань,Поддержка,Команда 03,57,Дневная,71.34,13.76,2,3,81.51,76.22,78.89,4.06,68.22,0,25.04,
SYN-03395,2026-06-30,2022-10-19,,,Москва,Поддержка,Команда 06,45,Дневная,88.73,20.48,1,3,83.93,84.79,84.43,4.38,56.92,0,2.24,
SYN-03396,2026-06-30,2022-06-21,,,Москва,Поддержка,Команда 12,49,Ночная,86.05,27.79,3,7,87.29,93.89,93.66,4.46,65.29,0,7.92,
SYN-03397,2026-06-30,2023-08-15,,,Омск,Поддержка,Команда 06,35,Дневная,104.15,0,4,0,89.74,67.39,86.62,4.78,73.77,0,12.32,
SYN-03398,2026-06-30,2022-03-23,,,Омск,Поддержка,Команда 11,52,Ночная,90.47,1.52,0,8,88.38,100,91.9,4.38,52.25,1,6.41,
SYN-03399,2026-06-30,2025-06-05,,,Омск,Продажи,Команда 08,13,Дневная,85.45,5.44,2,2,92.01,74.2,91.47,3.94,82.13,0,5.18,
SYN-03400,2026-06-30,2025-12-02,,,Москва,Поддержка,Команда 04,7,Дневная,102.9,19.79,1,0,96.36,74.59,87.28,3.97,67.27,0,4.88,
SYN-03401,2026-06-30,2023-08-15,,,Омск,Удержание,Команда 11,35,Ночная,99.22,7.18,1,0,99.4,83.2,87.31,4.45,58.58,0,9.43,
SYN-03402,2026-06-30,2021-07-26,,,Москва,Удержание,Команда 12,60,Смешанная,90.05,13.02,0,1,91.85,83.51,87.86,4.15,73.59,0,4.91,
SYN-03403,2026-06-30,2025-09-03,,,Москва,Удержание,Команда 01,10,Ночная,92.86,12.5,0,0,93.47,71.98,89.68,4.28,79.81,0,7.43,
SYN-03404,2026-06-30,2026-05-01,,,Казань,Продажи,Команда 07,2,Дневная,77.56,9.25,1,1,91.39,89.41,90.32,3.7,69.27,0,0,
SYN-03405,2026-06-30,2021-11-23,,,Казань,Удержание,Команда 12,56,Дневная,92.96,17.29,1,3,91.46,86.08,80.23,4.52,63.23,0,0,
SYN-03406,2026-06-30,2024-03-12,,,Омск,Поддержка,Команда 11,28,Дневная,83.89,19.65,0,0,95.31,91.39,88.52,4.7,80.74,0,9.0,
SYN-03407,2026-06-30,2023-10-14,,,Москва,Поддержка,Команда 05,33,Ночная,96.13,7.63,2,0,88.97,82.46,89.29,3.26,74.1,0,5.22,
SYN-03408,2026-06-30,2023-07-16,,,Казань,Удержание,Команда 10,36,Смешанная,96.7,13.25,1,2,98.78,71.86,73.2,3.85,65.06,0,8.82,
SYN-03409,2026-06-30,2025-03-07,,,Казань,Поддержка,Команда 02,16,Дневная,81.64,8.38,3,2,84.85,90.29,85.56,4.21,61.48,1,3.28,
SYN-03410,2026-06-30,2022-11-18,,,Москва,Удержание,Команда 10,44,Дневная,89.71,0,0,0,92.03,67.98,75.92,4.1,82.62,0,13.09,
SYN-03411,2026-06-30,2025-01-06,,,Москва,Поддержка,Команда 04,18,Смешанная,84.54,8.69,0,4,86.04,79.49,85.55,4.18,58.14,0,4.48,
SYN-03412,2026-06-30,2024-02-11,,,Москва,Поддержка,Команда 07,29,Смешанная,104.77,7.25,8,2,74.45,85.58,77.0,4.24,70.34,0,15.28,
SYN-03413,2026-06-30,2022-09-19,,,Казань,Продажи,Команда 02,46,Ночная,64.74,2.02,0,2,91.59,77.9,78.9,4.79,93.76,0,3.91,
SYN-03414,2026-06-30,2021-12-23,,,Москва,Продажи,Команда 04,55,Смешанная,76.3,0,2,0,87.7,78.45,86.93,4.09,70.87,0,8.6,
SYN-03415,2026-06-30,2023-10-14,,,Москва,Удержание,Команда 02,33,Дневная,85.68,15.34,3,3,91.55,86.69,88.55,4.5,84.01,0,2.73,
SYN-03416,2026-06-30,2025-07-05,,,Омск,Поддержка,Команда 04,12,Дневная,87.02,8.67,8,0,77.44,74.36,71.39,4.24,63.05,0,6.19,
SYN-03417,2026-06-30,2025-01-06,,,Омск,Продажи,Команда 10,18,Дневная,88.12,6.78,1,1,99.52,83.57,84.52,4.31,66.58,0,9.23,
SYN-03418,2026-06-30,2024-08-09,,,Омск,Продажи,Команда 11,23,Смешанная,90.61,33.23,4,1,81.06,88.77,77.64,4.56,79.99,0,20.92,
SYN-03419,2026-06-30,2024-10-08,,,Омск,Продажи,Команда 12,21,Дневная,87.52,11.75,0,3,91.69,70.64,79.01,4.1,69.13,0,5.01,
SYN-03420,2026-06-30,2022-04-22,,,Москва,Удержание,Команда 04,51,Смешанная,79.04,26.22,0,0,91.62,69.22,84.84,4.25,41.32,0,0.8,
SYN-03421,2026-06-30,2023-02-16,,,Казань,Поддержка,Команда 03,41,Дневная,69.59,3.25,9,1,85.36,66.06,87.95,4.31,61.81,0,0.92,
SYN-03422,2026-06-30,2021-08-25,,,Москва,Поддержка,Команда 05,59,Дневная,92.37,4.09,2,3,89.76,88.14,85.44,4.42,63.39,1,8.45,
SYN-03423,2026-06-30,2025-01-06,,,Москва,Поддержка,Команда 02,18,Ночная,74.78,5.47,0,4,90.33,95.38,94.61,4.0,79.25,0,10.9,
SYN-03424,2026-06-30,2022-11-18,,,Москва,Удержание,Команда 08,44,Дневная,83.67,13.67,1,1,94.21,71.38,78.78,4.22,81.27,0,10.42,
SYN-03425,2026-06-30,2024-02-11,,,Москва,Продажи,Команда 06,29,Смешанная,78.85,6.14,8,1,87.09,79.54,77.31,4.34,77.45,0,4.15,
SYN-03426,2026-06-30,2026-01-01,,,Казань,Поддержка,Команда 06,6,Дневная,77.81,13.59,3,0,88.39,82.83,95.41,4.44,55.37,0,9.33,
SYN-03427,2026-06-30,2022-02-21,,,Москва,Удержание,Команда 07,53,Дневная,90.7,22.86,2,3,95.9,76.61,100,4.48,57.86,1,1.65,
SYN-03428,2026-06-30,2024-06-10,,,Омск,Продажи,Команда 06,25,Дневная,89.73,16.02,1,0,87.72,80.92,81.18,4.31,81.48,0,2.09,
SYN-03429,2026-06-30,2022-04-22,,,Москва,Поддержка,Команда 11,51,Дневная,68.14,5.49,0,1,89.96,74.6,90.25,3.75,94.36,0,8.39,
SYN-03430,2026-06-30,2021-10-24,,,Москва,Поддержка,Команда 03,57,Дневная,100.5,4.57,0,1,92.17,100,85.67,4.16,73.77,0,2.15,
SYN-03431,2026-06-30,2025-06-05,,,Омск,Удержание,Команда 06,13,Смешанная,85.08,17.52,14,5,74.76,80.17,86.35,4.6,65.11,0,13.18,
SYN-03432,2026-06-30,2024-11-07,,,Казань,Продажи,Команда 06,20,Дневная,104.23,27.59,0,0,91.63,81.57,87.26,4.03,45.28,0,0,
SYN-03433,2026-06-30,2023-04-17,,,Москва,Удержание,Команда 07,39,Смешанная,111.11,18.18,0,1,91.75,81.32,81.23,3.91,65.14,0,4.37,
SYN-03434,2026-06-30,2025-08-04,,,Москва,Продажи,Команда 07,11,Смешанная,93.77,9.89,1,1,93.55,74.57,77.61,4.64,54.69,0,10.07,
SYN-03435,2026-06-30,2023-12-13,,,Казань,Удержание,Команда 11,31,Смешанная,74.46,13.09,0,1,100,77.45,80.48,4.45,60.8,0,6.59,
SYN-03436,2026-06-30,2023-01-17,,,Омск,Поддержка,Команда 03,42,Ночная,89.01,10.0,3,1,88.19,85.47,85.8,4.88,71.03,0,5.03,
SYN-03437,2026-06-30,2023-09-14,,,Москва,Удержание,Команда 09,34,Дневная,59.9,13.5,0,0,92.65,85.11,82.18,4.78,52.71,1,0.31,
SYN-03438,2026-06-30,2022-08-20,,,Москва,Продажи,Команда 07,47,Дневная,85.48,3.94,1,2,84.3,100,90.43,4.2,74.97,0,11.85,
SYN-03439,2026-06-30,2023-03-18,,,Омск,Поддержка,Команда 09,40,Дневная,78.63,9.27,1,0,93.8,80.26,85.12,4.15,65.06,0,4.96,
SYN-03440,2026-06-30,2025-05-06,,,Москва,Удержание,Команда 02,14,Ночная,93.24,0.89,2,1,93.91,64.97,92.11,4.38,83.61,0,1.17,
SYN-03441,2026-06-30,2025-05-06,,,Казань,Поддержка,Команда 07,14,Смешанная,94.02,14.36,1,0,94.29,66.94,90.83,4.0,46.18,1,12.44,
SYN-03442,2026-06-30,2022-11-18,,,Москва,Удержание,Команда 06,44,Смешанная,73.92,11.54,1,0,95.67,87.76,92.48,5,57.66,0,9.23,
SYN-03443,2026-06-30,2024-09-08,,,Москва,Поддержка,Команда 07,22,Дневная,76.25,19.09,0,1,88.11,82.2,89.93,4.04,67.32,0,16.84,
SYN-03444,2026-06-30,2024-04-11,,,Омск,Удержание,Команда 03,27,Дневная,94.97,11.81,13,3,67.15,72.1,82.12,4.5,65.58,0,9.83,
SYN-03445,2026-06-30,2021-11-23,,,Казань,Продажи,Команда 05,56,Ночная,121.69,26.76,2,3,91.59,86.57,86.1,4.42,88.89,0,6.42,
SYN-03446,2026-06-30,2023-04-17,,,Москва,Удержание,Команда 06,39,Дневная,73.46,24.67,0,1,100,83.56,73.19,4.09,67.21,0,9.67,
SYN-03447,2026-06-30,2022-07-21,,,Казань,Удержание,Команда 03,48,Дневная,107.17,23.58,1,0,89.97,88.0,74.99,3.52,49.13,0,10.9,
SYN-03448,2026-06-30,2026-05-31,,,Москва,Удержание,Команда 07,1,Ночная,74.05,11.55,6,0,82.57,80.58,75.2,4.03,66.36,1,3.93,
SYN-03449,2026-06-30,2024-05-11,,,Омск,Удержание,Команда 01,26,Дневная,95.45,2.51,2,1,91.37,80.9,73.39,4.4,98.53,0,0,
SYN-03450,2026-06-30,2021-11-23,,,Казань,Поддержка,Команда 05,56,Смешанная,61.59,0,0,0,98.19,83.97,82.91,3.74,70.45,1,6.54,
SYN-03451,2026-06-30,2025-09-03,,,Омск,Продажи,Команда 12,10,Дневная,77.87,25.33,0,0,94.88,84.94,84.61,4.03,71.84,0,11.89,
SYN-03452,2026-06-30,2026-05-31,,,Омск,Продажи,Команда 02,1,Дневная,78.17,14.6,3,0,91.05,77.72,86.67,4.91,72.8,0,4.43,
SYN-03453,2026-06-30,2026-05-31,,,Омск,Продажи,Команда 09,1,Дневная,78.61,1.83,2,4,88.95,91.77,82.91,4.46,78.07,0,8.1,
SYN-03454,2026-06-30,2025-02-05,,,Омск,Поддержка,Команда 07,17,Дневная,83.02,14.59,1,0,100,76.54,87.95,4.45,68.41,1,11.41,
SYN-03455,2026-06-30,2022-02-21,,,Москва,Удержание,Команда 11,53,Ночная,103.29,9.72,2,1,93.17,85.04,79.74,5,63.47,0,7.19,
SYN-03456,2026-06-30,2021-10-24,,,Казань,Удержание,Команда 12,57,Смешанная,105.09,22.17,0,0,90.88,89.29,71.96,4.25,58.12,1,5.95,
SYN-03457,2026-06-30,2024-07-10,,,Казань,Продажи,Команда 12,24,Дневная,103.29,17.06,2,0,93.65,84.39,88.19,4.38,86.65,0,9.15,
SYN-03458,2026-06-30,2021-08-25,,,Омск,Продажи,Команда 01,59,Смешанная,107.87,22.59,1,2,95.97,57.52,90.02,4.57,67.59,0,2.98,
SYN-03459,2026-06-30,2025-12-02,,,Москва,Поддержка,Команда 01,7,Дневная,73.69,21.94,7,0,84.59,84.02,83.45,4.51,65.54,0,5.94,
SYN-03460,2026-06-30,2025-02-05,,,Казань,Удержание,Команда 07,17,Смешанная,76.43,0,1,2,82.67,87.38,96.91,4.81,61.41,0,3.65,
SYN-03461,2026-06-30,2024-06-10,,,Москва,Поддержка,Команда 05,25,Смешанная,101.4,3.4,2,1,94.69,70.37,64.76,4.11,62.47,0,11.61,
SYN-03462,2026-06-30,2025-10-03,,,Омск,Удержание,Команда 07,9,Ночная,117.26,10.96,1,2,85.77,78.02,87.83,3.99,73.47,0,15.69,
SYN-03463,2026-06-30,2024-12-07,,,Москва,Продажи,Команда 10,19,Смешанная,122.82,4.08,1,1,88.07,85.3,90.86,4.54,70.18,1,0.22,
SYN-03464,2026-06-30,2023-08-15,,,Омск,Поддержка,Команда 12,35,Дневная,87.38,14.43,5,0,90.64,87.93,93.03,4.28,64.0,0,4.18,
SYN-03465,2026-06-30,2025-03-07,,,Казань,Продажи,Команда 11,16,Дневная,92.16,7.75,1,0,94.89,82.77,75.98,4.38,41.09,1,0,
SYN-03466,2026-06-30,2025-10-03,,,Москва,Удержание,Команда 02,9,Дневная,93.78,10.96,6,2,90.31,70.73,87.43,3.93,66.48,0,7.33,
SYN-03467,2026-06-30,2023-03-18,,,Москва,Поддержка,Команда 12,40,Дневная,79.84,10.61,1,0,90.98,73.48,69.7,4.05,64.67,0,3.73,
SYN-03468,2026-06-30,2022-01-22,,,Казань,Удержание,Команда 03,54,Дневная,101.02,16.8,2,0,98.59,94.27,83.4,3.92,86.7,1,10.08,
SYN-03469,2026-06-30,2024-11-07,,,Москва,Поддержка,Команда 04,20,Дневная,91.23,9.25,3,1,86.0,70.67,93.0,4.04,71.74,0,5.31,
SYN-03470,2026-06-30,2024-01-12,,,Казань,Продажи,Команда 09,30,Смешанная,101.1,1.86,2,0,90.05,78.98,71.88,4.29,49.96,0,9.51,
SYN-03471,2026-06-30,2025-01-06,,,Москва,Поддержка,Команда 05,18,Смешанная,82.25,25.46,0,1,92.97,76.74,86.3,4.46,64.88,0,14.47,
SYN-03472,2026-06-30,2021-10-24,,,Москва,Поддержка,Команда 10,57,Дневная,99.49,0,0,1,94.07,85.93,80.8,5,88.5,0,4.02,
SYN-03473,2026-06-30,2022-12-18,,,Омск,Поддержка,Команда 06,43,Смешанная,84.77,23.48,2,1,86.19,76.21,86.15,3.85,41.74,0,9.22,
SYN-03474,2026-06-30,2022-03-23,,,Казань,Удержание,Команда 10,52,Дневная,93.52,14.31,1,2,89.53,73.64,81.94,4.46,64.05,0,3.95,
SYN-03475,2026-06-30,2026-05-01,,,Москва,Поддержка,Команда 01,2,Смешанная,67.24,0.52,0,0,100,87.82,80.66,4.44,78.66,0,9.79,
SYN-03476,2026-06-30,2025-01-06,,,Казань,Поддержка,Команда 03,18,Ночная,99.42,22.07,0,2,88.05,80.2,90.41,3.91,53.27,0,5.78,
SYN-03477,2026-06-30,2024-06-10,,,Омск,Продажи,Команда 09,25,Дневная,67.73,20.41,2,1,87.77,80.9,97.67,3.85,65.65,0,9.89,
SYN-03478,2026-06-30,2021-09-24,,,Москва,Удержание,Команда 10,58,Ночная,113.63,26.27,0,0,92.23,68.2,91.08,4.43,70.41,1,9.13,
SYN-03479,2026-06-30,2021-12-23,,,Омск,Удержание,Команда 07,55,Дневная,102.61,12.53,1,1,90.71,66.87,95.33,5,100,0,17.69,
SYN-03480,2026-06-30,2026-01-01,,,Омск,Поддержка,Команда 06,6,Дневная,103.15,21.6,2,0,87.53,68.91,85.28,4.88,77.54,0,5.52,
SYN-03481,2026-06-30,2025-11-02,,,Омск,Продажи,Команда 11,8,Дневная,86.46,7.68,0,0,96.91,84.18,93.36,4.3,85.56,0,9.93,
SYN-03482,2026-06-30,2022-07-21,,,Москва,Продажи,Команда 10,48,Дневная,79.5,14.27,0,1,98.27,82.97,86.09,4.11,68.75,0,3.54,
SYN-03483,2026-06-30,2023-05-17,,,Москва,Поддержка,Команда 10,38,Смешанная,84.07,11.24,5,1,88.34,85.35,83.18,4.1,59.77,0,3.43,
SYN-03484,2026-06-30,2022-03-23,,,Омск,Удержание,Команда 05,52,Дневная,86.39,16.38,2,3,82.72,65.17,88.42,4.31,52.4,0,4.18,
SYN-03485,2026-06-30,2024-07-10,,,Казань,Удержание,Команда 11,24,Ночная,92.44,0.4,0,1,96.21,80.01,81.78,4.21,53.56,0,6.78,
SYN-03486,2026-06-30,2023-06-16,,,Казань,Продажи,Команда 01,37,Дневная,91.63,15.99,1,1,95.79,96.83,81.3,4.68,49.98,0,1.4,
SYN-03487,2026-06-30,2024-04-11,,,Москва,Поддержка,Команда 12,27,Дневная,80.47,9.88,1,1,88.76,74.87,75.94,4.04,57.21,0,5.12,
SYN-03488,2026-06-30,2024-04-11,,,Омск,Поддержка,Команда 11,27,Дневная,89.11,2.33,2,2,96.01,85.93,82.28,4.48,66.02,0,3.4,
SYN-03489,2026-06-30,2023-01-17,,,Омск,Поддержка,Команда 12,42,Дневная,89.96,21.73,0,0,96.37,79.33,84.89,3.92,58.73,1,1.55,
SYN-03490,2026-06-30,2023-12-13,,,Казань,Продажи,Команда 11,31,Дневная,101.79,12.41,0,1,88.94,70.51,88.22,3.77,56.92,0,0,
SYN-03491,2026-06-30,2022-06-21,,,Казань,Поддержка,Команда 05,49,Смешанная,87.42,2.39,7,1,86.35,84.39,89.97,3.93,76.29,0,10.47,
SYN-03492,2026-06-30,2023-03-18,,,Москва,Удержание,Команда 11,40,Дневная,62.52,9.15,0,0,90.96,72.48,96.34,5,56.22,0,12.13,
SYN-03493,2026-06-30,2025-08-04,,,Казань,Продажи,Команда 09,11,Дневная,95.19,4.27,0,1,93.06,83.31,81.59,4.79,87.58,0,0,
SYN-03494,2026-06-30,2023-09-14,,,Казань,Продажи,Команда 06,34,Дневная,104.17,9.12,4,0,87.13,73.96,81.59,4.18,84.55,0,2.15,
SYN-03495,2026-06-30,2025-12-02,,,Омск,Поддержка,Команда 04,7,Дневная,77.62,3.01,0,0,93.14,73.61,97.59,4.63,79.3,0,8.59,
SYN-03496,2026-06-30,2021-07-26,,,Казань,Удержание,Команда 07,60,Ночная,104.29,21.15,0,6,88.81,88.59,83.03,4.28,71.91,0,0,
SYN-03497,2026-06-30,2024-08-09,,,Казань,Поддержка,Команда 12,23,Дневная,94.2,1.77,1,2,85.47,65.16,80.93,4.18,52.57,1,10.12,
SYN-03498,2026-06-30,2021-07-26,,,Москва,Продажи,Команда 09,60,Смешанная,99.36,0,0,0,92.7,84.67,95.72,4.49,97.36,0,13.14,
SYN-03499,2026-06-30,2024-03-12,,,Москва,Удержание,Команда 02,28,Ночная,71.99,18.17,5,3,86.95,73.78,77.78,4.46,55.34,1,12.19,
SYN-03500,2026-06-30,2025-08-04,,,Москва,Продажи,Команда 09,11,Дневная,78.14,6.19,2,1,85.41,86.65,87.12,4.68,60.87,0,6.23,
SYN-03501,2026-06-30,2022-01-22,,,Омск,Поддержка,Команда 11,54,Дневная,73.27,2.2,3,0,93.54,85.07,80.08,4.37,65.66,0,9.14,
SYN-03502,2026-06-30,2025-02-05,,,Омск,Продажи,Команда 03,17,Дневная,97.16,8.74,3,0,85.39,86.93,83.21,3.95,56.21,1,7.85,
SYN-03503,2026-06-30,2021-11-23,,,Москва,Удержание,Команда 08,56,Дневная,75.33,10.9,1,3,96.13,77.42,73.4,4.12,87.32,0,0,
SYN-03504,2026-06-30,2021-07-26,,,Омск,Удержание,Команда 10,60,Дневная,100.06,8.83,0,0,96.93,95.51,72.13,4.54,55.72,1,0,
SYN-03505,2026-06-30,2025-05-06,,,Москва,Продажи,Команда 11,14,Дневная,90.63,21.08,1,2,92.1,82.66,79.32,4.44,53.96,0,5.11,
SYN-03506,2026-06-30,2023-02-16,,,Омск,Поддержка,Команда 04,41,Дневная,82.5,12.8,2,0,91.36,58.76,84.37,4.38,85.36,0,11.46,
SYN-03507,2026-06-30,2022-01-22,,,Москва,Удержание,Команда 07,54,Дневная,75.51,5.78,0,1,93.61,68.87,88.92,4.47,78.38,0,4.52,
SYN-03508,2026-06-30,2025-06-05,,,Казань,Продажи,Команда 06,13,Ночная,98.69,31.77,0,1,93.54,81.18,81.8,4.01,50.25,0,8.93,
SYN-03509,2026-06-30,2023-02-16,,,Казань,Продажи,Команда 03,41,Ночная,95.32,4.2,0,3,90.94,77.38,85.14,4.94,65.94,0,0,
SYN-03510,2026-06-30,2025-10-03,,,Казань,Продажи,Команда 06,9,Дневная,108.12,22.02,4,1,85.0,83.51,77.9,4.98,64.06,0,6.18,
SYN-03511,2026-06-30,2025-08-04,,,Казань,Удержание,Команда 01,11,Дневная,76.85,10.17,1,2,94.13,88.3,80.68,4.09,87.72,0,3.92,
SYN-03512,2026-06-30,2025-07-05,,,Казань,Продажи,Команда 07,12,Дневная,102.24,19.83,0,0,96.44,100,89.56,3.77,40.54,0,3.31,
SYN-03513,2026-06-30,2021-11-23,,,Москва,Удержание,Команда 07,56,Дневная,100.99,13.5,0,0,94.25,79.55,91.43,4.86,71.73,0,0,
SYN-03514,2026-06-30,2025-09-03,,,Казань,Удержание,Команда 02,10,Дневная,63.92,10.73,0,0,91.95,89.15,89.42,4.28,72.34,0,6.27,
SYN-03515,2026-06-30,2024-03-12,,,Казань,Удержание,Команда 05,28,Дневная,69.57,8.35,2,2,92.87,78.58,92.3,4.35,100,0,8.34,
SYN-03516,2026-06-30,2022-07-21,,,Казань,Удержание,Команда 03,48,Смешанная,86.2,7.65,2,0,91.38,77.99,84.01,4.74,70.48,0,6.73,
SYN-03517,2026-06-30,2022-07-21,,,Москва,Удержание,Команда 05,48,Смешанная,83.25,19.59,0,3,89.41,84.3,88.99,4.38,70.69,0,10.47,
SYN-03518,2026-06-30,2022-06-21,,,Казань,Поддержка,Команда 06,49,Дневная,94.81,11.19,1,0,95.69,78.9,68.89,4.12,83.52,0,0.78,
SYN-03519,2026-06-30,2021-11-23,,,Москва,Продажи,Команда 01,56,Дневная,91.1,4.54,1,0,93.88,89.41,81.75,4.48,95.27,0,9.3,
SYN-03520,2026-06-30,2023-07-16,,,Казань,Поддержка,Команда 01,36,Дневная,85.19,20.5,6,0,85.56,93.98,85.15,4.47,89.9,0,11.6,
SYN-03521,2026-06-30,2023-09-14,,,Омск,Поддержка,Команда 03,34,Дневная,99.59,1.81,3,0,85.68,84.91,78.98,4.9,77.78,0,0,
SYN-03522,2026-06-30,2022-02-21,,,Омск,Удержание,Команда 03,53,Ночная,88.9,3.12,0,0,90.17,72.29,90.16,4.15,80.67,0,5.96,
SYN-03523,2026-06-30,2025-06-05,,,Омск,Удержание,Команда 02,13,Дневная,73.73,10.67,2,0,90.82,66.19,86.93,4.41,84.29,0,4.3,
SYN-03524,2026-06-30,2023-08-15,,,Казань,Поддержка,Команда 06,35,Дневная,62.69,18.92,3,0,88.88,84.16,83.42,4.27,55.82,0,12.05,
SYN-03525,2026-06-30,2024-07-10,,,Москва,Продажи,Команда 10,24,Смешанная,107.4,17.3,1,5,85.59,78.58,80.89,4.02,72.82,0,17.64,
SYN-03526,2026-06-30,2023-12-13,,,Казань,Поддержка,Команда 09,31,Дневная,116.1,15.59,1,2,90.73,75.46,84.71,3.83,83.3,0,9.77,
SYN-03527,2026-06-30,2024-04-11,,,Омск,Продажи,Команда 11,27,Смешанная,89.53,17.42,2,2,92.15,76.68,76.25,4.03,89.12,0,5.87,
SYN-03528,2026-06-30,2022-06-21,,,Москва,Продажи,Команда 03,49,Смешанная,92.08,3.59,1,5,90.88,86.72,79.94,4.71,54.55,0,12.2,
SYN-03529,2026-06-30,2024-03-12,,,Омск,Продажи,Команда 10,28,Смешанная,83.31,10.06,0,0,95.05,81.45,85.5,3.94,50.72,0,0,
SYN-03530,2026-06-30,2022-01-22,,,Казань,Удержание,Команда 04,54,Смешанная,68.15,9.42,3,0,88.91,72.68,79.02,4.36,69.0,0,3.19,
SYN-03531,2026-06-30,2022-04-22,,,Омск,Удержание,Команда 09,51,Дневная,97.7,30.71,0,3,92.45,68.65,88.84,4.16,76.46,0,4.77,
SYN-03532,2026-06-30,2022-11-18,,,Москва,Удержание,Команда 06,44,Смешанная,94.79,10.31,0,1,93.38,76.76,86.71,4.1,66.77,0,4.64,
SYN-03533,2026-06-30,2026-04-01,,,Казань,Поддержка,Команда 11,3,Ночная,82.83,8.44,5,0,93.04,85.16,100,4.4,58.71,0,16.0,
SYN-03534,2026-06-30,2022-01-22,,,Омск,Продажи,Команда 07,54,Ночная,95.87,2.57,1,0,82.15,87.81,93.49,4.25,75.7,0,9.59,
SYN-03535,2026-06-30,2022-09-19,,,Омск,Удержание,Команда 08,46,Ночная,68.69,8.63,10,0,79.88,93.96,84.82,4.45,72.41,0,6.44,
SYN-03536,2026-06-30,2021-07-26,,,Казань,Продажи,Команда 06,60,Дневная,92.67,3.7,0,0,95.52,98.86,82.57,4.56,55.51,0,6.49,
SYN-03537,2026-06-30,2026-05-31,,,Москва,Поддержка,Команда 10,1,Дневная,75.01,24.66,0,0,90.7,78.01,82.32,4.17,73.63,0,5.69,
SYN-03538,2026-06-30,2023-09-14,,,Москва,Продажи,Команда 02,34,Смешанная,96.62,16.85,2,2,90.93,86.47,88.19,4.34,54.42,0,10.17,
SYN-03539,2026-06-30,2024-06-10,,,Омск,Удержание,Команда 10,25,Смешанная,97.73,7.09,8,0,85.66,84.38,79.25,4.96,51.23,1,9.25,
SYN-03540,2026-06-30,2022-07-21,,,Казань,Удержание,Команда 10,48,Дневная,75.83,16.89,0,5,83.56,83.15,71.19,4.29,71.2,0,1.4,
SYN-03541,2026-06-30,2024-02-11,,,Казань,Удержание,Команда 04,29,Смешанная,84.15,18.82,1,1,88.01,77.17,99.46,4.05,71.53,0,4.08,
SYN-03542,2026-06-30,2024-07-10,,,Казань,Удержание,Команда 10,24,Ночная,100.08,7.53,0,3,89.15,90.86,88.09,4.2,74.47,0,10.41,
SYN-03543,2026-06-30,2026-05-01,,,Омск,Удержание,Команда 07,2,Ночная,101.27,14.12,0,2,86.27,63.4,84.06,4.01,73.07,0,14.21,
SYN-03544,2026-06-30,2023-01-17,,,Омск,Удержание,Команда 01,42,Ночная,75.99,13.26,7,4,80.21,84.5,88.48,4.49,71.74,0,6.59,
SYN-03545,2026-06-30,2021-10-24,,,Москва,Удержание,Команда 02,57,Дневная,81.68,14.59,5,4,87.89,80.2,79.81,4.62,68.16,0,0,
SYN-03546,2026-06-30,2022-05-22,,,Казань,Продажи,Команда 09,50,Смешанная,104.31,15.82,4,1,83.08,67.63,80.2,4.75,51.31,0,2.37,
SYN-03547,2026-06-30,2022-10-19,,,Казань,Удержание,Команда 08,45,Ночная,121.72,9.85,1,1,86.36,84.18,78.48,4.0,65.2,0,4.67,
SYN-03548,2026-06-30,2023-02-16,,,Казань,Продажи,Команда 12,41,Смешанная,77.66,8.76,1,3,88.14,89.44,83.09,3.98,46.15,0,8.2,
SYN-03549,2026-06-30,2021-12-23,,,Казань,Поддержка,Команда 11,55,Дневная,103.25,15.25,0,9,86.32,87.69,90.52,4.31,84.28,0,1.8,
SYN-03550,2026-06-30,2025-07-05,,,Москва,Поддержка,Команда 05,12,Смешанная,80.11,0,1,3,89.36,85.83,83.91,4.48,75.48,0,3.89,
SYN-03551,2026-06-30,2022-04-22,,,Омск,Поддержка,Команда 02,51,Дневная,96.33,11.42,2,1,89.99,76.57,94.83,4.46,60.47,0,0,
SYN-03552,2026-06-30,2025-10-03,,,Москва,Продажи,Команда 11,9,Ночная,105.04,2.71,2,0,93.48,76.36,80.77,4.38,60.42,0,13.61,
SYN-03553,2026-06-30,2023-01-17,,,Омск,Продажи,Команда 07,42,Смешанная,100.62,13.63,6,0,81.85,87.57,80.48,4.07,68.33,0,2.14,
SYN-03554,2026-06-30,2026-03-02,,,Казань,Продажи,Команда 07,4,Смешанная,76.24,10.89,0,1,91.52,68.3,85.96,4.34,81.13,0,5.92,
SYN-03555,2026-06-30,2021-11-23,,,Казань,Удержание,Команда 01,56,Ночная,63.94,9.43,0,0,92.32,82.79,73.66,4.22,79.62,0,1.44,
SYN-03556,2026-06-30,2026-03-02,,,Омск,Поддержка,Команда 04,4,Дневная,70.52,10.67,2,3,84.88,82.12,78.02,4.04,74.93,0,11.61,
SYN-03557,2026-06-30,2026-05-01,,,Казань,Продажи,Команда 11,2,Дневная,76.4,18.08,0,1,90.61,91.88,88.32,4.25,81.38,0,10.37,
SYN-03558,2026-06-30,2026-05-01,,,Москва,Удержание,Команда 07,2,Смешанная,94.5,11.16,0,2,96.72,78.25,76.12,3.81,56.7,0,14.42,
SYN-03559,2026-06-30,2026-04-01,,,Москва,Удержание,Команда 06,3,Ночная,78.61,21.69,4,5,88.25,90.84,76.12,4.44,73.73,0,7.14,
SYN-03560,2026-06-30,2022-02-21,,,Казань,Поддержка,Команда 12,53,Дневная,116.08,23.4,9,0,75.69,76.89,81.56,4.37,35.74,0,0,
SYN-03561,2026-06-30,2025-01-06,,,Омск,Продажи,Команда 09,18,Дневная,95.36,26.44,0,0,81.06,93.17,85.27,4.6,69.93,0,4.46,
SYN-03562,2026-06-30,2024-08-09,,,Казань,Удержание,Команда 11,23,Дневная,73.25,8.59,1,0,100,76.33,78.17,3.94,61.72,0,2.4,
SYN-03563,2026-06-30,2025-08-04,,,Казань,Поддержка,Команда 11,11,Дневная,95.27,12.95,1,2,82.92,80.2,85.66,3.96,69.09,0,10.59,
SYN-03564,2026-06-30,2023-09-14,,,Казань,Поддержка,Команда 07,34,Дневная,106.8,12.81,2,0,89.86,86.19,74.94,4.67,55.84,1,3.06,
SYN-03565,2026-06-30,2024-09-08,,,Казань,Продажи,Команда 02,22,Дневная,73.34,9.42,0,1,93.91,86.67,88.12,4.45,68.02,0,5.13,
SYN-03566,2026-06-30,2026-05-01,,,Омск,Поддержка,Команда 10,2,Смешанная,94.26,12.51,0,4,89.43,82.99,81.16,5,80.5,0,14.71,
SYN-03567,2026-06-30,2023-02-16,,,Казань,Поддержка,Команда 01,41,Дневная,85.0,16.17,5,0,85.91,76.19,81.66,3.84,82.41,0,8.31,
SYN-03568,2026-06-30,2023-11-13,,,Омск,Удержание,Команда 08,32,Смешанная,83.44,10.99,2,1,91.42,84.85,81.52,4.23,78.36,0,2.75,
SYN-03569,2026-06-30,2023-03-18,,,Москва,Продажи,Команда 12,40,Дневная,95.71,13.27,1,1,100,86.94,84.34,4.34,67.97,0,15.04,
SYN-03570,2026-06-30,2021-10-24,,,Москва,Продажи,Команда 03,57,Смешанная,107.63,14.84,1,8,81.06,80.08,77.96,4.79,61.51,0,5.35,
SYN-03571,2026-06-30,2022-11-18,,,Москва,Удержание,Команда 03,44,Дневная,68.49,20.38,6,5,77.74,81.85,76.55,4.16,77.47,0,18.46,
SYN-03572,2026-06-30,2024-01-12,,,Казань,Удержание,Команда 06,30,Дневная,74.11,20.71,2,0,90.27,70.23,86.13,4.52,70.53,0,12.28,
SYN-03573,2026-06-30,2022-04-22,,,Москва,Удержание,Команда 06,51,Смешанная,107.7,17.09,2,2,93.22,99.34,95.21,4.25,55.92,0,8.63,
SYN-03574,2026-06-30,2023-11-13,,,Омск,Удержание,Команда 12,32,Дневная,83.34,10.19,2,0,88.27,81.8,90.71,4.22,93.88,0,15.88,
SYN-03575,2026-06-30,2023-08-15,,,Москва,Продажи,Команда 05,35,Смешанная,88.06,6.54,1,0,89.8,76.12,90.72,4.16,67.36,0,0.42,
SYN-03576,2026-06-30,2023-02-16,,,Казань,Поддержка,Команда 02,41,Дневная,92.18,4.79,10,5,74.76,82.04,69.74,4.24,88.86,0,5.53,
SYN-03577,2026-06-30,2022-08-20,,,Москва,Продажи,Команда 07,47,Дневная,87.44,6.14,0,0,95.01,81.93,92.08,5,70.46,0,1.27,
SYN-03578,2026-06-30,2025-06-05,,,Казань,Удержание,Команда 05,13,Дневная,103.16,1.13,7,1,76.99,90.57,86.02,4.53,57.05,0,9.32,
SYN-03579,2026-06-30,2025-06-05,,,Москва,Продажи,Команда 05,13,Дневная,93.15,9.25,0,2,98.25,89.73,85.69,4.43,83.97,0,8.14,
SYN-03580,2026-06-30,2023-11-13,,,Казань,Продажи,Команда 11,32,Дневная,86.66,14.46,1,3,92.29,87.55,83.47,3.98,70.59,0,11.37,
SYN-03581,2026-06-30,2022-09-19,,,Казань,Удержание,Команда 02,46,Смешанная,93.07,14.45,3,1,86.86,66.13,80.55,3.8,67.88,0,4.09,
SYN-03582,2026-06-30,2026-01-31,,,Москва,Поддержка,Команда 10,5,Смешанная,78.52,4.34,6,0,81.22,93.16,87.24,4.77,93.33,0,2.46,
SYN-03583,2026-06-30,2024-09-08,,,Москва,Поддержка,Команда 03,22,Дневная,101.54,0,3,2,94.21,84.7,89.13,4.14,58.08,0,8.64,
SYN-03584,2026-06-30,2023-06-16,,,Омск,Удержание,Команда 02,37,Ночная,81.52,11.33,1,0,90.31,69.23,91.31,4.39,58.01,0,3.09,
SYN-03585,2026-06-30,2023-10-14,,,Омск,Продажи,Команда 12,33,Смешанная,109.12,11.88,1,0,92.51,69.63,74.02,4.77,65.99,0,3.13,
SYN-03586,2026-06-30,2023-07-16,,,Москва,Продажи,Команда 08,36,Ночная,96.63,0,0,0,93.56,84.4,82.05,4.3,71.47,0,4.61,
SYN-03587,2026-06-30,2023-01-17,,,Москва,Удержание,Команда 02,42,Дневная,97.33,1.93,3,2,82.26,65.84,78.0,3.98,99.4,0,4.3,
SYN-03588,2026-06-30,2023-07-16,,,Казань,Поддержка,Команда 08,36,Ночная,91.16,0,6,1,85.75,83.41,100,4.69,98.69,0,2.64,
SYN-03589,2026-06-30,2021-08-25,,,Москва,Продажи,Команда 11,59,Дневная,96.1,0,2,1,92.58,82.2,92.68,3.9,78.26,0,3.34,
SYN-03590,2026-06-30,2022-10-19,,,Омск,Поддержка,Команда 06,45,Смешанная,68.45,6.28,5,1,84.58,88.04,77.83,4.15,85.06,0,7.81,
SYN-03591,2026-06-30,2026-01-31,,,Москва,Поддержка,Команда 03,5,Дневная,87.05,15.65,3,3,88.36,98.97,90.61,4.8,90.46,0,4.77,
SYN-03592,2026-06-30,2023-09-14,,,Москва,Удержание,Команда 10,34,Дневная,91.55,16.65,3,3,88.19,86.5,88.54,4.78,59.95,0,8.97,
SYN-03593,2026-06-30,2024-02-11,,,Москва,Поддержка,Команда 11,29,Ночная,71.22,0,10,1,85.52,66.49,83.49,3.86,68.01,0,8.42,
SYN-03594,2026-06-30,2025-11-02,,,Омск,Удержание,Команда 01,8,Смешанная,94.23,7.6,4,0,87.57,82.87,91.19,4.36,70.71,0,11.04,
SYN-03595,2026-06-30,2024-11-07,,,Казань,Поддержка,Команда 03,20,Дневная,88.41,4.97,2,3,85.27,76.55,80.2,4.36,61.59,0,3.06,
SYN-03596,2026-06-30,2024-05-11,,,Казань,Продажи,Команда 07,26,Ночная,84.29,6.66,0,1,84.45,87.14,87.74,4.76,64.52,0,15.28,
SYN-03597,2026-06-30,2022-07-21,,,Омск,Поддержка,Команда 11,48,Дневная,69.66,20.71,2,0,90.94,77.74,89.27,4.76,47.67,0,4.89,
SYN-03598,2026-06-30,2025-02-05,,,Москва,Продажи,Команда 09,17,Смешанная,104.65,7.66,0,1,89.83,74.68,90.87,4.11,66.87,0,6.25,
SYN-03599,2026-06-30,2022-09-19,,,Москва,Продажи,Команда 05,46,Ночная,87.7,0,9,0,76.4,80.59,80.07,4.12,70.26,0,0.98,
SYN-03600,2026-06-30,2026-01-31,,,Омск,Продажи,Команда 09,5,Смешанная,90.62,0.68,14,1,81.43,83.24,79.27,4.56,53.95,0,3.06,
