transaction_id,transaction_date,transaction_month,transaction_hour,customer_id,customer_segment,customer_city,operation_type,channel,merchant_category,merchant_name,promo_name,amount,fee_amount,cashback_amount,bank_income,status,is_suspicious
TX-500001,2026-01-01,2026-01,11,CUST-00678,new,Moscow,card_purchase,card_pos,fuel,RoadOil,no_promo,4688.83,0.0,0.0,37.51,completed,no
TX-500002,2026-01-01,2026-01,20,CUST-00409,mass,Saint Petersburg,transfer,mobile_app,p2p,P2P Transfer,no_promo,4975.09,29.85,0.0,29.85,completed,no
TX-500003,2026-01-01,2026-01,10,CUST-00704,new,Saint Petersburg,card_purchase,card_pos,fuel,FastFuel,no_promo,2125.79,0.0,0.0,17.01,completed,no
TX-500004,2026-01-01,2026-01,0,CUST-00477,mass,Saint Petersburg,card_purchase,online,electronics,ElectroMall,no_promo,26114.54,0.0,0.0,417.83,completed,no
TX-500005,2026-01-01,2026-01,18,CUST-00195,premium,Saint Petersburg,card_purchase,card_pos,groceries,DailyFood,no_promo,1779.01,0.0,26.69,-12.45,completed,no
TX-500006,2026-01-01,2026-01,2,CUST-00080,mass,Kazan,card_purchase,online,groceries,CityGrocery,no_promo,1127.19,0.0,0.0,9.02,completed,no
TX-500007,2026-01-01,2026-01,2,CUST-00277,mass,Kazan,card_purchase,online,cafe,UrbanCafe,no_promo,951.71,0.0,0.0,11.42,completed,no
TX-500008,2026-01-01,2026-01,20,CUST-00568,mass,Yekaterinburg,card_purchase,card_pos,fuel,FastFuel,no_promo,4499.49,0.0,0.0,36.0,completed,no
TX-500009,2026-01-02,2026-01,18,CUST-00267,mass,Moscow,transfer,mobile_app,p2p,P2P Transfer,no_promo,38512.32,231.07,0.0,231.07,completed,no
TX-500010,2026-01-02,2026-01,23,CUST-00246,mass,Yekaterinburg,card_purchase,online,cafe,CoffeePoint,no_promo,315.79,0.0,0.0,3.79,completed,no
TX-500011,2026-01-02,2026-01,14,CUST-00177,mass,Moscow,card_purchase,card_pos,cafe,CoffeePoint,no_promo,674.18,0.0,0.0,8.09,completed,no
TX-500012,2026-01-02,2026-01,8,CUST-00354,new,Moscow,card_purchase,mobile_app,groceries,CityGrocery,no_promo,824.17,0.0,0.0,0.0,declined,no
TX-500013,2026-01-03,2026-01,11,CUST-00569,mass,Moscow,card_purchase,online,groceries,FreshMarket,no_promo,1345.62,0.0,0.0,10.76,completed,no
TX-500014,2026-01-03,2026-01,19,CUST-00270,mass,Moscow,card_purchase,card_pos,groceries,DailyFood,EVERYDAY2,812.99,0.0,16.26,-9.76,completed,no
TX-500015,2026-01-03,2026-01,19,CUST-00635,small_business,Kazan,card_purchase,online,cafe,UrbanCafe,no_promo,1601.18,0.0,0.0,19.21,completed,no
TX-500016,2026-01-03,2026-01,14,CUST-00520,mass,Yekaterinburg,card_purchase,mobile_app,fuel,FastFuel,no_promo,3118.93,0.0,0.0,24.95,completed,no
TX-500017,2026-01-03,2026-01,11,CUST-00333,mass,Yekaterinburg,cash_withdrawal,atm,atm,OwnATM,no_promo,5802.21,0,0.0,0.0,completed,no
TX-500018,2026-01-03,2026-01,12,CUST-00701,new,Kazan,card_purchase,mobile_app,cafe,UrbanCafe,no_promo,1047.12,0.0,0.0,0.0,declined,no
TX-500019,2026-01-03,2026-01,14,CUST-00613,premium,Moscow,card_purchase,card_pos,online_services,CloudPlus,no_promo,1813.16,0.0,27.2,1.81,completed,no
TX-500020,2026-01-04,2026-01,15,CUST-00171,new,Kazan,transfer,mobile_app,p2p,P2P Transfer,no_promo,37458.06,0.0,0.0,0.0,declined,no
TX-500021,2026-01-04,2026-01,13,CUST-00434,mass,Kazan,card_purchase,card_pos,groceries,CityGrocery,no_promo,994.06,0.0,0.0,7.95,completed,no
TX-500022,2026-01-04,2026-01,14,CUST-00755,mass,Saint Petersburg,cash_withdrawal,atm,atm,OwnATM,no_promo,4844.0,0,0.0,0.0,completed,no
TX-500023,2026-01-04,2026-01,3,CUST-00623,mass,Kazan,card_purchase,online,online_services,StreamBox,no_promo,605.61,0.0,0.0,9.69,completed,no
TX-500024,2026-01-04,2026-01,23,CUST-00014,mass,Yekaterinburg,card_purchase,online,electronics,ElectroMall,no_promo,28712.54,0.0,0.0,459.4,completed,no
TX-500025,2026-01-04,2026-01,13,CUST-00419,mass,Moscow,card_purchase,card_pos,groceries,CityGrocery,EVERYDAY2,1179.89,0.0,23.6,-14.16,completed,no
TX-500026,2026-01-05,2026-01,12,CUST-00719,new,Moscow,card_purchase,online,online_services,CloudPlus,no_promo,681.56,0.0,0.0,10.9,completed,no
TX-500027,2026-01-05,2026-01,17,CUST-00706,mass,Moscow,card_purchase,card_pos,fuel,FastFuel,EVERYDAY2,3424.3,0.0,68.49,-41.09,completed,no
TX-500028,2026-01-05,2026-01,19,CUST-00795,mass,Yekaterinburg,card_purchase,card_pos,groceries,CityGrocery,EVERYDAY2,2121.86,0.0,42.44,-25.46,completed,no
TX-500029,2026-01-05,2026-01,21,CUST-00260,new,Nizhny Novgorod,card_purchase,mobile_app,groceries,DailyFood,no_promo,1686.44,0.0,0.0,13.49,completed,no
TX-500030,2026-01-05,2026-01,23,CUST-00547,small_business,Saint Petersburg,card_purchase,card_pos,groceries,CityGrocery,no_promo,5902.66,0.0,0.0,47.22,completed,no
TX-500031,2026-01-05,2026-01,0,CUST-00682,mass,Saint Petersburg,card_purchase,mobile_app,electronics,TechStore,no_promo,33284.21,0.0,0.0,532.55,completed,no
TX-500032,2026-01-05,2026-01,13,CUST-00421,premium,Moscow,card_purchase,card_pos,groceries,DailyFood,no_promo,2070.68,0.0,31.06,-14.49,completed,no
TX-500033,2026-01-05,2026-01,14,CUST-00542,mass,Nizhny Novgorod,service_payment,mobile_app,utilities,UtilityPay,no_promo,1977.78,7.91,0.0,31.64,completed,no
TX-500034,2026-01-05,2026-01,12,CUST-00455,mass,Moscow,cash_withdrawal,atm,atm,OwnATM,no_promo,8322.18,0,0.0,0.0,completed,no
TX-500035,2026-01-05,2026-01,1,CUST-00755,mass,Moscow,card_purchase,online,groceries,FreshMarket,EVERYDAY2,1267.1,0.0,25.34,-15.21,completed,no
TX-500036,2026-01-06,2026-01,13,CUST-00373,mass,Nizhny Novgorod,card_purchase,card_pos,cafe,UrbanCafe,no_promo,1068.14,0.0,0.0,0.0,declined,no
TX-500037,2026-01-06,2026-01,10,CUST-00344,mass,Moscow,transfer,mobile_app,p2p,P2P Transfer,no_promo,6880.56,41.28,0.0,41.28,completed,no
TX-500038,2026-01-06,2026-01,12,CUST-00481,small_business,Moscow,card_purchase,online,groceries,CityGrocery,no_promo,3170.77,0.0,0.0,25.37,completed,no
TX-500039,2026-01-06,2026-01,21,CUST-00612,mass,Saint Petersburg,cash_withdrawal,atm,atm,PartnerATM,no_promo,5023.2,90,0.0,90.0,completed,no
TX-500040,2026-01-06,2026-01,12,CUST-00024,mass,Moscow,card_purchase,card_pos,cafe,CoffeePoint,no_promo,741.46,0.0,0.0,8.9,completed,no
TX-500041,2026-01-06,2026-01,9,CUST-00106,new,Moscow,transfer,branch,p2p,P2P Transfer,no_promo,9937.71,59.63,0.0,59.63,completed,no
TX-500042,2026-01-06,2026-01,8,CUST-00435,mass,Moscow,card_purchase,card_pos,electronics,ElectroMall,no_promo,20323.08,0.0,0.0,325.17,completed,no
TX-500043,2026-01-06,2026-01,14,CUST-00715,mass,Moscow,card_purchase,card_pos,electronics,GadgetPro,no_promo,45365.9,0.0,0.0,725.85,completed,no
TX-500044,2026-01-06,2026-01,12,CUST-00015,new,Moscow,card_purchase,online,fuel,FastFuel,no_promo,2540.92,0.0,0.0,20.33,completed,no
TX-500045,2026-01-06,2026-01,17,CUST-00421,premium,Yekaterinburg,service_payment,mobile_app,utilities,UtilityPay,no_promo,4297.39,17.19,0.0,68.76,completed,no
TX-500046,2026-01-07,2026-01,20,CUST-00549,premium,Yekaterinburg,service_payment,mobile_app,utilities,MobileTopUp,no_promo,2941.7,11.77,0.0,47.07,completed,no
TX-500047,2026-01-07,2026-01,18,CUST-00207,mass,Saint Petersburg,cash_withdrawal,atm,atm,OwnATM,no_promo,7353.55,0,0.0,0.0,completed,no
TX-500048,2026-01-07,2026-01,16,CUST-00167,mass,Kazan,card_purchase,card_pos,groceries,FreshMarket,EVERYDAY2,1116.83,0.0,22.34,-13.4,completed,no
TX-500049,2026-01-07,2026-01,21,CUST-00116,small_business,Moscow,card_purchase,online,fuel,RoadOil,no_promo,15916.81,0.0,0.0,127.33,completed,no
TX-500050,2026-01-07,2026-01,11,CUST-00653,mass,Saint Petersburg,transfer,mobile_app,p2p,P2P Transfer,no_promo,3362.11,20.17,0.0,20.17,completed,no
TX-500051,2026-01-07,2026-01,13,CUST-00601,small_business,Saint Petersburg,card_purchase,card_pos,groceries,FreshMarket,no_promo,3930.01,0.0,0.0,31.44,completed,no
TX-500052,2026-01-07,2026-01,13,CUST-00697,mass,Saint Petersburg,service_payment,mobile_app,utilities,UtilityPay,no_promo,2339.53,9.36,0.0,37.43,completed,no
TX-500053,2026-01-07,2026-01,10,CUST-00741,small_business,Moscow,transfer,mobile_app,p2p,P2P Transfer,no_promo,5070.92,20,0.0,20.0,completed,no
TX-500054,2026-01-07,2026-01,15,CUST-00715,mass,Nizhny Novgorod,card_purchase,mobile_app,cafe,CoffeePoint,no_promo,483.14,0.0,0.0,5.8,completed,no
TX-500055,2026-01-07,2026-01,9,CUST-00772,new,Moscow,card_purchase,card_pos,online_services,StreamBox,no_promo,413.26,0.0,0.0,6.61,completed,no
TX-500056,2026-01-07,2026-01,9,CUST-00408,small_business,Yekaterinburg,card_purchase,card_pos,groceries,FreshMarket,no_promo,3618.68,0.0,0.0,28.95,completed,no
TX-500057,2026-01-07,2026-01,16,CUST-00594,mass,Kazan,cash_withdrawal,atm,atm,OwnATM,no_promo,5980.89,0,0.0,0.0,completed,no
TX-500058,2026-01-07,2026-01,21,CUST-00397,mass,Nizhny Novgorod,card_purchase,online,electronics,ElectroMall,no_promo,11826.4,0.0,0.0,189.22,completed,no
TX-500059,2026-01-07,2026-01,18,CUST-00043,new,Moscow,card_purchase,online,travel,HotelHub,no_promo,16821.26,0.0,0.0,269.14,completed,no
TX-500060,2026-01-07,2026-01,20,CUST-00061,mass,Yekaterinburg,card_purchase,online,groceries,FreshMarket,EVERYDAY2,1697.44,0.0,33.95,-20.37,completed,no
TX-500061,2026-01-08,2026-01,17,CUST-00453,mass,Moscow,card_purchase,card_pos,cafe,UrbanCafe,no_promo,435.6,0.0,0.0,5.23,completed,no
TX-500062,2026-01-08,2026-01,19,CUST-00636,mass,Moscow,card_purchase,online,cafe,UrbanCafe,no_promo,615.29,0.0,0.0,7.38,completed,no
TX-500063,2026-01-08,2026-01,15,CUST-00402,mass,Kazan,card_purchase,mobile_app,groceries,FreshMarket,no_promo,1594.26,0.0,0.0,12.75,completed,no
TX-500064,2026-01-08,2026-01,17,CUST-00320,new,Moscow,card_purchase,card_pos,groceries,CityGrocery,no_promo,1131.96,0.0,0.0,9.06,completed,no
TX-500065,2026-01-08,2026-01,21,CUST-00317,premium,Saint Petersburg,service_payment,mobile_app,utilities,MobileTopUp,no_promo,3406.42,13.63,0.0,54.5,completed,no
TX-500066,2026-01-08,2026-01,22,CUST-00745,mass,Yekaterinburg,card_purchase,card_pos,cafe,UrbanCafe,no_promo,966.54,0.0,0.0,11.6,completed,no
TX-500067,2026-01-08,2026-01,22,CUST-00270,premium,Nizhny Novgorod,card_purchase,online,groceries,DailyFood,no_promo,1734.5,0.0,26.02,-12.14,completed,no
TX-500068,2026-01-09,2026-01,14,CUST-00240,mass,Nizhny Novgorod,card_purchase,card_pos,cafe,UrbanCafe,no_promo,440.03,0.0,0.0,5.28,completed,no
TX-500069,2026-01-09,2026-01,8,CUST-00278,mass,Moscow,card_purchase,mobile_app,cafe,UrbanCafe,no_promo,640.18,0.0,0.0,7.68,completed,no
TX-500070,2026-01-09,2026-01,19,CUST-00727,mass,Yekaterinburg,card_purchase,card_pos,cafe,UrbanCafe,no_promo,772.23,0.0,0.0,9.27,completed,no
TX-500071,2026-01-09,2026-01,19,CUST-00799,mass,Yekaterinburg,card_purchase,card_pos,groceries,DailyFood,EVERYDAY2,1506.66,0.0,30.13,-18.08,completed,no
TX-500072,2026-01-09,2026-01,7,CUST-00216,small_business,Kazan,transfer,mobile_app,p2p,P2P Transfer,no_promo,64806.02,194.42,0.0,194.42,completed,no
TX-500073,2026-01-09,2026-01,12,CUST-00648,small_business,Moscow,card_purchase,card_pos,electronics,ElectroMall,no_promo,47761.46,0.0,0.0,764.18,completed,no
TX-500074,2026-01-09,2026-01,3,CUST-00613,mass,Moscow,card_purchase,card_pos,fuel,FastFuel,no_promo,3019.01,0.0,0.0,24.15,completed,no
TX-500075,2026-01-10,2026-01,22,CUST-00305,mass,Nizhny Novgorod,card_purchase,online,online_services,GameMarket,no_promo,4844.87,0.0,0.0,77.52,completed,no
TX-500076,2026-01-10,2026-01,21,CUST-00558,mass,Nizhny Novgorod,cash_withdrawal,atm,atm,PartnerATM,no_promo,7322.51,109.84,0.0,109.84,completed,no
TX-500077,2026-01-10,2026-01,15,CUST-00715,mass,Yekaterinburg,card_purchase,mobile_app,cafe,UrbanCafe,no_promo,668.49,0.0,0.0,8.02,completed,no
TX-500078,2026-01-10,2026-01,11,CUST-00656,new,Yekaterinburg,card_purchase,card_pos,groceries,FreshMarket,no_promo,1071.76,0.0,0.0,8.57,completed,no
TX-500079,2026-01-11,2026-01,13,CUST-00771,premium,Moscow,transfer,mobile_app,p2p,P2P Transfer,no_promo,35159.62,105.48,0.0,105.48,completed,no
TX-500080,2026-01-11,2026-01,11,CUST-00197,mass,Nizhny Novgorod,card_purchase,online,online_services,CloudPlus,no_promo,287.02,0.0,0.0,4.59,completed,no
TX-500081,2026-01-11,2026-01,2,CUST-00597,mass,Moscow,card_purchase,card_pos,fuel,RoadOil,no_promo,4194.39,0.0,0.0,33.56,completed,no
TX-500082,2026-01-11,2026-01,10,CUST-00587,mass,Kazan,card_purchase,card_pos,travel,HotelHub,no_promo,14430.5,0.0,0.0,230.89,completed,no
TX-500083,2026-01-11,2026-01,13,CUST-00740,mass,Saint Petersburg,card_purchase,card_pos,cafe,UrbanCafe,no_promo,586.44,0.0,0.0,7.04,completed,no
TX-500084,2026-01-12,2026-01,0,CUST-00215,new,Yekaterinburg,card_purchase,online,groceries,FreshMarket,no_promo,1446.97,0.0,0.0,11.58,completed,no
TX-500085,2026-01-12,2026-01,14,CUST-00669,small_business,Nizhny Novgorod,card_purchase,online,online_services,CloudPlus,no_promo,470.24,0.0,0.0,7.52,completed,no
TX-500086,2026-01-12,2026-01,1,CUST-00628,new,Kazan,card_purchase,online,fuel,FastFuel,WELCOME3,3161.15,0.0,94.83,-69.55,completed,no
TX-500087,2026-01-12,2026-01,9,CUST-00717,mass,Saint Petersburg,service_payment,mobile_app,utilities,MobileTopUp,no_promo,289.1,1.16,0.0,4.63,completed,no
TX-500088,2026-01-12,2026-01,17,CUST-00705,mass,Moscow,card_purchase,card_pos,cafe,UrbanCafe,no_promo,1007.12,0.0,0.0,12.09,completed,no
TX-500089,2026-01-12,2026-01,10,CUST-00531,premium,Yekaterinburg,card_purchase,card_pos,cafe,UrbanCafe,no_promo,915.81,0.0,13.74,-2.75,completed,no
TX-500090,2026-01-12,2026-01,4,CUST-00307,new,Kazan,card_purchase,mobile_app,cafe,CoffeePoint,no_promo,274.32,0.0,0.0,3.29,completed,no
TX-500091,2026-01-12,2026-01,20,CUST-00653,mass,Moscow,card_purchase,online,online_services,StreamBox,no_promo,898.53,0.0,0.0,14.38,completed,no
TX-500092,2026-01-12,2026-01,9,CUST-00273,mass,Yekaterinburg,card_purchase,card_pos,groceries,FreshMarket,no_promo,1554.52,0.0,0.0,12.44,completed,no
TX-500093,2026-01-12,2026-01,9,CUST-00540,new,Kazan,transfer,mobile_app,p2p,P2P Transfer,no_promo,6973.19,41.84,0.0,41.84,completed,no
TX-500094,2026-01-12,2026-01,1,CUST-00448,mass,Kazan,card_purchase,online,online_services,StreamBox,no_promo,792.35,0.0,0.0,12.68,completed,no
TX-500095,2026-01-13,2026-01,8,CUST-00199,new,Saint Petersburg,card_purchase,card_pos,fuel,FastFuel,no_promo,2820.77,0.0,0.0,22.57,completed,no
TX-500096,2026-01-13,2026-01,15,CUST-00628,small_business,Saint Petersburg,card_purchase,online,online_services,StreamBox,no_promo,909.6,0.0,0.0,14.55,completed,no
TX-500097,2026-01-13,2026-01,14,CUST-00352,mass,Moscow,card_purchase,card_pos,cafe,CoffeePoint,no_promo,629.79,0.0,0.0,7.56,completed,no
TX-500098,2026-01-13,2026-01,22,CUST-00719,mass,Yekaterinburg,card_purchase,online,groceries,DailyFood,no_promo,1046.32,0.0,0.0,8.37,completed,no
TX-500099,2026-01-13,2026-01,15,CUST-00493,premium,Yekaterinburg,card_purchase,online,online_services,StreamBox,no_promo,967.3,0.0,14.51,0.97,completed,no
TX-500100,2026-01-13,2026-01,8,CUST-00233,premium,Nizhny Novgorod,transfer,mobile_app,p2p,P2P Transfer,no_promo,56685.06,170.06,0.0,170.06,completed,no
TX-500101,2026-01-13,2026-01,22,CUST-00352,mass,Yekaterinburg,card_purchase,online,groceries,FreshMarket,no_promo,1224.23,0.0,0.0,9.79,completed,no
TX-500102,2026-01-13,2026-01,13,CUST-00775,mass,Yekaterinburg,service_payment,mobile_app,utilities,MobileTopUp,no_promo,512.42,2.05,0.0,8.2,completed,no
TX-500103,2026-01-14,2026-01,3,CUST-00072,new,Moscow,card_purchase,online,online_services,CloudPlus,WELCOME3,503.94,0.0,15.12,-7.06,completed,no
TX-500104,2026-01-14,2026-01,0,CUST-00767,mass,Kazan,card_purchase,online,online_services,StreamBox,no_promo,801.97,0.0,0.0,12.83,completed,no
TX-500105,2026-01-14,2026-01,13,CUST-00705,mass,Yekaterinburg,card_purchase,card_pos,cafe,CoffeePoint,no_promo,336.47,0.0,0.0,4.04,completed,no
TX-500106,2026-01-14,2026-01,14,CUST-00350,mass,Moscow,cash_withdrawal,atm,atm,OwnATM,no_promo,7015.07,0,0.0,0.0,completed,no
TX-500107,2026-01-14,2026-01,19,CUST-00351,mass,Nizhny Novgorod,card_purchase,card_pos,cafe,UrbanCafe,no_promo,647.98,0.0,0.0,7.78,completed,no
TX-500108,2026-01-14,2026-01,17,CUST-00656,mass,Moscow,card_purchase,card_pos,cafe,UrbanCafe,no_promo,749.36,0.0,0.0,8.99,completed,no
TX-500109,2026-01-14,2026-01,10,CUST-00602,mass,Moscow,card_purchase,online,groceries,FreshMarket,EVERYDAY2,1500.97,0.0,30.02,-18.01,completed,no
TX-500110,2026-01-14,2026-01,16,CUST-00310,new,Kazan,card_purchase,online,electronics,TechStore,no_promo,10248.0,0.0,0.0,163.97,completed,no
TX-500111,2026-01-15,2026-01,15,CUST-00234,small_business,Moscow,card_purchase,online,online_services,GameMarket,no_promo,10273.55,0.0,0.0,164.38,completed,no
TX-500112,2026-01-15,2026-01,5,CUST-00650,new,Moscow,card_purchase,online,travel,RailTrip,WELCOME3,3655.22,0.0,109.66,-51.17,completed,no
TX-500113,2026-01-15,2026-01,15,CUST-00718,new,Moscow,service_payment,branch,utilities,MobileTopUp,no_promo,1180.51,4.72,0.0,18.89,completed,yes
TX-500114,2026-01-15,2026-01,1,CUST-00712,premium,Kazan,card_purchase,mobile_app,groceries,CityGrocery,no_promo,3258.48,0.0,48.88,-22.81,completed,no
TX-500115,2026-01-15,2026-01,19,CUST-00236,small_business,Yekaterinburg,card_purchase,online,travel,HotelHub,no_promo,42467.13,0.0,0.0,679.47,completed,no
TX-500116,2026-01-15,2026-01,14,CUST-00168,mass,Kazan,service_payment,branch,utilities,UtilityPay,no_promo,3649.28,14.6,0.0,58.39,reversed,no
TX-500117,2026-01-15,2026-01,17,CUST-00015,mass,Moscow,card_purchase,online,online_services,CloudPlus,no_promo,754.24,0.0,0.0,12.07,completed,no
TX-500118,2026-01-15,2026-01,14,CUST-00630,new,Kazan,card_purchase,online,groceries,CityGrocery,no_promo,1208.66,0.0,0.0,9.67,completed,no
TX-500119,2026-01-15,2026-01,13,CUST-00674,new,Moscow,card_purchase,online,groceries,DailyFood,WELCOME3,1017.97,0.0,30.54,-22.4,completed,no
TX-500120,2026-01-15,2026-01,11,CUST-00624,premium,Moscow,transfer,mobile_app,p2p,P2P Transfer,no_promo,4139.78,20,0.0,20.0,completed,no
TX-500121,2026-01-15,2026-01,8,CUST-00318,new,Nizhny Novgorod,card_purchase,card_pos,groceries,FreshMarket,no_promo,990.64,0.0,0.0,7.93,completed,no
TX-500122,2026-01-15,2026-01,18,CUST-00352,mass,Kazan,card_purchase,card_pos,cafe,CoffeePoint,no_promo,393.25,0.0,0.0,4.72,completed,no
TX-500123,2026-01-15,2026-01,3,CUST-00188,mass,Moscow,card_purchase,online,cafe,UrbanCafe,no_promo,932.98,0.0,0.0,11.2,completed,no
TX-500124,2026-01-15,2026-01,17,CUST-00647,mass,Saint Petersburg,card_purchase,online,online_services,StreamBox,no_promo,882.2,0.0,0.0,14.12,completed,no
TX-500125,2026-01-16,2026-01,22,CUST-00538,mass,Moscow,cash_withdrawal,atm,atm,OwnATM,no_promo,12811.38,0,0.0,0.0,completed,no
TX-500126,2026-01-16,2026-01,2,CUST-00473,mass,Moscow,card_purchase,online,travel,RailTrip,no_promo,9554.49,0.0,0.0,152.87,completed,no
TX-500127,2026-01-16,2026-01,11,CUST-00500,mass,Moscow,card_purchase,online,travel,RailTrip,no_promo,5037.92,0.0,0.0,80.61,completed,no
TX-500128,2026-01-16,2026-01,15,CUST-00159,mass,Kazan,card_purchase,mobile_app,cafe,UrbanCafe,no_promo,636.67,0.0,0.0,7.64,completed,no
TX-500129,2026-01-16,2026-01,4,CUST-00769,mass,Moscow,card_purchase,online,travel,RailTrip,no_promo,9889.47,0.0,0.0,158.23,completed,no
TX-500130,2026-01-16,2026-01,9,CUST-00550,mass,Moscow,card_purchase,mobile_app,groceries,CityGrocery,no_promo,911.27,0.0,0.0,7.29,completed,no
TX-500131,2026-01-16,2026-01,10,CUST-00380,mass,Saint Petersburg,transfer,mobile_app,p2p,P2P Transfer,no_promo,20334.44,122.01,0.0,122.01,completed,no
TX-500132,2026-01-16,2026-01,13,CUST-00084,mass,Moscow,transfer,mobile_app,p2p,P2P Transfer,no_promo,26649.72,159.9,0.0,159.9,completed,no
TX-500133,2026-01-16,2026-01,7,CUST-00145,mass,Nizhny Novgorod,card_purchase,online,cafe,UrbanCafe,no_promo,907.44,0.0,0.0,10.89,completed,no
TX-500134,2026-01-16,2026-01,16,CUST-00202,mass,Kazan,card_purchase,card_pos,groceries,DailyFood,no_promo,885.64,0.0,0.0,7.09,completed,no
TX-500135,2026-01-16,2026-01,13,CUST-00430,new,Moscow,card_purchase,card_pos,cafe,UrbanCafe,no_promo,563.41,0.0,0.0,6.76,completed,no
TX-500136,2026-01-16,2026-01,16,CUST-00516,new,Moscow,card_purchase,online,fuel,FastFuel,WELCOME3,2741.64,0.0,0.0,0.0,declined,yes
TX-500137,2026-01-17,2026-01,8,CUST-00477,mass,Saint Petersburg,card_purchase,card_pos,cafe,UrbanCafe,no_promo,799.74,0.0,0.0,9.6,completed,no
TX-500138,2026-01-17,2026-01,11,CUST-00207,small_business,Yekaterinburg,service_payment,mobile_app,utilities,UtilityPay,no_promo,6533.26,26.13,0.0,104.53,completed,no
TX-500139,2026-01-17,2026-01,6,CUST-00445,mass,Saint Petersburg,card_purchase,online,groceries,CityGrocery,no_promo,1802.32,0.0,0.0,14.42,completed,no
TX-500140,2026-01-17,2026-01,12,CUST-00663,mass,Kazan,card_purchase,mobile_app,fuel,RoadOil,no_promo,2896.23,0.0,0.0,23.17,completed,no
TX-500141,2026-01-17,2026-01,6,CUST-00075,new,Moscow,card_purchase,card_pos,online_services,StreamBox,no_promo,492.09,0.0,0.0,7.87,completed,yes
TX-500142,2026-01-17,2026-01,19,CUST-00167,small_business,Kazan,card_purchase,card_pos,groceries,FreshMarket,no_promo,2441.56,0.0,0.0,19.53,completed,no
TX-500143,2026-01-17,2026-01,13,CUST-00362,mass,Saint Petersburg,service_payment,mobile_app,utilities,MobileTopUp,no_promo,349.32,1.4,0.0,5.59,completed,no
TX-500144,2026-01-17,2026-01,12,CUST-00491,mass,Yekaterinburg,service_payment,mobile_app,utilities,UtilityPay,no_promo,2657.04,10.63,0.0,42.51,completed,no
TX-500145,2026-01-17,2026-01,1,CUST-00124,mass,Moscow,card_purchase,online,electronics,GadgetPro,no_promo,26544.37,0.0,0.0,424.71,completed,no
TX-500146,2026-01-17,2026-01,0,CUST-00020,mass,Saint Petersburg,cash_withdrawal,atm,atm,PartnerATM,no_promo,3837.87,90,0.0,90.0,completed,no
TX-500147,2026-01-17,2026-01,17,CUST-00800,mass,Moscow,card_purchase,card_pos,cafe,CoffeePoint,no_promo,293.09,0.0,0.0,3.52,completed,no
TX-500148,2026-01-17,2026-01,16,CUST-00777,new,Moscow,card_purchase,mobile_app,groceries,DailyFood,no_promo,884.1,0.0,0.0,7.07,completed,no
TX-500149,2026-01-17,2026-01,1,CUST-00103,new,Nizhny Novgorod,card_purchase,online,cafe,CoffeePoint,WELCOME3,420.76,0.0,12.62,-7.57,completed,no
TX-500150,2026-01-18,2026-01,15,CUST-00392,mass,Saint Petersburg,card_purchase,card_pos,fuel,FastFuel,no_promo,3263.31,0.0,0.0,26.11,completed,no
TX-500151,2026-01-18,2026-01,13,CUST-00459,mass,Yekaterinburg,card_purchase,online,groceries,DailyFood,no_promo,799.43,0.0,0.0,6.4,completed,no
TX-500152,2026-01-18,2026-01,5,CUST-00733,new,Moscow,card_purchase,card_pos,cafe,UrbanCafe,no_promo,680.98,0.0,0.0,8.17,completed,no
TX-500153,2026-01-18,2026-01,9,CUST-00422,mass,Moscow,cash_withdrawal,atm,atm,OwnATM,no_promo,11873.81,0,0.0,0.0,completed,no
TX-500154,2026-01-18,2026-01,19,CUST-00476,mass,Moscow,card_purchase,card_pos,groceries,DailyFood,EVERYDAY2,886.43,0.0,17.73,-10.64,completed,no
TX-500155,2026-01-18,2026-01,11,CUST-00713,mass,Moscow,card_purchase,online,online_services,CloudPlus,no_promo,252.32,0.0,0.0,4.04,completed,no
TX-500156,2026-01-18,2026-01,9,CUST-00613,mass,Moscow,cash_withdrawal,atm,atm,PartnerATM,no_promo,15195.54,227.93,0.0,227.93,completed,no
TX-500157,2026-01-18,2026-01,23,CUST-00483,mass,Moscow,transfer,mobile_app,p2p,P2P Transfer,no_promo,27070.95,162.43,0.0,162.43,completed,no
TX-500158,2026-01-18,2026-01,10,CUST-00337,mass,Moscow,cash_withdrawal,atm,atm,PartnerATM,no_promo,7652.87,114.79,0.0,114.79,completed,no
TX-500159,2026-01-18,2026-01,15,CUST-00149,mass,Saint Petersburg,card_purchase,card_pos,travel,HotelHub,no_promo,29135.85,0.0,0.0,466.17,completed,no
TX-500160,2026-01-19,2026-01,17,CUST-00252,mass,Kazan,card_purchase,card_pos,fuel,FastFuel,EVERYDAY2,2700.34,0.0,54.01,-32.4,completed,no
TX-500161,2026-01-19,2026-01,11,CUST-00291,mass,Saint Petersburg,card_purchase,online,travel,FlyNow,no_promo,39124.68,0.0,0.0,625.99,completed,no
TX-500162,2026-01-19,2026-01,19,CUST-00320,mass,Moscow,card_purchase,online,travel,FlyNow,no_promo,31163.81,0.0,0.0,498.62,completed,no
TX-500163,2026-01-19,2026-01,15,CUST-00747,mass,Nizhny Novgorod,card_purchase,card_pos,groceries,FreshMarket,no_promo,1352.81,0.0,0.0,10.82,completed,no
TX-500164,2026-01-19,2026-01,8,CUST-00420,new,Yekaterinburg,card_purchase,online,electronics,ElectroMall,no_promo,24070.46,0.0,0.0,0.0,declined,no
TX-500165,2026-01-19,2026-01,10,CUST-00085,mass,Yekaterinburg,card_purchase,mobile_app,groceries,DailyFood,no_promo,820.56,0.0,0.0,6.56,completed,no
TX-500166,2026-01-19,2026-01,2,CUST-00796,new,Moscow,card_purchase,mobile_app,travel,RailTrip,no_promo,3035.47,0.0,0.0,48.57,completed,no
TX-500167,2026-01-19,2026-01,14,CUST-00334,mass,Moscow,transfer,branch,p2p,P2P Transfer,no_promo,19392.3,116.35,0.0,116.35,completed,no
TX-500168,2026-01-19,2026-01,12,CUST-00300,premium,Moscow,card_purchase,card_pos,groceries,DailyFood,no_promo,2046.26,0.0,30.69,-14.32,completed,no
TX-500169,2026-01-19,2026-01,18,CUST-00313,mass,Saint Petersburg,cash_withdrawal,atm,atm,OwnATM,no_promo,7409.8,0,0.0,0.0,completed,no
TX-500170,2026-01-19,2026-01,20,CUST-00368,mass,Kazan,transfer,mobile_app,p2p,P2P Transfer,no_promo,9745.62,58.47,0.0,58.47,completed,no
TX-500171,2026-01-19,2026-01,21,CUST-00481,mass,Nizhny Novgorod,service_payment,branch,utilities,MobileTopUp,no_promo,236.03,0.94,0.0,3.78,completed,no
TX-500172,2026-01-19,2026-01,7,CUST-00105,mass,Moscow,card_purchase,mobile_app,groceries,DailyFood,EVERYDAY2,884.85,0.0,17.7,-10.62,completed,no
TX-500173,2026-01-19,2026-01,3,CUST-00312,mass,Moscow,card_purchase,mobile_app,online_services,GameMarket,no_promo,2666.12,0.0,0.0,42.66,completed,no
TX-500174,2026-01-20,2026-01,15,CUST-00335,mass,Yekaterinburg,service_payment,mobile_app,utilities,MobileTopUp,no_promo,1566.04,6.26,0.0,25.06,completed,no
TX-500175,2026-01-20,2026-01,17,CUST-00792,small_business,Nizhny Novgorod,card_purchase,online,travel,RailTrip,no_promo,12143.3,0.0,0.0,194.29,completed,no
TX-500176,2026-01-20,2026-01,21,CUST-00418,mass,Saint Petersburg,card_purchase,online,electronics,ElectroMall,no_promo,10141.62,0.0,0.0,162.27,completed,no
TX-500177,2026-01-20,2026-01,20,CUST-00251,mass,Yekaterinburg,cash_withdrawal,atm,atm,OwnATM,no_promo,2753.87,0,0.0,0.0,completed,no
TX-500178,2026-01-21,2026-01,11,CUST-00385,mass,Nizhny Novgorod,card_purchase,mobile_app,groceries,FreshMarket,no_promo,1242.36,0.0,0.0,0.0,declined,yes
TX-500179,2026-01-21,2026-01,20,CUST-00670,mass,Kazan,card_purchase,card_pos,fuel,RoadOil,no_promo,2962.91,0.0,0.0,23.7,completed,no
TX-500180,2026-01-21,2026-01,14,CUST-00134,mass,Saint Petersburg,cash_withdrawal,atm,atm,PartnerATM,no_promo,21301.44,319.52,0.0,319.52,completed,no
TX-500181,2026-01-21,2026-01,18,CUST-00138,new,Moscow,transfer,branch,p2p,P2P Transfer,no_promo,8414.16,50.48,0.0,50.48,completed,no
TX-500182,2026-01-21,2026-01,17,CUST-00167,new,Yekaterinburg,transfer,mobile_app,p2p,P2P Transfer,no_promo,10026.82,60.16,0.0,60.16,completed,no
TX-500183,2026-01-21,2026-01,23,CUST-00432,new,Kazan,transfer,mobile_app,p2p,P2P Transfer,no_promo,19615.84,117.7,0.0,117.7,completed,no
TX-500184,2026-01-21,2026-01,11,CUST-00568,premium,Saint Petersburg,transfer,mobile_app,p2p,P2P Transfer,no_promo,11772.02,35.32,0.0,35.32,completed,no
TX-500185,2026-01-22,2026-01,15,CUST-00470,mass,Moscow,card_purchase,card_pos,groceries,FreshMarket,EVERYDAY2,1091.56,0.0,21.83,-13.1,completed,no
TX-500186,2026-01-22,2026-01,8,CUST-00200,mass,Moscow,card_purchase,mobile_app,groceries,FreshMarket,no_promo,1861.1,0.0,0.0,14.89,completed,no
TX-500187,2026-01-22,2026-01,10,CUST-00524,mass,Moscow,service_payment,branch,utilities,MobileTopUp,no_promo,647.46,2.59,0.0,10.36,completed,no
TX-500188,2026-01-22,2026-01,9,CUST-00524,mass,Nizhny Novgorod,card_purchase,card_pos,travel,RailTrip,no_promo,4681.7,0.0,0.0,74.91,completed,no
TX-500189,2026-01-22,2026-01,12,CUST-00715,mass,Moscow,card_purchase,online,groceries,CityGrocery,EVERYDAY2,1293.5,0.0,25.87,-15.52,completed,no
TX-500190,2026-01-22,2026-01,10,CUST-00055,mass,Nizhny Novgorod,transfer,mobile_app,p2p,P2P Transfer,no_promo,40541.16,243.25,0.0,243.25,completed,no
TX-500191,2026-01-22,2026-01,10,CUST-00052,mass,Moscow,cash_withdrawal,atm,atm,PartnerATM,no_promo,9960.4,149.41,0.0,149.41,completed,no
TX-500192,2026-01-22,2026-01,21,CUST-00376,mass,Saint Petersburg,card_purchase,card_pos,groceries,CityGrocery,EVERYDAY2,1616.78,0.0,32.34,-19.4,completed,no
TX-500193,2026-01-22,2026-01,13,CUST-00555,new,Moscow,card_purchase,online,online_services,CloudPlus,no_promo,219.34,0.0,0.0,3.51,completed,no
TX-500194,2026-01-22,2026-01,11,CUST-00474,mass,Moscow,card_purchase,mobile_app,cafe,CoffeePoint,no_promo,620.35,0.0,0.0,7.44,completed,no
TX-500195,2026-01-22,2026-01,11,CUST-00253,mass,Saint Petersburg,card_purchase,card_pos,fuel,RoadOil,no_promo,4089.07,0.0,0.0,32.71,completed,no
TX-500196,2026-01-23,2026-01,15,CUST-00122,new,Moscow,card_purchase,mobile_app,groceries,DailyFood,no_promo,633.13,0.0,0.0,5.07,completed,no
TX-500197,2026-01-23,2026-01,11,CUST-00527,premium,Nizhny Novgorod,card_purchase,card_pos,groceries,CityGrocery,no_promo,2591.3,0.0,38.87,-18.14,completed,no
TX-500198,2026-01-23,2026-01,15,CUST-00346,premium,Saint Petersburg,card_purchase,online,travel,RailTrip,no_promo,14092.07,0.0,211.38,14.09,completed,no
TX-500199,2026-01-23,2026-01,9,CUST-00189,new,Yekaterinburg,card_purchase,online,cafe,UrbanCafe,WELCOME3,651.14,0.0,19.53,-11.72,completed,no
TX-500200,2026-01-23,2026-01,21,CUST-00233,new,Moscow,card_purchase,mobile_app,cafe,UrbanCafe,no_promo,591.39,0.0,0.0,7.1,completed,no
TX-500201,2026-01-23,2026-01,13,CUST-00213,premium,Yekaterinburg,service_payment,mobile_app,utilities,MobileTopUp,no_promo,1943.15,7.77,0.0,31.09,completed,no
TX-500202,2026-01-23,2026-01,17,CUST-00701,small_business,Nizhny Novgorod,card_purchase,card_pos,groceries,DailyFood,no_promo,3238.18,0.0,0.0,25.91,completed,yes
TX-500203,2026-01-23,2026-01,8,CUST-00664,new,Nizhny Novgorod,service_payment,branch,utilities,UtilityPay,no_promo,1866.12,7.46,0.0,29.86,completed,no
TX-500204,2026-01-23,2026-01,17,CUST-00163,mass,Nizhny Novgorod,transfer,mobile_app,p2p,P2P Transfer,no_promo,2835.07,20,0.0,20.0,completed,no
TX-500205,2026-01-23,2026-01,12,CUST-00785,new,Kazan,card_purchase,card_pos,electronics,GadgetPro,no_promo,12140.13,0.0,0.0,194.24,completed,no
TX-500206,2026-01-24,2026-01,8,CUST-00522,mass,Kazan,card_purchase,card_pos,fuel,RoadOil,EVERYDAY2,2991.12,0.0,59.82,-35.89,completed,no
TX-500207,2026-01-24,2026-01,17,CUST-00589,new,Kazan,card_purchase,card_pos,online_services,StreamBox,no_promo,495.03,0.0,0.0,7.92,completed,no
TX-500208,2026-01-24,2026-01,21,CUST-00501,mass,Moscow,card_purchase,online,cafe,CoffeePoint,no_promo,420.44,0.0,0.0,5.05,completed,no
TX-500209,2026-01-24,2026-01,16,CUST-00328,premium,Yekaterinburg,cash_withdrawal,atm,atm,OwnATM,no_promo,11646.98,0,0.0,0.0,completed,no
TX-500210,2026-01-24,2026-01,12,CUST-00066,mass,Saint Petersburg,card_purchase,mobile_app,groceries,CityGrocery,EVERYDAY2,1600.1,0.0,32.0,-19.2,completed,no
TX-500211,2026-01-24,2026-01,16,CUST-00032,mass,Yekaterinburg,card_purchase,card_pos,fuel,FastFuel,EVERYDAY2,3426.61,0.0,68.53,-41.12,completed,no
TX-500212,2026-01-24,2026-01,14,CUST-00540,mass,Nizhny Novgorod,transfer,branch,p2p,P2P Transfer,no_promo,44856.6,269.14,0.0,269.14,completed,no
TX-500213,2026-01-24,2026-01,14,CUST-00227,premium,Moscow,card_purchase,card_pos,cafe,CoffeePoint,no_promo,787.09,0.0,11.81,-2.36,completed,no
TX-500214,2026-01-24,2026-01,19,CUST-00679,mass,Saint Petersburg,transfer,mobile_app,p2p,P2P Transfer,no_promo,31141.63,186.85,0.0,186.85,completed,no
TX-500215,2026-01-24,2026-01,11,CUST-00114,mass,Moscow,card_purchase,card_pos,groceries,FreshMarket,no_promo,1812.51,0.0,0.0,14.5,completed,no
TX-500216,2026-01-24,2026-01,10,CUST-00288,mass,Nizhny Novgorod,transfer,mobile_app,p2p,P2P Transfer,no_promo,38982.94,233.9,0.0,233.9,completed,no
TX-500217,2026-01-24,2026-01,12,CUST-00344,new,Saint Petersburg,card_purchase,online,online_services,GameMarket,no_promo,1458.14,0.0,0.0,23.33,completed,yes
TX-500218,2026-01-24,2026-01,5,CUST-00154,mass,Moscow,card_purchase,online,online_services,StreamBox,no_promo,861.17,0.0,0.0,13.78,completed,no
TX-500219,2026-01-24,2026-01,14,CUST-00434,mass,Saint Petersburg,card_purchase,card_pos,cafe,CoffeePoint,no_promo,453.39,0.0,0.0,5.44,completed,no
TX-500220,2026-01-24,2026-01,12,CUST-00666,mass,Moscow,card_purchase,card_pos,cafe,UrbanCafe,no_promo,420.11,0.0,0.0,5.04,completed,no
TX-500221,2026-01-25,2026-01,13,CUST-00447,mass,Saint Petersburg,card_purchase,online,online_services,CloudPlus,no_promo,809.88,0.0,0.0,12.96,completed,no
TX-500222,2026-01-25,2026-01,1,CUST-00765,mass,Moscow,cash_withdrawal,atm,atm,PartnerATM,no_promo,11416.46,171.25,0.0,171.25,completed,no
TX-500223,2026-01-25,2026-01,20,CUST-00185,mass,Yekaterinburg,card_purchase,card_pos,cafe,CoffeePoint,no_promo,376.15,0.0,0.0,4.51,completed,no
TX-500224,2026-01-25,2026-01,16,CUST-00413,small_business,Kazan,card_purchase,card_pos,groceries,DailyFood,no_promo,2456.03,0.0,0.0,19.65,completed,no
TX-500225,2026-01-25,2026-01,19,CUST-00570,premium,Kazan,card_purchase,mobile_app,groceries,CityGrocery,EVERYDAY2,2291.65,0.0,45.83,-27.5,completed,no
TX-500226,2026-01-25,2026-01,8,CUST-00474,small_business,Yekaterinburg,card_purchase,online,cafe,CoffeePoint,no_promo,1262.21,0.0,0.0,15.15,completed,no
TX-500227,2026-01-25,2026-01,14,CUST-00705,mass,Yekaterinburg,card_purchase,card_pos,groceries,CityGrocery,EVERYDAY2,1005.45,0.0,20.11,-12.07,completed,no
TX-500228,2026-01-26,2026-01,13,CUST-00379,premium,Saint Petersburg,card_purchase,online,online_services,StreamBox,no_promo,1248.16,0.0,18.72,1.25,completed,no
TX-500229,2026-01-26,2026-01,14,CUST-00567,new,Moscow,card_purchase,online,cafe,UrbanCafe,no_promo,638.07,0.0,0.0,7.66,completed,no
TX-500230,2026-01-26,2026-01,22,CUST-00323,mass,Nizhny Novgorod,card_purchase,card_pos,groceries,DailyFood,no_promo,1025.41,0.0,0.0,8.2,completed,no
TX-500231,2026-01-26,2026-01,8,CUST-00770,mass,Moscow,transfer,mobile_app,p2p,P2P Transfer,no_promo,35661.25,213.97,0.0,213.97,completed,no
TX-500232,2026-01-26,2026-01,8,CUST-00670,mass,Saint Petersburg,transfer,mobile_app,p2p,P2P Transfer,no_promo,17783.66,106.7,0.0,106.7,completed,no
TX-500233,2026-01-26,2026-01,17,CUST-00643,mass,Yekaterinburg,card_purchase,card_pos,cafe,UrbanCafe,no_promo,613.01,0.0,0.0,7.36,completed,no
TX-500234,2026-01-26,2026-01,0,CUST-00718,mass,Kazan,card_purchase,online,groceries,DailyFood,EVERYDAY2,1285.55,0.0,25.71,-15.43,completed,no
TX-500235,2026-01-26,2026-01,17,CUST-00654,premium,Moscow,transfer,mobile_app,p2p,P2P Transfer,no_promo,72124.61,216.37,0.0,216.37,completed,no
TX-500236,2026-01-26,2026-01,19,CUST-00651,mass,Yekaterinburg,card_purchase,mobile_app,fuel,RoadOil,no_promo,3164.18,0.0,0.0,25.31,completed,no
TX-500237,2026-01-27,2026-01,23,CUST-00666,mass,Saint Petersburg,card_purchase,online,electronics,ElectroMall,no_promo,21265.71,0.0,0.0,340.25,completed,no
TX-500238,2026-01-27,2026-01,8,CUST-00223,mass,Moscow,card_purchase,card_pos,cafe,CoffeePoint,no_promo,321.55,0.0,0.0,3.86,completed,no
TX-500239,2026-01-27,2026-01,7,CUST-00296,small_business,Saint Petersburg,card_purchase,online,electronics,TechStore,no_promo,78129.22,0.0,0.0,1250.07,completed,no
TX-500240,2026-01-27,2026-01,10,CUST-00670,new,Moscow,card_purchase,card_pos,cafe,UrbanCafe,no_promo,599.51,0.0,0.0,7.19,completed,no
TX-500241,2026-01-27,2026-01,20,CUST-00433,mass,Kazan,transfer,mobile_app,p2p,P2P Transfer,no_promo,37526.61,225.16,0.0,225.16,completed,no
TX-500242,2026-01-27,2026-01,10,CUST-00722,mass,Moscow,card_purchase,card_pos,fuel,FastFuel,EVERYDAY2,2966.01,0.0,59.32,-35.59,completed,no
TX-500243,2026-01-27,2026-01,18,CUST-00748,new,Kazan,card_purchase,card_pos,fuel,RoadOil,no_promo,3686.77,0.0,0.0,29.49,completed,no
TX-500244,2026-01-27,2026-01,10,CUST-00116,mass,Moscow,card_purchase,card_pos,groceries,CityGrocery,EVERYDAY2,1115.17,0.0,22.3,-13.38,completed,no
TX-500245,2026-01-27,2026-01,3,CUST-00529,mass,Saint Petersburg,card_purchase,online,online_services,CloudPlus,no_promo,950.63,0.0,0.0,15.21,completed,no
TX-500246,2026-01-28,2026-01,19,CUST-00348,small_business,Moscow,card_purchase,online,groceries,CityGrocery,no_promo,3846.92,0.0,0.0,30.78,completed,no
TX-500247,2026-01-28,2026-01,9,CUST-00604,new,Saint Petersburg,service_payment,mobile_app,utilities,MobileTopUp,no_promo,1125.49,4.5,0.0,18.01,completed,no
TX-500248,2026-01-28,2026-01,14,CUST-00035,mass,Moscow,card_purchase,card_pos,cafe,CoffeePoint,no_promo,515.38,0.0,0.0,6.18,completed,no
TX-500249,2026-01-28,2026-01,9,CUST-00558,new,Moscow,card_purchase,online,groceries,FreshMarket,no_promo,1042.84,0.0,0.0,8.34,completed,no
TX-500250,2026-01-28,2026-01,10,CUST-00150,new,Moscow,card_purchase,card_pos,groceries,DailyFood,no_promo,825.18,0.0,0.0,6.6,completed,no
TX-500251,2026-01-28,2026-01,16,CUST-00402,small_business,Yekaterinburg,cash_withdrawal,atm,atm,OwnATM,no_promo,18730.96,0,0.0,0.0,completed,no
TX-500252,2026-01-28,2026-01,16,CUST-00007,mass,Moscow,card_purchase,card_pos,groceries,FreshMarket,EVERYDAY2,1759.93,0.0,35.2,-21.12,completed,no
TX-500253,2026-01-28,2026-01,18,CUST-00710,mass,Yekaterinburg,card_purchase,online,electronics,ElectroMall,no_promo,18050.07,0.0,0.0,0.0,declined,no
TX-500254,2026-01-28,2026-01,14,CUST-00270,new,Moscow,card_purchase,card_pos,cafe,CoffeePoint,no_promo,470.16,0.0,0.0,5.64,completed,yes
TX-500255,2026-01-28,2026-01,19,CUST-00114,premium,Yekaterinburg,card_purchase,card_pos,fuel,FastFuel,no_promo,5374.61,0.0,80.62,-37.62,completed,no
TX-500256,2026-01-28,2026-01,18,CUST-00674,small_business,Saint Petersburg,card_purchase,card_pos,groceries,CityGrocery,no_promo,4024.71,0.0,0.0,32.2,completed,no
TX-500257,2026-01-29,2026-01,12,CUST-00494,premium,Moscow,transfer,mobile_app,p2p,P2P Transfer,no_promo,47642.92,142.93,0.0,142.93,completed,no
TX-500258,2026-01-29,2026-01,11,CUST-00301,mass,Saint Petersburg,cash_withdrawal,atm,atm,PartnerATM,no_promo,7579.23,113.69,0.0,113.69,completed,no
TX-500259,2026-01-29,2026-01,17,CUST-00732,mass,Moscow,cash_withdrawal,atm,atm,OwnATM,no_promo,14872.85,0,0.0,0.0,completed,no
TX-500260,2026-01-29,2026-01,22,CUST-00630,mass,Nizhny Novgorod,card_purchase,card_pos,groceries,FreshMarket,EVERYDAY2,1044.0,0.0,20.88,-12.53,completed,no
TX-500261,2026-01-29,2026-01,1,CUST-00353,mass,Moscow,card_purchase,online,groceries,FreshMarket,EVERYDAY2,1204.68,0.0,24.09,-14.46,completed,no
TX-500262,2026-01-29,2026-01,15,CUST-00353,mass,Saint Petersburg,transfer,mobile_app,p2p,P2P Transfer,no_promo,28169.34,169.02,0.0,169.02,completed,no
TX-500263,2026-01-29,2026-01,8,CUST-00309,mass,Moscow,service_payment,mobile_app,utilities,MobileTopUp,no_promo,991.64,3.97,0.0,15.87,completed,no
TX-500264,2026-01-29,2026-01,19,CUST-00731,small_business,Moscow,service_payment,mobile_app,utilities,MobileTopUp,no_promo,3034.91,12.14,0.0,48.56,completed,no
TX-500265,2026-01-29,2026-01,12,CUST-00461,mass,Nizhny Novgorod,card_purchase,card_pos,groceries,DailyFood,no_promo,784.21,0.0,0.0,6.27,completed,no
TX-500266,2026-01-29,2026-01,10,CUST-00381,mass,Kazan,card_purchase,online,online_services,GameMarket,no_promo,2276.91,0.0,0.0,36.43,completed,no
TX-500267,2026-01-29,2026-01,17,CUST-00282,new,Moscow,card_purchase,card_pos,groceries,FreshMarket,no_promo,1275.65,0.0,0.0,10.21,completed,no
TX-500268,2026-01-30,2026-01,14,CUST-00700,mass,Kazan,card_purchase,online,electronics,GadgetPro,no_promo,44394.22,0.0,0.0,710.31,completed,no
TX-500269,2026-01-30,2026-01,19,CUST-00097,mass,Moscow,card_purchase,online,groceries,CityGrocery,no_promo,1252.55,0.0,0.0,10.02,completed,no
TX-500270,2026-01-30,2026-01,17,CUST-00487,mass,Saint Petersburg,service_payment,mobile_app,utilities,MobileTopUp,no_promo,1555.22,6.22,0.0,24.88,completed,no
TX-500271,2026-01-30,2026-01,20,CUST-00572,mass,Moscow,card_purchase,online,cafe,UrbanCafe,no_promo,752.1,0.0,0.0,9.03,completed,no
TX-500272,2026-01-30,2026-01,1,CUST-00161,mass,Moscow,card_purchase,online,cafe,CoffeePoint,no_promo,438.98,0.0,0.0,5.27,completed,no
TX-500273,2026-01-30,2026-01,4,CUST-00341,new,Saint Petersburg,card_purchase,online,cafe,CoffeePoint,no_promo,547.3,0.0,0.0,6.57,completed,yes
TX-500274,2026-01-30,2026-01,12,CUST-00022,new,Saint Petersburg,transfer,mobile_app,p2p,P2P Transfer,no_promo,6173.45,37.04,0.0,37.04,completed,no
TX-500275,2026-01-30,2026-01,16,CUST-00067,mass,Nizhny Novgorod,card_purchase,mobile_app,electronics,TechStore,no_promo,20426.55,0.0,0.0,326.82,completed,no
TX-500276,2026-01-30,2026-01,6,CUST-00471,mass,Moscow,transfer,mobile_app,p2p,P2P Transfer,no_promo,24394.61,146.37,0.0,146.37,completed,no
TX-500277,2026-01-30,2026-01,20,CUST-00710,premium,Nizhny Novgorod,card_purchase,online,cafe,UrbanCafe,no_promo,2082.65,0.0,31.24,-6.25,completed,no
TX-500278,2026-01-30,2026-01,12,CUST-00397,new,Saint Petersburg,card_purchase,card_pos,cafe,UrbanCafe,no_promo,876.89,0.0,0.0,10.52,completed,no
TX-500279,2026-01-30,2026-01,13,CUST-00473,mass,Moscow,card_purchase,online,online_services,GameMarket,no_promo,4543.4,0.0,0.0,72.69,completed,no
TX-500280,2026-01-30,2026-01,11,CUST-00398,new,Moscow,cash_withdrawal,atm,atm,PartnerATM,no_promo,10713.48,160.7,0.0,160.7,completed,no
TX-500281,2026-01-31,2026-01,13,CUST-00764,new,Moscow,card_purchase,mobile_app,cafe,UrbanCafe,no_promo,554.06,0.0,0.0,6.65,completed,no
TX-500282,2026-01-31,2026-01,20,CUST-00410,premium,Saint Petersburg,card_purchase,online,electronics,TechStore,no_promo,56590.2,0.0,848.85,56.59,completed,no
TX-500283,2026-01-31,2026-01,10,CUST-00546,mass,Saint Petersburg,card_purchase,card_pos,groceries,FreshMarket,EVERYDAY2,1669.52,0.0,33.39,-20.03,completed,no
TX-500284,2026-01-31,2026-01,10,CUST-00311,mass,Yekaterinburg,service_payment,mobile_app,utilities,MobileTopUp,no_promo,643.03,2.57,0.0,10.29,completed,no
TX-500285,2026-01-31,2026-01,15,CUST-00107,premium,Saint Petersburg,card_purchase,card_pos,travel,RailTrip,no_promo,11502.78,0.0,172.54,11.5,completed,no
TX-500286,2026-01-31,2026-01,10,CUST-00221,small_business,Moscow,card_purchase,online,groceries,DailyFood,no_promo,3711.92,0.0,0.0,29.7,completed,no
TX-500287,2026-01-31,2026-01,14,CUST-00794,mass,Kazan,card_purchase,card_pos,fuel,RoadOil,no_promo,3080.73,0.0,0.0,24.65,completed,no
TX-500288,2026-01-31,2026-01,2,CUST-00470,mass,Yekaterinburg,card_purchase,online,online_services,StreamBox,no_promo,671.97,0.0,0.0,10.75,completed,no
TX-500289,2026-01-31,2026-01,22,CUST-00419,mass,Kazan,transfer,mobile_app,p2p,P2P Transfer,no_promo,37651.31,225.91,0.0,225.91,completed,no
TX-500290,2026-01-31,2026-01,16,CUST-00120,new,Yekaterinburg,card_purchase,card_pos,groceries,FreshMarket,no_promo,1056.81,0.0,0.0,8.45,completed,no
TX-500291,2026-01-31,2026-01,8,CUST-00260,mass,Moscow,card_purchase,online,online_services,StreamBox,no_promo,344.53,0.0,0.0,5.51,completed,no
TX-500292,2026-02-01,2026-02,13,CUST-00011,mass,Kazan,card_purchase,mobile_app,groceries,DailyFood,no_promo,1302.12,0.0,0.0,10.42,completed,no
TX-500293,2026-02-01,2026-02,17,CUST-00637,mass,Kazan,service_payment,mobile_app,utilities,MobileTopUp,no_promo,1453.87,5.82,0.0,23.26,completed,no
TX-500294,2026-02-01,2026-02,9,CUST-00135,premium,Moscow,service_payment,branch,utilities,UtilityPay,no_promo,10591.25,42.37,0.0,169.46,completed,no
TX-500295,2026-02-01,2026-02,17,CUST-00199,mass,Moscow,transfer,mobile_app,p2p,P2P Transfer,no_promo,4442.53,26.66,0.0,26.66,completed,no
TX-500296,2026-02-01,2026-02,18,CUST-00235,premium,Saint Petersburg,card_purchase,mobile_app,groceries,DailyFood,no_promo,2431.58,0.0,36.47,-17.02,completed,no
TX-500297,2026-02-01,2026-02,7,CUST-00800,premium,Moscow,transfer,branch,p2p,P2P Transfer,no_promo,79104.88,237.31,0.0,237.31,completed,no
TX-500298,2026-02-01,2026-02,4,CUST-00670,mass,Moscow,cash_withdrawal,atm,atm,PartnerATM,no_promo,15691.49,235.37,0.0,235.37,completed,no
TX-500299,2026-02-01,2026-02,6,CUST-00288,small_business,Yekaterinburg,transfer,mobile_app,p2p,P2P Transfer,no_promo,43159.28,129.48,0.0,129.48,completed,no
TX-500300,2026-02-01,2026-02,12,CUST-00126,new,Moscow,service_payment,mobile_app,utilities,MobileTopUp,no_promo,1105.47,4.42,0.0,17.69,completed,no
TX-500301,2026-02-01,2026-02,16,CUST-00446,new,Moscow,service_payment,mobile_app,utilities,MobileTopUp,no_promo,1163.2,4.65,0.0,18.61,completed,no
TX-500302,2026-02-01,2026-02,18,CUST-00446,premium,Moscow,card_purchase,online,fuel,RoadOil,EVERYDAY2,8289.44,0.0,165.79,-99.47,completed,no
TX-500303,2026-02-02,2026-02,19,CUST-00742,new,Moscow,card_purchase,card_pos,groceries,FreshMarket,no_promo,972.39,0.0,0.0,7.78,completed,no
TX-500304,2026-02-02,2026-02,7,CUST-00293,mass,Saint Petersburg,card_purchase,card_pos,fuel,RoadOil,EVERYDAY2,4152.39,0.0,83.05,-49.83,completed,no
TX-500305,2026-02-02,2026-02,10,CUST-00774,mass,Saint Petersburg,cash_withdrawal,atm,atm,PartnerATM,no_promo,7825.22,117.38,0.0,117.38,completed,no
TX-500306,2026-02-02,2026-02,17,CUST-00119,mass,Moscow,card_purchase,card_pos,groceries,FreshMarket,no_promo,1230.21,0.0,0.0,9.84,completed,no
TX-500307,2026-02-02,2026-02,21,CUST-00612,new,Nizhny Novgorod,card_purchase,online,online_services,CloudPlus,WELCOME3,365.34,0.0,10.96,-5.11,completed,no
TX-500308,2026-02-02,2026-02,18,CUST-00341,premium,Moscow,card_purchase,online,groceries,FreshMarket,no_promo,2638.29,0.0,39.57,-18.47,completed,no
TX-500309,2026-02-02,2026-02,10,CUST-00100,mass,Saint Petersburg,card_purchase,online,groceries,DailyFood,EVERYDAY2,1184.71,0.0,0.0,0.0,declined,no
TX-500310,2026-02-02,2026-02,18,CUST-00489,small_business,Saint Petersburg,card_purchase,card_pos,groceries,DailyFood,no_promo,1569.67,0.0,0.0,12.56,completed,no
TX-500311,2026-02-02,2026-02,13,CUST-00241,mass,Kazan,cash_withdrawal,atm,atm,OwnATM,no_promo,9767.47,0,0.0,0.0,completed,no
TX-500312,2026-02-02,2026-02,7,CUST-00031,mass,Moscow,card_purchase,card_pos,online_services,CloudPlus,no_promo,221.3,0.0,0.0,3.54,completed,no
TX-500313,2026-02-02,2026-02,17,CUST-00384,premium,Moscow,service_payment,branch,utilities,MobileTopUp,no_promo,1232.57,4.93,0.0,19.72,completed,no
TX-500314,2026-02-03,2026-02,20,CUST-00245,mass,Kazan,card_purchase,online,groceries,FreshMarket,no_promo,1936.26,0.0,0.0,15.49,completed,no
TX-500315,2026-02-03,2026-02,14,CUST-00381,mass,Yekaterinburg,card_purchase,card_pos,fuel,RoadOil,no_promo,4281.31,0.0,0.0,34.25,completed,no
TX-500316,2026-02-03,2026-02,8,CUST-00735,new,Kazan,transfer,mobile_app,p2p,P2P Transfer,no_promo,29454.74,176.73,0.0,176.73,completed,no
TX-500317,2026-02-03,2026-02,19,CUST-00130,small_business,Yekaterinburg,card_purchase,online,electronics,ElectroMall,no_promo,78091.33,0.0,0.0,1249.46,completed,no
TX-500318,2026-02-03,2026-02,6,CUST-00549,mass,Kazan,card_purchase,card_pos,cafe,CoffeePoint,no_promo,347.62,0.0,0.0,4.17,completed,no
TX-500319,2026-02-03,2026-02,8,CUST-00128,new,Moscow,card_purchase,card_pos,cafe,CoffeePoint,no_promo,773.28,0.0,0.0,9.28,completed,no
TX-500320,2026-02-03,2026-02,22,CUST-00524,mass,Saint Petersburg,card_purchase,online,groceries,FreshMarket,no_promo,1543.34,0.0,0.0,12.35,completed,no
TX-500321,2026-02-04,2026-02,15,CUST-00701,mass,Kazan,card_purchase,online,groceries,DailyFood,EVERYDAY2,1632.63,0.0,32.65,-19.59,completed,no
TX-500322,2026-02-04,2026-02,19,CUST-00479,mass,Saint Petersburg,card_purchase,card_pos,groceries,CityGrocery,EVERYDAY2,1000.86,0.0,20.02,-12.01,completed,no
TX-500323,2026-02-04,2026-02,10,CUST-00248,mass,Moscow,transfer,mobile_app,p2p,P2P Transfer,no_promo,33536.82,201.22,0.0,201.22,completed,no
TX-500324,2026-02-04,2026-02,7,CUST-00391,premium,Nizhny Novgorod,service_payment,mobile_app,utilities,UtilityPay,no_promo,5699.23,22.8,0.0,91.19,completed,no
TX-500325,2026-02-04,2026-02,3,CUST-00057,mass,Moscow,card_purchase,online,groceries,FreshMarket,no_promo,1038.52,0.0,0.0,8.31,completed,no
TX-500326,2026-02-04,2026-02,17,CUST-00607,mass,Moscow,card_purchase,card_pos,travel,FlyNow,no_promo,67479.61,0.0,0.0,1079.67,completed,no
TX-500327,2026-02-04,2026-02,19,CUST-00278,mass,Saint Petersburg,card_purchase,online,cafe,CoffeePoint,no_promo,402.24,0.0,0.0,4.83,completed,no
TX-500328,2026-02-04,2026-02,8,CUST-00350,mass,Kazan,cash_withdrawal,atm,atm,PartnerATM,no_promo,4290.48,90,0.0,90.0,completed,no
TX-500329,2026-02-04,2026-02,0,CUST-00325,premium,Kazan,card_purchase,mobile_app,groceries,CityGrocery,EVERYDAY2,2981.49,0.0,59.63,-35.78,completed,no
TX-500330,2026-02-04,2026-02,12,CUST-00592,mass,Saint Petersburg,card_purchase,card_pos,cafe,CoffeePoint,no_promo,491.36,0.0,0.0,5.9,completed,no
TX-500331,2026-02-05,2026-02,23,CUST-00648,mass,Moscow,transfer,mobile_app,p2p,P2P Transfer,no_promo,29677.17,178.06,0.0,178.06,completed,no
TX-500332,2026-02-05,2026-02,18,CUST-00330,new,Moscow,card_purchase,online,groceries,FreshMarket,WELCOME3,2191.88,0.0,65.76,-48.22,completed,no
TX-500333,2026-02-05,2026-02,12,CUST-00704,mass,Saint Petersburg,transfer,mobile_app,p2p,P2P Transfer,no_promo,11291.08,67.75,0.0,67.75,completed,no
TX-500334,2026-02-05,2026-02,10,CUST-00749,premium,Saint Petersburg,transfer,mobile_app,p2p,P2P Transfer,no_promo,21778.33,65.33,0.0,65.33,completed,no
TX-500335,2026-02-05,2026-02,13,CUST-00092,new,Moscow,card_purchase,card_pos,travel,HotelHub,no_promo,12514.08,0.0,0.0,200.23,completed,no
TX-500336,2026-02-05,2026-02,22,CUST-00271,new,Kazan,card_purchase,card_pos,cafe,CoffeePoint,no_promo,225.29,0.0,0.0,2.7,completed,no
TX-500337,2026-02-05,2026-02,21,CUST-00726,mass,Yekaterinburg,card_purchase,card_pos,fuel,FastFuel,no_promo,3833.93,0.0,0.0,30.67,completed,no
TX-500338,2026-02-05,2026-02,17,CUST-00491,premium,Moscow,card_purchase,online,fuel,FastFuel,no_promo,4581.4,0.0,68.72,-32.07,completed,no
TX-500339,2026-02-05,2026-02,18,CUST-00762,new,Saint Petersburg,cash_withdrawal,atm,atm,PartnerATM,no_promo,7793.92,116.91,0.0,116.91,completed,no
TX-500340,2026-02-05,2026-02,18,CUST-00337,small_business,Saint Petersburg,service_payment,mobile_app,utilities,UtilityPay,no_promo,21253.5,80,0.0,335.04,completed,no
TX-500341,2026-02-05,2026-02,12,CUST-00790,mass,Saint Petersburg,card_purchase,online,cafe,UrbanCafe,no_promo,549.21,0.0,0.0,6.59,completed,no
TX-500342,2026-02-05,2026-02,12,CUST-00737,new,Moscow,card_purchase,card_pos,groceries,DailyFood,no_promo,896.17,0.0,0.0,7.17,completed,no
TX-500343,2026-02-05,2026-02,8,CUST-00217,new,Saint Petersburg,card_purchase,card_pos,fuel,RoadOil,no_promo,3182.8,0.0,0.0,25.46,completed,no
TX-500344,2026-02-05,2026-02,14,CUST-00743,premium,Saint Petersburg,card_purchase,card_pos,online_services,CloudPlus,no_promo,1574.74,0.0,23.62,1.57,completed,no
TX-500345,2026-02-05,2026-02,18,CUST-00529,premium,Nizhny Novgorod,cash_withdrawal,atm,atm,OwnATM,no_promo,13716.16,0,0.0,0.0,completed,no
TX-500346,2026-02-06,2026-02,19,CUST-00574,new,Yekaterinburg,service_payment,branch,utilities,UtilityPay,no_promo,7559.59,30.24,0.0,120.95,completed,no
TX-500347,2026-02-06,2026-02,13,CUST-00075,small_business,Saint Petersburg,card_purchase,card_pos,fuel,RoadOil,no_promo,10938.27,0.0,0.0,87.51,completed,no
TX-500348,2026-02-06,2026-02,19,CUST-00261,mass,Nizhny Novgorod,card_purchase,card_pos,electronics,ElectroMall,no_promo,18513.19,0.0,0.0,296.21,completed,no
TX-500349,2026-02-06,2026-02,20,CUST-00518,mass,Moscow,card_purchase,card_pos,fuel,RoadOil,no_promo,4029.11,0.0,0.0,32.23,completed,no
TX-500350,2026-02-06,2026-02,11,CUST-00156,small_business,Nizhny Novgorod,card_purchase,card_pos,groceries,DailyFood,no_promo,1588.14,0.0,0.0,12.71,completed,no
TX-500351,2026-02-06,2026-02,16,CUST-00459,premium,Yekaterinburg,card_purchase,card_pos,online_services,StreamBox,no_promo,769.18,0.0,11.54,0.77,completed,no
TX-500352,2026-02-06,2026-02,12,CUST-00774,premium,Yekaterinburg,transfer,mobile_app,p2p,P2P Transfer,no_promo,70047.11,210.14,0.0,210.14,completed,no
TX-500353,2026-02-06,2026-02,17,CUST-00134,mass,Yekaterinburg,transfer,mobile_app,p2p,P2P Transfer,no_promo,11685.15,70.11,0.0,70.11,completed,no
TX-500354,2026-02-06,2026-02,20,CUST-00116,small_business,Moscow,service_payment,mobile_app,utilities,MobileTopUp,no_promo,3964.94,15.86,0.0,63.44,completed,no
TX-500355,2026-02-06,2026-02,3,CUST-00705,mass,Yekaterinburg,card_purchase,online,online_services,GameMarket,no_promo,3053.52,0.0,0.0,48.86,completed,no
TX-500356,2026-02-06,2026-02,13,CUST-00210,mass,Saint Petersburg,card_purchase,online,fuel,RoadOil,EVERYDAY2,3678.57,0.0,73.57,-44.14,completed,no
TX-500357,2026-02-06,2026-02,2,CUST-00256,mass,Nizhny Novgorod,card_purchase,mobile_app,travel,RailTrip,no_promo,5128.35,0.0,0.0,82.05,completed,no
TX-500358,2026-02-07,2026-02,14,CUST-00277,mass,Kazan,card_purchase,online,travel,HotelHub,no_promo,17685.5,0.0,0.0,282.97,completed,no
TX-500359,2026-02-07,2026-02,19,CUST-00739,mass,Saint Petersburg,card_purchase,mobile_app,fuel,RoadOil,no_promo,3577.68,0.0,0.0,28.62,completed,no
TX-500360,2026-02-07,2026-02,18,CUST-00527,mass,Moscow,card_purchase,mobile_app,fuel,FastFuel,EVERYDAY2,4881.64,0.0,97.63,-58.58,completed,no
TX-500361,2026-02-07,2026-02,20,CUST-00600,premium,Saint Petersburg,card_purchase,online,electronics,GadgetPro,no_promo,36545.67,0.0,548.19,36.55,completed,no
TX-500362,2026-02-07,2026-02,10,CUST-00419,small_business,Nizhny Novgorod,cash_withdrawal,atm,atm,PartnerATM,no_promo,12279.32,184.19,0.0,184.19,completed,no
TX-500363,2026-02-07,2026-02,14,CUST-00674,mass,Moscow,cash_withdrawal,atm,atm,OwnATM,no_promo,8329.3,0,0.0,0.0,completed,no
TX-500364,2026-02-07,2026-02,12,CUST-00157,mass,Moscow,card_purchase,mobile_app,groceries,DailyFood,no_promo,795.42,0.0,0.0,6.36,completed,no
TX-500365,2026-02-07,2026-02,23,CUST-00218,small_business,Moscow,card_purchase,card_pos,cafe,CoffeePoint,no_promo,1822.64,0.0,0.0,21.87,completed,no
TX-500366,2026-02-07,2026-02,1,CUST-00058,mass,Moscow,card_purchase,card_pos,cafe,CoffeePoint,no_promo,529.5,0.0,0.0,6.35,completed,no
TX-500367,2026-02-07,2026-02,19,CUST-00028,mass,Saint Petersburg,card_purchase,card_pos,fuel,RoadOil,no_promo,4596.56,0.0,0.0,36.77,completed,no
TX-500368,2026-02-07,2026-02,21,CUST-00396,new,Saint Petersburg,card_purchase,online,electronics,ElectroMall,no_promo,7122.23,0.0,0.0,113.96,completed,no
TX-500369,2026-02-07,2026-02,15,CUST-00067,mass,Moscow,card_purchase,mobile_app,fuel,RoadOil,no_promo,3556.32,0.0,0.0,28.45,completed,no
TX-500370,2026-02-08,2026-02,6,CUST-00594,mass,Moscow,card_purchase,mobile_app,cafe,UrbanCafe,no_promo,1162.52,0.0,0.0,13.95,completed,no
TX-500371,2026-02-08,2026-02,2,CUST-00022,premium,Moscow,card_purchase,online,travel,HotelHub,no_promo,49956.62,0.0,749.35,49.96,completed,no
TX-500372,2026-02-08,2026-02,19,CUST-00394,mass,Kazan,card_purchase,online,online_services,CloudPlus,no_promo,297.21,0.0,0.0,4.76,completed,no
TX-500373,2026-02-08,2026-02,22,CUST-00062,mass,Moscow,card_purchase,card_pos,groceries,FreshMarket,no_promo,1058.18,0.0,0.0,8.47,completed,no
TX-500374,2026-02-08,2026-02,13,CUST-00356,mass,Saint Petersburg,card_purchase,online,fuel,FastFuel,EVERYDAY2,3992.2,0.0,79.84,-47.91,completed,no
TX-500375,2026-02-08,2026-02,11,CUST-00289,mass,Moscow,card_purchase,card_pos,cafe,UrbanCafe,no_promo,1224.95,0.0,0.0,14.7,completed,no
TX-500376,2026-02-09,2026-02,20,CUST-00541,new,Moscow,card_purchase,card_pos,cafe,CoffeePoint,no_promo,364.0,0.0,0.0,4.37,completed,yes
TX-500377,2026-02-09,2026-02,18,CUST-00532,mass,Moscow,card_purchase,card_pos,groceries,FreshMarket,EVERYDAY2,1237.03,0.0,24.74,-14.84,completed,no
TX-500378,2026-02-09,2026-02,9,CUST-00382,mass,Moscow,card_purchase,online,travel,RailTrip,no_promo,5320.16,0.0,0.0,85.12,completed,no
TX-500379,2026-02-09,2026-02,12,CUST-00372,mass,Moscow,service_payment,mobile_app,utilities,UtilityPay,no_promo,2722.58,10.89,0.0,43.56,completed,yes
TX-500380,2026-02-09,2026-02,20,CUST-00390,mass,Kazan,card_purchase,online,online_services,StreamBox,no_promo,500.49,0.0,0.0,8.01,completed,no
TX-500381,2026-02-09,2026-02,16,CUST-00539,new,Saint Petersburg,transfer,mobile_app,p2p,P2P Transfer,no_promo,4914.7,29.49,0.0,29.49,completed,no
TX-500382,2026-02-09,2026-02,11,CUST-00279,new,Moscow,service_payment,mobile_app,utilities,UtilityPay,no_promo,1809.67,7.24,0.0,28.95,completed,no
TX-500383,2026-02-09,2026-02,18,CUST-00483,new,Saint Petersburg,card_purchase,mobile_app,groceries,FreshMarket,no_promo,1344.56,0.0,0.0,10.76,completed,no
TX-500384,2026-02-10,2026-02,1,CUST-00736,mass,Nizhny Novgorod,card_purchase,online,electronics,GadgetPro,no_promo,22703.69,0.0,0.0,363.26,completed,no
TX-500385,2026-02-10,2026-02,23,CUST-00641,mass,Yekaterinburg,card_purchase,online,groceries,DailyFood,no_promo,841.24,0.0,0.0,6.73,completed,no
TX-500386,2026-02-10,2026-02,17,CUST-00047,new,Saint Petersburg,card_purchase,card_pos,cafe,CoffeePoint,no_promo,380.22,0.0,0.0,4.56,completed,no
TX-500387,2026-02-10,2026-02,9,CUST-00586,premium,Moscow,card_purchase,card_pos,fuel,RoadOil,no_promo,6299.66,0.0,94.49,-44.1,completed,no
TX-500388,2026-02-10,2026-02,12,CUST-00271,mass,Yekaterinburg,card_purchase,card_pos,groceries,CityGrocery,no_promo,1097.32,0.0,0.0,8.78,completed,no
TX-500389,2026-02-10,2026-02,13,CUST-00288,premium,Moscow,card_purchase,card_pos,groceries,DailyFood,EVERYDAY2,1796.56,0.0,35.93,-21.56,completed,no
TX-500390,2026-02-10,2026-02,13,CUST-00545,new,Moscow,card_purchase,card_pos,groceries,FreshMarket,no_promo,1374.8,0.0,0.0,11.0,completed,no
TX-500391,2026-02-10,2026-02,12,CUST-00522,mass,Moscow,card_purchase,card_pos,groceries,CityGrocery,no_promo,1679.44,0.0,0.0,13.44,completed,no
TX-500392,2026-02-10,2026-02,8,CUST-00702,new,Nizhny Novgorod,card_purchase,card_pos,cafe,UrbanCafe,no_promo,1155.92,0.0,0.0,13.87,completed,no
TX-500393,2026-02-10,2026-02,12,CUST-00002,mass,Nizhny Novgorod,card_purchase,card_pos,online_services,GameMarket,no_promo,1829.96,0.0,0.0,29.28,completed,no
TX-500394,2026-02-10,2026-02,12,CUST-00552,new,Moscow,cash_withdrawal,atm,atm,OwnATM,no_promo,20739.08,0,0.0,0.0,completed,no
TX-500395,2026-02-10,2026-02,10,CUST-00563,mass,Moscow,card_purchase,online,groceries,DailyFood,EVERYDAY2,1522.01,0.0,30.44,-18.26,completed,no
TX-500396,2026-02-11,2026-02,19,CUST-00612,new,Moscow,card_purchase,mobile_app,online_services,CloudPlus,no_promo,633.93,0.0,0.0,10.14,completed,no
TX-500397,2026-02-11,2026-02,12,CUST-00494,premium,Kazan,card_purchase,online,electronics,ElectroMall,no_promo,18480.42,0.0,277.21,18.48,completed,no
TX-500398,2026-02-11,2026-02,15,CUST-00269,mass,Saint Petersburg,card_purchase,online,fuel,RoadOil,no_promo,3604.58,0.0,0.0,28.84,completed,no
TX-500399,2026-02-11,2026-02,14,CUST-00263,small_business,Kazan,card_purchase,online,fuel,FastFuel,no_promo,5616.98,0.0,0.0,44.94,completed,no
TX-500400,2026-02-11,2026-02,14,CUST-00099,premium,Kazan,card_purchase,online,groceries,FreshMarket,no_promo,1898.82,0.0,28.48,-13.29,completed,no
TX-500401,2026-02-11,2026-02,20,CUST-00558,premium,Nizhny Novgorod,card_purchase,card_pos,groceries,DailyFood,no_promo,1683.3,0.0,25.25,-11.78,completed,no
TX-500402,2026-02-11,2026-02,11,CUST-00310,small_business,Saint Petersburg,card_purchase,card_pos,travel,RailTrip,no_promo,10623.22,0.0,0.0,169.97,completed,no
TX-500403,2026-02-11,2026-02,21,CUST-00505,mass,Moscow,card_purchase,mobile_app,fuel,FastFuel,no_promo,3384.34,0.0,0.0,27.07,completed,no
TX-500404,2026-02-12,2026-02,20,CUST-00098,new,Moscow,card_purchase,card_pos,groceries,DailyFood,no_promo,1006.42,0.0,0.0,8.05,completed,no
TX-500405,2026-02-12,2026-02,22,CUST-00109,small_business,Moscow,card_purchase,mobile_app,cafe,UrbanCafe,no_promo,2220.84,0.0,0.0,26.65,completed,no
TX-500406,2026-02-12,2026-02,13,CUST-00558,mass,Nizhny Novgorod,card_purchase,card_pos,cafe,UrbanCafe,no_promo,568.94,0.0,0.0,6.83,completed,no
TX-500407,2026-02-12,2026-02,9,CUST-00197,mass,Yekaterinburg,card_purchase,mobile_app,travel,FlyNow,no_promo,13867.99,0.0,0.0,221.89,completed,no
TX-500408,2026-02-12,2026-02,15,CUST-00631,mass,Moscow,card_purchase,card_pos,fuel,RoadOil,no_promo,4593.15,0.0,0.0,36.75,completed,no
TX-500409,2026-02-12,2026-02,10,CUST-00116,mass,Yekaterinburg,card_purchase,card_pos,fuel,FastFuel,EVERYDAY2,2507.27,0.0,50.15,-30.09,completed,no
TX-500410,2026-02-13,2026-02,16,CUST-00692,premium,Moscow,cash_withdrawal,atm,atm,PartnerATM,no_promo,48649.46,729.74,0.0,729.74,completed,no
TX-500411,2026-02-13,2026-02,2,CUST-00406,small_business,Kazan,card_purchase,online,groceries,FreshMarket,no_promo,3471.6,0.0,0.0,27.77,completed,no
TX-500412,2026-02-13,2026-02,20,CUST-00498,small_business,Yekaterinburg,cash_withdrawal,atm,atm,OwnATM,no_promo,30109.67,0,0.0,0.0,completed,no
TX-500413,2026-02-13,2026-02,8,CUST-00068,new,Moscow,card_purchase,mobile_app,fuel,FastFuel,no_promo,2880.1,0.0,0.0,23.04,completed,no
TX-500414,2026-02-13,2026-02,18,CUST-00790,premium,Kazan,card_purchase,card_pos,groceries,FreshMarket,no_promo,2985.03,0.0,44.78,-20.9,completed,no
TX-500415,2026-02-13,2026-02,21,CUST-00660,mass,Nizhny Novgorod,card_purchase,card_pos,groceries,CityGrocery,no_promo,1141.03,0.0,0.0,9.13,completed,no
TX-500416,2026-02-13,2026-02,13,CUST-00125,premium,Kazan,transfer,mobile_app,p2p,P2P Transfer,no_promo,73893.27,221.68,0.0,221.68,completed,no
TX-500417,2026-02-13,2026-02,11,CUST-00610,mass,Moscow,card_purchase,card_pos,cafe,UrbanCafe,no_promo,707.36,0.0,0.0,8.49,completed,no
TX-500418,2026-02-13,2026-02,13,CUST-00185,mass,Moscow,card_purchase,mobile_app,cafe,CoffeePoint,no_promo,593.91,0.0,0.0,7.13,completed,no
TX-500419,2026-02-13,2026-02,11,CUST-00459,mass,Nizhny Novgorod,card_purchase,card_pos,groceries,DailyFood,no_promo,1051.81,0.0,0.0,8.41,completed,no
TX-500420,2026-02-13,2026-02,6,CUST-00187,mass,Kazan,cash_withdrawal,atm,atm,PartnerATM,no_promo,5285.98,90,0.0,90.0,completed,no
TX-500421,2026-02-13,2026-02,19,CUST-00120,mass,Moscow,card_purchase,mobile_app,online_services,CloudPlus,no_promo,686.48,0.0,0.0,10.98,completed,no
TX-500422,2026-02-13,2026-02,18,CUST-00777,new,Moscow,card_purchase,online,cafe,CoffeePoint,no_promo,574.96,0.0,0.0,6.9,completed,no
TX-500423,2026-02-13,2026-02,14,CUST-00060,new,Moscow,card_purchase,card_pos,fuel,RoadOil,no_promo,2380.95,0.0,0.0,19.05,completed,no
TX-500424,2026-02-13,2026-02,11,CUST-00526,new,Moscow,card_purchase,card_pos,online_services,StreamBox,no_promo,615.97,0.0,0.0,9.86,completed,no
TX-500425,2026-02-13,2026-02,17,CUST-00436,mass,Nizhny Novgorod,card_purchase,card_pos,groceries,CityGrocery,EVERYDAY2,1397.1,0.0,27.94,-16.77,completed,no
TX-500426,2026-02-14,2026-02,21,CUST-00782,mass,Saint Petersburg,cash_withdrawal,atm,atm,PartnerATM,no_promo,7247.28,108.71,0.0,108.71,completed,no
TX-500427,2026-02-14,2026-02,14,CUST-00432,mass,Saint Petersburg,transfer,branch,p2p,P2P Transfer,no_promo,14224.0,85.34,0.0,85.34,completed,no
TX-500428,2026-02-14,2026-02,17,CUST-00058,mass,Moscow,card_purchase,online,cafe,UrbanCafe,no_promo,850.42,0.0,0.0,10.21,completed,no
TX-500429,2026-02-14,2026-02,17,CUST-00777,mass,Moscow,card_purchase,online,travel,HotelHub,no_promo,29482.5,0.0,0.0,471.72,completed,no
TX-500430,2026-02-14,2026-02,0,CUST-00655,new,Kazan,card_purchase,online,electronics,GadgetPro,no_promo,8368.97,0.0,0.0,133.9,completed,no
TX-500431,2026-02-14,2026-02,2,CUST-00446,new,Yekaterinburg,card_purchase,online,travel,RailTrip,no_promo,6440.5,0.0,0.0,103.05,completed,no
TX-500432,2026-02-14,2026-02,9,CUST-00151,mass,Yekaterinburg,card_purchase,online,online_services,StreamBox,no_promo,766.12,0.0,0.0,12.26,completed,no
TX-500433,2026-02-14,2026-02,7,CUST-00294,mass,Moscow,cash_withdrawal,atm,atm,OwnATM,no_promo,4733.63,0,0.0,0.0,completed,no
TX-500434,2026-02-14,2026-02,10,CUST-00191,premium,Moscow,card_purchase,card_pos,groceries,FreshMarket,EVERYDAY2,3210.33,0.0,64.21,-38.52,completed,no
TX-500435,2026-02-14,2026-02,18,CUST-00759,new,Yekaterinburg,card_purchase,card_pos,fuel,RoadOil,no_promo,3895.06,0.0,0.0,31.16,completed,no
TX-500436,2026-02-14,2026-02,15,CUST-00183,mass,Yekaterinburg,card_purchase,online,online_services,StreamBox,no_promo,601.49,0.0,0.0,9.62,completed,no
TX-500437,2026-02-15,2026-02,7,CUST-00071,mass,Yekaterinburg,card_purchase,card_pos,groceries,CityGrocery,no_promo,1622.47,0.0,0.0,12.98,completed,no
TX-500438,2026-02-15,2026-02,6,CUST-00214,mass,Moscow,card_purchase,online,groceries,FreshMarket,EVERYDAY2,1922.81,0.0,38.46,-23.07,completed,no
TX-500439,2026-02-15,2026-02,11,CUST-00305,mass,Moscow,card_purchase,card_pos,cafe,CoffeePoint,no_promo,297.29,0.0,0.0,3.57,completed,no
TX-500440,2026-02-15,2026-02,14,CUST-00707,mass,Moscow,card_purchase,card_pos,cafe,UrbanCafe,no_promo,930.1,0.0,0.0,11.16,completed,no
TX-500441,2026-02-15,2026-02,22,CUST-00775,mass,Nizhny Novgorod,transfer,mobile_app,p2p,P2P Transfer,no_promo,4287.61,25.73,0.0,25.73,completed,no
TX-500442,2026-02-15,2026-02,15,CUST-00661,mass,Saint Petersburg,card_purchase,card_pos,groceries,FreshMarket,no_promo,2105.24,0.0,0.0,16.84,completed,no
TX-500443,2026-02-15,2026-02,11,CUST-00413,mass,Nizhny Novgorod,card_purchase,card_pos,travel,FlyNow,no_promo,28252.05,0.0,0.0,452.03,completed,no
TX-500444,2026-02-15,2026-02,22,CUST-00267,new,Yekaterinburg,card_purchase,online,fuel,RoadOil,no_promo,3823.15,0.0,0.0,30.59,completed,no
TX-500445,2026-02-15,2026-02,12,CUST-00613,new,Kazan,cash_withdrawal,atm,atm,PartnerATM,no_promo,8549.22,128.24,0.0,128.24,completed,no
TX-500446,2026-02-16,2026-02,13,CUST-00182,mass,Saint Petersburg,transfer,mobile_app,p2p,P2P Transfer,no_promo,4928.65,29.57,0.0,29.57,completed,no
TX-500447,2026-02-16,2026-02,10,CUST-00290,premium,Moscow,card_purchase,online,groceries,CityGrocery,no_promo,1309.24,0.0,19.64,-9.16,completed,no
TX-500448,2026-02-16,2026-02,15,CUST-00340,mass,Kazan,card_purchase,online,online_services,StreamBox,no_promo,427.09,0.0,0.0,6.83,completed,no
TX-500449,2026-02-16,2026-02,18,CUST-00332,mass,Saint Petersburg,card_purchase,online,fuel,RoadOil,EVERYDAY2,3560.63,0.0,71.21,-42.73,completed,no
TX-500450,2026-02-16,2026-02,11,CUST-00120,mass,Yekaterinburg,card_purchase,card_pos,electronics,ElectroMall,no_promo,10044.92,0.0,0.0,160.72,completed,no
TX-500451,2026-02-16,2026-02,8,CUST-00715,mass,Nizhny Novgorod,card_purchase,online,electronics,GadgetPro,no_promo,35376.19,0.0,0.0,566.02,completed,no
TX-500452,2026-02-16,2026-02,18,CUST-00649,new,Saint Petersburg,card_purchase,online,electronics,GadgetPro,WELCOME3,28397.17,0.0,851.92,-397.56,completed,no
TX-500453,2026-02-16,2026-02,16,CUST-00347,mass,Nizhny Novgorod,card_purchase,card_pos,cafe,UrbanCafe,no_promo,524.98,0.0,0.0,6.3,completed,no
TX-500454,2026-02-16,2026-02,20,CUST-00141,premium,Kazan,card_purchase,online,electronics,ElectroMall,no_promo,32976.74,0.0,494.65,32.98,completed,no
TX-500455,2026-02-17,2026-02,13,CUST-00478,mass,Kazan,transfer,mobile_app,p2p,P2P Transfer,no_promo,4758.8,28.55,0.0,28.55,completed,no
TX-500456,2026-02-17,2026-02,17,CUST-00507,new,Saint Petersburg,card_purchase,online,electronics,ElectroMall,no_promo,7538.72,0.0,0.0,120.62,completed,no
TX-500457,2026-02-17,2026-02,0,CUST-00185,mass,Yekaterinburg,card_purchase,online,fuel,RoadOil,no_promo,3618.11,0.0,0.0,28.94,completed,no
TX-500458,2026-02-17,2026-02,20,CUST-00721,new,Saint Petersburg,card_purchase,card_pos,online_services,GameMarket,no_promo,635.13,0.0,0.0,10.16,completed,no
TX-500459,2026-02-18,2026-02,14,CUST-00324,mass,Yekaterinburg,card_purchase,card_pos,online_services,StreamBox,no_promo,559.83,0.0,0.0,8.96,completed,no
TX-500460,2026-02-18,2026-02,16,CUST-00731,new,Saint Petersburg,card_purchase,online,travel,RailTrip,WELCOME3,4095.11,0.0,122.85,-57.33,completed,no
TX-500461,2026-02-18,2026-02,16,CUST-00062,mass,Saint Petersburg,card_purchase,card_pos,groceries,FreshMarket,EVERYDAY2,1386.48,0.0,27.73,-16.64,completed,no
TX-500462,2026-02-18,2026-02,20,CUST-00237,small_business,Moscow,card_purchase,card_pos,groceries,FreshMarket,no_promo,3378.6,0.0,0.0,27.03,completed,no
TX-500463,2026-02-18,2026-02,9,CUST-00661,mass,Moscow,card_purchase,mobile_app,groceries,FreshMarket,no_promo,1585.33,0.0,0.0,12.68,completed,no
TX-500464,2026-02-18,2026-02,23,CUST-00114,mass,Moscow,card_purchase,online,online_services,GameMarket,no_promo,671.36,0.0,0.0,10.74,completed,no
TX-500465,2026-02-19,2026-02,10,CUST-00481,mass,Kazan,card_purchase,mobile_app,fuel,RoadOil,EVERYDAY2,3509.5,0.0,70.19,-42.11,completed,no
TX-500466,2026-02-19,2026-02,16,CUST-00625,mass,Saint Petersburg,card_purchase,card_pos,groceries,CityGrocery,no_promo,1614.21,0.0,0.0,12.91,completed,no
TX-500467,2026-02-19,2026-02,18,CUST-00133,new,Saint Petersburg,card_purchase,card_pos,groceries,FreshMarket,no_promo,1137.18,0.0,0.0,9.1,completed,no
TX-500468,2026-02-19,2026-02,18,CUST-00243,mass,Moscow,card_purchase,mobile_app,groceries,FreshMarket,no_promo,1197.11,0.0,0.0,9.58,completed,no
TX-500469,2026-02-19,2026-02,14,CUST-00531,mass,Nizhny Novgorod,cash_withdrawal,atm,atm,OwnATM,no_promo,5271.37,0,0.0,0.0,completed,no
TX-500470,2026-02-19,2026-02,15,CUST-00012,mass,Saint Petersburg,card_purchase,card_pos,fuel,RoadOil,EVERYDAY2,3654.31,0.0,73.09,-43.85,completed,no
TX-500471,2026-02-19,2026-02,14,CUST-00373,mass,Yekaterinburg,card_purchase,mobile_app,fuel,FastFuel,no_promo,3646.54,0.0,0.0,29.17,completed,no
TX-500472,2026-02-19,2026-02,20,CUST-00419,mass,Yekaterinburg,card_purchase,online,online_services,StreamBox,no_promo,547.26,0.0,0.0,8.76,completed,no
TX-500473,2026-02-20,2026-02,12,CUST-00673,mass,Moscow,card_purchase,card_pos,cafe,UrbanCafe,no_promo,869.64,0.0,0.0,10.44,completed,no
TX-500474,2026-02-20,2026-02,18,CUST-00387,premium,Moscow,card_purchase,online,travel,HotelHub,no_promo,22716.52,0.0,340.75,22.72,completed,no
TX-500475,2026-02-20,2026-02,11,CUST-00630,mass,Moscow,card_purchase,online,groceries,CityGrocery,EVERYDAY2,1071.82,0.0,21.44,-12.86,completed,no
TX-500476,2026-02-20,2026-02,17,CUST-00499,new,Kazan,card_purchase,card_pos,groceries,DailyFood,no_promo,934.55,0.0,0.0,7.48,completed,no
TX-500477,2026-02-20,2026-02,19,CUST-00033,new,Moscow,transfer,mobile_app,p2p,P2P Transfer,no_promo,6891.81,41.35,0.0,41.35,completed,no
TX-500478,2026-02-20,2026-02,18,CUST-00684,mass,Kazan,card_purchase,card_pos,groceries,FreshMarket,EVERYDAY2,1368.33,0.0,27.37,-16.42,completed,no
TX-500479,2026-02-20,2026-02,14,CUST-00371,mass,Kazan,card_purchase,card_pos,groceries,DailyFood,EVERYDAY2,1533.49,0.0,30.67,-18.4,completed,no
TX-500480,2026-02-20,2026-02,8,CUST-00456,small_business,Saint Petersburg,card_purchase,card_pos,cafe,CoffeePoint,no_promo,920.19,0.0,0.0,11.04,completed,no
TX-500481,2026-02-20,2026-02,9,CUST-00341,small_business,Moscow,card_purchase,card_pos,fuel,FastFuel,no_promo,14434.69,0.0,0.0,115.48,completed,no
TX-500482,2026-02-21,2026-02,0,CUST-00377,mass,Nizhny Novgorod,cash_withdrawal,atm,atm,PartnerATM,no_promo,9287.41,139.31,0.0,139.31,completed,no
TX-500483,2026-02-21,2026-02,13,CUST-00668,mass,Saint Petersburg,card_purchase,card_pos,cafe,CoffeePoint,no_promo,306.92,0.0,0.0,3.68,completed,no
TX-500484,2026-02-21,2026-02,12,CUST-00500,small_business,Saint Petersburg,transfer,mobile_app,p2p,P2P Transfer,no_promo,36234.17,108.7,0.0,108.7,completed,no
TX-500485,2026-02-21,2026-02,9,CUST-00349,mass,Kazan,card_purchase,card_pos,groceries,CityGrocery,no_promo,1652.27,0.0,0.0,13.22,completed,no
TX-500486,2026-02-21,2026-02,6,CUST-00645,mass,Saint Petersburg,transfer,branch,p2p,P2P Transfer,no_promo,35648.72,213.89,0.0,213.89,completed,no
TX-500487,2026-02-21,2026-02,4,CUST-00300,mass,Moscow,card_purchase,online,fuel,FastFuel,no_promo,2552.6,0.0,0.0,20.42,completed,no
TX-500488,2026-02-21,2026-02,7,CUST-00319,mass,Moscow,card_purchase,card_pos,cafe,CoffeePoint,no_promo,357.14,0.0,0.0,4.29,completed,no
TX-500489,2026-02-21,2026-02,11,CUST-00495,mass,Saint Petersburg,transfer,mobile_app,p2p,P2P Transfer,no_promo,7556.36,45.34,0.0,45.34,completed,no
TX-500490,2026-02-21,2026-02,12,CUST-00146,small_business,Yekaterinburg,card_purchase,online,cafe,UrbanCafe,no_promo,2625.45,0.0,0.0,31.51,completed,no
TX-500491,2026-02-21,2026-02,19,CUST-00269,mass,Kazan,card_purchase,card_pos,groceries,FreshMarket,no_promo,953.62,0.0,0.0,7.63,completed,no
TX-500492,2026-02-22,2026-02,11,CUST-00180,new,Nizhny Novgorod,card_purchase,card_pos,travel,FlyNow,no_promo,31987.9,0.0,0.0,511.81,completed,no
TX-500493,2026-02-22,2026-02,2,CUST-00722,mass,Saint Petersburg,transfer,mobile_app,p2p,P2P Transfer,no_promo,4205.58,25.23,0.0,25.23,completed,no
TX-500494,2026-02-22,2026-02,8,CUST-00629,mass,Moscow,card_purchase,online,electronics,TechStore,no_promo,20218.13,0.0,0.0,323.49,completed,no
TX-500495,2026-02-22,2026-02,7,CUST-00692,premium,Moscow,cash_withdrawal,atm,atm,PartnerATM,no_promo,17963.65,269.45,0.0,269.45,completed,no
TX-500496,2026-02-22,2026-02,17,CUST-00542,mass,Moscow,service_payment,branch,utilities,MobileTopUp,no_promo,1616.36,6.47,0.0,25.86,completed,no
TX-500497,2026-02-22,2026-02,16,CUST-00578,new,Moscow,card_purchase,online,fuel,FastFuel,no_promo,1616.7,0.0,0.0,12.93,completed,no
TX-500498,2026-02-22,2026-02,17,CUST-00723,mass,Moscow,card_purchase,online,electronics,TechStore,no_promo,20380.1,0.0,0.0,326.08,completed,no
TX-500499,2026-02-22,2026-02,8,CUST-00102,mass,Saint Petersburg,card_purchase,card_pos,cafe,UrbanCafe,no_promo,446.23,0.0,0.0,5.35,completed,no
TX-500500,2026-02-22,2026-02,12,CUST-00123,mass,Kazan,card_purchase,card_pos,groceries,FreshMarket,no_promo,1178.85,0.0,0.0,9.43,reversed,no
TX-500501,2026-02-22,2026-02,3,CUST-00198,premium,Moscow,service_payment,mobile_app,utilities,MobileTopUp,no_promo,1312.75,5.25,0.0,21.0,completed,no
TX-500502,2026-02-23,2026-02,14,CUST-00339,mass,Yekaterinburg,transfer,mobile_app,p2p,P2P Transfer,no_promo,6031.8,36.19,0.0,36.19,completed,no
TX-500503,2026-02-23,2026-02,20,CUST-00237,mass,Moscow,service_payment,mobile_app,utilities,UtilityPay,no_promo,2409.21,9.64,0.0,38.55,completed,no
TX-500504,2026-02-23,2026-02,18,CUST-00116,mass,Nizhny Novgorod,card_purchase,online,travel,FlyNow,no_promo,22574.54,0.0,0.0,361.19,completed,no
TX-500505,2026-02-23,2026-02,11,CUST-00608,mass,Saint Petersburg,transfer,mobile_app,p2p,P2P Transfer,no_promo,14738.71,88.43,0.0,88.43,completed,no
TX-500506,2026-02-23,2026-02,23,CUST-00634,mass,Moscow,card_purchase,mobile_app,groceries,DailyFood,no_promo,1501.46,0.0,0.0,12.01,completed,no
TX-500507,2026-02-23,2026-02,18,CUST-00436,mass,Kazan,transfer,mobile_app,p2p,P2P Transfer,no_promo,46989.96,281.94,0.0,281.94,completed,no
TX-500508,2026-02-23,2026-02,12,CUST-00330,mass,Moscow,card_purchase,online,groceries,CityGrocery,EVERYDAY2,1572.92,0.0,31.46,-18.88,completed,no
TX-500509,2026-02-23,2026-02,23,CUST-00390,mass,Moscow,card_purchase,online,groceries,DailyFood,no_promo,1230.52,0.0,0.0,9.84,completed,no
TX-500510,2026-02-23,2026-02,0,CUST-00750,mass,Moscow,transfer,mobile_app,p2p,P2P Transfer,no_promo,25414.0,152.48,0.0,152.48,completed,no
TX-500511,2026-02-23,2026-02,19,CUST-00081,mass,Nizhny Novgorod,card_purchase,card_pos,fuel,RoadOil,no_promo,3496.69,0.0,0.0,27.97,completed,no
TX-500512,2026-02-23,2026-02,23,CUST-00510,mass,Moscow,card_purchase,card_pos,fuel,RoadOil,no_promo,2657.95,0.0,0.0,21.26,completed,no
TX-500513,2026-02-23,2026-02,17,CUST-00557,premium,Kazan,card_purchase,online,electronics,GadgetPro,no_promo,78290.37,0.0,1174.36,78.29,completed,no
TX-500514,2026-02-24,2026-02,8,CUST-00774,mass,Moscow,card_purchase,card_pos,groceries,FreshMarket,EVERYDAY2,1710.22,0.0,34.2,-20.52,completed,no
TX-500515,2026-02-24,2026-02,16,CUST-00637,mass,Moscow,card_purchase,mobile_app,groceries,CityGrocery,no_promo,976.15,0.0,0.0,7.81,completed,no
TX-500516,2026-02-24,2026-02,12,CUST-00553,premium,Saint Petersburg,card_purchase,card_pos,groceries,CityGrocery,no_promo,2563.67,0.0,38.46,-17.95,completed,no
TX-500517,2026-02-24,2026-02,21,CUST-00622,mass,Yekaterinburg,transfer,mobile_app,p2p,P2P Transfer,no_promo,49441.11,296.65,0.0,296.65,completed,no
TX-500518,2026-02-24,2026-02,23,CUST-00064,mass,Moscow,card_purchase,online,electronics,ElectroMall,no_promo,16719.7,0.0,0.0,267.52,completed,no
TX-500519,2026-02-24,2026-02,20,CUST-00002,premium,Nizhny Novgorod,card_purchase,card_pos,online_services,CloudPlus,no_promo,1084.9,0.0,16.27,1.08,completed,no
TX-500520,2026-02-24,2026-02,11,CUST-00453,mass,Kazan,card_purchase,card_pos,fuel,FastFuel,no_promo,3570.22,0.0,0.0,28.56,completed,no
TX-500521,2026-02-24,2026-02,8,CUST-00019,mass,Kazan,card_purchase,mobile_app,fuel,RoadOil,EVERYDAY2,4231.05,0.0,84.62,-50.77,completed,no
TX-500522,2026-02-25,2026-02,17,CUST-00506,mass,Yekaterinburg,card_purchase,online,cafe,CoffeePoint,no_promo,378.1,0.0,0.0,4.54,completed,no
TX-500523,2026-02-25,2026-02,9,CUST-00337,mass,Moscow,card_purchase,card_pos,cafe,UrbanCafe,no_promo,450.19,0.0,0.0,5.4,completed,no
TX-500524,2026-02-25,2026-02,19,CUST-00234,mass,Yekaterinburg,card_purchase,card_pos,groceries,FreshMarket,no_promo,1697.7,0.0,0.0,13.58,completed,no
TX-500525,2026-02-25,2026-02,16,CUST-00281,new,Moscow,card_purchase,card_pos,cafe,UrbanCafe,no_promo,384.21,0.0,0.0,4.61,completed,no
TX-500526,2026-02-25,2026-02,12,CUST-00461,mass,Nizhny Novgorod,card_purchase,card_pos,travel,HotelHub,no_promo,22613.29,0.0,0.0,361.81,completed,no
TX-500527,2026-02-25,2026-02,9,CUST-00028,small_business,Saint Petersburg,card_purchase,online,online_services,GameMarket,no_promo,4041.02,0.0,0.0,64.66,completed,no
TX-500528,2026-02-25,2026-02,10,CUST-00509,mass,Saint Petersburg,card_purchase,online,online_services,GameMarket,no_promo,913.74,0.0,0.0,14.62,completed,no
TX-500529,2026-02-25,2026-02,8,CUST-00175,small_business,Moscow,cash_withdrawal,atm,atm,PartnerATM,no_promo,18693.76,280.41,0.0,280.41,completed,no
TX-500530,2026-02-25,2026-02,8,CUST-00626,mass,Saint Petersburg,card_purchase,card_pos,fuel,FastFuel,EVERYDAY2,1996.77,0.0,39.94,-23.96,completed,no
TX-500531,2026-02-25,2026-02,4,CUST-00070,mass,Moscow,card_purchase,card_pos,groceries,DailyFood,EVERYDAY2,1006.79,0.0,20.14,-12.08,completed,no
TX-500532,2026-02-26,2026-02,10,CUST-00642,mass,Saint Petersburg,transfer,mobile_app,p2p,P2P Transfer,no_promo,27931.56,167.59,0.0,167.59,completed,no
TX-500533,2026-02-26,2026-02,13,CUST-00295,mass,Moscow,card_purchase,online,cafe,CoffeePoint,no_promo,576.14,0.0,0.0,6.91,completed,no
TX-500534,2026-02-26,2026-02,15,CUST-00453,mass,Saint Petersburg,service_payment,mobile_app,utilities,MobileTopUp,no_promo,448.18,1.79,0.0,7.17,completed,no
TX-500535,2026-02-26,2026-02,7,CUST-00086,new,Saint Petersburg,card_purchase,mobile_app,groceries,CityGrocery,no_promo,1356.99,0.0,0.0,10.86,completed,no
TX-500536,2026-02-26,2026-02,16,CUST-00256,premium,Moscow,card_purchase,card_pos,groceries,CityGrocery,no_promo,2130.97,0.0,31.96,-14.92,completed,no
TX-500537,2026-02-26,2026-02,8,CUST-00263,mass,Moscow,card_purchase,online,groceries,CityGrocery,no_promo,1738.51,0.0,0.0,13.91,completed,no
TX-500538,2026-02-26,2026-02,10,CUST-00024,premium,Nizhny Novgorod,card_purchase,card_pos,groceries,FreshMarket,no_promo,2518.82,0.0,37.78,-17.63,completed,no
TX-500539,2026-02-27,2026-02,8,CUST-00401,mass,Saint Petersburg,transfer,mobile_app,p2p,P2P Transfer,no_promo,3653.36,21.92,0.0,21.92,completed,no
TX-500540,2026-02-27,2026-02,4,CUST-00148,new,Kazan,card_purchase,online,online_services,StreamBox,no_promo,284.63,0.0,0.0,4.55,completed,no
TX-500541,2026-02-27,2026-02,16,CUST-00460,new,Moscow,service_payment,mobile_app,utilities,MobileTopUp,no_promo,414.25,1.66,0.0,6.63,completed,no
TX-500542,2026-02-27,2026-02,0,CUST-00377,mass,Saint Petersburg,card_purchase,card_pos,electronics,ElectroMall,no_promo,11145.17,0.0,0.0,178.32,completed,no
TX-500543,2026-02-27,2026-02,7,CUST-00627,mass,Nizhny Novgorod,card_purchase,card_pos,groceries,FreshMarket,no_promo,1829.42,0.0,0.0,14.64,completed,no
TX-500544,2026-02-27,2026-02,2,CUST-00729,new,Yekaterinburg,card_purchase,card_pos,groceries,DailyFood,no_promo,660.35,0.0,0.0,5.28,completed,no
TX-500545,2026-02-27,2026-02,21,CUST-00319,mass,Moscow,card_purchase,mobile_app,groceries,DailyFood,no_promo,785.52,0.0,0.0,6.28,completed,no
TX-500546,2026-02-27,2026-02,21,CUST-00710,new,Saint Petersburg,service_payment,mobile_app,utilities,UtilityPay,no_promo,2402.89,9.61,0.0,38.45,completed,no
TX-500547,2026-02-27,2026-02,14,CUST-00471,mass,Moscow,card_purchase,online,groceries,CityGrocery,no_promo,1156.59,0.0,0.0,9.25,completed,no
TX-500548,2026-02-27,2026-02,7,CUST-00312,mass,Moscow,transfer,mobile_app,p2p,P2P Transfer,no_promo,12774.41,76.65,0.0,76.65,completed,no
TX-500549,2026-02-27,2026-02,17,CUST-00475,premium,Kazan,card_purchase,card_pos,fuel,FastFuel,EVERYDAY2,4616.53,0.0,92.33,-55.4,completed,no
TX-500550,2026-02-27,2026-02,15,CUST-00661,mass,Moscow,card_purchase,online,electronics,TechStore,no_promo,26820.41,0.0,0.0,429.13,completed,no
TX-500551,2026-02-27,2026-02,6,CUST-00560,mass,Saint Petersburg,card_purchase,card_pos,groceries,DailyFood,no_promo,1603.61,0.0,0.0,12.83,completed,no
TX-500552,2026-02-27,2026-02,13,CUST-00241,mass,Saint Petersburg,card_purchase,online,online_services,StreamBox,no_promo,599.46,0.0,0.0,9.59,completed,no
TX-500553,2026-02-27,2026-02,10,CUST-00451,mass,Moscow,transfer,mobile_app,p2p,P2P Transfer,no_promo,43449.2,260.7,0.0,260.7,completed,no
TX-500554,2026-02-27,2026-02,11,CUST-00160,mass,Moscow,cash_withdrawal,atm,atm,OwnATM,no_promo,14723.72,0,0.0,0.0,completed,no
TX-500555,2026-02-27,2026-02,9,CUST-00291,mass,Saint Petersburg,transfer,mobile_app,p2p,P2P Transfer,no_promo,13187.91,79.13,0.0,79.13,completed,no
TX-500556,2026-02-27,2026-02,12,CUST-00351,mass,Kazan,card_purchase,mobile_app,cafe,CoffeePoint,no_promo,377.74,0.0,0.0,4.53,completed,no
TX-500557,2026-02-28,2026-02,16,CUST-00724,mass,Moscow,card_purchase,mobile_app,groceries,FreshMarket,no_promo,1782.83,0.0,0.0,0.0,declined,no
TX-500558,2026-02-28,2026-02,11,CUST-00231,mass,Moscow,card_purchase,online,online_services,CloudPlus,no_promo,460.48,0.0,0.0,7.37,completed,no
TX-500559,2026-02-28,2026-02,18,CUST-00137,mass,Saint Petersburg,card_purchase,mobile_app,cafe,CoffeePoint,no_promo,469.09,0.0,0.0,5.63,completed,no
TX-500560,2026-02-28,2026-02,11,CUST-00194,premium,Yekaterinburg,card_purchase,mobile_app,groceries,DailyFood,no_promo,1672.81,0.0,25.09,-11.71,completed,no
TX-500561,2026-02-28,2026-02,14,CUST-00206,new,Moscow,transfer,mobile_app,p2p,P2P Transfer,no_promo,27443.76,164.66,0.0,164.66,completed,no
TX-500562,2026-02-28,2026-02,12,CUST-00030,mass,Saint Petersburg,transfer,mobile_app,p2p,P2P Transfer,no_promo,6426.95,38.56,0.0,38.56,completed,no
TX-500563,2026-02-28,2026-02,11,CUST-00434,new,Yekaterinburg,card_purchase,online,groceries,CityGrocery,no_promo,962.88,0.0,0.0,7.7,completed,no
TX-500564,2026-02-28,2026-02,14,CUST-00347,mass,Moscow,card_purchase,card_pos,groceries,FreshMarket,EVERYDAY2,1456.15,0.0,29.12,-17.47,completed,no
TX-500565,2026-02-28,2026-02,17,CUST-00031,mass,Saint Petersburg,card_purchase,card_pos,cafe,UrbanCafe,no_promo,464.03,0.0,0.0,5.57,completed,no
TX-500566,2026-02-28,2026-02,8,CUST-00306,mass,Moscow,card_purchase,online,groceries,DailyFood,EVERYDAY2,1265.78,0.0,25.32,-15.19,completed,no
TX-500567,2026-02-28,2026-02,15,CUST-00544,mass,Nizhny Novgorod,card_purchase,card_pos,groceries,DailyFood,EVERYDAY2,1144.67,0.0,22.89,-13.74,completed,no
TX-500568,2026-02-28,2026-02,16,CUST-00122,new,Moscow,card_purchase,online,cafe,CoffeePoint,no_promo,647.01,0.0,0.0,7.76,completed,no
TX-500569,2026-02-28,2026-02,15,CUST-00250,small_business,Moscow,cash_withdrawal,atm,atm,OwnATM,no_promo,14069.79,0,0.0,0.0,completed,no
TX-500570,2026-02-28,2026-02,2,CUST-00150,mass,Yekaterinburg,cash_withdrawal,atm,atm,PartnerATM,no_promo,4965.91,90,0.0,90.0,completed,no
TX-500571,2026-02-28,2026-02,15,CUST-00456,mass,Nizhny Novgorod,transfer,mobile_app,p2p,P2P Transfer,no_promo,31467.7,188.81,0.0,188.81,completed,no
TX-500572,2026-02-28,2026-02,14,CUST-00469,mass,Nizhny Novgorod,transfer,mobile_app,p2p,P2P Transfer,no_promo,16295.64,97.77,0.0,97.77,completed,no
TX-500573,2026-03-01,2026-03,9,CUST-00660,mass,Yekaterinburg,transfer,mobile_app,p2p,P2P Transfer,no_promo,1779.53,20,0.0,20.0,completed,no
TX-500574,2026-03-01,2026-03,16,CUST-00286,mass,Moscow,cash_withdrawal,atm,atm,OwnATM,no_promo,17651.24,0,0.0,0.0,completed,no
TX-500575,2026-03-01,2026-03,7,CUST-00256,mass,Moscow,transfer,mobile_app,p2p,P2P Transfer,no_promo,50086.41,300.52,0.0,300.52,completed,no
TX-500576,2026-03-01,2026-03,9,CUST-00090,small_business,Saint Petersburg,card_purchase,card_pos,groceries,CityGrocery,no_promo,3011.96,0.0,0.0,24.1,completed,no
TX-500577,2026-03-01,2026-03,5,CUST-00408,mass,Moscow,service_payment,mobile_app,utilities,MobileTopUp,no_promo,456.13,1.82,0.0,7.3,completed,no
TX-500578,2026-03-01,2026-03,10,CUST-00367,premium,Saint Petersburg,card_purchase,card_pos,groceries,CityGrocery,no_promo,2714.65,0.0,40.72,-19.0,completed,no
TX-500579,2026-03-01,2026-03,22,CUST-00107,small_business,Kazan,card_purchase,online,fuel,FastFuel,no_promo,9116.94,0.0,0.0,72.94,completed,no
TX-500580,2026-03-01,2026-03,21,CUST-00618,new,Moscow,card_purchase,card_pos,fuel,FastFuel,no_promo,2799.64,0.0,0.0,22.4,completed,no
TX-500581,2026-03-01,2026-03,16,CUST-00005,mass,Moscow,service_payment,mobile_app,utilities,UtilityPay,no_promo,2621.83,10.49,0.0,41.95,completed,no
TX-500582,2026-03-01,2026-03,10,CUST-00417,mass,Kazan,transfer,mobile_app,p2p,P2P Transfer,no_promo,38162.15,228.97,0.0,228.97,completed,no
TX-500583,2026-03-01,2026-03,21,CUST-00778,mass,Moscow,transfer,mobile_app,p2p,P2P Transfer,no_promo,41151.81,246.91,0.0,246.91,completed,no
TX-500584,2026-03-01,2026-03,13,CUST-00688,new,Moscow,transfer,mobile_app,p2p,P2P Transfer,no_promo,42685.45,256.11,0.0,256.11,completed,no
TX-500585,2026-03-01,2026-03,21,CUST-00444,new,Saint Petersburg,card_purchase,online,groceries,DailyFood,no_promo,908.47,0.0,0.0,7.27,completed,no
TX-500586,2026-03-02,2026-03,13,CUST-00541,mass,Moscow,card_purchase,card_pos,fuel,FastFuel,no_promo,4182.67,0.0,0.0,0.0,declined,yes
TX-500587,2026-03-02,2026-03,21,CUST-00053,mass,Saint Petersburg,card_purchase,online,groceries,DailyFood,no_promo,987.56,0.0,0.0,7.9,completed,no
TX-500588,2026-03-02,2026-03,16,CUST-00249,mass,Nizhny Novgorod,card_purchase,card_pos,fuel,RoadOil,no_promo,5450.84,0.0,0.0,43.61,completed,no
TX-500589,2026-03-02,2026-03,0,CUST-00742,mass,Moscow,card_purchase,online,groceries,DailyFood,no_promo,1100.57,0.0,0.0,8.8,completed,no
TX-500590,2026-03-02,2026-03,22,CUST-00138,new,Saint Petersburg,card_purchase,online,travel,RailTrip,no_promo,6005.92,0.0,0.0,96.09,completed,no
TX-500591,2026-03-02,2026-03,17,CUST-00117,new,Moscow,card_purchase,card_pos,travel,RailTrip,no_promo,6066.72,0.0,0.0,97.07,completed,no
TX-500592,2026-03-02,2026-03,15,CUST-00417,mass,Nizhny Novgorod,card_purchase,online,groceries,CityGrocery,no_promo,1376.46,0.0,0.0,11.01,completed,no
TX-500593,2026-03-02,2026-03,21,CUST-00019,new,Nizhny Novgorod,card_purchase,card_pos,cafe,UrbanCafe,no_promo,528.94,0.0,0.0,6.35,completed,no
TX-500594,2026-03-02,2026-03,9,CUST-00358,new,Saint Petersburg,card_purchase,online,electronics,TechStore,no_promo,17504.85,0.0,0.0,280.08,completed,no
TX-500595,2026-03-02,2026-03,10,CUST-00185,mass,Kazan,card_purchase,card_pos,online_services,StreamBox,no_promo,366.51,0.0,0.0,5.86,completed,no
TX-500596,2026-03-02,2026-03,6,CUST-00307,new,Saint Petersburg,card_purchase,card_pos,cafe,UrbanCafe,no_promo,518.41,0.0,0.0,6.22,completed,no
TX-500597,2026-03-02,2026-03,21,CUST-00533,premium,Nizhny Novgorod,card_purchase,online,electronics,GadgetPro,no_promo,58922.31,0.0,883.83,58.92,completed,no
TX-500598,2026-03-02,2026-03,11,CUST-00408,mass,Kazan,card_purchase,online,online_services,StreamBox,no_promo,731.05,0.0,0.0,11.7,completed,no
TX-500599,2026-03-02,2026-03,8,CUST-00221,mass,Kazan,transfer,mobile_app,p2p,P2P Transfer,no_promo,47804.24,286.83,0.0,286.83,completed,no
TX-500600,2026-03-03,2026-03,19,CUST-00174,small_business,Moscow,transfer,mobile_app,p2p,P2P Transfer,BUSINESS_FEE0,69837.99,0,0.0,0.0,completed,no
TX-500601,2026-03-03,2026-03,19,CUST-00154,new,Nizhny Novgorod,card_purchase,online,travel,RailTrip,no_promo,5581.53,0.0,0.0,89.3,completed,no
TX-500602,2026-03-03,2026-03,18,CUST-00729,mass,Moscow,card_purchase,online,groceries,FreshMarket,EVERYDAY2,1860.68,0.0,37.21,-22.33,completed,no
TX-500603,2026-03-03,2026-03,11,CUST-00562,small_business,Moscow,card_purchase,online,groceries,DailyFood,no_promo,2595.56,0.0,0.0,20.76,completed,no
TX-500604,2026-03-04,2026-03,8,CUST-00533,new,Kazan,card_purchase,card_pos,groceries,DailyFood,no_promo,1023.66,0.0,0.0,8.19,completed,no
TX-500605,2026-03-04,2026-03,11,CUST-00607,mass,Saint Petersburg,card_purchase,card_pos,groceries,CityGrocery,no_promo,1907.42,0.0,0.0,15.26,completed,no
TX-500606,2026-03-04,2026-03,14,CUST-00635,mass,Nizhny Novgorod,card_purchase,card_pos,cafe,UrbanCafe,no_promo,814.17,0.0,0.0,9.77,completed,no
TX-500607,2026-03-04,2026-03,22,CUST-00703,premium,Moscow,card_purchase,online,electronics,GadgetPro,no_promo,57902.97,0.0,868.54,57.9,completed,no
TX-500608,2026-03-04,2026-03,18,CUST-00672,new,Moscow,cash_withdrawal,atm,atm,PartnerATM,no_promo,12322.67,184.84,0.0,184.84,completed,no
TX-500609,2026-03-04,2026-03,17,CUST-00777,mass,Moscow,card_purchase,card_pos,groceries,DailyFood,no_promo,972.67,0.0,0.0,7.78,completed,no
TX-500610,2026-03-04,2026-03,8,CUST-00201,mass,Saint Petersburg,card_purchase,card_pos,cafe,CoffeePoint,no_promo,573.29,0.0,0.0,6.88,completed,no
TX-500611,2026-03-04,2026-03,17,CUST-00485,mass,Yekaterinburg,cash_withdrawal,atm,atm,OwnATM,no_promo,5910.98,0,0.0,0.0,completed,no
TX-500612,2026-03-04,2026-03,6,CUST-00046,new,Moscow,card_purchase,online,groceries,FreshMarket,no_promo,1540.12,0.0,0.0,12.32,completed,no
TX-500613,2026-03-04,2026-03,9,CUST-00419,mass,Nizhny Novgorod,card_purchase,online,online_services,StreamBox,no_promo,745.41,0.0,0.0,11.93,completed,no
TX-500614,2026-03-04,2026-03,21,CUST-00138,mass,Nizhny Novgorod,card_purchase,card_pos,groceries,CityGrocery,EVERYDAY2,1586.17,0.0,0.0,0.0,declined,no
TX-500615,2026-03-04,2026-03,6,CUST-00444,mass,Nizhny Novgorod,transfer,mobile_app,p2p,P2P Transfer,no_promo,24840.3,149.04,0.0,149.04,completed,no
TX-500616,2026-03-04,2026-03,9,CUST-00498,mass,Kazan,card_purchase,online,online_services,GameMarket,no_promo,1586.88,0.0,0.0,25.39,completed,no
TX-500617,2026-03-04,2026-03,10,CUST-00398,mass,Moscow,transfer,mobile_app,p2p,P2P Transfer,no_promo,8385.86,50.32,0.0,50.32,completed,no
TX-500618,2026-03-04,2026-03,23,CUST-00618,mass,Nizhny Novgorod,card_purchase,mobile_app,groceries,DailyFood,EVERYDAY2,1279.72,0.0,25.59,-15.36,completed,no
TX-500619,2026-03-04,2026-03,19,CUST-00511,mass,Saint Petersburg,card_purchase,online,travel,FlyNow,no_promo,60423.34,0.0,0.0,966.77,completed,no
TX-500620,2026-03-04,2026-03,19,CUST-00126,new,Kazan,cash_withdrawal,atm,atm,PartnerATM,no_promo,24000.95,360.01,0.0,360.01,completed,no
TX-500621,2026-03-05,2026-03,16,CUST-00469,mass,Nizhny Novgorod,card_purchase,online,cafe,UrbanCafe,no_promo,833.73,0.0,0.0,10.0,completed,no
TX-500622,2026-03-05,2026-03,9,CUST-00615,premium,Saint Petersburg,card_purchase,card_pos,groceries,CityGrocery,no_promo,3416.0,0.0,51.24,-23.91,completed,no
TX-500623,2026-03-05,2026-03,9,CUST-00485,small_business,Moscow,card_purchase,card_pos,cafe,CoffeePoint,no_promo,989.1,0.0,0.0,11.87,reversed,no
TX-500624,2026-03-05,2026-03,17,CUST-00582,mass,Moscow,card_purchase,card_pos,online_services,StreamBox,no_promo,640.39,0.0,0.0,10.25,completed,no
TX-500625,2026-03-05,2026-03,9,CUST-00181,mass,Saint Petersburg,card_purchase,card_pos,fuel,RoadOil,no_promo,2698.93,0.0,0.0,21.59,completed,no
TX-500626,2026-03-05,2026-03,19,CUST-00495,premium,Kazan,cash_withdrawal,atm,atm,OwnATM,no_promo,7893.34,0,0.0,0.0,completed,no
TX-500627,2026-03-05,2026-03,16,CUST-00690,mass,Moscow,card_purchase,online,groceries,DailyFood,EVERYDAY2,1429.63,0.0,28.59,-17.16,completed,no
TX-500628,2026-03-05,2026-03,21,CUST-00019,premium,Kazan,service_payment,mobile_app,utilities,UtilityPay,no_promo,4021.2,16.08,0.0,64.34,completed,no
TX-500629,2026-03-05,2026-03,13,CUST-00266,new,Yekaterinburg,card_purchase,mobile_app,groceries,DailyFood,no_promo,1230.5,0.0,0.0,9.84,completed,no
TX-500630,2026-03-05,2026-03,0,CUST-00660,small_business,Saint Petersburg,card_purchase,online,travel,RailTrip,no_promo,12056.35,0.0,0.0,192.9,reversed,no
TX-500631,2026-03-05,2026-03,17,CUST-00673,mass,Kazan,card_purchase,online,cafe,UrbanCafe,no_promo,617.29,0.0,0.0,7.41,completed,no
TX-500632,2026-03-06,2026-03,10,CUST-00587,mass,Kazan,transfer,mobile_app,p2p,P2P Transfer,no_promo,23795.36,142.77,0.0,142.77,completed,no
TX-500633,2026-03-06,2026-03,21,CUST-00242,mass,Saint Petersburg,card_purchase,mobile_app,groceries,FreshMarket,no_promo,1471.99,0.0,0.0,11.78,completed,no
TX-500634,2026-03-06,2026-03,18,CUST-00656,mass,Yekaterinburg,card_purchase,mobile_app,cafe,UrbanCafe,no_promo,541.85,0.0,0.0,6.5,completed,no
TX-500635,2026-03-06,2026-03,10,CUST-00539,new,Yekaterinburg,card_purchase,card_pos,fuel,FastFuel,no_promo,2010.96,0.0,0.0,16.09,completed,no
TX-500636,2026-03-06,2026-03,13,CUST-00739,mass,Moscow,card_purchase,card_pos,groceries,DailyFood,no_promo,1142.29,0.0,0.0,9.14,completed,no
TX-500637,2026-03-06,2026-03,16,CUST-00513,mass,Saint Petersburg,card_purchase,online,groceries,FreshMarket,no_promo,1752.0,0.0,0.0,14.02,completed,no
TX-500638,2026-03-06,2026-03,11,CUST-00616,small_business,Saint Petersburg,cash_withdrawal,atm,atm,PartnerATM,no_promo,71591.77,1073.88,0.0,1073.88,completed,no
TX-500639,2026-03-06,2026-03,20,CUST-00435,new,Saint Petersburg,transfer,mobile_app,p2p,P2P Transfer,no_promo,15016.2,90.1,0.0,90.1,completed,no
TX-500640,2026-03-06,2026-03,20,CUST-00184,small_business,Kazan,service_payment,mobile_app,utilities,MobileTopUp,no_promo,1125.91,0.0,0.0,0.0,declined,no
TX-500641,2026-03-06,2026-03,17,CUST-00392,mass,Moscow,card_purchase,mobile_app,travel,RailTrip,no_promo,5657.58,0.0,0.0,90.52,completed,no
TX-500642,2026-03-06,2026-03,18,CUST-00397,new,Yekaterinburg,service_payment,mobile_app,utilities,MobileTopUp,no_promo,428.46,1.71,0.0,6.86,completed,no
TX-500643,2026-03-06,2026-03,8,CUST-00569,mass,Moscow,card_purchase,card_pos,cafe,CoffeePoint,no_promo,570.68,0.0,0.0,6.85,completed,no
TX-500644,2026-03-06,2026-03,14,CUST-00142,mass,Moscow,card_purchase,online,groceries,CityGrocery,EVERYDAY2,1458.68,0.0,29.17,-17.5,completed,no
TX-500645,2026-03-06,2026-03,10,CUST-00731,mass,Yekaterinburg,card_purchase,card_pos,cafe,CoffeePoint,no_promo,329.44,0.0,0.0,3.95,completed,no
TX-500646,2026-03-06,2026-03,13,CUST-00096,mass,Moscow,service_payment,branch,utilities,UtilityPay,no_promo,4450.49,17.8,0.0,71.21,completed,no
TX-500647,2026-03-06,2026-03,1,CUST-00139,mass,Nizhny Novgorod,service_payment,mobile_app,utilities,MobileTopUp,no_promo,963.26,3.85,0.0,15.41,completed,no
TX-500648,2026-03-06,2026-03,12,CUST-00006,mass,Moscow,card_purchase,card_pos,groceries,DailyFood,EVERYDAY2,685.36,0.0,13.71,-8.22,completed,no
TX-500649,2026-03-06,2026-03,21,CUST-00674,mass,Saint Petersburg,card_purchase,online,fuel,FastFuel,no_promo,2528.65,0.0,0.0,20.23,completed,no
TX-500650,2026-03-06,2026-03,22,CUST-00728,mass,Saint Petersburg,cash_withdrawal,atm,atm,OwnATM,no_promo,12666.02,0,0.0,0.0,completed,no
TX-500651,2026-03-07,2026-03,4,CUST-00533,new,Moscow,card_purchase,online,online_services,StreamBox,no_promo,516.04,0.0,0.0,8.26,completed,no
TX-500652,2026-03-07,2026-03,2,CUST-00487,new,Kazan,card_purchase,mobile_app,cafe,CoffeePoint,no_promo,279.69,0.0,0.0,3.36,completed,no
TX-500653,2026-03-07,2026-03,15,CUST-00131,mass,Nizhny Novgorod,card_purchase,card_pos,online_services,CloudPlus,no_promo,435.99,0.0,0.0,6.98,completed,no
TX-500654,2026-03-07,2026-03,22,CUST-00278,premium,Moscow,card_purchase,online,electronics,TechStore,no_promo,66153.19,0.0,992.3,66.15,completed,no
TX-500655,2026-03-07,2026-03,9,CUST-00688,mass,Moscow,transfer,mobile_app,p2p,P2P Transfer,no_promo,38769.5,232.62,0.0,232.62,completed,no
TX-500656,2026-03-07,2026-03,5,CUST-00549,small_business,Nizhny Novgorod,card_purchase,mobile_app,travel,RailTrip,no_promo,13205.38,0.0,0.0,211.29,completed,no
TX-500657,2026-03-07,2026-03,17,CUST-00207,mass,Kazan,card_purchase,card_pos,groceries,FreshMarket,EVERYDAY2,1230.94,0.0,24.62,-14.77,completed,no
TX-500658,2026-03-07,2026-03,18,CUST-00672,mass,Kazan,card_purchase,card_pos,groceries,CityGrocery,no_promo,1789.62,0.0,0.0,14.32,completed,no
TX-500659,2026-03-07,2026-03,16,CUST-00672,mass,Moscow,card_purchase,card_pos,groceries,FreshMarket,no_promo,1336.51,0.0,0.0,10.69,completed,no
TX-500660,2026-03-08,2026-03,22,CUST-00231,mass,Moscow,card_purchase,online,groceries,DailyFood,no_promo,948.35,0.0,0.0,7.59,completed,no
TX-500661,2026-03-08,2026-03,3,CUST-00664,mass,Yekaterinburg,card_purchase,online,fuel,RoadOil,no_promo,3212.71,0.0,0.0,25.7,completed,no
TX-500662,2026-03-08,2026-03,14,CUST-00046,new,Moscow,card_purchase,card_pos,groceries,CityGrocery,no_promo,1125.34,0.0,0.0,9.0,completed,no
TX-500663,2026-03-08,2026-03,20,CUST-00596,mass,Moscow,card_purchase,card_pos,groceries,FreshMarket,EVERYDAY2,1319.01,0.0,26.38,-15.83,completed,no
TX-500664,2026-03-08,2026-03,13,CUST-00473,small_business,Kazan,card_purchase,card_pos,groceries,FreshMarket,no_promo,5024.3,0.0,0.0,40.19,completed,no
TX-500665,2026-03-08,2026-03,8,CUST-00203,mass,Kazan,card_purchase,card_pos,cafe,UrbanCafe,no_promo,902.26,0.0,0.0,10.83,completed,no
TX-500666,2026-03-08,2026-03,8,CUST-00254,mass,Moscow,card_purchase,online,cafe,UrbanCafe,no_promo,647.61,0.0,0.0,7.77,completed,no
TX-500667,2026-03-08,2026-03,1,CUST-00416,mass,Moscow,cash_withdrawal,atm,atm,OwnATM,no_promo,12384.84,0,0.0,0.0,completed,no
TX-500668,2026-03-08,2026-03,7,CUST-00649,premium,Saint Petersburg,service_payment,mobile_app,utilities,MobileTopUp,no_promo,1811.54,7.25,0.0,28.98,completed,no
TX-500669,2026-03-08,2026-03,22,CUST-00667,new,Saint Petersburg,card_purchase,mobile_app,fuel,RoadOil,no_promo,3351.52,0.0,0.0,26.81,completed,no
TX-500670,2026-03-08,2026-03,9,CUST-00083,new,Yekaterinburg,transfer,mobile_app,p2p,P2P Transfer,no_promo,32935.79,197.61,0.0,197.61,completed,no
TX-500671,2026-03-09,2026-03,17,CUST-00753,mass,Moscow,transfer,mobile_app,p2p,P2P Transfer,no_promo,5607.81,33.65,0.0,33.65,completed,no
TX-500672,2026-03-09,2026-03,20,CUST-00761,small_business,Moscow,card_purchase,card_pos,groceries,DailyFood,no_promo,2241.32,0.0,0.0,17.93,completed,no
TX-500673,2026-03-09,2026-03,17,CUST-00594,mass,Saint Petersburg,card_purchase,online,electronics,ElectroMall,no_promo,20419.43,0.0,0.0,326.71,completed,no
TX-500674,2026-03-09,2026-03,2,CUST-00259,mass,Moscow,card_purchase,online,online_services,CloudPlus,no_promo,362.7,0.0,0.0,5.8,completed,no
TX-500675,2026-03-09,2026-03,8,CUST-00146,small_business,Saint Petersburg,card_purchase,online,fuel,FastFuel,no_promo,11789.93,0.0,0.0,94.32,completed,no
TX-500676,2026-03-09,2026-03,15,CUST-00373,small_business,Saint Petersburg,card_purchase,online,electronics,GadgetPro,no_promo,59853.08,0.0,0.0,957.65,completed,no
TX-500677,2026-03-09,2026-03,11,CUST-00549,mass,Saint Petersburg,cash_withdrawal,atm,atm,OwnATM,no_promo,6115.17,0,0.0,0.0,completed,no
TX-500678,2026-03-09,2026-03,17,CUST-00643,mass,Moscow,card_purchase,mobile_app,groceries,DailyFood,no_promo,833.6,0.0,0.0,6.67,completed,no
TX-500679,2026-03-09,2026-03,4,CUST-00777,small_business,Moscow,card_purchase,online,online_services,StreamBox,no_promo,1578.21,0.0,0.0,25.25,completed,no
TX-500680,2026-03-09,2026-03,15,CUST-00730,mass,Saint Petersburg,card_purchase,card_pos,fuel,RoadOil,EVERYDAY2,4107.91,0.0,82.16,-49.29,completed,no
TX-500681,2026-03-09,2026-03,22,CUST-00613,mass,Yekaterinburg,card_purchase,online,electronics,ElectroMall,no_promo,6864.18,0.0,0.0,109.83,completed,no
TX-500682,2026-03-09,2026-03,22,CUST-00467,premium,Saint Petersburg,card_purchase,online,online_services,StreamBox,no_promo,962.68,0.0,14.44,0.96,completed,no
TX-500683,2026-03-10,2026-03,16,CUST-00366,new,Saint Petersburg,card_purchase,card_pos,groceries,FreshMarket,no_promo,870.35,0.0,0.0,6.96,completed,no
TX-500684,2026-03-10,2026-03,21,CUST-00004,premium,Saint Petersburg,card_purchase,mobile_app,cafe,CoffeePoint,no_promo,1434.66,0.0,21.52,-4.3,completed,no
TX-500685,2026-03-10,2026-03,13,CUST-00644,mass,Yekaterinburg,service_payment,mobile_app,utilities,MobileTopUp,no_promo,1095.42,4.38,0.0,17.53,completed,no
TX-500686,2026-03-10,2026-03,14,CUST-00054,new,Moscow,card_purchase,card_pos,groceries,CityGrocery,no_promo,1045.87,0.0,0.0,8.37,completed,no
TX-500687,2026-03-10,2026-03,19,CUST-00048,premium,Yekaterinburg,card_purchase,online,online_services,StreamBox,no_promo,1426.11,0.0,21.39,1.43,completed,no
TX-500688,2026-03-10,2026-03,16,CUST-00334,premium,Moscow,transfer,mobile_app,p2p,P2P Transfer,no_promo,101973.86,305.92,0.0,305.92,completed,no
TX-500689,2026-03-10,2026-03,17,CUST-00649,mass,Moscow,card_purchase,card_pos,cafe,CoffeePoint,no_promo,725.35,0.0,0.0,8.7,completed,no
TX-500690,2026-03-10,2026-03,3,CUST-00480,mass,Kazan,card_purchase,card_pos,online_services,CloudPlus,no_promo,724.56,0.0,0.0,11.59,completed,no
TX-500691,2026-03-10,2026-03,10,CUST-00202,mass,Saint Petersburg,card_purchase,online,online_services,StreamBox,no_promo,875.84,0.0,0.0,14.01,completed,no
TX-500692,2026-03-10,2026-03,10,CUST-00433,mass,Moscow,card_purchase,online,travel,HotelHub,no_promo,31182.3,0.0,0.0,498.92,completed,no
TX-500693,2026-03-11,2026-03,11,CUST-00343,new,Moscow,card_purchase,mobile_app,online_services,CloudPlus,no_promo,201.59,0.0,0.0,3.23,completed,no
TX-500694,2026-03-11,2026-03,14,CUST-00197,mass,Kazan,card_purchase,online,cafe,CoffeePoint,no_promo,823.64,0.0,0.0,9.88,completed,no
TX-500695,2026-03-11,2026-03,17,CUST-00378,new,Moscow,card_purchase,card_pos,cafe,CoffeePoint,no_promo,373.09,0.0,0.0,4.48,completed,no
TX-500696,2026-03-11,2026-03,8,CUST-00474,small_business,Moscow,card_purchase,card_pos,groceries,FreshMarket,no_promo,4952.32,0.0,0.0,39.62,completed,no
TX-500697,2026-03-11,2026-03,22,CUST-00334,mass,Saint Petersburg,card_purchase,card_pos,groceries,FreshMarket,no_promo,1150.29,0.0,0.0,9.2,completed,no
TX-500698,2026-03-11,2026-03,17,CUST-00552,premium,Moscow,service_payment,mobile_app,utilities,MobileTopUp,no_promo,1081.36,4.33,0.0,17.3,completed,no
TX-500699,2026-03-11,2026-03,23,CUST-00711,mass,Moscow,card_purchase,online,cafe,UrbanCafe,no_promo,816.17,0.0,0.0,9.79,completed,no
TX-500700,2026-03-11,2026-03,9,CUST-00556,new,Yekaterinburg,card_purchase,online,fuel,RoadOil,no_promo,3204.18,0.0,0.0,25.63,completed,no
TX-500701,2026-03-11,2026-03,2,CUST-00575,mass,Saint Petersburg,card_purchase,online,online_services,CloudPlus,no_promo,1165.58,0.0,0.0,18.65,completed,no
TX-500702,2026-03-11,2026-03,13,CUST-00289,premium,Saint Petersburg,service_payment,mobile_app,utilities,UtilityPay,no_promo,10334.73,41.34,0.0,165.36,completed,no
TX-500703,2026-03-12,2026-03,8,CUST-00636,mass,Kazan,card_purchase,mobile_app,online_services,StreamBox,no_promo,369.42,0.0,0.0,5.91,completed,no
TX-500704,2026-03-12,2026-03,6,CUST-00776,mass,Moscow,service_payment,mobile_app,utilities,UtilityPay,no_promo,5455.16,21.82,0.0,87.28,completed,no
TX-500705,2026-03-12,2026-03,10,CUST-00151,mass,Kazan,card_purchase,card_pos,cafe,UrbanCafe,no_promo,455.44,0.0,0.0,5.47,completed,no
TX-500706,2026-03-12,2026-03,3,CUST-00575,mass,Kazan,card_purchase,online,online_services,StreamBox,no_promo,488.36,0.0,0.0,7.81,completed,no
TX-500707,2026-03-12,2026-03,3,CUST-00234,premium,Kazan,card_purchase,online,groceries,FreshMarket,no_promo,2408.36,0.0,36.13,-16.86,completed,no
TX-500708,2026-03-12,2026-03,2,CUST-00646,mass,Moscow,card_purchase,card_pos,groceries,DailyFood,no_promo,866.72,0.0,0.0,6.93,completed,no
TX-500709,2026-03-12,2026-03,2,CUST-00218,small_business,Saint Petersburg,cash_withdrawal,atm,atm,OwnATM,no_promo,41923.63,0,0.0,0.0,completed,no
TX-500710,2026-03-12,2026-03,14,CUST-00794,new,Moscow,cash_withdrawal,atm,atm,OwnATM,no_promo,5347.82,0,0.0,0.0,completed,no
TX-500711,2026-03-12,2026-03,21,CUST-00282,premium,Saint Petersburg,card_purchase,card_pos,groceries,DailyFood,no_promo,3179.47,0.0,47.69,-22.26,completed,no
TX-500712,2026-03-12,2026-03,17,CUST-00557,mass,Moscow,card_purchase,online,groceries,DailyFood,no_promo,797.74,0.0,0.0,6.38,completed,no
TX-500713,2026-03-12,2026-03,12,CUST-00294,new,Saint Petersburg,cash_withdrawal,atm,atm,OwnATM,no_promo,1938.74,0,0.0,0.0,completed,no
TX-500714,2026-03-13,2026-03,17,CUST-00229,mass,Moscow,card_purchase,online,cafe,CoffeePoint,no_promo,818.64,0.0,0.0,9.82,completed,no
TX-500715,2026-03-13,2026-03,10,CUST-00001,mass,Moscow,transfer,mobile_app,p2p,P2P Transfer,no_promo,30458.69,182.75,0.0,182.75,completed,no
TX-500716,2026-03-13,2026-03,20,CUST-00707,mass,Kazan,service_payment,mobile_app,utilities,MobileTopUp,no_promo,567.02,2.27,0.0,9.07,completed,no
TX-500717,2026-03-13,2026-03,1,CUST-00506,premium,Moscow,card_purchase,online,electronics,GadgetPro,no_promo,26755.98,0.0,401.34,26.76,completed,yes
TX-500718,2026-03-13,2026-03,19,CUST-00706,mass,Moscow,service_payment,mobile_app,utilities,MobileTopUp,no_promo,1022.13,4.09,0.0,16.35,completed,no
TX-500719,2026-03-13,2026-03,20,CUST-00121,mass,Kazan,card_purchase,online,cafe,UrbanCafe,no_promo,947.73,0.0,0.0,11.37,completed,no
TX-500720,2026-03-13,2026-03,16,CUST-00085,new,Saint Petersburg,card_purchase,card_pos,cafe,CoffeePoint,no_promo,517.7,0.0,0.0,6.21,completed,no
TX-500721,2026-03-13,2026-03,22,CUST-00452,mass,Moscow,transfer,mobile_app,p2p,P2P Transfer,no_promo,30223.94,181.34,0.0,181.34,completed,no
TX-500722,2026-03-13,2026-03,3,CUST-00581,mass,Saint Petersburg,service_payment,mobile_app,utilities,UtilityPay,no_promo,3497.06,13.99,0.0,55.95,completed,no
TX-500723,2026-03-13,2026-03,13,CUST-00577,mass,Saint Petersburg,card_purchase,card_pos,groceries,CityGrocery,no_promo,2009.4,0.0,0.0,16.08,completed,no
TX-500724,2026-03-13,2026-03,10,CUST-00746,mass,Saint Petersburg,card_purchase,card_pos,online_services,CloudPlus,no_promo,434.87,0.0,0.0,6.96,completed,no
TX-500725,2026-03-13,2026-03,20,CUST-00365,mass,Moscow,transfer,mobile_app,p2p,P2P Transfer,no_promo,27783.14,166.7,0.0,166.7,completed,no
TX-500726,2026-03-13,2026-03,10,CUST-00313,premium,Yekaterinburg,service_payment,mobile_app,utilities,MobileTopUp,no_promo,1222.04,4.89,0.0,19.55,completed,no
TX-500727,2026-03-13,2026-03,14,CUST-00496,mass,Moscow,card_purchase,card_pos,fuel,FastFuel,EVERYDAY2,4830.51,0.0,96.61,-57.97,completed,no
TX-500728,2026-03-13,2026-03,18,CUST-00496,mass,Saint Petersburg,card_purchase,mobile_app,groceries,FreshMarket,no_promo,1826.45,0.0,0.0,14.61,completed,no
TX-500729,2026-03-13,2026-03,9,CUST-00199,new,Nizhny Novgorod,card_purchase,online,groceries,CityGrocery,no_promo,1389.34,0.0,0.0,11.11,completed,no
TX-500730,2026-03-13,2026-03,15,CUST-00776,new,Moscow,card_purchase,online,cafe,CoffeePoint,no_promo,266.62,0.0,0.0,3.2,completed,no
TX-500731,2026-03-13,2026-03,2,CUST-00204,mass,Moscow,card_purchase,card_pos,groceries,FreshMarket,EVERYDAY2,1577.01,0.0,31.54,-18.92,completed,no
TX-500732,2026-03-14,2026-03,10,CUST-00565,mass,Kazan,transfer,mobile_app,p2p,P2P Transfer,no_promo,13367.68,80.21,0.0,80.21,completed,no
TX-500733,2026-03-14,2026-03,12,CUST-00400,mass,Saint Petersburg,transfer,mobile_app,p2p,P2P Transfer,no_promo,28204.14,169.22,0.0,169.22,completed,no
TX-500734,2026-03-14,2026-03,15,CUST-00648,new,Yekaterinburg,card_purchase,card_pos,groceries,DailyFood,no_promo,1439.0,0.0,0.0,11.51,completed,no
TX-500735,2026-03-14,2026-03,5,CUST-00366,mass,Moscow,card_purchase,online,electronics,TechStore,no_promo,36298.72,0.0,0.0,580.78,completed,no
TX-500736,2026-03-14,2026-03,7,CUST-00766,mass,Moscow,card_purchase,online,groceries,DailyFood,no_promo,800.03,0.0,0.0,6.4,completed,no
TX-500737,2026-03-14,2026-03,20,CUST-00504,mass,Moscow,cash_withdrawal,atm,atm,OwnATM,no_promo,2191.58,0,0.0,0.0,completed,no
TX-500738,2026-03-14,2026-03,7,CUST-00606,new,Saint Petersburg,card_purchase,mobile_app,cafe,CoffeePoint,no_promo,393.91,0.0,0.0,4.73,completed,no
TX-500739,2026-03-14,2026-03,17,CUST-00520,new,Moscow,card_purchase,card_pos,groceries,DailyFood,no_promo,1376.03,0.0,0.0,11.01,completed,no
TX-500740,2026-03-14,2026-03,8,CUST-00404,new,Moscow,service_payment,mobile_app,utilities,MobileTopUp,no_promo,285.35,1.14,0.0,4.57,completed,no
TX-500741,2026-03-14,2026-03,11,CUST-00713,mass,Saint Petersburg,card_purchase,card_pos,fuel,FastFuel,EVERYDAY2,4880.72,0.0,97.61,-58.57,completed,no
TX-500742,2026-03-14,2026-03,12,CUST-00038,mass,Yekaterinburg,transfer,mobile_app,p2p,P2P Transfer,no_promo,12970.74,77.82,0.0,77.82,completed,no
TX-500743,2026-03-15,2026-03,13,CUST-00543,new,Kazan,card_purchase,card_pos,fuel,RoadOil,no_promo,2764.07,0.0,0.0,22.11,completed,no
TX-500744,2026-03-15,2026-03,13,CUST-00050,premium,Kazan,cash_withdrawal,atm,atm,OwnATM,no_promo,7380.94,0,0.0,0.0,completed,no
TX-500745,2026-03-15,2026-03,0,CUST-00230,small_business,Yekaterinburg,service_payment,mobile_app,utilities,MobileTopUp,no_promo,585.64,2.34,0.0,9.37,completed,no
TX-500746,2026-03-15,2026-03,5,CUST-00181,small_business,Moscow,card_purchase,mobile_app,fuel,FastFuel,no_promo,10137.4,0.0,0.0,81.1,completed,no
TX-500747,2026-03-15,2026-03,11,CUST-00240,mass,Yekaterinburg,card_purchase,online,fuel,FastFuel,no_promo,5200.1,0.0,0.0,41.6,completed,no
TX-500748,2026-03-15,2026-03,18,CUST-00443,new,Kazan,card_purchase,card_pos,fuel,FastFuel,no_promo,3517.19,0.0,0.0,28.14,completed,no
TX-500749,2026-03-15,2026-03,3,CUST-00055,mass,Moscow,card_purchase,card_pos,cafe,UrbanCafe,no_promo,540.6,0.0,0.0,6.49,completed,no
TX-500750,2026-03-15,2026-03,13,CUST-00451,new,Moscow,card_purchase,card_pos,travel,RailTrip,no_promo,3439.02,0.0,0.0,55.02,completed,no
TX-500751,2026-03-15,2026-03,18,CUST-00334,mass,Moscow,card_purchase,card_pos,cafe,UrbanCafe,no_promo,499.65,0.0,0.0,6.0,completed,no
TX-500752,2026-03-15,2026-03,2,CUST-00521,new,Moscow,card_purchase,online,groceries,CityGrocery,no_promo,924.44,0.0,0.0,7.4,completed,no
TX-500753,2026-03-15,2026-03,6,CUST-00569,new,Moscow,card_purchase,card_pos,groceries,FreshMarket,no_promo,964.14,0.0,0.0,7.71,completed,no
TX-500754,2026-03-15,2026-03,12,CUST-00783,new,Moscow,cash_withdrawal,atm,atm,PartnerATM,no_promo,10970.6,164.56,0.0,164.56,completed,no
TX-500755,2026-03-15,2026-03,10,CUST-00736,mass,Moscow,card_purchase,card_pos,cafe,UrbanCafe,no_promo,1014.13,0.0,0.0,12.17,completed,no
TX-500756,2026-03-16,2026-03,11,CUST-00017,mass,Moscow,card_purchase,card_pos,groceries,CityGrocery,EVERYDAY2,1040.36,0.0,20.81,-12.48,completed,no
TX-500757,2026-03-16,2026-03,17,CUST-00058,mass,Moscow,card_purchase,card_pos,cafe,CoffeePoint,no_promo,320.97,0.0,0.0,3.85,completed,no
TX-500758,2026-03-16,2026-03,22,CUST-00515,mass,Nizhny Novgorod,card_purchase,online,fuel,RoadOil,no_promo,3971.26,0.0,0.0,31.77,completed,no
TX-500759,2026-03-16,2026-03,18,CUST-00218,mass,Yekaterinburg,transfer,mobile_app,p2p,P2P Transfer,no_promo,16177.27,97.06,0.0,97.06,completed,no
TX-500760,2026-03-16,2026-03,12,CUST-00231,premium,Moscow,service_payment,mobile_app,utilities,MobileTopUp,no_promo,651.82,2.61,0.0,10.43,completed,no
TX-500761,2026-03-16,2026-03,18,CUST-00327,new,Moscow,card_purchase,online,online_services,StreamBox,WELCOME3,617.08,0.0,18.51,-8.64,completed,no
TX-500762,2026-03-16,2026-03,13,CUST-00307,new,Moscow,transfer,mobile_app,p2p,P2P Transfer,no_promo,1779.04,20,0.0,20.0,completed,no
TX-500763,2026-03-16,2026-03,14,CUST-00360,mass,Nizhny Novgorod,transfer,mobile_app,p2p,P2P Transfer,no_promo,39279.22,235.68,0.0,235.68,completed,no
TX-500764,2026-03-16,2026-03,11,CUST-00128,mass,Moscow,card_purchase,mobile_app,cafe,UrbanCafe,no_promo,677.45,0.0,0.0,8.13,completed,no
TX-500765,2026-03-16,2026-03,13,CUST-00221,mass,Moscow,cash_withdrawal,atm,atm,PartnerATM,no_promo,4103.02,90,0.0,90.0,completed,no
TX-500766,2026-03-17,2026-03,12,CUST-00514,mass,Nizhny Novgorod,card_purchase,card_pos,cafe,CoffeePoint,no_promo,701.89,0.0,0.0,8.42,completed,no
TX-500767,2026-03-17,2026-03,7,CUST-00684,small_business,Saint Petersburg,transfer,mobile_app,p2p,P2P Transfer,BUSINESS_FEE0,64116.32,0,0.0,0.0,completed,no
TX-500768,2026-03-17,2026-03,16,CUST-00603,premium,Saint Petersburg,card_purchase,card_pos,groceries,CityGrocery,no_promo,3906.9,0.0,58.6,-27.35,completed,no
TX-500769,2026-03-17,2026-03,23,CUST-00700,new,Saint Petersburg,card_purchase,card_pos,groceries,FreshMarket,no_promo,1829.38,0.0,0.0,14.64,completed,no
TX-500770,2026-03-17,2026-03,7,CUST-00754,mass,Kazan,card_purchase,card_pos,groceries,FreshMarket,no_promo,1362.0,0.0,0.0,10.9,completed,no
TX-500771,2026-03-17,2026-03,7,CUST-00420,mass,Nizhny Novgorod,card_purchase,card_pos,groceries,CityGrocery,EVERYDAY2,1876.74,0.0,37.53,-22.52,completed,no
TX-500772,2026-03-17,2026-03,15,CUST-00748,premium,Saint Petersburg,cash_withdrawal,atm,atm,OwnATM,no_promo,52105.1,0,0.0,0.0,completed,no
TX-500773,2026-03-17,2026-03,9,CUST-00245,premium,Saint Petersburg,cash_withdrawal,atm,atm,OwnATM,no_promo,28083.17,0,0.0,0.0,completed,no
TX-500774,2026-03-17,2026-03,20,CUST-00565,mass,Moscow,card_purchase,online,groceries,DailyFood,no_promo,1186.05,0.0,0.0,9.49,completed,no
TX-500775,2026-03-17,2026-03,8,CUST-00512,mass,Saint Petersburg,card_purchase,card_pos,cafe,CoffeePoint,no_promo,383.07,0.0,0.0,4.6,completed,no
TX-500776,2026-03-18,2026-03,8,CUST-00114,mass,Moscow,service_payment,mobile_app,utilities,MobileTopUp,no_promo,854.23,0.0,0.0,0.0,declined,no
TX-500777,2026-03-18,2026-03,8,CUST-00764,mass,Moscow,card_purchase,mobile_app,groceries,DailyFood,no_promo,1404.58,0.0,0.0,11.24,completed,no
TX-500778,2026-03-18,2026-03,14,CUST-00566,new,Nizhny Novgorod,transfer,mobile_app,p2p,P2P Transfer,no_promo,47114.6,282.69,0.0,282.69,completed,no
TX-500779,2026-03-18,2026-03,13,CUST-00719,mass,Saint Petersburg,card_purchase,card_pos,cafe,CoffeePoint,no_promo,476.43,0.0,0.0,5.72,completed,no
TX-500780,2026-03-18,2026-03,13,CUST-00475,new,Moscow,card_purchase,online,online_services,CloudPlus,no_promo,917.25,0.0,0.0,14.68,completed,no
TX-500781,2026-03-18,2026-03,20,CUST-00227,premium,Moscow,card_purchase,online,electronics,GadgetPro,no_promo,88019.34,0.0,1320.29,88.02,completed,no
TX-500782,2026-03-18,2026-03,12,CUST-00114,small_business,Saint Petersburg,card_purchase,card_pos,online_services,GameMarket,no_promo,7194.43,0.0,0.0,115.11,completed,no
TX-500783,2026-03-18,2026-03,0,CUST-00317,mass,Moscow,transfer,mobile_app,p2p,P2P Transfer,no_promo,10903.36,65.42,0.0,65.42,completed,no
TX-500784,2026-03-19,2026-03,14,CUST-00060,mass,Kazan,service_payment,mobile_app,utilities,UtilityPay,no_promo,6959.2,27.84,0.0,111.35,completed,no
TX-500785,2026-03-19,2026-03,12,CUST-00218,mass,Moscow,card_purchase,card_pos,groceries,FreshMarket,EVERYDAY2,1344.1,0.0,26.88,-16.13,completed,no
TX-500786,2026-03-19,2026-03,20,CUST-00698,mass,Moscow,card_purchase,card_pos,groceries,FreshMarket,EVERYDAY2,1425.42,0.0,28.51,-17.11,completed,no
TX-500787,2026-03-19,2026-03,9,CUST-00297,small_business,Yekaterinburg,cash_withdrawal,atm,atm,OwnATM,no_promo,5066.29,0,0.0,0.0,completed,no
TX-500788,2026-03-19,2026-03,2,CUST-00528,mass,Saint Petersburg,card_purchase,online,online_services,GameMarket,no_promo,1666.0,0.0,0.0,26.66,completed,no
TX-500789,2026-03-19,2026-03,12,CUST-00622,mass,Kazan,card_purchase,mobile_app,electronics,ElectroMall,no_promo,32513.59,0.0,0.0,520.22,completed,no
TX-500790,2026-03-20,2026-03,10,CUST-00334,mass,Saint Petersburg,card_purchase,mobile_app,fuel,FastFuel,EVERYDAY2,2880.23,0.0,57.6,-34.56,completed,no
TX-500791,2026-03-20,2026-03,17,CUST-00025,mass,Moscow,card_purchase,mobile_app,online_services,GameMarket,no_promo,3811.15,0.0,0.0,60.98,completed,no
TX-500792,2026-03-20,2026-03,13,CUST-00117,new,Yekaterinburg,card_purchase,online,cafe,UrbanCafe,WELCOME3,490.98,0.0,14.73,-8.84,completed,no
TX-500793,2026-03-20,2026-03,0,CUST-00149,mass,Nizhny Novgorod,card_purchase,card_pos,groceries,FreshMarket,EVERYDAY2,1834.73,0.0,36.69,-22.02,completed,no
TX-500794,2026-03-20,2026-03,20,CUST-00459,mass,Moscow,card_purchase,online,groceries,CityGrocery,EVERYDAY2,994.93,0.0,19.9,-11.94,completed,no
TX-500795,2026-03-20,2026-03,3,CUST-00417,small_business,Saint Petersburg,card_purchase,online,online_services,StreamBox,no_promo,1906.29,0.0,0.0,30.5,completed,no
TX-500796,2026-03-20,2026-03,16,CUST-00095,mass,Moscow,card_purchase,card_pos,groceries,DailyFood,no_promo,1656.99,0.0,0.0,13.26,completed,no
TX-500797,2026-03-21,2026-03,13,CUST-00286,small_business,Saint Petersburg,service_payment,mobile_app,utilities,UtilityPay,no_promo,7228.09,28.91,0.0,115.65,completed,no
TX-500798,2026-03-21,2026-03,15,CUST-00003,small_business,Moscow,card_purchase,online,electronics,ElectroMall,no_promo,24019.68,0.0,0.0,384.31,completed,no
TX-500799,2026-03-21,2026-03,14,CUST-00143,new,Yekaterinburg,card_purchase,card_pos,cafe,CoffeePoint,no_promo,548.75,0.0,0.0,6.58,completed,no
TX-500800,2026-03-21,2026-03,20,CUST-00364,mass,Moscow,card_purchase,online,electronics,ElectroMall,no_promo,27646.38,0.0,0.0,442.34,completed,no
TX-500801,2026-03-21,2026-03,14,CUST-00106,new,Moscow,card_purchase,card_pos,fuel,FastFuel,no_promo,3260.94,0.0,0.0,26.09,completed,no
TX-500802,2026-03-21,2026-03,18,CUST-00751,mass,Saint Petersburg,service_payment,mobile_app,utilities,MobileTopUp,no_promo,394.37,1.58,0.0,6.31,completed,no
TX-500803,2026-03-21,2026-03,14,CUST-00434,mass,Kazan,service_payment,mobile_app,utilities,MobileTopUp,no_promo,414.62,1.66,0.0,6.63,reversed,no
TX-500804,2026-03-21,2026-03,20,CUST-00113,mass,Kazan,service_payment,mobile_app,utilities,MobileTopUp,no_promo,549.47,2.2,0.0,8.79,completed,no
TX-500805,2026-03-21,2026-03,17,CUST-00641,mass,Kazan,transfer,mobile_app,p2p,P2P Transfer,no_promo,32272.13,193.63,0.0,193.63,completed,no
TX-500806,2026-03-21,2026-03,22,CUST-00632,mass,Yekaterinburg,card_purchase,online,cafe,UrbanCafe,no_promo,929.8,0.0,0.0,11.16,completed,no
TX-500807,2026-03-21,2026-03,9,CUST-00589,mass,Moscow,card_purchase,online,online_services,StreamBox,no_promo,501.69,0.0,0.0,8.03,completed,no
TX-500808,2026-03-21,2026-03,12,CUST-00360,mass,Saint Petersburg,cash_withdrawal,atm,atm,PartnerATM,no_promo,12650.53,189.76,0.0,189.76,completed,no
TX-500809,2026-03-21,2026-03,4,CUST-00545,mass,Moscow,card_purchase,online,electronics,ElectroMall,no_promo,24630.83,0.0,0.0,394.09,completed,no
TX-500810,2026-03-21,2026-03,18,CUST-00366,mass,Moscow,transfer,mobile_app,p2p,P2P Transfer,no_promo,13957.39,83.74,0.0,83.74,completed,no
TX-500811,2026-03-21,2026-03,19,CUST-00043,mass,Moscow,card_purchase,mobile_app,fuel,FastFuel,no_promo,3767.3,0.0,0.0,30.14,completed,no
TX-500812,2026-03-21,2026-03,12,CUST-00486,premium,Saint Petersburg,card_purchase,card_pos,cafe,CoffeePoint,no_promo,813.88,0.0,12.21,-2.44,completed,no
TX-500813,2026-03-21,2026-03,18,CUST-00750,new,Moscow,card_purchase,card_pos,cafe,CoffeePoint,no_promo,262.44,0.0,0.0,3.15,completed,no
TX-500814,2026-03-22,2026-03,19,CUST-00098,new,Yekaterinburg,card_purchase,card_pos,groceries,FreshMarket,no_promo,1431.98,0.0,0.0,11.46,completed,no
TX-500815,2026-03-22,2026-03,20,CUST-00033,new,Kazan,card_purchase,card_pos,fuel,FastFuel,no_promo,1984.97,0.0,0.0,15.88,completed,no
TX-500816,2026-03-22,2026-03,14,CUST-00562,mass,Kazan,transfer,mobile_app,p2p,P2P Transfer,no_promo,29452.86,176.72,0.0,176.72,completed,no
TX-500817,2026-03-22,2026-03,18,CUST-00544,mass,Saint Petersburg,card_purchase,card_pos,groceries,DailyFood,EVERYDAY2,951.44,0.0,19.03,-11.42,completed,no
TX-500818,2026-03-22,2026-03,21,CUST-00296,new,Moscow,card_purchase,online,online_services,GameMarket,WELCOME3,2632.42,0.0,78.97,-36.85,completed,no
TX-500819,2026-03-22,2026-03,20,CUST-00747,new,Saint Petersburg,card_purchase,card_pos,groceries,FreshMarket,no_promo,1252.56,0.0,0.0,10.02,completed,no
TX-500820,2026-03-22,2026-03,13,CUST-00497,premium,Moscow,service_payment,mobile_app,utilities,UtilityPay,no_promo,6319.21,25.28,0.0,101.11,completed,no
TX-500821,2026-03-22,2026-03,11,CUST-00451,mass,Moscow,card_purchase,mobile_app,cafe,UrbanCafe,no_promo,961.89,0.0,0.0,11.54,completed,no
TX-500822,2026-03-22,2026-03,20,CUST-00182,mass,Nizhny Novgorod,card_purchase,online,electronics,TechStore,no_promo,27374.75,0.0,0.0,438.0,completed,no
TX-500823,2026-03-22,2026-03,8,CUST-00438,mass,Saint Petersburg,card_purchase,card_pos,fuel,RoadOil,no_promo,3034.17,0.0,0.0,24.27,completed,no
TX-500824,2026-03-22,2026-03,13,CUST-00149,premium,Saint Petersburg,transfer,mobile_app,p2p,P2P Transfer,no_promo,43898.63,131.7,0.0,131.7,completed,no
TX-500825,2026-03-22,2026-03,13,CUST-00769,premium,Nizhny Novgorod,card_purchase,card_pos,fuel,FastFuel,no_promo,7093.9,0.0,106.41,-49.66,completed,no
TX-500826,2026-03-22,2026-03,18,CUST-00124,new,Nizhny Novgorod,card_purchase,online,online_services,GameMarket,WELCOME3,786.02,0.0,23.58,-11.0,completed,no
TX-500827,2026-03-22,2026-03,0,CUST-00103,premium,Kazan,card_purchase,card_pos,groceries,DailyFood,EVERYDAY2,2533.72,0.0,50.67,-30.4,completed,yes
TX-500828,2026-03-22,2026-03,3,CUST-00453,mass,Moscow,card_purchase,card_pos,groceries,DailyFood,EVERYDAY2,1325.94,0.0,26.52,-15.91,completed,no
TX-500829,2026-03-22,2026-03,19,CUST-00428,premium,Moscow,cash_withdrawal,atm,atm,OwnATM,no_promo,19833.36,0,0.0,0.0,completed,no
TX-500830,2026-03-23,2026-03,19,CUST-00766,mass,Yekaterinburg,cash_withdrawal,atm,atm,PartnerATM,no_promo,9528.11,142.92,0.0,142.92,completed,no
TX-500831,2026-03-23,2026-03,0,CUST-00088,premium,Saint Petersburg,card_purchase,online,online_services,StreamBox,no_promo,693.49,0.0,10.4,0.69,completed,no
TX-500832,2026-03-23,2026-03,19,CUST-00712,mass,Moscow,card_purchase,mobile_app,travel,HotelHub,no_promo,40051.14,0.0,0.0,640.82,completed,no
TX-500833,2026-03-23,2026-03,16,CUST-00799,mass,Kazan,card_purchase,online,groceries,CityGrocery,no_promo,1571.25,0.0,0.0,12.57,completed,no
TX-500834,2026-03-23,2026-03,8,CUST-00004,mass,Nizhny Novgorod,card_purchase,card_pos,fuel,FastFuel,no_promo,3134.77,0.0,0.0,25.08,completed,no
TX-500835,2026-03-23,2026-03,16,CUST-00441,mass,Moscow,card_purchase,card_pos,groceries,DailyFood,EVERYDAY2,1094.12,0.0,21.88,-13.13,completed,no
TX-500836,2026-03-23,2026-03,18,CUST-00706,new,Nizhny Novgorod,transfer,mobile_app,p2p,P2P Transfer,no_promo,36725.23,220.35,0.0,220.35,completed,no
TX-500837,2026-03-23,2026-03,17,CUST-00641,mass,Moscow,card_purchase,online,groceries,DailyFood,no_promo,1087.17,0.0,0.0,8.7,completed,no
TX-500838,2026-03-23,2026-03,18,CUST-00732,mass,Moscow,card_purchase,online,cafe,UrbanCafe,no_promo,995.76,0.0,0.0,11.95,completed,no
TX-500839,2026-03-23,2026-03,16,CUST-00004,mass,Saint Petersburg,transfer,mobile_app,p2p,P2P Transfer,no_promo,7720.94,46.33,0.0,46.33,completed,no
TX-500840,2026-03-23,2026-03,9,CUST-00209,new,Moscow,card_purchase,card_pos,groceries,FreshMarket,no_promo,1545.96,0.0,0.0,12.37,completed,no
TX-500841,2026-03-23,2026-03,23,CUST-00260,premium,Kazan,card_purchase,online,travel,FlyNow,no_promo,35871.43,0.0,538.07,35.87,completed,no
TX-500842,2026-03-24,2026-03,14,CUST-00122,mass,Kazan,cash_withdrawal,atm,atm,PartnerATM,no_promo,20822.45,312.34,0.0,312.34,completed,no
TX-500843,2026-03-24,2026-03,16,CUST-00498,new,Kazan,card_purchase,online,online_services,GameMarket,no_promo,1091.78,0.0,0.0,17.47,completed,no
TX-500844,2026-03-24,2026-03,5,CUST-00083,mass,Kazan,service_payment,mobile_app,utilities,MobileTopUp,no_promo,1423.14,5.69,0.0,22.77,completed,no
TX-500845,2026-03-24,2026-03,15,CUST-00480,mass,Yekaterinburg,card_purchase,online,groceries,DailyFood,EVERYDAY2,868.09,0.0,17.36,-10.42,completed,no
TX-500846,2026-03-24,2026-03,3,CUST-00282,new,Moscow,card_purchase,online,cafe,UrbanCafe,no_promo,789.08,0.0,0.0,9.47,completed,no
TX-500847,2026-03-24,2026-03,0,CUST-00595,mass,Kazan,service_payment,branch,utilities,UtilityPay,no_promo,1916.21,7.66,0.0,30.66,completed,no
TX-500848,2026-03-24,2026-03,10,CUST-00162,mass,Yekaterinburg,card_purchase,mobile_app,groceries,DailyFood,no_promo,885.31,0.0,0.0,7.08,completed,no
TX-500849,2026-03-24,2026-03,10,CUST-00396,mass,Saint Petersburg,card_purchase,card_pos,online_services,GameMarket,no_promo,1640.82,0.0,0.0,26.25,completed,no
TX-500850,2026-03-24,2026-03,2,CUST-00678,small_business,Moscow,card_purchase,online,online_services,StreamBox,no_promo,1557.81,0.0,0.0,24.92,completed,no
TX-500851,2026-03-24,2026-03,16,CUST-00018,mass,Saint Petersburg,card_purchase,online,online_services,GameMarket,no_promo,1297.9,0.0,0.0,20.77,completed,no
TX-500852,2026-03-25,2026-03,12,CUST-00143,new,Saint Petersburg,card_purchase,card_pos,groceries,CityGrocery,no_promo,1174.76,0.0,0.0,9.4,completed,no
TX-500853,2026-03-25,2026-03,10,CUST-00260,mass,Moscow,card_purchase,card_pos,fuel,RoadOil,no_promo,3028.38,0.0,0.0,24.23,completed,no
TX-500854,2026-03-25,2026-03,12,CUST-00769,new,Saint Petersburg,transfer,mobile_app,p2p,P2P Transfer,no_promo,7314.18,43.89,0.0,43.89,completed,no
TX-500855,2026-03-25,2026-03,17,CUST-00029,new,Yekaterinburg,card_purchase,card_pos,cafe,UrbanCafe,no_promo,503.29,0.0,0.0,6.04,completed,no
TX-500856,2026-03-25,2026-03,19,CUST-00770,mass,Moscow,cash_withdrawal,atm,atm,OwnATM,no_promo,13313.25,0,0.0,0.0,completed,no
TX-500857,2026-03-25,2026-03,20,CUST-00361,mass,Kazan,transfer,mobile_app,p2p,P2P Transfer,no_promo,26231.94,157.39,0.0,157.39,completed,no
TX-500858,2026-03-25,2026-03,0,CUST-00200,new,Moscow,card_purchase,online,online_services,StreamBox,no_promo,365.9,0.0,0.0,5.85,completed,no
TX-500859,2026-03-25,2026-03,11,CUST-00145,mass,Moscow,card_purchase,card_pos,groceries,CityGrocery,no_promo,1101.71,0.0,0.0,8.81,completed,yes
TX-500860,2026-03-25,2026-03,13,CUST-00149,mass,Saint Petersburg,card_purchase,card_pos,groceries,FreshMarket,no_promo,1454.54,0.0,0.0,11.64,completed,no
TX-500861,2026-03-25,2026-03,20,CUST-00344,mass,Nizhny Novgorod,transfer,mobile_app,p2p,P2P Transfer,no_promo,24430.4,0.0,0.0,0.0,declined,no
TX-500862,2026-03-25,2026-03,0,CUST-00276,mass,Nizhny Novgorod,cash_withdrawal,atm,atm,PartnerATM,no_promo,5162.72,90,0.0,90.0,completed,no
TX-500863,2026-03-26,2026-03,14,CUST-00575,mass,Saint Petersburg,card_purchase,card_pos,groceries,CityGrocery,EVERYDAY2,1101.25,0.0,22.03,-13.22,completed,no
TX-500864,2026-03-26,2026-03,16,CUST-00275,premium,Moscow,card_purchase,card_pos,fuel,RoadOil,EVERYDAY2,5618.99,0.0,112.38,-67.43,completed,no
TX-500865,2026-03-26,2026-03,9,CUST-00785,mass,Moscow,service_payment,branch,utilities,UtilityPay,no_promo,2766.87,11.07,0.0,44.27,completed,no
TX-500866,2026-03-26,2026-03,16,CUST-00548,premium,Saint Petersburg,service_payment,mobile_app,utilities,UtilityPay,no_promo,6028.89,24.12,0.0,96.46,completed,no
TX-500867,2026-03-26,2026-03,15,CUST-00625,premium,Yekaterinburg,card_purchase,mobile_app,groceries,DailyFood,no_promo,1658.72,0.0,24.88,-11.61,completed,no
TX-500868,2026-03-26,2026-03,9,CUST-00599,mass,Kazan,service_payment,mobile_app,utilities,MobileTopUp,no_promo,349.45,1.4,0.0,5.59,completed,no
TX-500869,2026-03-26,2026-03,17,CUST-00088,premium,Saint Petersburg,card_purchase,card_pos,electronics,ElectroMall,no_promo,26328.19,0.0,394.92,26.33,completed,no
TX-500870,2026-03-26,2026-03,2,CUST-00697,mass,Moscow,card_purchase,online,online_services,GameMarket,no_promo,730.32,0.0,0.0,11.69,completed,no
TX-500871,2026-03-26,2026-03,11,CUST-00194,mass,Moscow,card_purchase,card_pos,online_services,CloudPlus,no_promo,896.32,0.0,0.0,14.34,completed,no
TX-500872,2026-03-26,2026-03,19,CUST-00195,mass,Kazan,card_purchase,card_pos,online_services,CloudPlus,no_promo,556.33,0.0,0.0,8.9,completed,no
TX-500873,2026-03-26,2026-03,14,CUST-00158,small_business,Moscow,card_purchase,card_pos,groceries,DailyFood,no_promo,3113.77,0.0,0.0,24.91,completed,no
TX-500874,2026-03-26,2026-03,0,CUST-00243,new,Nizhny Novgorod,cash_withdrawal,atm,atm,PartnerATM,no_promo,9690.34,145.36,0.0,145.36,completed,no
TX-500875,2026-03-26,2026-03,16,CUST-00593,mass,Moscow,card_purchase,online,groceries,DailyFood,no_promo,840.45,0.0,0.0,6.72,completed,yes
TX-500876,2026-03-27,2026-03,18,CUST-00539,mass,Moscow,card_purchase,online,groceries,CityGrocery,no_promo,1475.35,0.0,0.0,11.8,completed,no
TX-500877,2026-03-27,2026-03,9,CUST-00147,mass,Moscow,card_purchase,mobile_app,cafe,CoffeePoint,no_promo,364.89,0.0,0.0,4.38,completed,no
TX-500878,2026-03-27,2026-03,8,CUST-00452,new,Saint Petersburg,service_payment,mobile_app,utilities,UtilityPay,no_promo,3816.75,15.27,0.0,61.07,completed,no
TX-500879,2026-03-27,2026-03,11,CUST-00260,mass,Yekaterinburg,card_purchase,card_pos,groceries,DailyFood,no_promo,1449.83,0.0,0.0,11.6,completed,no
TX-500880,2026-03-27,2026-03,16,CUST-00704,mass,Moscow,card_purchase,card_pos,groceries,CityGrocery,EVERYDAY2,1743.73,0.0,34.87,-20.92,completed,no
TX-500881,2026-03-27,2026-03,16,CUST-00272,mass,Moscow,card_purchase,card_pos,cafe,CoffeePoint,no_promo,432.76,0.0,0.0,5.19,completed,no
TX-500882,2026-03-27,2026-03,13,CUST-00353,mass,Kazan,card_purchase,card_pos,cafe,UrbanCafe,no_promo,724.49,0.0,0.0,8.69,completed,no
TX-500883,2026-03-27,2026-03,13,CUST-00269,mass,Saint Petersburg,card_purchase,card_pos,groceries,FreshMarket,no_promo,1174.4,0.0,0.0,9.4,completed,no
TX-500884,2026-03-27,2026-03,9,CUST-00563,mass,Yekaterinburg,card_purchase,card_pos,electronics,ElectroMall,no_promo,17236.56,0.0,0.0,275.78,completed,no
TX-500885,2026-03-27,2026-03,13,CUST-00076,premium,Nizhny Novgorod,card_purchase,online,travel,FlyNow,no_promo,78797.53,0.0,1181.96,78.8,completed,no
TX-500886,2026-03-27,2026-03,2,CUST-00752,new,Moscow,card_purchase,online,electronics,ElectroMall,no_promo,4514.66,0.0,0.0,72.23,completed,yes
TX-500887,2026-03-27,2026-03,17,CUST-00691,premium,Moscow,card_purchase,online,online_services,CloudPlus,no_promo,851.13,0.0,12.77,0.85,completed,no
TX-500888,2026-03-27,2026-03,2,CUST-00121,mass,Saint Petersburg,cash_withdrawal,atm,atm,PartnerATM,no_promo,5877.86,90,0.0,90.0,completed,no
TX-500889,2026-03-27,2026-03,15,CUST-00365,new,Moscow,card_purchase,card_pos,travel,HotelHub,no_promo,29653.95,0.0,0.0,474.46,completed,no
TX-500890,2026-03-27,2026-03,16,CUST-00317,mass,Saint Petersburg,card_purchase,card_pos,cafe,UrbanCafe,no_promo,682.15,0.0,0.0,8.19,completed,no
TX-500891,2026-03-28,2026-03,21,CUST-00022,mass,Saint Petersburg,service_payment,mobile_app,utilities,MobileTopUp,no_promo,950.03,3.8,0.0,15.2,completed,no
TX-500892,2026-03-28,2026-03,10,CUST-00599,premium,Yekaterinburg,card_purchase,card_pos,groceries,FreshMarket,no_promo,2803.51,0.0,42.05,-19.62,completed,no
TX-500893,2026-03-28,2026-03,8,CUST-00650,mass,Yekaterinburg,card_purchase,online,online_services,StreamBox,no_promo,664.48,0.0,0.0,10.63,completed,no
TX-500894,2026-03-28,2026-03,23,CUST-00273,mass,Saint Petersburg,cash_withdrawal,atm,atm,PartnerATM,no_promo,17039.11,255.59,0.0,255.59,completed,no
TX-500895,2026-03-28,2026-03,19,CUST-00580,mass,Saint Petersburg,card_purchase,mobile_app,groceries,FreshMarket,no_promo,1804.91,0.0,0.0,14.44,completed,no
TX-500896,2026-03-28,2026-03,0,CUST-00672,mass,Kazan,card_purchase,online,groceries,CityGrocery,no_promo,1802.99,0.0,0.0,14.42,completed,no
TX-500897,2026-03-28,2026-03,2,CUST-00063,premium,Moscow,card_purchase,card_pos,cafe,CoffeePoint,no_promo,730.79,0.0,10.96,-2.19,completed,no
TX-500898,2026-03-28,2026-03,8,CUST-00141,mass,Saint Petersburg,card_purchase,card_pos,fuel,RoadOil,no_promo,5028.61,0.0,0.0,40.23,completed,no
TX-500899,2026-03-28,2026-03,9,CUST-00388,mass,Kazan,card_purchase,card_pos,cafe,UrbanCafe,no_promo,451.03,0.0,0.0,5.41,completed,no
TX-500900,2026-03-28,2026-03,23,CUST-00221,premium,Moscow,card_purchase,online,electronics,TechStore,no_promo,52126.67,0.0,781.9,52.13,completed,no
TX-500901,2026-03-28,2026-03,16,CUST-00350,new,Moscow,transfer,mobile_app,p2p,P2P Transfer,no_promo,50854.8,305.13,0.0,305.13,completed,no
TX-500902,2026-03-29,2026-03,10,CUST-00262,mass,Moscow,card_purchase,online,electronics,GadgetPro,no_promo,17007.38,0.0,0.0,272.12,completed,no
TX-500903,2026-03-29,2026-03,19,CUST-00499,new,Moscow,card_purchase,card_pos,fuel,RoadOil,no_promo,3162.98,0.0,0.0,25.3,completed,no
TX-500904,2026-03-29,2026-03,16,CUST-00371,new,Moscow,card_purchase,online,travel,HotelHub,WELCOME3,6636.17,0.0,199.09,-92.91,completed,no
TX-500905,2026-03-29,2026-03,18,CUST-00660,mass,Saint Petersburg,card_purchase,online,travel,FlyNow,no_promo,15026.73,0.0,0.0,240.43,completed,no
TX-500906,2026-03-29,2026-03,12,CUST-00195,new,Kazan,card_purchase,online,travel,FlyNow,no_promo,48417.69,0.0,0.0,774.68,completed,no
TX-500907,2026-03-29,2026-03,8,CUST-00422,mass,Saint Petersburg,card_purchase,card_pos,groceries,FreshMarket,EVERYDAY2,1450.36,0.0,29.01,-17.4,completed,no
TX-500908,2026-03-29,2026-03,6,CUST-00201,mass,Moscow,card_purchase,mobile_app,cafe,UrbanCafe,no_promo,483.56,0.0,0.0,5.8,completed,no
TX-500909,2026-03-29,2026-03,21,CUST-00570,small_business,Yekaterinburg,card_purchase,online,online_services,CloudPlus,no_promo,3014.57,0.0,0.0,48.23,completed,no
TX-500910,2026-03-29,2026-03,22,CUST-00121,premium,Yekaterinburg,card_purchase,card_pos,groceries,CityGrocery,EVERYDAY2,2552.65,0.0,51.05,-30.63,completed,no
TX-500911,2026-03-29,2026-03,9,CUST-00706,premium,Moscow,card_purchase,mobile_app,groceries,DailyFood,no_promo,2016.76,0.0,30.25,-14.12,completed,no
TX-500912,2026-03-29,2026-03,19,CUST-00303,mass,Moscow,card_purchase,online,electronics,TechStore,no_promo,34589.79,0.0,0.0,553.44,completed,no
TX-500913,2026-03-29,2026-03,22,CUST-00551,mass,Moscow,card_purchase,online,electronics,GadgetPro,no_promo,54423.01,0.0,0.0,870.77,completed,no
TX-500914,2026-03-29,2026-03,22,CUST-00768,new,Saint Petersburg,card_purchase,card_pos,online_services,StreamBox,no_promo,462.96,0.0,0.0,7.41,completed,no
TX-500915,2026-03-30,2026-03,21,CUST-00126,premium,Nizhny Novgorod,card_purchase,online,travel,RailTrip,no_promo,15575.85,0.0,233.64,15.58,completed,no
TX-500916,2026-03-30,2026-03,20,CUST-00249,mass,Moscow,card_purchase,online,online_services,StreamBox,no_promo,627.75,0.0,0.0,10.04,completed,no
TX-500917,2026-03-30,2026-03,2,CUST-00230,premium,Moscow,card_purchase,online,cafe,UrbanCafe,no_promo,1654.23,0.0,24.81,-4.96,completed,no
TX-500918,2026-03-30,2026-03,12,CUST-00627,new,Moscow,cash_withdrawal,atm,atm,PartnerATM,no_promo,12810.2,192.15,0.0,192.15,completed,no
TX-500919,2026-03-30,2026-03,17,CUST-00597,mass,Saint Petersburg,transfer,branch,p2p,P2P Transfer,no_promo,17354.7,104.13,0.0,104.13,completed,no
TX-500920,2026-03-30,2026-03,23,CUST-00457,premium,Saint Petersburg,card_purchase,online,online_services,StreamBox,no_promo,1173.43,0.0,17.6,1.17,completed,no
TX-500921,2026-03-31,2026-03,18,CUST-00216,new,Moscow,card_purchase,online,online_services,StreamBox,no_promo,657.79,0.0,0.0,10.52,completed,no
TX-500922,2026-03-31,2026-03,4,CUST-00164,mass,Saint Petersburg,card_purchase,card_pos,cafe,CoffeePoint,no_promo,777.37,0.0,0.0,9.33,completed,no
TX-500923,2026-03-31,2026-03,14,CUST-00546,new,Moscow,card_purchase,card_pos,fuel,RoadOil,no_promo,4236.5,0.0,0.0,33.89,completed,no
TX-500924,2026-03-31,2026-03,17,CUST-00127,mass,Moscow,card_purchase,mobile_app,online_services,GameMarket,no_promo,1284.86,0.0,0.0,20.56,completed,no
TX-500925,2026-03-31,2026-03,10,CUST-00624,mass,Yekaterinburg,card_purchase,online,travel,RailTrip,no_promo,3212.71,0.0,0.0,51.4,completed,no
TX-500926,2026-03-31,2026-03,20,CUST-00114,new,Kazan,card_purchase,online,online_services,StreamBox,no_promo,374.37,0.0,0.0,5.99,completed,no
TX-500927,2026-03-31,2026-03,15,CUST-00521,new,Yekaterinburg,card_purchase,online,electronics,TechStore,no_promo,14564.59,0.0,0.0,233.03,completed,no
TX-500928,2026-03-31,2026-03,9,CUST-00482,mass,Yekaterinburg,card_purchase,card_pos,groceries,FreshMarket,no_promo,1422.11,0.0,0.0,11.38,completed,no
TX-500929,2026-03-31,2026-03,15,CUST-00533,new,Kazan,card_purchase,online,online_services,CloudPlus,no_promo,534.85,0.0,0.0,8.56,completed,no
TX-500930,2026-03-31,2026-03,16,CUST-00047,mass,Moscow,cash_withdrawal,atm,atm,OwnATM,no_promo,3963.86,0,0.0,0.0,completed,no
TX-500931,2026-03-31,2026-03,20,CUST-00723,mass,Kazan,card_purchase,card_pos,groceries,DailyFood,EVERYDAY2,1066.96,0.0,21.34,-12.8,completed,no
TX-500932,2026-03-31,2026-03,17,CUST-00167,premium,Nizhny Novgorod,card_purchase,card_pos,groceries,DailyFood,EVERYDAY2,1477.18,0.0,29.54,-17.73,completed,no
TX-500933,2026-03-31,2026-03,20,CUST-00793,mass,Moscow,card_purchase,online,electronics,GadgetPro,no_promo,27146.51,0.0,0.0,434.34,completed,no
TX-500934,2026-03-31,2026-03,8,CUST-00785,new,Saint Petersburg,card_purchase,mobile_app,cafe,CoffeePoint,no_promo,336.34,0.0,0.0,4.04,completed,no
TX-500935,2026-03-31,2026-03,2,CUST-00673,mass,Moscow,card_purchase,online,online_services,StreamBox,no_promo,848.6,0.0,0.0,13.58,completed,no
TX-500936,2026-03-31,2026-03,9,CUST-00221,small_business,Moscow,card_purchase,online,travel,RailTrip,no_promo,16429.44,0.0,0.0,262.87,completed,no
TX-500937,2026-04-01,2026-04,14,CUST-00724,new,Moscow,card_purchase,online,travel,FlyNow,TRAVEL5,46162.33,0.0,2308.12,-1569.52,completed,no
TX-500938,2026-04-01,2026-04,18,CUST-00220,mass,Kazan,transfer,mobile_app,p2p,P2P Transfer,no_promo,8077.6,48.47,0.0,48.47,completed,no
TX-500939,2026-04-01,2026-04,17,CUST-00256,mass,Moscow,card_purchase,mobile_app,cafe,CoffeePoint,no_promo,336.18,0.0,0.0,0.0,declined,no
TX-500940,2026-04-01,2026-04,2,CUST-00443,new,Yekaterinburg,card_purchase,online,online_services,StreamBox,WELCOME3,355.93,0.0,0.0,0.0,declined,no
TX-500941,2026-04-01,2026-04,21,CUST-00605,small_business,Yekaterinburg,cash_withdrawal,atm,atm,PartnerATM,no_promo,63864.01,957.96,0.0,957.96,completed,no
TX-500942,2026-04-01,2026-04,9,CUST-00584,mass,Yekaterinburg,card_purchase,online,electronics,TechStore,no_promo,28079.51,0.0,0.0,449.27,completed,no
TX-500943,2026-04-01,2026-04,14,CUST-00720,small_business,Yekaterinburg,service_payment,mobile_app,utilities,UtilityPay,no_promo,16538.52,66.15,0.0,264.62,completed,no
TX-500944,2026-04-01,2026-04,15,CUST-00329,premium,Moscow,card_purchase,card_pos,travel,HotelHub,TRAVEL5,79933.45,0.0,3996.67,-2717.74,completed,no
TX-500945,2026-04-01,2026-04,23,CUST-00343,mass,Moscow,transfer,mobile_app,p2p,P2P Transfer,no_promo,47774.43,286.65,0.0,286.65,completed,no
TX-500946,2026-04-01,2026-04,16,CUST-00762,mass,Moscow,cash_withdrawal,atm,atm,OwnATM,no_promo,1995.28,0,0.0,0.0,completed,no
TX-500947,2026-04-01,2026-04,14,CUST-00776,premium,Moscow,card_purchase,card_pos,travel,FlyNow,TRAVEL5,127061.14,0.0,6353.06,-4320.08,completed,no
TX-500948,2026-04-01,2026-04,10,CUST-00270,mass,Moscow,transfer,mobile_app,p2p,P2P Transfer,no_promo,8757.94,52.55,0.0,52.55,completed,no
TX-500949,2026-04-01,2026-04,6,CUST-00797,mass,Saint Petersburg,card_purchase,card_pos,fuel,FastFuel,no_promo,2948.77,0.0,0.0,23.59,completed,no
TX-500950,2026-04-01,2026-04,16,CUST-00749,new,Moscow,transfer,mobile_app,p2p,P2P Transfer,no_promo,59060.51,354.36,0.0,354.36,completed,no
TX-500951,2026-04-01,2026-04,13,CUST-00267,new,Moscow,transfer,branch,p2p,P2P Transfer,no_promo,15221.99,91.33,0.0,91.33,completed,no
TX-500952,2026-04-01,2026-04,10,CUST-00580,new,Saint Petersburg,card_purchase,online,groceries,CityGrocery,no_promo,1053.58,0.0,0.0,8.43,completed,no
TX-500953,2026-04-01,2026-04,17,CUST-00257,mass,Saint Petersburg,card_purchase,card_pos,groceries,DailyFood,no_promo,1397.39,0.0,0.0,11.18,completed,no
TX-500954,2026-04-02,2026-04,12,CUST-00707,premium,Saint Petersburg,card_purchase,card_pos,groceries,CityGrocery,no_promo,3305.14,0.0,49.58,-23.14,completed,no
TX-500955,2026-04-02,2026-04,11,CUST-00761,mass,Moscow,transfer,mobile_app,p2p,P2P Transfer,no_promo,11618.38,69.71,0.0,69.71,completed,no
TX-500956,2026-04-02,2026-04,11,CUST-00655,mass,Saint Petersburg,card_purchase,card_pos,groceries,CityGrocery,no_promo,979.07,0.0,0.0,7.83,completed,no
TX-500957,2026-04-02,2026-04,22,CUST-00646,mass,Saint Petersburg,card_purchase,online,online_services,CloudPlus,no_promo,768.05,0.0,0.0,12.29,completed,no
TX-500958,2026-04-02,2026-04,18,CUST-00406,premium,Moscow,card_purchase,card_pos,groceries,DailyFood,no_promo,2414.31,0.0,36.21,-16.9,completed,no
TX-500959,2026-04-02,2026-04,9,CUST-00385,mass,Kazan,card_purchase,card_pos,travel,RailTrip,TRAVEL5,9085.63,0.0,454.28,-308.91,completed,no
TX-500960,2026-04-02,2026-04,20,CUST-00013,mass,Saint Petersburg,service_payment,mobile_app,utilities,UtilityPay,no_promo,2766.97,11.07,0.0,44.27,completed,no
TX-500961,2026-04-02,2026-04,13,CUST-00080,mass,Moscow,card_purchase,card_pos,fuel,RoadOil,no_promo,4071.11,0.0,0.0,32.57,completed,no
TX-500962,2026-04-02,2026-04,22,CUST-00328,new,Moscow,card_purchase,card_pos,cafe,UrbanCafe,no_promo,565.64,0.0,0.0,6.79,completed,no
TX-500963,2026-04-02,2026-04,17,CUST-00611,mass,Nizhny Novgorod,card_purchase,mobile_app,groceries,FreshMarket,no_promo,1468.57,0.0,0.0,11.75,completed,no
TX-500964,2026-04-02,2026-04,19,CUST-00730,mass,Kazan,card_purchase,online,online_services,CloudPlus,no_promo,679.81,0.0,0.0,10.88,completed,no
TX-500965,2026-04-02,2026-04,15,CUST-00473,small_business,Nizhny Novgorod,cash_withdrawal,atm,atm,OwnATM,no_promo,6160.58,0,0.0,0.0,completed,no
TX-500966,2026-04-02,2026-04,14,CUST-00378,mass,Moscow,cash_withdrawal,atm,atm,OwnATM,no_promo,11125.14,0,0.0,0.0,completed,no
TX-500967,2026-04-02,2026-04,1,CUST-00514,small_business,Moscow,card_purchase,online,online_services,GameMarket,no_promo,14361.03,0.0,0.0,229.78,completed,no
TX-500968,2026-04-02,2026-04,19,CUST-00711,small_business,Moscow,card_purchase,online,travel,FlyNow,TRAVEL5,194862.52,0.0,9743.13,-6625.33,completed,no
TX-500969,2026-04-02,2026-04,11,CUST-00129,mass,Saint Petersburg,card_purchase,card_pos,cafe,UrbanCafe,no_promo,467.49,0.0,0.0,5.61,completed,no
TX-500970,2026-04-02,2026-04,18,CUST-00744,mass,Moscow,card_purchase,online,electronics,GadgetPro,no_promo,16948.86,0.0,0.0,271.18,reversed,no
TX-500971,2026-04-03,2026-04,12,CUST-00516,small_business,Saint Petersburg,card_purchase,online,online_services,StreamBox,no_promo,1187.48,0.0,0.0,19.0,completed,no
TX-500972,2026-04-03,2026-04,18,CUST-00658,mass,Saint Petersburg,card_purchase,online,online_services,StreamBox,no_promo,635.1,0.0,0.0,10.16,completed,no
TX-500973,2026-04-03,2026-04,14,CUST-00742,mass,Kazan,card_purchase,online,travel,RailTrip,TRAVEL5,8480.28,0.0,424.01,-288.33,completed,no
TX-500974,2026-04-03,2026-04,12,CUST-00290,new,Saint Petersburg,card_purchase,online,electronics,GadgetPro,no_promo,49885.12,0.0,0.0,798.16,completed,yes
TX-500975,2026-04-03,2026-04,3,CUST-00698,mass,Saint Petersburg,card_purchase,card_pos,online_services,StreamBox,no_promo,452.96,0.0,0.0,7.25,completed,no
TX-500976,2026-04-03,2026-04,9,CUST-00049,premium,Saint Petersburg,card_purchase,card_pos,fuel,RoadOil,EVERYDAY2,9948.07,0.0,198.96,-119.38,completed,no
TX-500977,2026-04-03,2026-04,7,CUST-00166,mass,Saint Petersburg,card_purchase,online,travel,RailTrip,TRAVEL5,13834.36,0.0,691.72,-470.37,completed,no
TX-500978,2026-04-03,2026-04,20,CUST-00742,mass,Saint Petersburg,card_purchase,online,online_services,GameMarket,no_promo,4279.22,0.0,0.0,68.47,completed,no
TX-500979,2026-04-03,2026-04,16,CUST-00782,mass,Saint Petersburg,transfer,mobile_app,p2p,P2P Transfer,no_promo,7420.1,44.52,0.0,44.52,completed,no
TX-500980,2026-04-03,2026-04,22,CUST-00094,new,Yekaterinburg,service_payment,branch,utilities,MobileTopUp,no_promo,877.56,3.51,0.0,14.04,completed,no
TX-500981,2026-04-03,2026-04,13,CUST-00693,small_business,Saint Petersburg,cash_withdrawal,atm,atm,OwnATM,no_promo,24628.14,0,0.0,0.0,completed,no
TX-500982,2026-04-03,2026-04,5,CUST-00288,mass,Saint Petersburg,card_purchase,mobile_app,cafe,CoffeePoint,no_promo,372.81,0.0,0.0,4.47,completed,no
TX-500983,2026-04-03,2026-04,14,CUST-00398,mass,Yekaterinburg,transfer,mobile_app,p2p,P2P Transfer,no_promo,32409.55,194.46,0.0,194.46,completed,no
TX-500984,2026-04-03,2026-04,18,CUST-00350,mass,Moscow,card_purchase,card_pos,online_services,StreamBox,no_promo,536.53,0.0,0.0,8.58,completed,no
TX-500985,2026-04-03,2026-04,14,CUST-00707,mass,Nizhny Novgorod,card_purchase,online,groceries,FreshMarket,no_promo,1665.22,0.0,0.0,13.32,completed,no
TX-500986,2026-04-04,2026-04,23,CUST-00391,new,Moscow,card_purchase,card_pos,cafe,UrbanCafe,no_promo,796.14,0.0,0.0,9.55,completed,no
TX-500987,2026-04-04,2026-04,16,CUST-00368,mass,Moscow,service_payment,branch,utilities,UtilityPay,no_promo,3500.55,14.0,0.0,56.01,completed,no
TX-500988,2026-04-04,2026-04,6,CUST-00499,premium,Moscow,card_purchase,online,fuel,FastFuel,no_promo,6836.86,0.0,102.55,-47.86,completed,no
TX-500989,2026-04-04,2026-04,18,CUST-00239,mass,Saint Petersburg,card_purchase,card_pos,fuel,RoadOil,EVERYDAY2,4312.08,0.0,86.24,-51.74,completed,no
TX-500990,2026-04-04,2026-04,11,CUST-00406,small_business,Moscow,cash_withdrawal,atm,atm,PartnerATM,no_promo,35238.19,528.57,0.0,528.57,completed,no
TX-500991,2026-04-04,2026-04,12,CUST-00314,small_business,Nizhny Novgorod,card_purchase,online,travel,HotelHub,TRAVEL5,79954.36,0.0,3997.72,-2718.45,completed,no
TX-500992,2026-04-04,2026-04,10,CUST-00289,new,Kazan,card_purchase,mobile_app,groceries,DailyFood,no_promo,830.6,0.0,0.0,6.64,completed,no
TX-500993,2026-04-04,2026-04,13,CUST-00579,mass,Kazan,transfer,mobile_app,p2p,P2P Transfer,no_promo,1139.2,20,0.0,20.0,completed,no
TX-500994,2026-04-04,2026-04,17,CUST-00005,new,Yekaterinburg,service_payment,mobile_app,utilities,UtilityPay,no_promo,4169.8,16.68,0.0,66.72,completed,no
TX-500995,2026-04-04,2026-04,15,CUST-00211,mass,Moscow,card_purchase,card_pos,groceries,FreshMarket,no_promo,1571.52,0.0,0.0,12.57,completed,no
TX-500996,2026-04-04,2026-04,16,CUST-00237,mass,Kazan,card_purchase,card_pos,travel,FlyNow,TRAVEL5,58382.65,0.0,2919.13,-1985.01,completed,no
TX-500997,2026-04-04,2026-04,14,CUST-00320,mass,Yekaterinburg,service_payment,branch,utilities,MobileTopUp,no_promo,1587.54,6.35,0.0,25.4,completed,no
TX-500998,2026-04-04,2026-04,17,CUST-00794,premium,Moscow,card_purchase,mobile_app,groceries,DailyFood,EVERYDAY2,2675.33,0.0,53.51,-32.1,completed,no
TX-500999,2026-04-04,2026-04,10,CUST-00039,new,Yekaterinburg,card_purchase,online,online_services,CloudPlus,WELCOME3,359.05,0.0,10.77,-5.03,completed,no
TX-501000,2026-04-04,2026-04,19,CUST-00028,new,Moscow,transfer,mobile_app,p2p,P2P Transfer,no_promo,24518.18,147.11,0.0,147.11,completed,no
TX-501001,2026-04-04,2026-04,15,CUST-00007,mass,Saint Petersburg,card_purchase,online,groceries,DailyFood,EVERYDAY2,969.15,0.0,19.38,-11.63,completed,no
TX-501002,2026-04-04,2026-04,17,CUST-00081,new,Yekaterinburg,card_purchase,card_pos,groceries,DailyFood,no_promo,858.54,0.0,0.0,6.87,completed,no
TX-501003,2026-04-04,2026-04,8,CUST-00638,new,Saint Petersburg,service_payment,mobile_app,utilities,UtilityPay,no_promo,7136.7,28.55,0.0,114.19,completed,no
TX-501004,2026-04-04,2026-04,10,CUST-00539,mass,Kazan,card_purchase,card_pos,travel,RailTrip,TRAVEL5,12900.78,0.0,645.04,-438.63,completed,no
TX-501005,2026-04-04,2026-04,13,CUST-00531,small_business,Moscow,transfer,mobile_app,p2p,P2P Transfer,no_promo,60135.11,180.41,0.0,180.41,completed,no
TX-501006,2026-04-04,2026-04,2,CUST-00794,mass,Moscow,card_purchase,online,online_services,GameMarket,no_promo,2062.85,0.0,0.0,33.01,completed,no
TX-501007,2026-04-05,2026-04,16,CUST-00403,new,Nizhny Novgorod,card_purchase,online,travel,RailTrip,TRAVEL5,8906.4,0.0,0.0,0.0,declined,no
TX-501008,2026-04-05,2026-04,18,CUST-00771,small_business,Yekaterinburg,card_purchase,online,cafe,CoffeePoint,no_promo,919.66,0.0,0.0,11.04,completed,no
TX-501009,2026-04-05,2026-04,17,CUST-00210,mass,Kazan,card_purchase,online,travel,HotelHub,TRAVEL5,24282.04,0.0,1214.1,-825.59,completed,no
TX-501010,2026-04-05,2026-04,8,CUST-00278,new,Moscow,card_purchase,card_pos,online_services,GameMarket,no_promo,1474.23,0.0,0.0,23.59,completed,no
TX-501011,2026-04-05,2026-04,14,CUST-00501,small_business,Saint Petersburg,transfer,mobile_app,p2p,P2P Transfer,no_promo,85895.2,257.69,0.0,257.69,completed,no
TX-501012,2026-04-05,2026-04,18,CUST-00181,mass,Moscow,transfer,branch,p2p,P2P Transfer,no_promo,11190.81,67.14,0.0,67.14,completed,no
TX-501013,2026-04-05,2026-04,6,CUST-00179,mass,Yekaterinburg,card_purchase,card_pos,cafe,UrbanCafe,no_promo,959.87,0.0,0.0,11.52,completed,no
TX-501014,2026-04-05,2026-04,14,CUST-00723,small_business,Moscow,card_purchase,card_pos,cafe,UrbanCafe,no_promo,1172.68,0.0,0.0,14.07,completed,no
TX-501015,2026-04-05,2026-04,14,CUST-00462,mass,Saint Petersburg,card_purchase,card_pos,electronics,GadgetPro,no_promo,30042.54,0.0,0.0,480.68,completed,no
TX-501016,2026-04-05,2026-04,10,CUST-00209,mass,Kazan,card_purchase,card_pos,electronics,ElectroMall,no_promo,13141.32,0.0,0.0,210.26,completed,no
TX-501017,2026-04-05,2026-04,14,CUST-00761,mass,Yekaterinburg,card_purchase,online,online_services,StreamBox,no_promo,389.2,0.0,0.0,6.23,completed,no
TX-501018,2026-04-05,2026-04,10,CUST-00772,mass,Kazan,card_purchase,card_pos,cafe,CoffeePoint,no_promo,285.42,0.0,0.0,3.43,completed,no
TX-501019,2026-04-05,2026-04,10,CUST-00783,mass,Yekaterinburg,card_purchase,online,electronics,ElectroMall,no_promo,29089.42,0.0,0.0,465.43,completed,no
TX-501020,2026-04-05,2026-04,23,CUST-00321,new,Moscow,card_purchase,online,travel,RailTrip,TRAVEL5,10344.55,0.0,517.23,-351.71,completed,no
TX-501021,2026-04-06,2026-04,20,CUST-00395,premium,Yekaterinburg,card_purchase,online,fuel,FastFuel,no_promo,6999.37,0.0,104.99,-49.0,completed,no
TX-501022,2026-04-06,2026-04,9,CUST-00712,mass,Moscow,card_purchase,card_pos,cafe,CoffeePoint,no_promo,407.87,0.0,0.0,4.89,completed,no
TX-501023,2026-04-06,2026-04,8,CUST-00557,mass,Moscow,card_purchase,online,cafe,UrbanCafe,no_promo,803.08,0.0,0.0,9.64,completed,no
TX-501024,2026-04-06,2026-04,16,CUST-00649,mass,Saint Petersburg,card_purchase,card_pos,travel,FlyNow,TRAVEL5,23067.79,0.0,1153.39,-784.3,completed,no
TX-501025,2026-04-06,2026-04,7,CUST-00029,small_business,Moscow,transfer,mobile_app,p2p,P2P Transfer,BUSINESS_FEE0,41113.89,0,0.0,0.0,completed,no
TX-501026,2026-04-06,2026-04,11,CUST-00672,mass,Nizhny Novgorod,card_purchase,online,online_services,GameMarket,no_promo,1276.3,0.0,0.0,20.42,completed,yes
TX-501027,2026-04-06,2026-04,10,CUST-00051,mass,Saint Petersburg,card_purchase,card_pos,groceries,DailyFood,EVERYDAY2,1332.62,0.0,26.65,-15.99,completed,no
TX-501028,2026-04-06,2026-04,9,CUST-00134,premium,Moscow,card_purchase,card_pos,travel,RailTrip,TRAVEL5,25249.06,0.0,1262.45,-858.47,completed,no
TX-501029,2026-04-06,2026-04,8,CUST-00794,new,Moscow,cash_withdrawal,atm,atm,PartnerATM,no_promo,15659.52,234.89,0.0,234.89,completed,no
TX-501030,2026-04-06,2026-04,8,CUST-00115,mass,Kazan,card_purchase,online,online_services,StreamBox,no_promo,787.62,0.0,0.0,12.6,completed,no
TX-501031,2026-04-06,2026-04,19,CUST-00247,premium,Moscow,card_purchase,card_pos,groceries,FreshMarket,no_promo,1996.93,0.0,29.95,-13.98,completed,no
TX-501032,2026-04-06,2026-04,16,CUST-00267,mass,Moscow,card_purchase,online,online_services,CloudPlus,no_promo,785.9,0.0,0.0,12.57,completed,no
TX-501033,2026-04-06,2026-04,18,CUST-00251,mass,Moscow,card_purchase,card_pos,groceries,DailyFood,no_promo,1578.35,0.0,0.0,12.63,completed,no
TX-501034,2026-04-06,2026-04,10,CUST-00016,new,Moscow,card_purchase,online,groceries,DailyFood,WELCOME3,695.03,0.0,20.85,-15.29,completed,no
TX-501035,2026-04-07,2026-04,21,CUST-00638,small_business,Yekaterinburg,service_payment,mobile_app,utilities,UtilityPay,no_promo,17940.14,71.76,0.0,287.04,completed,yes
TX-501036,2026-04-07,2026-04,20,CUST-00351,mass,Saint Petersburg,card_purchase,online,fuel,FastFuel,no_promo,3520.62,0.0,0.0,28.16,completed,no
TX-501037,2026-04-07,2026-04,23,CUST-00671,mass,Kazan,card_purchase,online,fuel,RoadOil,EVERYDAY2,4377.27,0.0,87.55,-52.53,completed,no
TX-501038,2026-04-07,2026-04,14,CUST-00045,mass,Moscow,card_purchase,mobile_app,groceries,CityGrocery,no_promo,1584.82,0.0,0.0,12.68,completed,no
TX-501039,2026-04-07,2026-04,15,CUST-00259,mass,Yekaterinburg,card_purchase,card_pos,fuel,FastFuel,no_promo,3207.92,0.0,0.0,25.66,completed,no
TX-501040,2026-04-07,2026-04,8,CUST-00472,new,Saint Petersburg,card_purchase,card_pos,groceries,FreshMarket,no_promo,1282.7,0.0,0.0,10.26,completed,no
TX-501041,2026-04-07,2026-04,3,CUST-00426,mass,Moscow,card_purchase,online,electronics,TechStore,no_promo,28988.22,0.0,0.0,463.81,completed,no
TX-501042,2026-04-07,2026-04,7,CUST-00432,mass,Saint Petersburg,transfer,mobile_app,p2p,P2P Transfer,no_promo,39526.07,237.16,0.0,237.16,completed,no
TX-501043,2026-04-07,2026-04,20,CUST-00422,new,Yekaterinburg,service_payment,mobile_app,utilities,MobileTopUp,no_promo,1012.14,4.05,0.0,16.19,completed,no
TX-501044,2026-04-07,2026-04,10,CUST-00627,mass,Nizhny Novgorod,card_purchase,card_pos,cafe,UrbanCafe,no_promo,707.84,0.0,0.0,8.49,completed,no
TX-501045,2026-04-07,2026-04,16,CUST-00397,mass,Kazan,card_purchase,online,online_services,StreamBox,no_promo,532.91,0.0,0.0,8.53,completed,no
TX-501046,2026-04-07,2026-04,10,CUST-00033,mass,Moscow,card_purchase,online,cafe,CoffeePoint,no_promo,517.57,0.0,0.0,6.21,completed,no
TX-501047,2026-04-07,2026-04,13,CUST-00517,mass,Saint Petersburg,cash_withdrawal,atm,atm,PartnerATM,no_promo,19364.47,290.47,0.0,290.47,completed,no
TX-501048,2026-04-07,2026-04,1,CUST-00468,new,Moscow,card_purchase,online,online_services,StreamBox,no_promo,635.19,0.0,0.0,10.16,completed,no
TX-501049,2026-04-07,2026-04,12,CUST-00387,mass,Moscow,card_purchase,online,electronics,TechStore,no_promo,30409.19,0.0,0.0,486.55,completed,no
TX-501050,2026-04-07,2026-04,12,CUST-00530,new,Kazan,card_purchase,card_pos,groceries,CityGrocery,no_promo,982.43,0.0,0.0,7.86,completed,no
TX-501051,2026-04-08,2026-04,7,CUST-00557,mass,Kazan,card_purchase,mobile_app,cafe,CoffeePoint,no_promo,654.77,0.0,0.0,7.86,completed,no
TX-501052,2026-04-08,2026-04,11,CUST-00555,mass,Moscow,card_purchase,card_pos,groceries,DailyFood,EVERYDAY2,789.49,0.0,15.79,-9.47,completed,no
TX-501053,2026-04-08,2026-04,17,CUST-00478,mass,Saint Petersburg,card_purchase,card_pos,cafe,UrbanCafe,no_promo,572.32,0.0,0.0,6.87,completed,no
TX-501054,2026-04-08,2026-04,9,CUST-00763,new,Kazan,card_purchase,card_pos,groceries,FreshMarket,no_promo,998.16,0.0,0.0,7.99,completed,no
TX-501055,2026-04-08,2026-04,11,CUST-00765,premium,Saint Petersburg,card_purchase,online,groceries,FreshMarket,no_promo,3552.06,0.0,53.28,-24.86,completed,no
TX-501056,2026-04-08,2026-04,10,CUST-00747,mass,Saint Petersburg,card_purchase,card_pos,groceries,FreshMarket,no_promo,1154.87,0.0,0.0,9.24,completed,no
TX-501057,2026-04-08,2026-04,8,CUST-00423,mass,Saint Petersburg,service_payment,mobile_app,utilities,MobileTopUp,no_promo,355.36,1.42,0.0,5.69,completed,no
TX-501058,2026-04-08,2026-04,16,CUST-00527,mass,Kazan,card_purchase,card_pos,groceries,DailyFood,no_promo,704.89,0.0,0.0,5.64,completed,no
TX-501059,2026-04-08,2026-04,16,CUST-00182,mass,Nizhny Novgorod,cash_withdrawal,atm,atm,PartnerATM,no_promo,12721.3,190.82,0.0,190.82,completed,no
TX-501060,2026-04-08,2026-04,11,CUST-00743,small_business,Nizhny Novgorod,card_purchase,card_pos,groceries,CityGrocery,no_promo,1973.86,0.0,0.0,15.79,completed,no
TX-501061,2026-04-08,2026-04,15,CUST-00676,small_business,Saint Petersburg,card_purchase,online,cafe,UrbanCafe,no_promo,1479.29,0.0,0.0,17.75,completed,no
TX-501062,2026-04-08,2026-04,11,CUST-00355,new,Saint Petersburg,service_payment,mobile_app,utilities,UtilityPay,no_promo,5106.84,20.43,0.0,81.71,completed,no
TX-501063,2026-04-08,2026-04,22,CUST-00498,mass,Moscow,card_purchase,online,fuel,FastFuel,no_promo,2063.74,0.0,0.0,16.51,completed,no
TX-501064,2026-04-09,2026-04,11,CUST-00634,mass,Kazan,card_purchase,card_pos,fuel,RoadOil,EVERYDAY2,3199.18,0.0,63.98,-38.39,completed,no
TX-501065,2026-04-09,2026-04,17,CUST-00018,new,Saint Petersburg,card_purchase,card_pos,groceries,FreshMarket,no_promo,1056.21,0.0,0.0,8.45,completed,no
TX-501066,2026-04-09,2026-04,14,CUST-00765,mass,Moscow,card_purchase,card_pos,groceries,FreshMarket,no_promo,1486.58,0.0,0.0,11.89,completed,no
TX-501067,2026-04-09,2026-04,9,CUST-00483,premium,Saint Petersburg,card_purchase,online,electronics,ElectroMall,no_promo,33627.43,0.0,504.41,33.63,completed,no
TX-501068,2026-04-09,2026-04,19,CUST-00350,premium,Kazan,card_purchase,card_pos,groceries,DailyFood,EVERYDAY2,1987.06,0.0,39.74,-23.84,completed,no
TX-501069,2026-04-09,2026-04,12,CUST-00301,mass,Yekaterinburg,card_purchase,card_pos,groceries,FreshMarket,no_promo,1289.78,0.0,0.0,10.32,completed,no
TX-501070,2026-04-09,2026-04,20,CUST-00515,premium,Moscow,card_purchase,online,fuel,RoadOil,EVERYDAY2,8417.66,0.0,168.35,-101.01,completed,no
TX-501071,2026-04-09,2026-04,20,CUST-00422,mass,Moscow,service_payment,mobile_app,utilities,UtilityPay,no_promo,6892.61,27.57,0.0,110.28,completed,no
TX-501072,2026-04-09,2026-04,12,CUST-00726,premium,Saint Petersburg,cash_withdrawal,atm,atm,PartnerATM,no_promo,39198.93,587.98,0.0,587.98,completed,no
TX-501073,2026-04-09,2026-04,15,CUST-00401,small_business,Moscow,card_purchase,card_pos,groceries,FreshMarket,no_promo,3573.57,0.0,0.0,28.59,completed,no
TX-501074,2026-04-09,2026-04,14,CUST-00663,mass,Moscow,transfer,mobile_app,p2p,P2P Transfer,no_promo,13068.93,78.41,0.0,78.41,completed,no
TX-501075,2026-04-09,2026-04,16,CUST-00565,premium,Nizhny Novgorod,card_purchase,online,online_services,GameMarket,no_promo,1400.74,0.0,21.01,1.4,completed,no
TX-501076,2026-04-10,2026-04,20,CUST-00769,mass,Moscow,transfer,mobile_app,p2p,P2P Transfer,no_promo,6252.31,37.51,0.0,37.51,completed,no
TX-501077,2026-04-10,2026-04,7,CUST-00544,new,Moscow,transfer,mobile_app,p2p,P2P Transfer,no_promo,14162.59,84.98,0.0,84.98,completed,no
TX-501078,2026-04-10,2026-04,16,CUST-00674,mass,Saint Petersburg,card_purchase,mobile_app,cafe,CoffeePoint,no_promo,367.26,0.0,0.0,4.41,completed,no
TX-501079,2026-04-10,2026-04,22,CUST-00549,mass,Yekaterinburg,card_purchase,online,electronics,ElectroMall,no_promo,10773.55,0.0,0.0,172.38,completed,no
TX-501080,2026-04-10,2026-04,12,CUST-00281,mass,Yekaterinburg,card_purchase,mobile_app,cafe,CoffeePoint,no_promo,556.0,0.0,0.0,6.67,completed,no
TX-501081,2026-04-10,2026-04,12,CUST-00395,mass,Moscow,service_payment,mobile_app,utilities,UtilityPay,no_promo,4675.27,18.7,0.0,74.8,completed,no
TX-501082,2026-04-10,2026-04,8,CUST-00092,mass,Kazan,card_purchase,card_pos,travel,FlyNow,TRAVEL5,66267.15,0.0,3313.36,-2253.08,completed,no
TX-501083,2026-04-10,2026-04,7,CUST-00051,mass,Moscow,service_payment,mobile_app,utilities,UtilityPay,no_promo,6311.37,25.25,0.0,100.98,completed,no
TX-501084,2026-04-10,2026-04,12,CUST-00443,new,Saint Petersburg,card_purchase,card_pos,online_services,CloudPlus,no_promo,235.92,0.0,0.0,3.77,completed,no
TX-501085,2026-04-10,2026-04,19,CUST-00509,new,Kazan,card_purchase,mobile_app,groceries,CityGrocery,no_promo,963.05,0.0,0.0,7.7,completed,no
TX-501086,2026-04-10,2026-04,16,CUST-00134,small_business,Kazan,card_purchase,online,groceries,FreshMarket,no_promo,4251.56,0.0,0.0,34.01,completed,no
TX-501087,2026-04-10,2026-04,15,CUST-00235,new,Nizhny Novgorod,card_purchase,online,travel,FlyNow,TRAVEL5,40144.56,0.0,2007.23,-1364.92,completed,no
TX-501088,2026-04-10,2026-04,16,CUST-00671,new,Moscow,card_purchase,card_pos,groceries,FreshMarket,no_promo,871.69,0.0,0.0,6.97,completed,no
TX-501089,2026-04-10,2026-04,18,CUST-00273,new,Nizhny Novgorod,cash_withdrawal,atm,atm,PartnerATM,no_promo,6273.42,94.1,0.0,94.1,completed,no
TX-501090,2026-04-11,2026-04,9,CUST-00519,premium,Saint Petersburg,card_purchase,online,travel,RailTrip,TRAVEL5,14662.32,0.0,733.12,-498.52,completed,no
TX-501091,2026-04-11,2026-04,13,CUST-00798,premium,Yekaterinburg,card_purchase,card_pos,groceries,FreshMarket,no_promo,2753.52,0.0,41.3,-19.27,completed,no
TX-501092,2026-04-11,2026-04,0,CUST-00407,small_business,Saint Petersburg,transfer,mobile_app,p2p,P2P Transfer,no_promo,10977.58,32.93,0.0,32.93,completed,yes
TX-501093,2026-04-11,2026-04,19,CUST-00384,new,Moscow,card_purchase,online,travel,FlyNow,TRAVEL5,42372.96,0.0,2118.65,-1440.68,completed,no
TX-501094,2026-04-11,2026-04,17,CUST-00298,mass,Kazan,card_purchase,card_pos,groceries,DailyFood,EVERYDAY2,1733.04,0.0,34.66,-20.8,completed,no
TX-501095,2026-04-11,2026-04,5,CUST-00202,premium,Kazan,card_purchase,card_pos,groceries,FreshMarket,no_promo,2801.71,0.0,42.03,-19.61,completed,no
TX-501096,2026-04-11,2026-04,11,CUST-00700,new,Moscow,transfer,mobile_app,p2p,P2P Transfer,no_promo,1242.95,20,0.0,20.0,completed,no
TX-501097,2026-04-11,2026-04,16,CUST-00605,new,Moscow,transfer,branch,p2p,P2P Transfer,no_promo,42528.49,255.17,0.0,255.17,completed,no
TX-501098,2026-04-11,2026-04,9,CUST-00706,new,Kazan,card_purchase,online,groceries,CityGrocery,WELCOME3,1396.9,0.0,41.91,-30.73,completed,no
TX-501099,2026-04-11,2026-04,21,CUST-00214,mass,Moscow,card_purchase,card_pos,cafe,UrbanCafe,no_promo,653.39,0.0,0.0,7.84,completed,no
TX-501100,2026-04-12,2026-04,16,CUST-00423,mass,Moscow,card_purchase,mobile_app,fuel,FastFuel,EVERYDAY2,2977.89,0.0,59.56,-35.73,completed,no
TX-501101,2026-04-12,2026-04,21,CUST-00338,small_business,Yekaterinburg,transfer,mobile_app,p2p,P2P Transfer,no_promo,16749.05,50.25,0.0,50.25,completed,no
TX-501102,2026-04-12,2026-04,11,CUST-00788,mass,Saint Petersburg,card_purchase,card_pos,groceries,CityGrocery,no_promo,1930.07,0.0,0.0,15.44,completed,no
TX-501103,2026-04-12,2026-04,14,CUST-00256,small_business,Saint Petersburg,service_payment,mobile_app,utilities,MobileTopUp,no_promo,609.9,2.44,0.0,9.76,completed,no
TX-501104,2026-04-12,2026-04,3,CUST-00453,mass,Nizhny Novgorod,card_purchase,mobile_app,travel,HotelHub,TRAVEL5,38542.03,0.0,1927.1,-1310.43,completed,no
TX-501105,2026-04-12,2026-04,11,CUST-00583,new,Saint Petersburg,card_purchase,card_pos,groceries,DailyFood,no_promo,987.21,0.0,0.0,7.9,completed,no
TX-501106,2026-04-12,2026-04,15,CUST-00085,new,Yekaterinburg,transfer,branch,p2p,P2P Transfer,no_promo,3268.41,20,0.0,20.0,completed,no
TX-501107,2026-04-12,2026-04,23,CUST-00717,mass,Saint Petersburg,card_purchase,online,online_services,CloudPlus,no_promo,382.31,0.0,0.0,6.12,completed,no
TX-501108,2026-04-12,2026-04,1,CUST-00765,mass,Moscow,card_purchase,online,electronics,GadgetPro,no_promo,15908.31,0.0,0.0,254.53,completed,no
TX-501109,2026-04-12,2026-04,3,CUST-00564,small_business,Nizhny Novgorod,card_purchase,mobile_app,fuel,FastFuel,no_promo,6694.14,0.0,0.0,53.55,completed,no
TX-501110,2026-04-12,2026-04,13,CUST-00429,mass,Nizhny Novgorod,card_purchase,card_pos,cafe,UrbanCafe,no_promo,1055.86,0.0,0.0,12.67,completed,no
TX-501111,2026-04-13,2026-04,17,CUST-00727,mass,Nizhny Novgorod,card_purchase,online,online_services,CloudPlus,no_promo,657.07,0.0,0.0,10.51,completed,no
TX-501112,2026-04-13,2026-04,12,CUST-00683,mass,Nizhny Novgorod,card_purchase,online,electronics,GadgetPro,no_promo,32841.55,0.0,0.0,525.46,completed,no
TX-501113,2026-04-13,2026-04,14,CUST-00613,small_business,Saint Petersburg,card_purchase,card_pos,groceries,DailyFood,no_promo,3632.59,0.0,0.0,29.06,completed,no
TX-501114,2026-04-13,2026-04,17,CUST-00595,mass,Kazan,card_purchase,card_pos,groceries,CityGrocery,no_promo,1031.02,0.0,0.0,8.25,completed,no
TX-501115,2026-04-13,2026-04,10,CUST-00688,mass,Saint Petersburg,card_purchase,card_pos,groceries,DailyFood,no_promo,1186.11,0.0,0.0,9.49,completed,no
TX-501116,2026-04-13,2026-04,11,CUST-00256,mass,Moscow,card_purchase,online,electronics,GadgetPro,no_promo,13909.91,0.0,0.0,222.56,completed,no
TX-501117,2026-04-13,2026-04,0,CUST-00608,premium,Kazan,card_purchase,online,cafe,UrbanCafe,no_promo,970.81,0.0,14.56,-2.91,completed,no
TX-501118,2026-04-13,2026-04,6,CUST-00568,new,Nizhny Novgorod,transfer,mobile_app,p2p,P2P Transfer,no_promo,42739.19,256.44,0.0,256.44,completed,no
TX-501119,2026-04-13,2026-04,10,CUST-00716,mass,Moscow,card_purchase,card_pos,fuel,RoadOil,no_promo,3177.34,0.0,0.0,25.42,completed,no
TX-501120,2026-04-13,2026-04,14,CUST-00036,mass,Saint Petersburg,card_purchase,card_pos,travel,RailTrip,TRAVEL5,6913.59,0.0,345.68,-235.06,completed,no
TX-501121,2026-04-13,2026-04,15,CUST-00181,mass,Kazan,card_purchase,card_pos,groceries,CityGrocery,no_promo,1378.37,0.0,0.0,11.03,completed,no
TX-501122,2026-04-13,2026-04,22,CUST-00400,small_business,Nizhny Novgorod,card_purchase,online,travel,HotelHub,TRAVEL5,124472.11,0.0,6223.61,-4232.05,completed,no
TX-501123,2026-04-13,2026-04,10,CUST-00739,mass,Moscow,card_purchase,card_pos,travel,FlyNow,TRAVEL5,45356.45,0.0,2267.82,-1542.12,completed,no
TX-501124,2026-04-13,2026-04,22,CUST-00632,small_business,Nizhny Novgorod,service_payment,mobile_app,utilities,MobileTopUp,no_promo,1779.38,7.12,0.0,28.47,completed,no
TX-501125,2026-04-14,2026-04,14,CUST-00444,mass,Yekaterinburg,card_purchase,online,groceries,FreshMarket,no_promo,1324.28,0.0,0.0,10.59,completed,no
TX-501126,2026-04-14,2026-04,16,CUST-00380,mass,Saint Petersburg,card_purchase,card_pos,fuel,RoadOil,no_promo,2987.39,0.0,0.0,23.9,completed,no
TX-501127,2026-04-14,2026-04,13,CUST-00226,new,Moscow,card_purchase,card_pos,travel,RailTrip,TRAVEL5,15720.5,0.0,786.03,-534.5,completed,no
TX-501128,2026-04-14,2026-04,7,CUST-00236,mass,Moscow,card_purchase,card_pos,fuel,FastFuel,EVERYDAY2,3472.2,0.0,69.44,-41.67,completed,no
TX-501129,2026-04-14,2026-04,18,CUST-00006,mass,Yekaterinburg,card_purchase,card_pos,cafe,CoffeePoint,no_promo,368.04,0.0,0.0,4.42,completed,no
TX-501130,2026-04-14,2026-04,7,CUST-00301,new,Saint Petersburg,transfer,mobile_app,p2p,P2P Transfer,no_promo,32670.78,196.02,0.0,196.02,completed,no
TX-501131,2026-04-14,2026-04,15,CUST-00367,mass,Moscow,card_purchase,mobile_app,fuel,RoadOil,EVERYDAY2,2619.23,0.0,52.38,-31.43,completed,no
TX-501132,2026-04-14,2026-04,11,CUST-00401,new,Saint Petersburg,card_purchase,online,groceries,DailyFood,no_promo,635.67,0.0,0.0,5.09,completed,no
TX-501133,2026-04-14,2026-04,14,CUST-00307,small_business,Moscow,card_purchase,online,online_services,GameMarket,no_promo,1385.25,0.0,0.0,22.16,completed,no
TX-501134,2026-04-14,2026-04,22,CUST-00719,small_business,Nizhny Novgorod,card_purchase,card_pos,electronics,TechStore,no_promo,42451.98,0.0,0.0,679.23,completed,no
TX-501135,2026-04-14,2026-04,23,CUST-00676,small_business,Saint Petersburg,card_purchase,online,online_services,StreamBox,no_promo,2046.57,0.0,0.0,32.75,completed,no
TX-501136,2026-04-15,2026-04,17,CUST-00516,mass,Moscow,card_purchase,card_pos,groceries,DailyFood,no_promo,1398.43,0.0,0.0,11.19,completed,no
TX-501137,2026-04-15,2026-04,11,CUST-00274,mass,Saint Petersburg,card_purchase,online,travel,FlyNow,TRAVEL5,38239.65,0.0,1911.98,-1300.15,completed,no
TX-501138,2026-04-15,2026-04,17,CUST-00364,mass,Moscow,card_purchase,mobile_app,fuel,FastFuel,EVERYDAY2,2727.51,0.0,54.55,-32.73,completed,no
TX-501139,2026-04-15,2026-04,18,CUST-00378,mass,Moscow,card_purchase,card_pos,fuel,RoadOil,no_promo,3643.36,0.0,0.0,29.15,completed,no
TX-501140,2026-04-15,2026-04,10,CUST-00531,small_business,Moscow,card_purchase,card_pos,groceries,CityGrocery,no_promo,3475.12,0.0,0.0,27.8,completed,no
TX-501141,2026-04-15,2026-04,0,CUST-00291,premium,Moscow,card_purchase,card_pos,groceries,CityGrocery,no_promo,4045.0,0.0,60.67,-28.31,completed,no
TX-501142,2026-04-15,2026-04,17,CUST-00622,new,Saint Petersburg,cash_withdrawal,atm,atm,PartnerATM,no_promo,15717.1,235.76,0.0,235.76,completed,no
TX-501143,2026-04-15,2026-04,13,CUST-00757,mass,Moscow,card_purchase,online,electronics,TechStore,no_promo,28236.25,0.0,0.0,451.78,completed,no
TX-501144,2026-04-15,2026-04,17,CUST-00226,mass,Saint Petersburg,card_purchase,card_pos,groceries,DailyFood,no_promo,808.46,0.0,0.0,6.47,completed,no
TX-501145,2026-04-15,2026-04,9,CUST-00045,mass,Saint Petersburg,service_payment,mobile_app,utilities,UtilityPay,no_promo,4319.37,17.28,0.0,69.11,completed,no
TX-501146,2026-04-15,2026-04,0,CUST-00112,new,Moscow,cash_withdrawal,atm,atm,PartnerATM,no_promo,9535.52,143.03,0.0,143.03,completed,no
TX-501147,2026-04-16,2026-04,8,CUST-00490,new,Saint Petersburg,card_purchase,card_pos,groceries,FreshMarket,no_promo,1430.65,0.0,0.0,11.45,completed,no
TX-501148,2026-04-16,2026-04,5,CUST-00066,small_business,Yekaterinburg,card_purchase,online,cafe,CoffeePoint,no_promo,1191.47,0.0,0.0,14.3,completed,no
TX-501149,2026-04-16,2026-04,21,CUST-00740,new,Kazan,card_purchase,online,online_services,StreamBox,no_promo,665.4,0.0,0.0,10.65,completed,no
TX-501150,2026-04-16,2026-04,0,CUST-00146,premium,Yekaterinburg,cash_withdrawal,atm,atm,PartnerATM,no_promo,21099.7,316.5,0.0,316.5,completed,no
TX-501151,2026-04-16,2026-04,11,CUST-00721,new,Moscow,transfer,mobile_app,p2p,P2P Transfer,no_promo,7790.98,46.75,0.0,46.75,completed,no
TX-501152,2026-04-16,2026-04,7,CUST-00576,mass,Yekaterinburg,card_purchase,mobile_app,groceries,DailyFood,no_promo,965.86,0.0,0.0,7.73,completed,no
TX-501153,2026-04-16,2026-04,5,CUST-00325,new,Kazan,card_purchase,card_pos,fuel,RoadOil,no_promo,5107.12,0.0,0.0,40.86,completed,no
TX-501154,2026-04-16,2026-04,15,CUST-00243,new,Saint Petersburg,card_purchase,online,online_services,GameMarket,no_promo,3006.24,0.0,0.0,0.0,declined,yes
TX-501155,2026-04-16,2026-04,0,CUST-00025,small_business,Kazan,cash_withdrawal,atm,atm,OwnATM,no_promo,56618.56,0.0,0.0,0.0,declined,no
TX-501156,2026-04-16,2026-04,10,CUST-00115,mass,Moscow,card_purchase,card_pos,groceries,FreshMarket,EVERYDAY2,1184.88,0.0,23.7,-14.22,completed,no
TX-501157,2026-04-16,2026-04,8,CUST-00240,mass,Yekaterinburg,transfer,mobile_app,p2p,P2P Transfer,no_promo,24508.37,147.05,0.0,147.05,completed,no
TX-501158,2026-04-16,2026-04,9,CUST-00161,mass,Moscow,card_purchase,card_pos,groceries,CityGrocery,EVERYDAY2,937.08,0.0,18.74,-11.24,completed,no
TX-501159,2026-04-16,2026-04,12,CUST-00789,mass,Moscow,card_purchase,card_pos,groceries,DailyFood,no_promo,1232.53,0.0,0.0,9.86,completed,no
TX-501160,2026-04-16,2026-04,15,CUST-00366,mass,Kazan,card_purchase,card_pos,groceries,DailyFood,no_promo,968.4,0.0,0.0,7.75,completed,no
TX-501161,2026-04-17,2026-04,8,CUST-00453,mass,Kazan,transfer,mobile_app,p2p,P2P Transfer,no_promo,37493.8,224.96,0.0,224.96,completed,no
TX-501162,2026-04-17,2026-04,18,CUST-00761,mass,Saint Petersburg,card_purchase,card_pos,travel,FlyNow,TRAVEL5,44017.04,0.0,2200.85,-1496.58,completed,no
TX-501163,2026-04-17,2026-04,14,CUST-00305,small_business,Saint Petersburg,transfer,mobile_app,p2p,P2P Transfer,BUSINESS_FEE0,6897.15,0,0.0,0.0,completed,no
TX-501164,2026-04-17,2026-04,10,CUST-00559,mass,Nizhny Novgorod,card_purchase,card_pos,groceries,FreshMarket,no_promo,1162.66,0.0,0.0,9.3,completed,no
TX-501165,2026-04-17,2026-04,2,CUST-00163,mass,Saint Petersburg,card_purchase,online,travel,FlyNow,TRAVEL5,44354.04,0.0,2217.7,-1508.04,completed,no
TX-501166,2026-04-17,2026-04,18,CUST-00001,mass,Kazan,card_purchase,mobile_app,fuel,FastFuel,no_promo,3876.26,0.0,0.0,31.01,completed,no
TX-501167,2026-04-17,2026-04,11,CUST-00010,mass,Nizhny Novgorod,card_purchase,mobile_app,cafe,CoffeePoint,no_promo,758.63,0.0,0.0,9.1,completed,no
TX-501168,2026-04-17,2026-04,18,CUST-00379,mass,Moscow,card_purchase,mobile_app,groceries,FreshMarket,EVERYDAY2,1715.93,0.0,34.32,-20.59,completed,no
TX-501169,2026-04-17,2026-04,10,CUST-00494,mass,Yekaterinburg,card_purchase,mobile_app,cafe,CoffeePoint,no_promo,605.26,0.0,0.0,7.26,completed,no
TX-501170,2026-04-17,2026-04,13,CUST-00321,new,Yekaterinburg,card_purchase,card_pos,cafe,UrbanCafe,no_promo,616.71,0.0,0.0,7.4,completed,no
TX-501171,2026-04-17,2026-04,8,CUST-00345,mass,Saint Petersburg,service_payment,branch,utilities,MobileTopUp,no_promo,881.07,3.52,0.0,14.1,completed,no
TX-501172,2026-04-17,2026-04,11,CUST-00349,premium,Moscow,card_purchase,online,travel,HotelHub,TRAVEL5,124553.49,0.0,6227.67,-4234.82,completed,no
TX-501173,2026-04-17,2026-04,11,CUST-00043,mass,Kazan,service_payment,mobile_app,utilities,MobileTopUp,no_promo,469.47,1.88,0.0,7.51,completed,no
TX-501174,2026-04-17,2026-04,13,CUST-00548,small_business,Moscow,card_purchase,online,online_services,GameMarket,no_promo,8727.14,0.0,0.0,139.63,completed,no
TX-501175,2026-04-17,2026-04,11,CUST-00292,mass,Moscow,card_purchase,card_pos,groceries,FreshMarket,EVERYDAY2,1908.64,0.0,38.17,-22.9,completed,no
TX-501176,2026-04-17,2026-04,16,CUST-00436,new,Saint Petersburg,service_payment,mobile_app,utilities,UtilityPay,no_promo,3748.72,14.99,0.0,59.98,completed,no
TX-501177,2026-04-17,2026-04,17,CUST-00025,mass,Saint Petersburg,service_payment,mobile_app,utilities,MobileTopUp,no_promo,1325.65,5.3,0.0,21.21,completed,no
TX-501178,2026-04-18,2026-04,19,CUST-00290,mass,Yekaterinburg,card_purchase,online,travel,RailTrip,TRAVEL5,14390.4,0.0,719.52,-489.27,completed,no
TX-501179,2026-04-18,2026-04,3,CUST-00222,new,Saint Petersburg,card_purchase,online,groceries,FreshMarket,no_promo,2044.09,0.0,0.0,16.35,completed,no
TX-501180,2026-04-18,2026-04,15,CUST-00400,mass,Yekaterinburg,cash_withdrawal,atm,atm,OwnATM,no_promo,9291.43,0,0.0,0.0,completed,no
TX-501181,2026-04-18,2026-04,16,CUST-00296,mass,Kazan,service_payment,mobile_app,utilities,UtilityPay,no_promo,7558.92,30.24,0.0,120.94,completed,no
TX-501182,2026-04-18,2026-04,15,CUST-00483,premium,Moscow,service_payment,branch,utilities,UtilityPay,no_promo,11860.42,47.44,0.0,189.77,completed,no
TX-501183,2026-04-18,2026-04,15,CUST-00606,new,Yekaterinburg,card_purchase,card_pos,groceries,DailyFood,no_promo,615.66,0.0,0.0,4.93,completed,no
TX-501184,2026-04-18,2026-04,12,CUST-00273,new,Moscow,card_purchase,card_pos,travel,HotelHub,TRAVEL5,17290.17,0.0,864.51,-587.87,completed,no
TX-501185,2026-04-18,2026-04,15,CUST-00561,mass,Moscow,card_purchase,mobile_app,groceries,FreshMarket,EVERYDAY2,1501.49,0.0,30.03,-18.02,completed,no
TX-501186,2026-04-18,2026-04,13,CUST-00081,mass,Yekaterinburg,service_payment,mobile_app,utilities,MobileTopUp,no_promo,1253.22,5.01,0.0,20.05,completed,no
TX-501187,2026-04-18,2026-04,11,CUST-00378,new,Nizhny Novgorod,card_purchase,card_pos,electronics,TechStore,no_promo,10391.93,0.0,0.0,166.27,completed,no
TX-501188,2026-04-18,2026-04,18,CUST-00494,mass,Kazan,card_purchase,card_pos,groceries,FreshMarket,no_promo,1924.75,0.0,0.0,15.4,completed,no
TX-501189,2026-04-18,2026-04,7,CUST-00220,mass,Kazan,transfer,mobile_app,p2p,P2P Transfer,no_promo,2142.98,20,0.0,20.0,completed,no
TX-501190,2026-04-18,2026-04,6,CUST-00672,premium,Moscow,service_payment,mobile_app,utilities,MobileTopUp,no_promo,2428.43,9.71,0.0,38.85,completed,no
TX-501191,2026-04-18,2026-04,16,CUST-00361,mass,Nizhny Novgorod,card_purchase,card_pos,cafe,UrbanCafe,no_promo,666.96,0.0,0.0,8.0,completed,no
TX-501192,2026-04-18,2026-04,17,CUST-00156,small_business,Moscow,card_purchase,mobile_app,fuel,RoadOil,no_promo,11877.52,0.0,0.0,95.02,completed,no
TX-501193,2026-04-18,2026-04,13,CUST-00571,new,Saint Petersburg,card_purchase,online,electronics,GadgetPro,no_promo,24619.76,0.0,0.0,393.92,completed,no
TX-501194,2026-04-18,2026-04,19,CUST-00338,premium,Moscow,card_purchase,card_pos,cafe,CoffeePoint,no_promo,1239.28,0.0,18.59,-3.72,completed,no
TX-501195,2026-04-18,2026-04,14,CUST-00479,premium,Kazan,card_purchase,card_pos,cafe,UrbanCafe,no_promo,1094.0,0.0,16.41,-3.28,completed,no
TX-501196,2026-04-18,2026-04,16,CUST-00781,mass,Yekaterinburg,card_purchase,online,groceries,FreshMarket,EVERYDAY2,1420.98,0.0,28.42,-17.05,completed,no
TX-501197,2026-04-18,2026-04,7,CUST-00260,small_business,Saint Petersburg,card_purchase,card_pos,travel,RailTrip,TRAVEL5,24146.25,0.0,1207.31,-820.97,completed,no
TX-501198,2026-04-18,2026-04,1,CUST-00593,mass,Saint Petersburg,transfer,mobile_app,p2p,P2P Transfer,no_promo,1913.24,20,0.0,20.0,completed,no
TX-501199,2026-04-18,2026-04,12,CUST-00609,mass,Saint Petersburg,card_purchase,card_pos,fuel,FastFuel,no_promo,2450.0,0.0,0.0,19.6,completed,no
TX-501200,2026-04-18,2026-04,8,CUST-00748,mass,Moscow,card_purchase,online,travel,RailTrip,TRAVEL5,14332.84,0.0,716.64,-487.32,completed,no
TX-501201,2026-04-18,2026-04,9,CUST-00288,small_business,Saint Petersburg,service_payment,mobile_app,utilities,UtilityPay,no_promo,7816.35,31.27,0.0,125.06,completed,no
TX-501202,2026-04-18,2026-04,22,CUST-00062,premium,Yekaterinburg,card_purchase,card_pos,cafe,UrbanCafe,no_promo,871.1,0.0,13.07,-2.61,completed,no
TX-501203,2026-04-18,2026-04,9,CUST-00097,mass,Moscow,transfer,branch,p2p,P2P Transfer,no_promo,19599.17,117.6,0.0,117.6,completed,no
TX-501204,2026-04-19,2026-04,10,CUST-00056,new,Moscow,cash_withdrawal,atm,atm,OwnATM,no_promo,11627.55,0,0.0,0.0,completed,no
TX-501205,2026-04-19,2026-04,12,CUST-00791,new,Moscow,card_purchase,card_pos,groceries,FreshMarket,no_promo,1423.57,0.0,0.0,11.39,completed,no
TX-501206,2026-04-19,2026-04,10,CUST-00253,mass,Moscow,card_purchase,card_pos,online_services,StreamBox,no_promo,364.54,0.0,0.0,5.83,reversed,no
TX-501207,2026-04-19,2026-04,21,CUST-00584,mass,Moscow,card_purchase,card_pos,groceries,CityGrocery,no_promo,1061.98,0.0,0.0,8.5,completed,no
TX-501208,2026-04-19,2026-04,12,CUST-00169,mass,Moscow,card_purchase,online,online_services,StreamBox,no_promo,327.27,0.0,0.0,5.24,completed,no
TX-501209,2026-04-19,2026-04,0,CUST-00024,new,Kazan,card_purchase,card_pos,groceries,CityGrocery,no_promo,954.43,0.0,0.0,7.64,completed,no
TX-501210,2026-04-19,2026-04,14,CUST-00410,new,Kazan,card_purchase,card_pos,fuel,FastFuel,no_promo,2118.43,0.0,0.0,16.95,completed,no
TX-501211,2026-04-19,2026-04,12,CUST-00671,new,Kazan,card_purchase,online,groceries,FreshMarket,WELCOME3,937.56,0.0,28.13,-20.63,completed,no
TX-501212,2026-04-19,2026-04,23,CUST-00217,mass,Kazan,card_purchase,mobile_app,fuel,FastFuel,EVERYDAY2,2615.27,0.0,52.31,-31.38,completed,no
TX-501213,2026-04-19,2026-04,9,CUST-00072,new,Moscow,service_payment,mobile_app,utilities,UtilityPay,no_promo,3696.0,14.78,0.0,59.14,completed,no
TX-501214,2026-04-19,2026-04,4,CUST-00599,mass,Kazan,transfer,mobile_app,p2p,P2P Transfer,no_promo,56749.18,340.5,0.0,340.5,completed,no
TX-501215,2026-04-19,2026-04,1,CUST-00486,premium,Moscow,card_purchase,online,travel,RailTrip,TRAVEL5,10420.39,0.0,0.0,0.0,declined,no
TX-501216,2026-04-19,2026-04,11,CUST-00174,mass,Yekaterinburg,card_purchase,card_pos,groceries,DailyFood,EVERYDAY2,1034.84,0.0,20.7,-12.42,completed,no
TX-501217,2026-04-19,2026-04,19,CUST-00257,new,Moscow,transfer,mobile_app,p2p,P2P Transfer,no_promo,10691.11,64.15,0.0,64.15,completed,no
TX-501218,2026-04-19,2026-04,17,CUST-00576,mass,Kazan,cash_withdrawal,atm,atm,OwnATM,no_promo,17140.51,0,0.0,0.0,completed,no
TX-501219,2026-04-19,2026-04,16,CUST-00398,new,Kazan,card_purchase,online,travel,RailTrip,TRAVEL5,8271.96,0.0,0.0,0.0,declined,no
TX-501220,2026-04-20,2026-04,17,CUST-00017,new,Yekaterinburg,card_purchase,online,online_services,CloudPlus,WELCOME3,615.33,0.0,18.46,-8.61,completed,no
TX-501221,2026-04-20,2026-04,17,CUST-00130,mass,Moscow,card_purchase,card_pos,groceries,CityGrocery,no_promo,1392.51,0.0,0.0,11.14,completed,no
TX-501222,2026-04-20,2026-04,12,CUST-00137,mass,Saint Petersburg,card_purchase,card_pos,cafe,UrbanCafe,no_promo,537.21,0.0,0.0,6.45,completed,no
TX-501223,2026-04-20,2026-04,11,CUST-00064,mass,Saint Petersburg,card_purchase,card_pos,online_services,GameMarket,no_promo,3560.1,0.0,0.0,56.96,completed,no
TX-501224,2026-04-20,2026-04,8,CUST-00725,mass,Moscow,card_purchase,card_pos,groceries,CityGrocery,no_promo,1065.57,0.0,0.0,8.52,completed,no
TX-501225,2026-04-20,2026-04,10,CUST-00546,new,Moscow,card_purchase,mobile_app,groceries,FreshMarket,no_promo,1272.82,0.0,0.0,10.18,completed,no
TX-501226,2026-04-20,2026-04,8,CUST-00228,mass,Yekaterinburg,cash_withdrawal,atm,atm,PartnerATM,no_promo,8745.71,131.19,0.0,131.19,completed,no
TX-501227,2026-04-20,2026-04,19,CUST-00783,mass,Moscow,card_purchase,online,electronics,GadgetPro,no_promo,43279.63,0.0,0.0,692.47,completed,no
TX-501228,2026-04-20,2026-04,11,CUST-00142,mass,Saint Petersburg,card_purchase,card_pos,cafe,UrbanCafe,no_promo,756.19,0.0,0.0,9.07,completed,no
TX-501229,2026-04-20,2026-04,15,CUST-00411,mass,Moscow,card_purchase,card_pos,cafe,UrbanCafe,no_promo,819.71,0.0,0.0,9.84,completed,no
TX-501230,2026-04-20,2026-04,9,CUST-00499,small_business,Kazan,transfer,mobile_app,p2p,P2P Transfer,no_promo,64431.58,193.29,0.0,193.29,completed,no
TX-501231,2026-04-20,2026-04,18,CUST-00038,small_business,Saint Petersburg,card_purchase,online,travel,HotelHub,TRAVEL5,117583.11,0.0,5879.16,-3997.83,completed,no
TX-501232,2026-04-20,2026-04,21,CUST-00672,mass,Yekaterinburg,card_purchase,online,online_services,StreamBox,no_promo,417.96,0.0,0.0,6.69,completed,no
TX-501233,2026-04-20,2026-04,22,CUST-00138,mass,Yekaterinburg,card_purchase,card_pos,groceries,DailyFood,no_promo,1083.85,0.0,0.0,8.67,completed,no
TX-501234,2026-04-20,2026-04,11,CUST-00530,premium,Saint Petersburg,service_payment,mobile_app,utilities,MobileTopUp,no_promo,510.57,2.04,0.0,8.17,completed,no
TX-501235,2026-04-20,2026-04,0,CUST-00038,mass,Moscow,cash_withdrawal,atm,atm,PartnerATM,no_promo,11251.9,168.78,0.0,168.78,completed,no
TX-501236,2026-04-20,2026-04,7,CUST-00244,mass,Kazan,service_payment,mobile_app,utilities,UtilityPay,no_promo,3159.42,12.64,0.0,50.55,completed,no
TX-501237,2026-04-20,2026-04,15,CUST-00166,mass,Saint Petersburg,cash_withdrawal,atm,atm,PartnerATM,no_promo,10538.84,158.08,0.0,158.08,completed,no
TX-501238,2026-04-21,2026-04,14,CUST-00547,mass,Yekaterinburg,card_purchase,card_pos,fuel,FastFuel,no_promo,4288.05,0.0,0.0,34.3,completed,no
TX-501239,2026-04-21,2026-04,22,CUST-00236,small_business,Nizhny Novgorod,card_purchase,online,online_services,StreamBox,no_promo,2109.21,0.0,0.0,33.75,completed,no
TX-501240,2026-04-21,2026-04,1,CUST-00467,mass,Saint Petersburg,card_purchase,online,travel,HotelHub,TRAVEL5,37734.37,0.0,1886.72,-1282.97,completed,no
TX-501241,2026-04-21,2026-04,10,CUST-00002,small_business,Saint Petersburg,transfer,mobile_app,p2p,P2P Transfer,BUSINESS_FEE0,41522.49,0,0.0,0.0,completed,no
TX-501242,2026-04-21,2026-04,12,CUST-00134,mass,Saint Petersburg,card_purchase,online,groceries,CityGrocery,EVERYDAY2,1740.11,0.0,34.8,-20.88,completed,no
TX-501243,2026-04-21,2026-04,18,CUST-00496,mass,Saint Petersburg,card_purchase,mobile_app,groceries,DailyFood,no_promo,1571.18,0.0,0.0,12.57,completed,no
TX-501244,2026-04-21,2026-04,14,CUST-00407,new,Yekaterinburg,card_purchase,online,electronics,GadgetPro,no_promo,44053.46,0.0,0.0,704.86,completed,no
TX-501245,2026-04-21,2026-04,16,CUST-00516,mass,Kazan,service_payment,mobile_app,utilities,MobileTopUp,no_promo,286.75,1.15,0.0,4.59,completed,no
TX-501246,2026-04-21,2026-04,21,CUST-00644,small_business,Moscow,card_purchase,mobile_app,cafe,CoffeePoint,no_promo,1268.89,0.0,0.0,15.23,completed,no
TX-501247,2026-04-21,2026-04,14,CUST-00162,mass,Moscow,card_purchase,card_pos,groceries,FreshMarket,EVERYDAY2,1499.35,0.0,29.99,-17.99,completed,no
TX-501248,2026-04-21,2026-04,10,CUST-00719,new,Moscow,card_purchase,card_pos,groceries,FreshMarket,no_promo,997.59,0.0,0.0,7.98,completed,no
TX-501249,2026-04-21,2026-04,13,CUST-00352,mass,Moscow,card_purchase,card_pos,cafe,CoffeePoint,no_promo,781.7,0.0,0.0,9.38,completed,no
TX-501250,2026-04-21,2026-04,15,CUST-00173,mass,Nizhny Novgorod,card_purchase,card_pos,cafe,CoffeePoint,no_promo,637.35,0.0,0.0,7.65,completed,no
TX-501251,2026-04-21,2026-04,23,CUST-00122,mass,Saint Petersburg,card_purchase,online,electronics,TechStore,no_promo,35242.24,0.0,0.0,0.0,declined,no
TX-501252,2026-04-21,2026-04,17,CUST-00598,small_business,Moscow,transfer,mobile_app,p2p,P2P Transfer,BUSINESS_FEE0,120158.61,0,0.0,0.0,completed,no
TX-501253,2026-04-22,2026-04,10,CUST-00263,premium,Moscow,card_purchase,card_pos,cafe,CoffeePoint,no_promo,847.51,0.0,12.71,-2.54,completed,no
TX-501254,2026-04-22,2026-04,20,CUST-00128,mass,Saint Petersburg,card_purchase,card_pos,groceries,DailyFood,EVERYDAY2,1639.37,0.0,32.79,-19.67,completed,no
TX-501255,2026-04-22,2026-04,14,CUST-00412,mass,Saint Petersburg,service_payment,branch,utilities,MobileTopUp,no_promo,284.74,1.14,0.0,4.56,completed,no
TX-501256,2026-04-22,2026-04,2,CUST-00104,mass,Saint Petersburg,card_purchase,online,fuel,RoadOil,EVERYDAY2,3645.76,0.0,72.92,-43.75,completed,no
TX-501257,2026-04-22,2026-04,1,CUST-00385,premium,Moscow,transfer,mobile_app,p2p,P2P Transfer,no_promo,9526.73,28.58,0.0,28.58,reversed,no
TX-501258,2026-04-22,2026-04,1,CUST-00392,new,Yekaterinburg,card_purchase,online,electronics,ElectroMall,WELCOME3,8919.48,0.0,267.58,-124.87,completed,no
TX-501259,2026-04-22,2026-04,17,CUST-00119,mass,Moscow,service_payment,mobile_app,utilities,UtilityPay,no_promo,3836.78,15.35,0.0,61.39,completed,no
TX-501260,2026-04-22,2026-04,11,CUST-00295,mass,Saint Petersburg,card_purchase,online,online_services,GameMarket,no_promo,1336.44,0.0,0.0,21.38,completed,no
TX-501261,2026-04-22,2026-04,10,CUST-00474,mass,Moscow,card_purchase,card_pos,groceries,CityGrocery,no_promo,1320.3,0.0,0.0,10.56,completed,no
TX-501262,2026-04-22,2026-04,14,CUST-00346,new,Moscow,card_purchase,mobile_app,travel,RailTrip,TRAVEL5,5222.63,0.0,261.13,-177.57,completed,no
TX-501263,2026-04-22,2026-04,9,CUST-00393,premium,Saint Petersburg,card_purchase,online,online_services,StreamBox,no_promo,1445.35,0.0,21.68,1.45,completed,no
TX-501264,2026-04-23,2026-04,21,CUST-00081,small_business,Yekaterinburg,card_purchase,online,online_services,GameMarket,no_promo,3093.75,0.0,0.0,49.5,completed,no
TX-501265,2026-04-23,2026-04,10,CUST-00606,mass,Moscow,transfer,mobile_app,p2p,P2P Transfer,no_promo,44084.11,264.5,0.0,264.5,completed,no
TX-501266,2026-04-23,2026-04,11,CUST-00239,mass,Moscow,card_purchase,online,groceries,CityGrocery,no_promo,1041.28,0.0,0.0,8.33,completed,no
TX-501267,2026-04-23,2026-04,7,CUST-00491,mass,Yekaterinburg,card_purchase,card_pos,fuel,FastFuel,EVERYDAY2,3733.78,0.0,74.68,-44.81,completed,no
TX-501268,2026-04-23,2026-04,13,CUST-00326,mass,Nizhny Novgorod,transfer,mobile_app,p2p,P2P Transfer,no_promo,6663.54,39.98,0.0,39.98,completed,no
TX-501269,2026-04-23,2026-04,16,CUST-00528,mass,Moscow,card_purchase,card_pos,cafe,CoffeePoint,no_promo,340.06,0.0,0.0,4.08,completed,no
TX-501270,2026-04-23,2026-04,19,CUST-00259,mass,Nizhny Novgorod,card_purchase,online,electronics,TechStore,no_promo,21082.46,0.0,0.0,337.32,completed,no
TX-501271,2026-04-23,2026-04,18,CUST-00130,mass,Kazan,card_purchase,online,cafe,UrbanCafe,no_promo,573.19,0.0,0.0,6.88,completed,yes
TX-501272,2026-04-23,2026-04,11,CUST-00269,mass,Moscow,cash_withdrawal,atm,atm,PartnerATM,no_promo,8164.78,122.47,0.0,122.47,completed,no
TX-501273,2026-04-23,2026-04,13,CUST-00316,new,Moscow,cash_withdrawal,atm,atm,PartnerATM,no_promo,27469.56,412.04,0.0,412.04,completed,no
TX-501274,2026-04-23,2026-04,3,CUST-00074,new,Kazan,card_purchase,online,fuel,RoadOil,no_promo,4475.65,0.0,0.0,35.81,completed,no
TX-501275,2026-04-23,2026-04,19,CUST-00427,mass,Moscow,card_purchase,online,travel,HotelHub,TRAVEL5,58206.06,0.0,2910.3,-1979.01,completed,no
TX-501276,2026-04-23,2026-04,7,CUST-00715,mass,Nizhny Novgorod,card_purchase,card_pos,travel,RailTrip,TRAVEL5,12482.27,0.0,624.11,-424.4,completed,no
TX-501277,2026-04-23,2026-04,19,CUST-00485,new,Moscow,service_payment,mobile_app,utilities,UtilityPay,no_promo,2745.18,10.98,0.0,43.92,completed,no
TX-501278,2026-04-23,2026-04,21,CUST-00570,mass,Moscow,card_purchase,card_pos,fuel,RoadOil,no_promo,2867.34,0.0,0.0,22.94,completed,no
TX-501279,2026-04-23,2026-04,17,CUST-00113,premium,Yekaterinburg,card_purchase,card_pos,groceries,FreshMarket,no_promo,2497.12,0.0,37.46,-17.48,completed,no
TX-501280,2026-04-24,2026-04,21,CUST-00441,new,Yekaterinburg,card_purchase,online,travel,RailTrip,TRAVEL5,8047.16,0.0,402.36,-273.6,completed,no
TX-501281,2026-04-24,2026-04,15,CUST-00144,new,Saint Petersburg,card_purchase,online,travel,FlyNow,TRAVEL5,55358.28,0.0,2767.91,-1882.18,completed,no
TX-501282,2026-04-24,2026-04,16,CUST-00037,mass,Saint Petersburg,card_purchase,online,electronics,GadgetPro,no_promo,18423.19,0.0,0.0,294.77,completed,no
TX-501283,2026-04-24,2026-04,12,CUST-00547,premium,Saint Petersburg,card_purchase,mobile_app,groceries,CityGrocery,no_promo,2263.18,0.0,33.95,-15.84,completed,no
TX-501284,2026-04-24,2026-04,0,CUST-00681,mass,Saint Petersburg,card_purchase,online,travel,FlyNow,TRAVEL5,47779.88,0.0,2388.99,-1624.52,completed,no
TX-501285,2026-04-24,2026-04,22,CUST-00431,mass,Moscow,card_purchase,online,online_services,CloudPlus,no_promo,943.41,0.0,0.0,15.09,completed,no
TX-501286,2026-04-24,2026-04,23,CUST-00739,small_business,Saint Petersburg,card_purchase,online,online_services,CloudPlus,no_promo,1366.89,0.0,0.0,21.87,completed,no
TX-501287,2026-04-24,2026-04,9,CUST-00693,mass,Moscow,card_purchase,card_pos,travel,RailTrip,TRAVEL5,5962.47,0.0,298.12,-202.72,completed,no
TX-501288,2026-04-24,2026-04,21,CUST-00045,mass,Yekaterinburg,card_purchase,mobile_app,cafe,UrbanCafe,no_promo,450.03,0.0,0.0,5.4,completed,no
TX-501289,2026-04-24,2026-04,19,CUST-00527,premium,Saint Petersburg,card_purchase,card_pos,groceries,CityGrocery,EVERYDAY2,2732.74,0.0,54.65,-32.79,completed,no
TX-501290,2026-04-24,2026-04,16,CUST-00053,mass,Nizhny Novgorod,service_payment,mobile_app,utilities,UtilityPay,no_promo,2457.5,9.83,0.0,39.32,completed,no
TX-501291,2026-04-24,2026-04,18,CUST-00399,premium,Saint Petersburg,card_purchase,online,electronics,ElectroMall,no_promo,33436.34,0.0,501.55,33.44,completed,no
TX-501292,2026-04-24,2026-04,14,CUST-00001,new,Saint Petersburg,card_purchase,card_pos,fuel,RoadOil,no_promo,4286.32,0.0,0.0,34.29,completed,no
TX-501293,2026-04-24,2026-04,15,CUST-00165,mass,Saint Petersburg,cash_withdrawal,atm,atm,PartnerATM,no_promo,4298.03,90,0.0,90.0,completed,no
TX-501294,2026-04-24,2026-04,19,CUST-00793,new,Saint Petersburg,service_payment,branch,utilities,MobileTopUp,no_promo,269.81,1.08,0.0,4.32,completed,no
TX-501295,2026-04-24,2026-04,18,CUST-00354,mass,Moscow,card_purchase,card_pos,online_services,CloudPlus,no_promo,508.15,0.0,0.0,8.13,completed,no
TX-501296,2026-04-25,2026-04,23,CUST-00378,mass,Saint Petersburg,card_purchase,online,online_services,StreamBox,no_promo,477.59,0.0,0.0,7.64,completed,no
TX-501297,2026-04-25,2026-04,23,CUST-00184,mass,Moscow,cash_withdrawal,atm,atm,PartnerATM,no_promo,17669.51,265.04,0.0,265.04,completed,no
TX-501298,2026-04-25,2026-04,9,CUST-00397,mass,Saint Petersburg,card_purchase,card_pos,groceries,CityGrocery,no_promo,950.91,0.0,0.0,7.61,completed,no
TX-501299,2026-04-25,2026-04,16,CUST-00524,new,Saint Petersburg,card_purchase,card_pos,cafe,CoffeePoint,no_promo,366.47,0.0,0.0,4.4,completed,no
TX-501300,2026-04-25,2026-04,17,CUST-00536,new,Saint Petersburg,card_purchase,mobile_app,cafe,UrbanCafe,no_promo,693.29,0.0,0.0,8.32,completed,no
TX-501301,2026-04-25,2026-04,23,CUST-00113,new,Saint Petersburg,card_purchase,online,groceries,DailyFood,no_promo,716.98,0.0,0.0,5.74,completed,no
TX-501302,2026-04-25,2026-04,17,CUST-00543,mass,Moscow,cash_withdrawal,atm,atm,PartnerATM,no_promo,7683.73,115.26,0.0,115.26,completed,no
TX-501303,2026-04-25,2026-04,12,CUST-00755,small_business,Moscow,cash_withdrawal,atm,atm,PartnerATM,no_promo,17474.21,262.11,0.0,262.11,completed,no
TX-501304,2026-04-25,2026-04,11,CUST-00222,new,Nizhny Novgorod,card_purchase,card_pos,groceries,FreshMarket,no_promo,1242.08,0.0,0.0,9.94,completed,no
TX-501305,2026-04-25,2026-04,19,CUST-00401,mass,Kazan,card_purchase,card_pos,travel,HotelHub,TRAVEL5,46009.32,0.0,2300.47,-1564.32,completed,no
TX-501306,2026-04-25,2026-04,12,CUST-00460,premium,Yekaterinburg,card_purchase,online,groceries,FreshMarket,no_promo,1887.96,0.0,28.32,-13.22,completed,no
TX-501307,2026-04-25,2026-04,12,CUST-00508,new,Moscow,transfer,mobile_app,p2p,P2P Transfer,no_promo,6736.47,40.42,0.0,40.42,completed,no
TX-501308,2026-04-25,2026-04,21,CUST-00423,mass,Nizhny Novgorod,card_purchase,online,online_services,GameMarket,no_promo,1995.77,0.0,0.0,31.93,completed,no
TX-501309,2026-04-25,2026-04,10,CUST-00236,mass,Moscow,card_purchase,card_pos,fuel,RoadOil,EVERYDAY2,4413.66,0.0,88.27,-52.96,completed,no
TX-501310,2026-04-25,2026-04,13,CUST-00363,small_business,Saint Petersburg,card_purchase,online,travel,RailTrip,TRAVEL5,21746.38,0.0,1087.32,-739.38,completed,no
TX-501311,2026-04-25,2026-04,6,CUST-00434,new,Saint Petersburg,card_purchase,card_pos,travel,RailTrip,TRAVEL5,12653.42,0.0,632.67,-430.22,completed,no
TX-501312,2026-04-25,2026-04,14,CUST-00740,mass,Moscow,card_purchase,card_pos,fuel,FastFuel,no_promo,2870.01,0.0,0.0,22.96,completed,no
TX-501313,2026-04-26,2026-04,9,CUST-00203,mass,Saint Petersburg,card_purchase,card_pos,cafe,UrbanCafe,no_promo,758.68,0.0,0.0,9.1,completed,no
TX-501314,2026-04-26,2026-04,10,CUST-00537,mass,Saint Petersburg,card_purchase,card_pos,groceries,DailyFood,EVERYDAY2,1191.06,0.0,23.82,-14.29,completed,no
TX-501315,2026-04-26,2026-04,13,CUST-00532,new,Kazan,card_purchase,online,electronics,TechStore,no_promo,13344.92,0.0,0.0,213.52,completed,no
TX-501316,2026-04-26,2026-04,13,CUST-00677,new,Saint Petersburg,card_purchase,card_pos,fuel,RoadOil,no_promo,3428.64,0.0,0.0,27.43,completed,no
TX-501317,2026-04-26,2026-04,11,CUST-00748,premium,Saint Petersburg,service_payment,mobile_app,utilities,MobileTopUp,no_promo,989.2,3.96,0.0,15.83,completed,no
TX-501318,2026-04-26,2026-04,12,CUST-00799,new,Yekaterinburg,card_purchase,online,cafe,UrbanCafe,no_promo,526.68,0.0,0.0,6.32,completed,no
TX-501319,2026-04-26,2026-04,13,CUST-00478,mass,Moscow,card_purchase,online,travel,HotelHub,TRAVEL5,34983.1,0.0,1749.15,-1189.43,completed,no
TX-501320,2026-04-26,2026-04,15,CUST-00576,mass,Yekaterinburg,card_purchase,online,cafe,CoffeePoint,no_promo,350.87,0.0,0.0,4.21,completed,no
TX-501321,2026-04-26,2026-04,22,CUST-00162,small_business,Saint Petersburg,card_purchase,online,groceries,FreshMarket,no_promo,3107.13,0.0,0.0,24.86,completed,no
TX-501322,2026-04-26,2026-04,11,CUST-00485,mass,Saint Petersburg,service_payment,mobile_app,utilities,UtilityPay,no_promo,3529.84,14.12,0.0,56.48,completed,no
TX-501323,2026-04-26,2026-04,17,CUST-00704,mass,Moscow,card_purchase,mobile_app,groceries,DailyFood,EVERYDAY2,825.22,0.0,16.5,-9.9,completed,no
TX-501324,2026-04-26,2026-04,20,CUST-00755,mass,Moscow,card_purchase,online,travel,FlyNow,TRAVEL5,44708.5,0.0,2235.43,-1520.09,completed,no
TX-501325,2026-04-26,2026-04,12,CUST-00472,small_business,Yekaterinburg,card_purchase,online,cafe,UrbanCafe,no_promo,1485.09,0.0,0.0,17.82,completed,no
TX-501326,2026-04-26,2026-04,10,CUST-00545,mass,Saint Petersburg,card_purchase,online,groceries,CityGrocery,no_promo,2316.41,0.0,0.0,18.53,completed,no
TX-501327,2026-04-26,2026-04,6,CUST-00703,new,Nizhny Novgorod,transfer,mobile_app,p2p,P2P Transfer,no_promo,4097.2,24.58,0.0,24.58,completed,no
TX-501328,2026-04-27,2026-04,8,CUST-00260,small_business,Saint Petersburg,transfer,branch,p2p,P2P Transfer,no_promo,41313.74,123.94,0.0,123.94,completed,no
TX-501329,2026-04-27,2026-04,17,CUST-00585,mass,Moscow,card_purchase,online,travel,HotelHub,TRAVEL5,46579.05,0.0,2328.95,-1583.69,completed,no
TX-501330,2026-04-27,2026-04,23,CUST-00776,mass,Moscow,card_purchase,card_pos,cafe,CoffeePoint,no_promo,568.26,0.0,0.0,6.82,completed,no
TX-501331,2026-04-27,2026-04,13,CUST-00253,new,Saint Petersburg,card_purchase,mobile_app,online_services,CloudPlus,no_promo,238.91,0.0,0.0,3.82,completed,no
TX-501332,2026-04-27,2026-04,17,CUST-00368,mass,Kazan,transfer,mobile_app,p2p,P2P Transfer,no_promo,2864.04,20,0.0,20.0,completed,no
TX-501333,2026-04-27,2026-04,11,CUST-00119,small_business,Moscow,card_purchase,card_pos,groceries,FreshMarket,no_promo,3107.06,0.0,0.0,24.86,completed,no
TX-501334,2026-04-27,2026-04,0,CUST-00159,new,Moscow,card_purchase,online,fuel,FastFuel,no_promo,3492.04,0.0,0.0,27.94,completed,no
TX-501335,2026-04-27,2026-04,7,CUST-00023,new,Saint Petersburg,cash_withdrawal,atm,atm,OwnATM,no_promo,1462.08,0,0.0,0.0,completed,no
TX-501336,2026-04-27,2026-04,13,CUST-00470,new,Moscow,card_purchase,mobile_app,fuel,RoadOil,no_promo,3361.73,0.0,0.0,26.89,completed,no
TX-501337,2026-04-27,2026-04,22,CUST-00532,mass,Moscow,card_purchase,online,travel,HotelHub,TRAVEL5,37027.24,0.0,1851.36,-1258.93,completed,no
TX-501338,2026-04-27,2026-04,4,CUST-00292,new,Saint Petersburg,card_purchase,card_pos,groceries,DailyFood,no_promo,1191.66,0.0,0.0,9.53,completed,no
TX-501339,2026-04-28,2026-04,18,CUST-00575,mass,Nizhny Novgorod,card_purchase,online,travel,RailTrip,TRAVEL5,12250.11,0.0,612.51,-416.5,completed,no
TX-501340,2026-04-28,2026-04,9,CUST-00021,mass,Saint Petersburg,card_purchase,card_pos,groceries,DailyFood,no_promo,1549.35,0.0,0.0,12.39,completed,no
TX-501341,2026-04-28,2026-04,7,CUST-00438,mass,Moscow,card_purchase,online,groceries,DailyFood,no_promo,1006.85,0.0,0.0,8.05,completed,no
TX-501342,2026-04-28,2026-04,12,CUST-00239,new,Moscow,transfer,mobile_app,p2p,P2P Transfer,no_promo,24229.09,145.37,0.0,145.37,completed,no
TX-501343,2026-04-28,2026-04,19,CUST-00400,new,Moscow,card_purchase,card_pos,travel,FlyNow,TRAVEL5,42969.38,0.0,2148.47,-1460.96,completed,no
TX-501344,2026-04-28,2026-04,16,CUST-00192,mass,Moscow,transfer,mobile_app,p2p,P2P Transfer,no_promo,37673.71,226.04,0.0,226.04,completed,no
TX-501345,2026-04-28,2026-04,16,CUST-00374,new,Moscow,cash_withdrawal,atm,atm,PartnerATM,no_promo,4451.08,90,0.0,90.0,completed,no
TX-501346,2026-04-28,2026-04,22,CUST-00674,new,Moscow,card_purchase,online,cafe,UrbanCafe,no_promo,351.63,0.0,0.0,4.22,completed,no
TX-501347,2026-04-28,2026-04,6,CUST-00058,new,Moscow,card_purchase,card_pos,groceries,FreshMarket,no_promo,1274.26,0.0,0.0,10.19,completed,no
TX-501348,2026-04-28,2026-04,20,CUST-00659,new,Kazan,card_purchase,mobile_app,cafe,CoffeePoint,no_promo,344.29,0.0,0.0,4.13,completed,no
TX-501349,2026-04-28,2026-04,9,CUST-00786,mass,Yekaterinburg,card_purchase,card_pos,cafe,UrbanCafe,no_promo,995.63,0.0,0.0,11.95,completed,no
TX-501350,2026-04-28,2026-04,14,CUST-00387,mass,Saint Petersburg,card_purchase,card_pos,groceries,CityGrocery,no_promo,1505.38,0.0,0.0,12.04,completed,no
TX-501351,2026-04-28,2026-04,10,CUST-00046,small_business,Kazan,card_purchase,card_pos,groceries,CityGrocery,no_promo,2202.91,0.0,0.0,17.62,completed,no
TX-501352,2026-04-28,2026-04,17,CUST-00401,new,Yekaterinburg,service_payment,mobile_app,utilities,MobileTopUp,no_promo,830.13,3.32,0.0,13.28,completed,no
TX-501353,2026-04-29,2026-04,9,CUST-00730,new,Kazan,card_purchase,card_pos,groceries,DailyFood,no_promo,875.87,0.0,0.0,7.01,completed,no
TX-501354,2026-04-29,2026-04,7,CUST-00579,premium,Nizhny Novgorod,card_purchase,online,electronics,GadgetPro,no_promo,34535.24,0.0,518.03,34.54,completed,no
TX-501355,2026-04-29,2026-04,11,CUST-00791,mass,Kazan,cash_withdrawal,atm,atm,PartnerATM,no_promo,3618.84,90,0.0,90.0,completed,no
TX-501356,2026-04-29,2026-04,15,CUST-00267,premium,Saint Petersburg,transfer,mobile_app,p2p,P2P Transfer,no_promo,82882.59,248.65,0.0,248.65,completed,no
TX-501357,2026-04-29,2026-04,15,CUST-00706,small_business,Moscow,transfer,mobile_app,p2p,P2P Transfer,BUSINESS_FEE0,153941.25,0,0.0,0.0,completed,no
TX-501358,2026-04-29,2026-04,17,CUST-00534,small_business,Kazan,card_purchase,card_pos,fuel,RoadOil,no_promo,8910.55,0.0,0.0,71.28,completed,no
TX-501359,2026-04-29,2026-04,11,CUST-00703,mass,Nizhny Novgorod,card_purchase,mobile_app,groceries,DailyFood,EVERYDAY2,1319.71,0.0,26.39,-15.84,completed,no
TX-501360,2026-04-29,2026-04,14,CUST-00329,mass,Saint Petersburg,card_purchase,mobile_app,online_services,CloudPlus,no_promo,801.17,0.0,0.0,12.82,completed,no
TX-501361,2026-04-29,2026-04,2,CUST-00442,new,Saint Petersburg,card_purchase,online,electronics,ElectroMall,WELCOME3,19519.29,0.0,585.58,-273.27,completed,no
TX-501362,2026-04-29,2026-04,1,CUST-00648,premium,Yekaterinburg,card_purchase,online,groceries,DailyFood,no_promo,2721.2,0.0,40.82,-19.05,completed,no
TX-501363,2026-04-29,2026-04,15,CUST-00568,premium,Nizhny Novgorod,card_purchase,card_pos,groceries,CityGrocery,EVERYDAY2,1923.2,0.0,38.46,-23.08,completed,no
TX-501364,2026-04-29,2026-04,14,CUST-00243,small_business,Moscow,card_purchase,online,travel,RailTrip,TRAVEL5,33989.14,0.0,1699.46,-1155.63,completed,no
TX-501365,2026-04-29,2026-04,22,CUST-00771,mass,Saint Petersburg,card_purchase,online,travel,HotelHub,TRAVEL5,14794.34,0.0,739.72,-503.01,completed,no
TX-501366,2026-04-29,2026-04,15,CUST-00002,small_business,Kazan,card_purchase,card_pos,travel,HotelHub,TRAVEL5,73970.32,0.0,3698.52,-2514.99,completed,no
TX-501367,2026-04-29,2026-04,10,CUST-00551,small_business,Nizhny Novgorod,card_purchase,card_pos,cafe,CoffeePoint,no_promo,2351.75,0.0,0.0,28.22,completed,no
TX-501368,2026-04-29,2026-04,8,CUST-00606,small_business,Moscow,card_purchase,card_pos,cafe,CoffeePoint,no_promo,1060.22,0.0,0.0,12.72,completed,no
TX-501369,2026-04-29,2026-04,13,CUST-00729,new,Saint Petersburg,card_purchase,online,groceries,CityGrocery,no_promo,1029.33,0.0,0.0,8.23,completed,no
TX-501370,2026-04-30,2026-04,20,CUST-00522,premium,Nizhny Novgorod,transfer,mobile_app,p2p,P2P Transfer,no_promo,26306.47,78.92,0.0,78.92,completed,no
TX-501371,2026-04-30,2026-04,17,CUST-00221,mass,Moscow,card_purchase,online,groceries,DailyFood,no_promo,871.46,0.0,0.0,6.97,completed,no
TX-501372,2026-04-30,2026-04,10,CUST-00503,mass,Yekaterinburg,card_purchase,card_pos,electronics,ElectroMall,no_promo,11990.52,0.0,0.0,191.85,completed,no
TX-501373,2026-04-30,2026-04,9,CUST-00275,mass,Saint Petersburg,card_purchase,card_pos,online_services,StreamBox,no_promo,707.95,0.0,0.0,11.33,completed,no
TX-501374,2026-04-30,2026-04,5,CUST-00444,mass,Nizhny Novgorod,transfer,mobile_app,p2p,P2P Transfer,no_promo,2140.85,20,0.0,20.0,completed,no
TX-501375,2026-04-30,2026-04,18,CUST-00378,small_business,Moscow,card_purchase,online,cafe,CoffeePoint,no_promo,1353.15,0.0,0.0,16.24,completed,no
TX-501376,2026-04-30,2026-04,21,CUST-00325,mass,Saint Petersburg,card_purchase,online,fuel,FastFuel,no_promo,2097.39,0.0,0.0,16.78,completed,no
TX-501377,2026-04-30,2026-04,3,CUST-00452,mass,Nizhny Novgorod,card_purchase,mobile_app,groceries,FreshMarket,EVERYDAY2,2073.25,0.0,41.47,-24.88,completed,no
TX-501378,2026-04-30,2026-04,15,CUST-00211,mass,Moscow,card_purchase,card_pos,groceries,CityGrocery,no_promo,1736.95,0.0,0.0,13.9,completed,no
TX-501379,2026-04-30,2026-04,17,CUST-00108,mass,Yekaterinburg,card_purchase,online,groceries,FreshMarket,no_promo,1105.26,0.0,0.0,8.84,completed,no
TX-501380,2026-04-30,2026-04,3,CUST-00676,mass,Moscow,card_purchase,online,electronics,TechStore,no_promo,9429.2,0.0,0.0,150.87,completed,no
TX-501381,2026-04-30,2026-04,19,CUST-00450,mass,Moscow,card_purchase,online,groceries,FreshMarket,no_promo,1125.39,0.0,0.0,9.0,completed,no
TX-501382,2026-04-30,2026-04,15,CUST-00268,premium,Nizhny Novgorod,transfer,mobile_app,p2p,P2P Transfer,no_promo,39369.97,118.11,0.0,118.11,completed,no
TX-501383,2026-05-01,2026-05,12,CUST-00174,mass,Moscow,service_payment,mobile_app,utilities,UtilityPay,no_promo,2060.07,8.24,0.0,32.96,completed,no
TX-501384,2026-05-01,2026-05,2,CUST-00251,new,Moscow,cash_withdrawal,atm,atm,OwnATM,no_promo,3259.41,0,0.0,0.0,completed,no
TX-501385,2026-05-01,2026-05,12,CUST-00596,new,Nizhny Novgorod,transfer,branch,p2p,P2P Transfer,no_promo,28967.58,173.81,0.0,173.81,completed,no
TX-501386,2026-05-01,2026-05,17,CUST-00641,mass,Moscow,card_purchase,card_pos,online_services,StreamBox,no_promo,327.26,0.0,0.0,5.24,completed,no
TX-501387,2026-05-01,2026-05,17,CUST-00687,mass,Moscow,cash_withdrawal,atm,atm,OwnATM,no_promo,13274.46,0,0.0,0.0,completed,no
TX-501388,2026-05-01,2026-05,14,CUST-00107,new,Nizhny Novgorod,card_purchase,online,electronics,ElectroMall,no_promo,24370.44,0.0,0.0,389.93,completed,no
TX-501389,2026-05-01,2026-05,13,CUST-00015,mass,Moscow,transfer,mobile_app,p2p,P2P Transfer,no_promo,10207.92,61.25,0.0,61.25,completed,no
TX-501390,2026-05-01,2026-05,16,CUST-00450,mass,Saint Petersburg,card_purchase,online,online_services,CloudPlus,no_promo,456.95,0.0,0.0,7.31,completed,no
TX-501391,2026-05-01,2026-05,12,CUST-00463,mass,Saint Petersburg,card_purchase,card_pos,groceries,FreshMarket,no_promo,1139.85,0.0,0.0,0.0,declined,no
TX-501392,2026-05-01,2026-05,2,CUST-00063,mass,Moscow,card_purchase,card_pos,cafe,UrbanCafe,no_promo,754.06,0.0,0.0,9.05,completed,no
TX-501393,2026-05-01,2026-05,16,CUST-00219,mass,Moscow,service_payment,mobile_app,utilities,MobileTopUp,no_promo,737.92,2.95,0.0,11.81,completed,no
TX-501394,2026-05-01,2026-05,15,CUST-00597,mass,Moscow,card_purchase,card_pos,electronics,TechStore,no_promo,9063.39,0.0,0.0,145.01,completed,no
TX-501395,2026-05-02,2026-05,17,CUST-00439,mass,Moscow,card_purchase,mobile_app,fuel,RoadOil,no_promo,5529.49,0.0,0.0,44.24,completed,no
TX-501396,2026-05-02,2026-05,20,CUST-00090,mass,Kazan,card_purchase,online,electronics,GadgetPro,no_promo,15961.36,0.0,0.0,255.38,completed,no
TX-501397,2026-05-02,2026-05,12,CUST-00047,mass,Nizhny Novgorod,cash_withdrawal,atm,atm,PartnerATM,no_promo,10484.96,157.27,0.0,157.27,completed,no
TX-501398,2026-05-02,2026-05,11,CUST-00390,mass,Moscow,card_purchase,online,groceries,DailyFood,no_promo,949.07,0.0,0.0,7.59,completed,no
TX-501399,2026-05-02,2026-05,18,CUST-00795,mass,Nizhny Novgorod,card_purchase,online,electronics,ElectroMall,no_promo,42644.53,0.0,0.0,682.31,completed,no
TX-501400,2026-05-02,2026-05,11,CUST-00537,mass,Saint Petersburg,card_purchase,mobile_app,fuel,FastFuel,no_promo,2898.34,0.0,0.0,0.0,declined,no
TX-501401,2026-05-02,2026-05,11,CUST-00130,premium,Moscow,card_purchase,online,cafe,CoffeePoint,no_promo,811.88,0.0,12.18,-2.44,completed,no
TX-501402,2026-05-02,2026-05,18,CUST-00104,new,Nizhny Novgorod,card_purchase,card_pos,groceries,CityGrocery,no_promo,1553.25,0.0,0.0,12.43,completed,no
TX-501403,2026-05-02,2026-05,16,CUST-00325,new,Moscow,transfer,branch,p2p,P2P Transfer,no_promo,44537.46,267.22,0.0,267.22,completed,no
TX-501404,2026-05-02,2026-05,2,CUST-00517,small_business,Yekaterinburg,service_payment,mobile_app,utilities,UtilityPay,no_promo,13009.47,52.04,0.0,208.15,completed,no
TX-501405,2026-05-02,2026-05,7,CUST-00318,mass,Yekaterinburg,card_purchase,mobile_app,groceries,CityGrocery,no_promo,1426.42,0.0,0.0,11.41,completed,no
TX-501406,2026-05-02,2026-05,6,CUST-00071,premium,Saint Petersburg,card_purchase,online,groceries,DailyFood,no_promo,1481.77,0.0,22.23,-10.37,completed,no
TX-501407,2026-05-02,2026-05,19,CUST-00393,mass,Moscow,transfer,mobile_app,p2p,P2P Transfer,no_promo,36162.27,216.97,0.0,216.97,completed,no
TX-501408,2026-05-02,2026-05,21,CUST-00106,new,Saint Petersburg,card_purchase,online,travel,HotelHub,no_promo,32923.15,0.0,0.0,526.77,completed,no
TX-501409,2026-05-02,2026-05,15,CUST-00331,mass,Kazan,cash_withdrawal,atm,atm,OwnATM,no_promo,2806.86,0,0.0,0.0,completed,no
TX-501410,2026-05-02,2026-05,8,CUST-00743,mass,Nizhny Novgorod,card_purchase,card_pos,cafe,CoffeePoint,no_promo,359.04,0.0,0.0,4.31,completed,no
TX-501411,2026-05-02,2026-05,13,CUST-00739,mass,Saint Petersburg,service_payment,mobile_app,utilities,MobileTopUp,no_promo,337.33,1.35,0.0,5.4,completed,no
TX-501412,2026-05-02,2026-05,20,CUST-00741,small_business,Yekaterinburg,card_purchase,mobile_app,cafe,UrbanCafe,no_promo,2251.47,0.0,0.0,27.02,completed,no
TX-501413,2026-05-02,2026-05,20,CUST-00045,mass,Nizhny Novgorod,card_purchase,online,groceries,DailyFood,EVERYDAY2,1052.52,0.0,21.05,-12.63,completed,no
TX-501414,2026-05-02,2026-05,14,CUST-00331,mass,Saint Petersburg,card_purchase,card_pos,groceries,CityGrocery,no_promo,1315.47,0.0,0.0,10.52,completed,no
TX-501415,2026-05-03,2026-05,10,CUST-00456,mass,Saint Petersburg,cash_withdrawal,atm,atm,PartnerATM,no_promo,12061.04,180.92,0.0,180.92,reversed,no
TX-501416,2026-05-03,2026-05,16,CUST-00401,new,Moscow,card_purchase,card_pos,electronics,TechStore,no_promo,12068.96,0.0,0.0,193.1,completed,no
TX-501417,2026-05-03,2026-05,12,CUST-00447,premium,Yekaterinburg,service_payment,mobile_app,utilities,UtilityPay,no_promo,6831.33,27.33,0.0,109.3,completed,no
TX-501418,2026-05-03,2026-05,18,CUST-00675,mass,Moscow,transfer,mobile_app,p2p,P2P Transfer,no_promo,39005.34,234.03,0.0,234.03,completed,no
TX-501419,2026-05-03,2026-05,14,CUST-00240,new,Kazan,transfer,mobile_app,p2p,P2P Transfer,no_promo,4685.51,28.11,0.0,28.11,completed,no
TX-501420,2026-05-03,2026-05,14,CUST-00289,mass,Saint Petersburg,service_payment,mobile_app,utilities,UtilityPay,no_promo,6172.32,24.69,0.0,98.76,completed,no
TX-501421,2026-05-03,2026-05,17,CUST-00785,new,Moscow,card_purchase,online,online_services,CloudPlus,no_promo,477.6,0.0,0.0,7.64,completed,no
TX-501422,2026-05-03,2026-05,15,CUST-00116,mass,Kazan,card_purchase,card_pos,travel,FlyNow,no_promo,33509.32,0.0,0.0,536.15,completed,no
TX-501423,2026-05-03,2026-05,21,CUST-00359,new,Moscow,transfer,branch,p2p,P2P Transfer,no_promo,21607.48,129.64,0.0,129.64,completed,no
TX-501424,2026-05-03,2026-05,16,CUST-00577,mass,Moscow,service_payment,branch,utilities,MobileTopUp,no_promo,779.49,3.12,0.0,12.47,completed,no
TX-501425,2026-05-03,2026-05,11,CUST-00034,premium,Yekaterinburg,card_purchase,mobile_app,electronics,ElectroMall,no_promo,38259.41,0.0,573.89,38.26,completed,no
TX-501426,2026-05-03,2026-05,22,CUST-00313,mass,Saint Petersburg,service_payment,mobile_app,utilities,MobileTopUp,no_promo,1231.54,4.93,0.0,19.7,completed,no
TX-501427,2026-05-03,2026-05,8,CUST-00786,mass,Saint Petersburg,card_purchase,card_pos,cafe,CoffeePoint,no_promo,375.61,0.0,0.0,4.51,completed,no
TX-501428,2026-05-04,2026-05,16,CUST-00023,new,Moscow,card_purchase,card_pos,fuel,FastFuel,no_promo,2280.79,0.0,0.0,18.25,completed,no
TX-501429,2026-05-04,2026-05,18,CUST-00116,mass,Kazan,service_payment,mobile_app,utilities,MobileTopUp,no_promo,434.49,1.74,0.0,6.95,completed,no
TX-501430,2026-05-04,2026-05,17,CUST-00003,mass,Nizhny Novgorod,card_purchase,online,cafe,UrbanCafe,no_promo,798.39,0.0,0.0,9.58,completed,no
TX-501431,2026-05-04,2026-05,19,CUST-00256,premium,Moscow,card_purchase,online,cafe,CoffeePoint,no_promo,802.16,0.0,12.03,-2.41,completed,no
TX-501432,2026-05-04,2026-05,15,CUST-00078,mass,Moscow,transfer,mobile_app,p2p,P2P Transfer,no_promo,20943.94,125.66,0.0,125.66,completed,no
TX-501433,2026-05-04,2026-05,13,CUST-00070,small_business,Kazan,card_purchase,card_pos,cafe,CoffeePoint,no_promo,1602.11,0.0,0.0,19.23,completed,no
TX-501434,2026-05-04,2026-05,5,CUST-00484,mass,Moscow,card_purchase,card_pos,groceries,FreshMarket,no_promo,1510.16,0.0,0.0,12.08,completed,no
TX-501435,2026-05-04,2026-05,11,CUST-00589,small_business,Moscow,cash_withdrawal,atm,atm,PartnerATM,no_promo,21288.6,319.33,0.0,319.33,completed,no
TX-501436,2026-05-04,2026-05,18,CUST-00367,new,Nizhny Novgorod,transfer,mobile_app,p2p,P2P Transfer,no_promo,7018.47,42.11,0.0,42.11,reversed,no
TX-501437,2026-05-04,2026-05,12,CUST-00387,mass,Moscow,card_purchase,card_pos,cafe,CoffeePoint,no_promo,596.84,0.0,0.0,7.16,completed,no
TX-501438,2026-05-04,2026-05,17,CUST-00713,mass,Kazan,card_purchase,card_pos,groceries,FreshMarket,no_promo,1368.09,0.0,0.0,0.0,declined,no
TX-501439,2026-05-04,2026-05,23,CUST-00315,mass,Yekaterinburg,card_purchase,online,travel,RailTrip,no_promo,5550.68,0.0,0.0,88.81,completed,no
TX-501440,2026-05-05,2026-05,15,CUST-00053,premium,Moscow,card_purchase,card_pos,travel,RailTrip,no_promo,9478.71,0.0,142.18,9.48,completed,no
TX-501441,2026-05-05,2026-05,4,CUST-00486,mass,Moscow,card_purchase,online,travel,RailTrip,no_promo,10449.8,0.0,0.0,167.2,completed,no
TX-501442,2026-05-05,2026-05,12,CUST-00290,new,Moscow,card_purchase,mobile_app,fuel,RoadOil,no_promo,3919.23,0.0,0.0,31.35,completed,no
TX-501443,2026-05-05,2026-05,11,CUST-00124,premium,Moscow,cash_withdrawal,atm,atm,OwnATM,no_promo,34665.68,0,0.0,0.0,completed,no
TX-501444,2026-05-05,2026-05,12,CUST-00735,premium,Kazan,card_purchase,card_pos,groceries,DailyFood,EVERYDAY2,3133.27,0.0,62.67,-37.6,completed,no
TX-501445,2026-05-05,2026-05,20,CUST-00123,new,Saint Petersburg,card_purchase,card_pos,groceries,FreshMarket,no_promo,1106.68,0.0,0.0,8.85,completed,no
TX-501446,2026-05-05,2026-05,13,CUST-00154,new,Moscow,transfer,mobile_app,p2p,P2P Transfer,no_promo,41199.43,247.2,0.0,247.2,completed,no
TX-501447,2026-05-05,2026-05,17,CUST-00099,small_business,Moscow,cash_withdrawal,atm,atm,PartnerATM,no_promo,43470.27,652.05,0.0,652.05,completed,no
TX-501448,2026-05-05,2026-05,23,CUST-00379,premium,Saint Petersburg,transfer,mobile_app,p2p,P2P Transfer,no_promo,60431.41,181.29,0.0,181.29,completed,no
TX-501449,2026-05-05,2026-05,9,CUST-00601,mass,Saint Petersburg,card_purchase,card_pos,online_services,StreamBox,no_promo,584.34,0.0,0.0,9.35,completed,no
TX-501450,2026-05-05,2026-05,13,CUST-00423,small_business,Nizhny Novgorod,card_purchase,online,electronics,TechStore,no_promo,84384.31,0.0,0.0,1350.15,completed,no
TX-501451,2026-05-05,2026-05,9,CUST-00545,mass,Kazan,card_purchase,card_pos,groceries,DailyFood,EVERYDAY2,1528.31,0.0,30.57,-18.34,completed,no
TX-501452,2026-05-05,2026-05,3,CUST-00267,new,Moscow,card_purchase,online,electronics,ElectroMall,WELCOME3,20650.3,0.0,619.51,-289.1,completed,no
TX-501453,2026-05-06,2026-05,11,CUST-00377,mass,Saint Petersburg,card_purchase,online,online_services,StreamBox,no_promo,408.38,0.0,0.0,6.53,completed,no
TX-501454,2026-05-06,2026-05,14,CUST-00481,small_business,Saint Petersburg,card_purchase,online,groceries,CityGrocery,no_promo,2550.83,0.0,0.0,20.41,completed,no
TX-501455,2026-05-06,2026-05,16,CUST-00488,new,Moscow,service_payment,mobile_app,utilities,UtilityPay,no_promo,4856.34,19.43,0.0,77.7,completed,no
TX-501456,2026-05-06,2026-05,16,CUST-00792,mass,Kazan,card_purchase,online,travel,RailTrip,no_promo,2889.3,0.0,0.0,46.23,completed,no
TX-501457,2026-05-06,2026-05,9,CUST-00020,new,Saint Petersburg,transfer,branch,p2p,P2P Transfer,no_promo,3174.49,20,0.0,20.0,completed,no
TX-501458,2026-05-06,2026-05,23,CUST-00076,mass,Moscow,service_payment,mobile_app,utilities,UtilityPay,no_promo,6367.58,25.47,0.0,101.88,completed,no
TX-501459,2026-05-06,2026-05,3,CUST-00501,mass,Saint Petersburg,card_purchase,card_pos,cafe,CoffeePoint,no_promo,539.48,0.0,0.0,6.47,completed,no
TX-501460,2026-05-06,2026-05,7,CUST-00336,mass,Moscow,transfer,mobile_app,p2p,P2P Transfer,no_promo,39572.47,237.43,0.0,237.43,completed,no
TX-501461,2026-05-06,2026-05,15,CUST-00316,mass,Nizhny Novgorod,service_payment,branch,utilities,UtilityPay,no_promo,3062.56,12.25,0.0,49.0,completed,no
TX-501462,2026-05-06,2026-05,17,CUST-00007,mass,Kazan,service_payment,mobile_app,utilities,UtilityPay,no_promo,2784.25,11.14,0.0,44.55,completed,no
TX-501463,2026-05-06,2026-05,22,CUST-00646,mass,Nizhny Novgorod,card_purchase,online,online_services,GameMarket,no_promo,1394.38,0.0,0.0,22.31,completed,no
TX-501464,2026-05-06,2026-05,2,CUST-00659,mass,Kazan,card_purchase,card_pos,groceries,CityGrocery,EVERYDAY2,1564.33,0.0,31.29,-18.77,completed,no
TX-501465,2026-05-06,2026-05,22,CUST-00057,small_business,Saint Petersburg,card_purchase,online,groceries,DailyFood,no_promo,2177.39,0.0,0.0,17.42,completed,no
TX-501466,2026-05-06,2026-05,18,CUST-00342,mass,Kazan,card_purchase,card_pos,groceries,DailyFood,no_promo,758.87,0.0,0.0,6.07,completed,no
TX-501467,2026-05-06,2026-05,21,CUST-00298,mass,Nizhny Novgorod,card_purchase,card_pos,cafe,CoffeePoint,no_promo,370.49,0.0,0.0,4.45,completed,no
TX-501468,2026-05-06,2026-05,19,CUST-00249,mass,Kazan,service_payment,mobile_app,utilities,MobileTopUp,no_promo,423.28,1.69,0.0,6.77,completed,no
TX-501469,2026-05-06,2026-05,9,CUST-00591,premium,Saint Petersburg,card_purchase,online,online_services,CloudPlus,no_promo,981.98,0.0,14.73,0.98,completed,no
TX-501470,2026-05-06,2026-05,16,CUST-00142,new,Saint Petersburg,card_purchase,card_pos,groceries,FreshMarket,no_promo,1262.0,0.0,0.0,10.1,completed,no
TX-501471,2026-05-07,2026-05,9,CUST-00776,mass,Yekaterinburg,card_purchase,mobile_app,cafe,CoffeePoint,no_promo,518.0,0.0,0.0,6.22,completed,no
TX-501472,2026-05-07,2026-05,19,CUST-00511,mass,Moscow,card_purchase,mobile_app,groceries,CityGrocery,no_promo,1591.65,0.0,0.0,12.73,completed,no
TX-501473,2026-05-07,2026-05,9,CUST-00245,mass,Moscow,card_purchase,card_pos,cafe,CoffeePoint,no_promo,534.72,0.0,0.0,6.42,completed,no
TX-501474,2026-05-07,2026-05,17,CUST-00743,mass,Moscow,card_purchase,card_pos,cafe,UrbanCafe,no_promo,864.93,0.0,0.0,10.38,completed,no
TX-501475,2026-05-07,2026-05,19,CUST-00305,premium,Kazan,cash_withdrawal,atm,atm,OwnATM,no_promo,6727.4,0,0.0,0.0,completed,no
TX-501476,2026-05-07,2026-05,15,CUST-00038,new,Saint Petersburg,service_payment,mobile_app,utilities,UtilityPay,no_promo,2998.49,11.99,0.0,47.98,completed,no
TX-501477,2026-05-07,2026-05,5,CUST-00611,small_business,Moscow,service_payment,mobile_app,utilities,UtilityPay,no_promo,16239.05,64.96,0.0,259.82,completed,no
TX-501478,2026-05-07,2026-05,14,CUST-00097,mass,Nizhny Novgorod,card_purchase,online,travel,HotelHub,no_promo,18993.54,0.0,0.0,303.9,completed,no
TX-501479,2026-05-07,2026-05,15,CUST-00153,mass,Moscow,card_purchase,card_pos,cafe,UrbanCafe,no_promo,849.38,0.0,0.0,10.19,completed,no
TX-501480,2026-05-07,2026-05,17,CUST-00760,small_business,Nizhny Novgorod,cash_withdrawal,atm,atm,OwnATM,no_promo,54233.42,0,0.0,0.0,completed,no
TX-501481,2026-05-07,2026-05,21,CUST-00624,new,Moscow,card_purchase,online,cafe,CoffeePoint,no_promo,685.16,0.0,0.0,8.22,completed,no
TX-501482,2026-05-08,2026-05,18,CUST-00372,small_business,Kazan,card_purchase,online,cafe,UrbanCafe,no_promo,3296.67,0.0,0.0,39.56,completed,no
TX-501483,2026-05-08,2026-05,15,CUST-00316,mass,Moscow,card_purchase,card_pos,groceries,DailyFood,EVERYDAY2,1182.0,0.0,23.64,-14.18,completed,no
TX-501484,2026-05-08,2026-05,14,CUST-00425,mass,Saint Petersburg,card_purchase,online,electronics,TechStore,no_promo,34308.44,0.0,0.0,548.94,completed,no
TX-501485,2026-05-08,2026-05,13,CUST-00555,mass,Saint Petersburg,transfer,mobile_app,p2p,P2P Transfer,no_promo,10069.08,60.41,0.0,60.41,completed,no
TX-501486,2026-05-08,2026-05,12,CUST-00325,mass,Nizhny Novgorod,card_purchase,online,travel,FlyNow,no_promo,17222.77,0.0,0.0,275.56,completed,no
TX-501487,2026-05-08,2026-05,19,CUST-00483,mass,Moscow,card_purchase,online,online_services,CloudPlus,no_promo,500.48,0.0,0.0,8.01,completed,yes
TX-501488,2026-05-08,2026-05,21,CUST-00103,new,Moscow,card_purchase,card_pos,cafe,UrbanCafe,no_promo,413.64,0.0,0.0,4.96,completed,no
TX-501489,2026-05-08,2026-05,17,CUST-00788,premium,Moscow,card_purchase,card_pos,groceries,CityGrocery,EVERYDAY2,1817.84,0.0,36.36,-21.81,completed,no
TX-501490,2026-05-08,2026-05,14,CUST-00430,mass,Moscow,cash_withdrawal,atm,atm,PartnerATM,no_promo,17604.92,264.07,0.0,264.07,completed,no
TX-501491,2026-05-08,2026-05,21,CUST-00492,new,Nizhny Novgorod,card_purchase,online,online_services,CloudPlus,no_promo,453.04,0.0,0.0,7.25,completed,no
TX-501492,2026-05-08,2026-05,15,CUST-00364,new,Moscow,service_payment,branch,utilities,MobileTopUp,no_promo,1214.33,4.86,0.0,19.43,completed,no
TX-501493,2026-05-08,2026-05,17,CUST-00273,mass,Saint Petersburg,card_purchase,online,cafe,CoffeePoint,no_promo,567.11,0.0,0.0,6.81,completed,no
TX-501494,2026-05-08,2026-05,16,CUST-00306,mass,Moscow,cash_withdrawal,atm,atm,PartnerATM,no_promo,12031.09,180.47,0.0,180.47,completed,no
TX-501495,2026-05-08,2026-05,19,CUST-00761,new,Saint Petersburg,card_purchase,card_pos,cafe,UrbanCafe,no_promo,1069.39,0.0,0.0,12.83,completed,no
TX-501496,2026-05-08,2026-05,0,CUST-00158,new,Moscow,card_purchase,online,online_services,GameMarket,no_promo,596.37,0.0,0.0,9.54,completed,no
TX-501497,2026-05-08,2026-05,11,CUST-00125,mass,Nizhny Novgorod,card_purchase,card_pos,online_services,CloudPlus,no_promo,452.71,0.0,0.0,7.24,completed,no
TX-501498,2026-05-09,2026-05,11,CUST-00609,mass,Yekaterinburg,card_purchase,online,groceries,FreshMarket,no_promo,1190.99,0.0,0.0,9.53,completed,no
TX-501499,2026-05-09,2026-05,1,CUST-00190,mass,Moscow,card_purchase,online,fuel,RoadOil,no_promo,2986.35,0.0,0.0,23.89,completed,no
TX-501500,2026-05-09,2026-05,20,CUST-00005,new,Kazan,card_purchase,card_pos,cafe,CoffeePoint,no_promo,589.91,0.0,0.0,7.08,completed,no
TX-501501,2026-05-09,2026-05,17,CUST-00469,mass,Saint Petersburg,cash_withdrawal,atm,atm,PartnerATM,no_promo,5672.52,90,0.0,90.0,completed,no
TX-501502,2026-05-09,2026-05,23,CUST-00034,mass,Yekaterinburg,service_payment,mobile_app,utilities,MobileTopUp,no_promo,521.55,2.09,0.0,8.34,completed,no
TX-501503,2026-05-09,2026-05,17,CUST-00345,mass,Saint Petersburg,transfer,branch,p2p,P2P Transfer,no_promo,32103.28,192.62,0.0,192.62,completed,no
TX-501504,2026-05-09,2026-05,19,CUST-00473,mass,Nizhny Novgorod,card_purchase,card_pos,groceries,CityGrocery,no_promo,1090.22,0.0,0.0,8.72,completed,no
TX-501505,2026-05-09,2026-05,22,CUST-00639,premium,Saint Petersburg,card_purchase,online,travel,HotelHub,no_promo,16916.84,0.0,253.75,16.92,completed,no
TX-501506,2026-05-09,2026-05,14,CUST-00601,new,Kazan,card_purchase,mobile_app,cafe,UrbanCafe,no_promo,587.44,0.0,0.0,7.05,completed,no
TX-501507,2026-05-09,2026-05,9,CUST-00322,mass,Nizhny Novgorod,card_purchase,online,cafe,UrbanCafe,no_promo,706.02,0.0,0.0,8.47,completed,no
TX-501508,2026-05-09,2026-05,14,CUST-00701,mass,Nizhny Novgorod,cash_withdrawal,atm,atm,PartnerATM,no_promo,11718.51,175.78,0.0,175.78,completed,no
TX-501509,2026-05-09,2026-05,13,CUST-00245,small_business,Saint Petersburg,card_purchase,online,groceries,DailyFood,no_promo,2802.4,0.0,0.0,22.42,completed,no
TX-501510,2026-05-09,2026-05,10,CUST-00631,mass,Moscow,service_payment,mobile_app,utilities,MobileTopUp,no_promo,1181.09,4.72,0.0,18.9,completed,no
TX-501511,2026-05-10,2026-05,10,CUST-00140,premium,Kazan,card_purchase,card_pos,online_services,StreamBox,no_promo,785.95,0.0,11.79,0.79,completed,no
TX-501512,2026-05-10,2026-05,21,CUST-00640,small_business,Moscow,cash_withdrawal,atm,atm,PartnerATM,no_promo,25734.43,386.02,0.0,386.02,completed,no
TX-501513,2026-05-10,2026-05,22,CUST-00057,mass,Nizhny Novgorod,transfer,mobile_app,p2p,P2P Transfer,no_promo,7417.77,44.51,0.0,44.51,completed,no
TX-501514,2026-05-10,2026-05,20,CUST-00131,mass,Saint Petersburg,card_purchase,card_pos,cafe,UrbanCafe,no_promo,790.93,0.0,0.0,9.49,completed,no
TX-501515,2026-05-10,2026-05,12,CUST-00694,mass,Saint Petersburg,card_purchase,card_pos,groceries,CityGrocery,no_promo,1596.03,0.0,0.0,12.77,completed,no
TX-501516,2026-05-10,2026-05,23,CUST-00501,premium,Kazan,card_purchase,online,online_services,CloudPlus,no_promo,2281.21,0.0,34.22,2.28,completed,no
TX-501517,2026-05-10,2026-05,14,CUST-00555,premium,Saint Petersburg,transfer,mobile_app,p2p,P2P Transfer,no_promo,57745.0,173.24,0.0,173.24,completed,no
TX-501518,2026-05-10,2026-05,6,CUST-00447,small_business,Yekaterinburg,card_purchase,card_pos,cafe,UrbanCafe,no_promo,2727.0,0.0,0.0,32.72,completed,no
TX-501519,2026-05-10,2026-05,7,CUST-00227,new,Moscow,card_purchase,mobile_app,cafe,UrbanCafe,no_promo,658.42,0.0,0.0,7.9,completed,no
TX-501520,2026-05-10,2026-05,13,CUST-00564,new,Moscow,transfer,mobile_app,p2p,P2P Transfer,no_promo,1844.21,20,0.0,20.0,completed,no
TX-501521,2026-05-10,2026-05,13,CUST-00214,mass,Kazan,card_purchase,card_pos,groceries,DailyFood,no_promo,823.44,0.0,0.0,6.59,completed,no
TX-501522,2026-05-10,2026-05,18,CUST-00670,mass,Yekaterinburg,transfer,mobile_app,p2p,P2P Transfer,no_promo,14872.78,89.24,0.0,89.24,completed,no
TX-501523,2026-05-10,2026-05,20,CUST-00330,mass,Saint Petersburg,card_purchase,online,travel,HotelHub,no_promo,14193.44,0.0,0.0,227.1,completed,no
TX-501524,2026-05-11,2026-05,14,CUST-00763,mass,Yekaterinburg,card_purchase,mobile_app,groceries,CityGrocery,no_promo,1499.75,0.0,0.0,12.0,completed,no
TX-501525,2026-05-11,2026-05,10,CUST-00346,mass,Moscow,cash_withdrawal,atm,atm,OwnATM,no_promo,5950.46,0,0.0,0.0,completed,no
TX-501526,2026-05-11,2026-05,14,CUST-00078,premium,Yekaterinburg,card_purchase,mobile_app,cafe,CoffeePoint,no_promo,1401.35,0.0,21.02,-4.2,completed,no
TX-501527,2026-05-11,2026-05,14,CUST-00220,mass,Yekaterinburg,card_purchase,card_pos,cafe,UrbanCafe,no_promo,640.88,0.0,0.0,7.69,completed,no
TX-501528,2026-05-11,2026-05,10,CUST-00280,premium,Moscow,card_purchase,mobile_app,cafe,CoffeePoint,no_promo,733.44,0.0,11.0,-2.2,completed,no
TX-501529,2026-05-11,2026-05,13,CUST-00064,mass,Saint Petersburg,cash_withdrawal,atm,atm,OwnATM,no_promo,23371.04,0,0.0,0.0,completed,no
TX-501530,2026-05-11,2026-05,0,CUST-00785,new,Moscow,card_purchase,online,fuel,RoadOil,no_promo,2172.28,0.0,0.0,17.38,completed,no
TX-501531,2026-05-11,2026-05,19,CUST-00132,mass,Saint Petersburg,card_purchase,online,electronics,GadgetPro,no_promo,41155.6,0.0,0.0,658.49,completed,no
TX-501532,2026-05-11,2026-05,18,CUST-00559,mass,Moscow,card_purchase,mobile_app,groceries,CityGrocery,EVERYDAY2,941.54,0.0,18.83,-11.3,completed,no
TX-501533,2026-05-11,2026-05,12,CUST-00615,small_business,Moscow,cash_withdrawal,atm,atm,OwnATM,no_promo,24292.56,0,0.0,0.0,completed,no
TX-501534,2026-05-11,2026-05,17,CUST-00304,new,Moscow,card_purchase,card_pos,online_services,StreamBox,no_promo,331.39,0.0,0.0,5.3,completed,no
TX-501535,2026-05-11,2026-05,23,CUST-00133,mass,Moscow,card_purchase,online,cafe,CoffeePoint,no_promo,628.93,0.0,0.0,7.55,completed,no
TX-501536,2026-05-11,2026-05,14,CUST-00535,mass,Moscow,service_payment,mobile_app,utilities,UtilityPay,no_promo,6842.39,27.37,0.0,109.48,completed,no
TX-501537,2026-05-12,2026-05,12,CUST-00288,mass,Saint Petersburg,service_payment,branch,utilities,MobileTopUp,no_promo,1187.51,4.75,0.0,19.0,completed,no
TX-501538,2026-05-12,2026-05,18,CUST-00615,mass,Yekaterinburg,card_purchase,card_pos,electronics,GadgetPro,no_promo,14786.6,0.0,0.0,236.59,completed,no
TX-501539,2026-05-12,2026-05,6,CUST-00735,mass,Saint Petersburg,transfer,mobile_app,p2p,P2P Transfer,no_promo,31793.49,190.76,0.0,190.76,completed,no
TX-501540,2026-05-12,2026-05,14,CUST-00227,mass,Kazan,transfer,mobile_app,p2p,P2P Transfer,no_promo,53543.65,321.26,0.0,321.26,completed,no
TX-501541,2026-05-12,2026-05,15,CUST-00274,mass,Moscow,card_purchase,card_pos,electronics,TechStore,no_promo,10074.65,0.0,0.0,161.19,completed,yes
TX-501542,2026-05-12,2026-05,3,CUST-00152,mass,Moscow,card_purchase,card_pos,cafe,UrbanCafe,no_promo,876.84,0.0,0.0,10.52,completed,no
TX-501543,2026-05-12,2026-05,4,CUST-00345,mass,Saint Petersburg,cash_withdrawal,atm,atm,OwnATM,no_promo,2310.52,0,0.0,0.0,completed,no
TX-501544,2026-05-12,2026-05,3,CUST-00327,mass,Saint Petersburg,card_purchase,online,online_services,StreamBox,no_promo,505.19,0.0,0.0,8.08,completed,no
TX-501545,2026-05-12,2026-05,8,CUST-00427,mass,Saint Petersburg,transfer,mobile_app,p2p,P2P Transfer,no_promo,19595.7,117.57,0.0,117.57,completed,no
TX-501546,2026-05-12,2026-05,19,CUST-00656,mass,Yekaterinburg,card_purchase,online,groceries,CityGrocery,EVERYDAY2,1501.96,0.0,30.04,-18.02,completed,no
TX-501547,2026-05-12,2026-05,11,CUST-00370,mass,Nizhny Novgorod,service_payment,mobile_app,utilities,MobileTopUp,no_promo,1177.89,4.71,0.0,18.85,completed,no
TX-501548,2026-05-12,2026-05,21,CUST-00375,mass,Nizhny Novgorod,card_purchase,mobile_app,cafe,UrbanCafe,no_promo,651.98,0.0,0.0,7.82,completed,no
TX-501549,2026-05-12,2026-05,16,CUST-00748,new,Moscow,card_purchase,online,electronics,GadgetPro,no_promo,17963.72,0.0,0.0,287.42,completed,no
TX-501550,2026-05-12,2026-05,11,CUST-00334,new,Moscow,card_purchase,online,groceries,DailyFood,no_promo,595.96,0.0,0.0,4.77,completed,no
TX-501551,2026-05-12,2026-05,13,CUST-00550,new,Saint Petersburg,card_purchase,online,cafe,UrbanCafe,WELCOME3,772.09,0.0,23.16,-13.9,completed,no
TX-501552,2026-05-13,2026-05,11,CUST-00150,mass,Moscow,card_purchase,online,fuel,FastFuel,no_promo,4576.41,0.0,0.0,36.61,completed,no
TX-501553,2026-05-13,2026-05,17,CUST-00674,new,Kazan,card_purchase,card_pos,fuel,FastFuel,no_promo,5534.85,0.0,0.0,44.28,completed,yes
TX-501554,2026-05-13,2026-05,15,CUST-00740,premium,Moscow,card_purchase,online,groceries,CityGrocery,no_promo,2281.7,0.0,34.23,-15.97,completed,no
TX-501555,2026-05-13,2026-05,12,CUST-00620,mass,Moscow,card_purchase,mobile_app,groceries,CityGrocery,no_promo,1919.54,0.0,0.0,15.36,completed,no
TX-501556,2026-05-13,2026-05,20,CUST-00116,new,Saint Petersburg,transfer,mobile_app,p2p,P2P Transfer,no_promo,29566.46,177.4,0.0,177.4,completed,no
TX-501557,2026-05-13,2026-05,19,CUST-00220,mass,Moscow,cash_withdrawal,atm,atm,OwnATM,no_promo,2119.94,0,0.0,0.0,completed,no
TX-501558,2026-05-13,2026-05,12,CUST-00230,mass,Nizhny Novgorod,cash_withdrawal,atm,atm,OwnATM,no_promo,15245.73,0,0.0,0.0,completed,no
TX-501559,2026-05-13,2026-05,11,CUST-00600,mass,Kazan,card_purchase,card_pos,online_services,StreamBox,no_promo,600.71,0.0,0.0,9.61,completed,no
TX-501560,2026-05-13,2026-05,22,CUST-00290,mass,Moscow,card_purchase,online,electronics,ElectroMall,no_promo,16408.78,0.0,0.0,262.54,completed,no
TX-501561,2026-05-13,2026-05,11,CUST-00236,new,Nizhny Novgorod,card_purchase,card_pos,cafe,UrbanCafe,no_promo,806.97,0.0,0.0,9.68,completed,no
TX-501562,2026-05-13,2026-05,19,CUST-00588,small_business,Saint Petersburg,card_purchase,online,travel,FlyNow,no_promo,119916.12,0.0,0.0,1918.66,completed,no
TX-501563,2026-05-13,2026-05,13,CUST-00669,small_business,Nizhny Novgorod,card_purchase,card_pos,groceries,CityGrocery,no_promo,5434.08,0.0,0.0,43.47,completed,no
TX-501564,2026-05-14,2026-05,9,CUST-00527,new,Saint Petersburg,transfer,mobile_app,p2p,P2P Transfer,no_promo,21361.99,128.17,0.0,128.17,completed,no
TX-501565,2026-05-14,2026-05,10,CUST-00597,mass,Saint Petersburg,card_purchase,online,fuel,RoadOil,no_promo,5134.98,0.0,0.0,41.08,completed,no
TX-501566,2026-05-14,2026-05,16,CUST-00680,mass,Saint Petersburg,card_purchase,card_pos,groceries,CityGrocery,no_promo,1596.13,0.0,0.0,12.77,completed,no
TX-501567,2026-05-14,2026-05,8,CUST-00230,mass,Saint Petersburg,card_purchase,card_pos,cafe,UrbanCafe,no_promo,1008.84,0.0,0.0,12.11,completed,no
TX-501568,2026-05-14,2026-05,19,CUST-00351,premium,Moscow,card_purchase,online,cafe,UrbanCafe,no_promo,1791.39,0.0,26.87,-5.37,completed,no
TX-501569,2026-05-14,2026-05,13,CUST-00328,premium,Yekaterinburg,service_payment,mobile_app,utilities,UtilityPay,no_promo,11000.74,44.0,0.0,176.01,completed,no
TX-501570,2026-05-14,2026-05,14,CUST-00212,premium,Moscow,cash_withdrawal,atm,atm,PartnerATM,no_promo,20174.83,302.62,0.0,302.62,completed,no
TX-501571,2026-05-14,2026-05,20,CUST-00592,small_business,Nizhny Novgorod,card_purchase,online,travel,HotelHub,no_promo,34549.33,0.0,0.0,552.79,completed,no
TX-501572,2026-05-14,2026-05,9,CUST-00287,mass,Saint Petersburg,service_payment,mobile_app,utilities,UtilityPay,no_promo,3050.95,12.2,0.0,48.82,completed,no
TX-501573,2026-05-14,2026-05,7,CUST-00023,small_business,Moscow,transfer,mobile_app,p2p,P2P Transfer,no_promo,47633.68,142.9,0.0,142.9,completed,no
TX-501574,2026-05-15,2026-05,17,CUST-00717,mass,Saint Petersburg,card_purchase,card_pos,online_services,CloudPlus,no_promo,1033.32,0.0,0.0,16.53,completed,no
TX-501575,2026-05-15,2026-05,18,CUST-00429,new,Kazan,card_purchase,mobile_app,groceries,CityGrocery,no_promo,1331.25,0.0,0.0,10.65,completed,no
TX-501576,2026-05-15,2026-05,22,CUST-00317,small_business,Nizhny Novgorod,card_purchase,online,electronics,ElectroMall,no_promo,98028.76,0.0,0.0,1568.46,completed,no
TX-501577,2026-05-15,2026-05,9,CUST-00423,small_business,Nizhny Novgorod,card_purchase,card_pos,cafe,CoffeePoint,no_promo,1111.29,0.0,0.0,13.34,completed,no
TX-501578,2026-05-15,2026-05,16,CUST-00165,new,Saint Petersburg,card_purchase,online,travel,RailTrip,no_promo,6902.6,0.0,0.0,110.44,completed,no
TX-501579,2026-05-15,2026-05,23,CUST-00411,premium,Moscow,card_purchase,online,online_services,CloudPlus,no_promo,1487.3,0.0,22.31,1.49,completed,no
TX-501580,2026-05-15,2026-05,14,CUST-00608,new,Kazan,card_purchase,online,cafe,UrbanCafe,no_promo,373.05,0.0,0.0,4.48,completed,no
TX-501581,2026-05-15,2026-05,19,CUST-00382,small_business,Moscow,card_purchase,card_pos,cafe,UrbanCafe,no_promo,1880.38,0.0,0.0,22.56,completed,no
TX-501582,2026-05-15,2026-05,4,CUST-00678,premium,Moscow,cash_withdrawal,atm,atm,PartnerATM,no_promo,31557.5,0.0,0.0,0.0,declined,no
TX-501583,2026-05-15,2026-05,4,CUST-00490,small_business,Moscow,service_payment,mobile_app,utilities,MobileTopUp,no_promo,980.67,3.92,0.0,15.69,completed,no
TX-501584,2026-05-15,2026-05,15,CUST-00204,mass,Yekaterinburg,card_purchase,online,fuel,FastFuel,EVERYDAY2,4002.95,0.0,80.06,-48.04,completed,no
TX-501585,2026-05-15,2026-05,20,CUST-00161,mass,Kazan,card_purchase,online,cafe,CoffeePoint,no_promo,532.32,0.0,0.0,6.39,completed,no
TX-501586,2026-05-15,2026-05,16,CUST-00256,new,Nizhny Novgorod,card_purchase,card_pos,cafe,UrbanCafe,no_promo,839.03,0.0,0.0,10.07,completed,no
TX-501587,2026-05-15,2026-05,19,CUST-00513,mass,Saint Petersburg,card_purchase,online,online_services,CloudPlus,no_promo,466.68,0.0,0.0,7.47,completed,no
TX-501588,2026-05-16,2026-05,13,CUST-00527,small_business,Moscow,card_purchase,card_pos,cafe,UrbanCafe,no_promo,1276.2,0.0,0.0,15.31,completed,no
TX-501589,2026-05-16,2026-05,19,CUST-00280,mass,Moscow,card_purchase,online,cafe,CoffeePoint,no_promo,353.58,0.0,0.0,4.24,completed,no
TX-501590,2026-05-16,2026-05,7,CUST-00549,mass,Moscow,card_purchase,mobile_app,groceries,DailyFood,EVERYDAY2,877.0,0.0,17.54,-10.52,completed,no
TX-501591,2026-05-16,2026-05,14,CUST-00192,mass,Saint Petersburg,card_purchase,mobile_app,groceries,CityGrocery,no_promo,1262.63,0.0,0.0,10.1,completed,no
TX-501592,2026-05-16,2026-05,6,CUST-00599,mass,Saint Petersburg,card_purchase,card_pos,groceries,CityGrocery,no_promo,1400.54,0.0,0.0,11.2,completed,no
TX-501593,2026-05-16,2026-05,3,CUST-00362,new,Nizhny Novgorod,card_purchase,online,groceries,FreshMarket,WELCOME3,1377.55,0.0,41.33,-30.31,completed,no
TX-501594,2026-05-16,2026-05,20,CUST-00209,mass,Moscow,card_purchase,online,online_services,CloudPlus,no_promo,667.69,0.0,0.0,10.68,completed,no
TX-501595,2026-05-16,2026-05,6,CUST-00753,new,Moscow,card_purchase,card_pos,groceries,DailyFood,no_promo,813.4,0.0,0.0,6.51,completed,no
TX-501596,2026-05-17,2026-05,10,CUST-00286,mass,Saint Petersburg,card_purchase,online,online_services,CloudPlus,no_promo,888.31,0.0,0.0,14.21,completed,no
TX-501597,2026-05-17,2026-05,18,CUST-00316,new,Kazan,card_purchase,card_pos,cafe,UrbanCafe,no_promo,894.03,0.0,0.0,10.73,completed,no
TX-501598,2026-05-17,2026-05,18,CUST-00705,mass,Saint Petersburg,service_payment,mobile_app,utilities,UtilityPay,no_promo,6479.89,25.92,0.0,103.68,completed,no
TX-501599,2026-05-17,2026-05,15,CUST-00572,mass,Moscow,card_purchase,card_pos,groceries,CityGrocery,no_promo,2064.27,0.0,0.0,16.51,completed,no
TX-501600,2026-05-17,2026-05,12,CUST-00158,mass,Saint Petersburg,cash_withdrawal,atm,atm,PartnerATM,no_promo,21711.95,325.68,0.0,325.68,completed,no
TX-501601,2026-05-17,2026-05,14,CUST-00387,new,Moscow,cash_withdrawal,atm,atm,OwnATM,no_promo,1904.32,0,0.0,0.0,completed,no
TX-501602,2026-05-17,2026-05,7,CUST-00305,small_business,Saint Petersburg,card_purchase,online,groceries,FreshMarket,no_promo,4178.47,0.0,0.0,33.43,completed,yes
TX-501603,2026-05-17,2026-05,8,CUST-00535,new,Saint Petersburg,card_purchase,card_pos,fuel,FastFuel,no_promo,2853.95,0.0,0.0,22.83,completed,no
TX-501604,2026-05-17,2026-05,13,CUST-00472,mass,Saint Petersburg,card_purchase,card_pos,cafe,CoffeePoint,no_promo,797.22,0.0,0.0,9.57,completed,no
TX-501605,2026-05-17,2026-05,13,CUST-00620,mass,Moscow,card_purchase,card_pos,cafe,UrbanCafe,no_promo,844.46,0.0,0.0,10.13,completed,no
TX-501606,2026-05-18,2026-05,14,CUST-00602,mass,Yekaterinburg,card_purchase,online,groceries,DailyFood,no_promo,1153.0,0.0,0.0,9.22,completed,no
TX-501607,2026-05-18,2026-05,16,CUST-00405,mass,Moscow,card_purchase,card_pos,groceries,CityGrocery,EVERYDAY2,1075.66,0.0,21.51,-12.91,completed,no
TX-501608,2026-05-18,2026-05,18,CUST-00785,mass,Kazan,transfer,mobile_app,p2p,P2P Transfer,no_promo,23419.01,140.51,0.0,140.51,completed,no
TX-501609,2026-05-18,2026-05,3,CUST-00136,mass,Saint Petersburg,service_payment,mobile_app,utilities,UtilityPay,no_promo,4872.42,19.49,0.0,77.96,completed,no
TX-501610,2026-05-18,2026-05,13,CUST-00547,mass,Moscow,transfer,branch,p2p,P2P Transfer,no_promo,3763.69,22.58,0.0,22.58,completed,no
TX-501611,2026-05-18,2026-05,11,CUST-00372,mass,Saint Petersburg,card_purchase,mobile_app,online_services,StreamBox,no_promo,479.39,0.0,0.0,7.67,completed,no
TX-501612,2026-05-18,2026-05,12,CUST-00787,new,Saint Petersburg,card_purchase,card_pos,cafe,CoffeePoint,no_promo,506.86,0.0,0.0,6.08,completed,no
TX-501613,2026-05-18,2026-05,15,CUST-00377,mass,Saint Petersburg,card_purchase,card_pos,online_services,CloudPlus,no_promo,638.44,0.0,0.0,10.22,completed,no
TX-501614,2026-05-19,2026-05,17,CUST-00590,mass,Yekaterinburg,card_purchase,card_pos,groceries,DailyFood,EVERYDAY2,1116.68,0.0,22.33,-13.4,completed,yes
TX-501615,2026-05-19,2026-05,20,CUST-00168,premium,Moscow,card_purchase,card_pos,cafe,CoffeePoint,no_promo,807.82,0.0,12.12,-2.42,completed,no
TX-501616,2026-05-19,2026-05,20,CUST-00545,new,Yekaterinburg,card_purchase,online,cafe,CoffeePoint,WELCOME3,766.46,0.0,22.99,-13.8,completed,no
TX-501617,2026-05-19,2026-05,8,CUST-00175,new,Moscow,transfer,mobile_app,p2p,P2P Transfer,no_promo,26790.96,160.75,0.0,160.75,completed,no
TX-501618,2026-05-19,2026-05,5,CUST-00438,mass,Nizhny Novgorod,card_purchase,card_pos,cafe,UrbanCafe,no_promo,914.69,0.0,0.0,10.98,completed,no
TX-501619,2026-05-19,2026-05,21,CUST-00189,new,Moscow,card_purchase,online,groceries,CityGrocery,WELCOME3,1380.12,0.0,41.4,-30.36,completed,no
TX-501620,2026-05-19,2026-05,12,CUST-00651,mass,Kazan,cash_withdrawal,atm,atm,PartnerATM,no_promo,26937.12,404.06,0.0,404.06,completed,no
TX-501621,2026-05-19,2026-05,17,CUST-00180,mass,Yekaterinburg,service_payment,mobile_app,utilities,UtilityPay,no_promo,6987.24,27.95,0.0,111.8,completed,no
TX-501622,2026-05-19,2026-05,16,CUST-00668,new,Moscow,service_payment,mobile_app,utilities,MobileTopUp,no_promo,530.22,2.12,0.0,8.48,completed,no
TX-501623,2026-05-19,2026-05,10,CUST-00576,mass,Moscow,card_purchase,card_pos,cafe,CoffeePoint,no_promo,386.66,0.0,0.0,4.64,completed,no
TX-501624,2026-05-19,2026-05,16,CUST-00496,new,Nizhny Novgorod,cash_withdrawal,atm,atm,OwnATM,no_promo,7195.03,0,0.0,0.0,completed,no
TX-501625,2026-05-19,2026-05,17,CUST-00750,premium,Saint Petersburg,cash_withdrawal,atm,atm,PartnerATM,no_promo,36901.44,553.52,0.0,553.52,completed,no
TX-501626,2026-05-19,2026-05,17,CUST-00395,new,Moscow,card_purchase,online,cafe,UrbanCafe,no_promo,467.06,0.0,0.0,5.6,completed,no
TX-501627,2026-05-19,2026-05,12,CUST-00743,mass,Saint Petersburg,transfer,branch,p2p,P2P Transfer,no_promo,43172.97,259.04,0.0,259.04,completed,no
TX-501628,2026-05-20,2026-05,15,CUST-00664,new,Moscow,transfer,mobile_app,p2p,P2P Transfer,no_promo,24160.43,144.96,0.0,144.96,completed,no
TX-501629,2026-05-20,2026-05,19,CUST-00724,small_business,Yekaterinburg,service_payment,branch,utilities,UtilityPay,no_promo,12075.88,48.3,0.0,193.21,completed,no
TX-501630,2026-05-20,2026-05,17,CUST-00575,new,Moscow,card_purchase,online,groceries,CityGrocery,no_promo,1404.96,0.0,0.0,11.24,completed,no
TX-501631,2026-05-20,2026-05,17,CUST-00621,premium,Saint Petersburg,card_purchase,online,fuel,FastFuel,no_promo,6609.74,0.0,99.15,-46.27,completed,no
TX-501632,2026-05-20,2026-05,11,CUST-00739,mass,Moscow,transfer,mobile_app,p2p,P2P Transfer,no_promo,23264.04,139.58,0.0,139.58,completed,no
TX-501633,2026-05-20,2026-05,18,CUST-00432,new,Kazan,card_purchase,online,fuel,FastFuel,no_promo,2292.74,0.0,0.0,18.34,completed,no
TX-501634,2026-05-20,2026-05,9,CUST-00589,mass,Moscow,card_purchase,online,fuel,FastFuel,no_promo,2874.99,0.0,0.0,23.0,completed,no
TX-501635,2026-05-20,2026-05,16,CUST-00593,mass,Moscow,card_purchase,card_pos,groceries,DailyFood,no_promo,809.11,0.0,0.0,6.47,completed,no
TX-501636,2026-05-20,2026-05,3,CUST-00555,mass,Nizhny Novgorod,card_purchase,card_pos,groceries,DailyFood,no_promo,1291.16,0.0,0.0,10.33,completed,no
TX-501637,2026-05-21,2026-05,17,CUST-00488,mass,Moscow,card_purchase,card_pos,fuel,FastFuel,no_promo,5290.13,0.0,0.0,42.32,completed,no
TX-501638,2026-05-21,2026-05,3,CUST-00732,mass,Moscow,card_purchase,card_pos,groceries,DailyFood,no_promo,870.97,0.0,0.0,0.0,declined,no
TX-501639,2026-05-21,2026-05,8,CUST-00334,mass,Kazan,service_payment,mobile_app,utilities,MobileTopUp,no_promo,1019.9,4.08,0.0,16.32,completed,no
TX-501640,2026-05-21,2026-05,10,CUST-00643,small_business,Saint Petersburg,transfer,mobile_app,p2p,P2P Transfer,no_promo,40529.37,121.59,0.0,121.59,completed,no
TX-501641,2026-05-21,2026-05,9,CUST-00426,premium,Kazan,service_payment,mobile_app,utilities,UtilityPay,no_promo,7099.06,28.4,0.0,113.58,completed,no
TX-501642,2026-05-21,2026-05,14,CUST-00137,new,Nizhny Novgorod,service_payment,mobile_app,utilities,UtilityPay,no_promo,4125.73,16.5,0.0,66.01,completed,no
TX-501643,2026-05-21,2026-05,20,CUST-00380,premium,Moscow,transfer,mobile_app,p2p,P2P Transfer,no_promo,30870.79,92.61,0.0,92.61,completed,no
TX-501644,2026-05-21,2026-05,18,CUST-00278,mass,Kazan,card_purchase,online,electronics,ElectroMall,no_promo,17994.71,0.0,0.0,287.92,completed,no
TX-501645,2026-05-21,2026-05,7,CUST-00507,mass,Moscow,card_purchase,card_pos,groceries,CityGrocery,no_promo,1025.84,0.0,0.0,8.21,completed,no
TX-501646,2026-05-21,2026-05,18,CUST-00126,new,Moscow,transfer,mobile_app,p2p,P2P Transfer,no_promo,20445.17,122.67,0.0,122.67,completed,yes
TX-501647,2026-05-22,2026-05,14,CUST-00343,new,Saint Petersburg,card_purchase,card_pos,groceries,CityGrocery,no_promo,1822.06,0.0,0.0,14.58,completed,no
TX-501648,2026-05-22,2026-05,16,CUST-00155,small_business,Moscow,card_purchase,card_pos,cafe,CoffeePoint,no_promo,1376.19,0.0,0.0,16.51,completed,no
TX-501649,2026-05-22,2026-05,10,CUST-00077,new,Yekaterinburg,transfer,mobile_app,p2p,P2P Transfer,no_promo,32168.79,193.01,0.0,193.01,completed,no
TX-501650,2026-05-22,2026-05,8,CUST-00651,mass,Moscow,service_payment,mobile_app,utilities,UtilityPay,no_promo,4980.74,19.92,0.0,79.69,completed,yes
TX-501651,2026-05-22,2026-05,23,CUST-00613,mass,Saint Petersburg,card_purchase,card_pos,groceries,CityGrocery,no_promo,1289.26,0.0,0.0,10.31,completed,no
TX-501652,2026-05-22,2026-05,12,CUST-00766,premium,Moscow,transfer,mobile_app,p2p,P2P Transfer,no_promo,37881.11,113.64,0.0,113.64,completed,no
TX-501653,2026-05-22,2026-05,20,CUST-00409,new,Saint Petersburg,transfer,mobile_app,p2p,P2P Transfer,no_promo,7030.81,42.18,0.0,42.18,completed,no
TX-501654,2026-05-22,2026-05,4,CUST-00787,mass,Moscow,card_purchase,card_pos,online_services,CloudPlus,no_promo,496.26,0.0,0.0,7.94,completed,no
TX-501655,2026-05-22,2026-05,15,CUST-00599,mass,Moscow,card_purchase,online,online_services,GameMarket,no_promo,922.17,0.0,0.0,14.75,completed,no
TX-501656,2026-05-22,2026-05,10,CUST-00508,new,Moscow,card_purchase,mobile_app,cafe,UrbanCafe,no_promo,777.66,0.0,0.0,9.33,completed,no
TX-501657,2026-05-22,2026-05,19,CUST-00127,mass,Kazan,card_purchase,card_pos,groceries,CityGrocery,no_promo,1282.82,0.0,0.0,10.26,completed,no
TX-501658,2026-05-22,2026-05,17,CUST-00060,mass,Saint Petersburg,card_purchase,card_pos,fuel,FastFuel,no_promo,3274.02,0.0,0.0,26.19,completed,no
TX-501659,2026-05-22,2026-05,14,CUST-00026,mass,Nizhny Novgorod,card_purchase,card_pos,groceries,FreshMarket,no_promo,1168.91,0.0,0.0,9.35,completed,no
TX-501660,2026-05-22,2026-05,3,CUST-00212,new,Moscow,card_purchase,online,groceries,DailyFood,WELCOME3,677.8,0.0,20.33,-14.91,completed,no
TX-501661,2026-05-22,2026-05,4,CUST-00086,premium,Moscow,card_purchase,online,online_services,CloudPlus,no_promo,872.01,0.0,13.08,0.87,completed,no
TX-501662,2026-05-22,2026-05,16,CUST-00072,mass,Moscow,card_purchase,card_pos,travel,RailTrip,no_promo,6357.46,0.0,0.0,101.72,completed,no
TX-501663,2026-05-22,2026-05,8,CUST-00317,new,Kazan,transfer,mobile_app,p2p,P2P Transfer,no_promo,8940.06,0.0,0.0,0.0,declined,no
TX-501664,2026-05-22,2026-05,11,CUST-00741,small_business,Moscow,card_purchase,online,online_services,GameMarket,no_promo,4968.02,0.0,0.0,79.49,completed,no
TX-501665,2026-05-22,2026-05,12,CUST-00737,mass,Kazan,transfer,mobile_app,p2p,P2P Transfer,no_promo,42298.51,253.79,0.0,253.79,completed,no
TX-501666,2026-05-23,2026-05,4,CUST-00203,mass,Yekaterinburg,card_purchase,online,electronics,GadgetPro,no_promo,22201.65,0.0,0.0,355.23,completed,no
TX-501667,2026-05-23,2026-05,8,CUST-00558,mass,Moscow,cash_withdrawal,atm,atm,PartnerATM,no_promo,25821.08,387.32,0.0,387.32,completed,no
TX-501668,2026-05-23,2026-05,9,CUST-00382,mass,Moscow,transfer,mobile_app,p2p,P2P Transfer,no_promo,37232.49,223.39,0.0,223.39,completed,no
TX-501669,2026-05-23,2026-05,19,CUST-00701,new,Kazan,card_purchase,card_pos,fuel,FastFuel,no_promo,4615.65,0.0,0.0,36.93,completed,no
TX-501670,2026-05-23,2026-05,16,CUST-00033,small_business,Saint Petersburg,card_purchase,online,cafe,CoffeePoint,no_promo,1566.11,0.0,0.0,18.79,completed,no
TX-501671,2026-05-23,2026-05,11,CUST-00744,small_business,Nizhny Novgorod,cash_withdrawal,atm,atm,PartnerATM,no_promo,27210.54,408.16,0.0,408.16,completed,no
TX-501672,2026-05-23,2026-05,13,CUST-00763,premium,Nizhny Novgorod,service_payment,mobile_app,utilities,MobileTopUp,no_promo,1065.2,4.26,0.0,17.04,completed,no
TX-501673,2026-05-23,2026-05,10,CUST-00699,mass,Kazan,cash_withdrawal,atm,atm,PartnerATM,no_promo,18313.15,274.7,0.0,274.7,completed,no
TX-501674,2026-05-23,2026-05,15,CUST-00738,mass,Yekaterinburg,card_purchase,card_pos,cafe,CoffeePoint,no_promo,341.85,0.0,0.0,4.1,completed,no
TX-501675,2026-05-23,2026-05,7,CUST-00108,small_business,Yekaterinburg,cash_withdrawal,atm,atm,OwnATM,no_promo,41104.24,0,0.0,0.0,completed,no
TX-501676,2026-05-23,2026-05,12,CUST-00498,mass,Yekaterinburg,card_purchase,online,travel,FlyNow,no_promo,17313.61,0.0,0.0,277.02,completed,no
TX-501677,2026-05-24,2026-05,13,CUST-00571,new,Yekaterinburg,cash_withdrawal,atm,atm,PartnerATM,no_promo,9758.18,146.37,0.0,146.37,completed,no
TX-501678,2026-05-24,2026-05,23,CUST-00221,small_business,Saint Petersburg,service_payment,mobile_app,utilities,UtilityPay,no_promo,7766.1,31.06,0.0,124.26,completed,no
TX-501679,2026-05-24,2026-05,12,CUST-00057,mass,Moscow,card_purchase,card_pos,travel,HotelHub,no_promo,16086.71,0.0,0.0,257.39,completed,no
TX-501680,2026-05-24,2026-05,18,CUST-00169,mass,Saint Petersburg,card_purchase,online,cafe,UrbanCafe,no_promo,712.28,0.0,0.0,8.55,completed,no
TX-501681,2026-05-24,2026-05,15,CUST-00583,mass,Yekaterinburg,card_purchase,card_pos,online_services,CloudPlus,no_promo,813.61,0.0,0.0,13.02,completed,no
TX-501682,2026-05-24,2026-05,14,CUST-00353,new,Saint Petersburg,card_purchase,online,online_services,CloudPlus,no_promo,593.5,0.0,0.0,9.5,completed,no
TX-501683,2026-05-24,2026-05,1,CUST-00628,new,Saint Petersburg,card_purchase,online,groceries,FreshMarket,WELCOME3,1308.21,0.0,39.25,-28.78,completed,no
TX-501684,2026-05-24,2026-05,2,CUST-00524,new,Saint Petersburg,card_purchase,card_pos,groceries,DailyFood,no_promo,1140.5,0.0,0.0,9.12,completed,no
TX-501685,2026-05-24,2026-05,16,CUST-00218,new,Moscow,card_purchase,online,fuel,RoadOil,no_promo,2547.53,0.0,0.0,20.38,completed,no
TX-501686,2026-05-25,2026-05,20,CUST-00599,mass,Moscow,card_purchase,card_pos,electronics,GadgetPro,no_promo,15337.96,0.0,0.0,245.41,completed,no
TX-501687,2026-05-25,2026-05,15,CUST-00663,mass,Yekaterinburg,card_purchase,online,cafe,UrbanCafe,no_promo,1195.26,0.0,0.0,14.34,completed,no
TX-501688,2026-05-25,2026-05,6,CUST-00005,mass,Saint Petersburg,card_purchase,online,online_services,GameMarket,no_promo,1675.31,0.0,0.0,26.8,completed,no
TX-501689,2026-05-25,2026-05,20,CUST-00757,mass,Moscow,card_purchase,online,groceries,FreshMarket,no_promo,1040.37,0.0,0.0,8.32,completed,no
TX-501690,2026-05-25,2026-05,13,CUST-00521,new,Saint Petersburg,card_purchase,online,groceries,DailyFood,WELCOME3,932.98,0.0,27.99,-20.53,completed,no
TX-501691,2026-05-25,2026-05,3,CUST-00284,mass,Moscow,card_purchase,online,online_services,StreamBox,no_promo,446.24,0.0,0.0,7.14,completed,no
TX-501692,2026-05-25,2026-05,6,CUST-00430,mass,Nizhny Novgorod,card_purchase,online,fuel,RoadOil,EVERYDAY2,3517.16,0.0,70.34,-42.21,completed,no
TX-501693,2026-05-25,2026-05,16,CUST-00652,premium,Moscow,card_purchase,card_pos,groceries,CityGrocery,EVERYDAY2,2003.9,0.0,40.08,-24.05,completed,no
TX-501694,2026-05-25,2026-05,6,CUST-00088,mass,Saint Petersburg,card_purchase,online,online_services,GameMarket,no_promo,641.28,0.0,0.0,10.26,completed,no
TX-501695,2026-05-25,2026-05,8,CUST-00413,new,Kazan,card_purchase,online,fuel,FastFuel,WELCOME3,2396.64,0.0,71.9,-52.73,completed,no
TX-501696,2026-05-25,2026-05,10,CUST-00772,mass,Nizhny Novgorod,card_purchase,card_pos,fuel,FastFuel,no_promo,4391.27,0.0,0.0,35.13,completed,no
TX-501697,2026-05-25,2026-05,12,CUST-00568,mass,Saint Petersburg,card_purchase,online,travel,FlyNow,no_promo,17336.29,0.0,0.0,277.38,completed,no
TX-501698,2026-05-25,2026-05,0,CUST-00300,new,Moscow,card_purchase,card_pos,groceries,DailyFood,no_promo,1158.6,0.0,0.0,9.27,completed,no
TX-501699,2026-05-25,2026-05,13,CUST-00604,new,Nizhny Novgorod,card_purchase,online,online_services,StreamBox,WELCOME3,437.78,0.0,13.13,-6.13,completed,no
TX-501700,2026-05-25,2026-05,7,CUST-00493,mass,Yekaterinburg,card_purchase,online,online_services,GameMarket,no_promo,752.7,0.0,0.0,12.04,completed,no
TX-501701,2026-05-25,2026-05,15,CUST-00237,mass,Saint Petersburg,cash_withdrawal,atm,atm,PartnerATM,no_promo,5394.41,90,0.0,90.0,completed,no
TX-501702,2026-05-26,2026-05,14,CUST-00241,new,Saint Petersburg,card_purchase,card_pos,groceries,CityGrocery,no_promo,949.94,0.0,0.0,7.6,completed,no
TX-501703,2026-05-26,2026-05,8,CUST-00512,mass,Nizhny Novgorod,card_purchase,online,online_services,GameMarket,no_promo,690.9,0.0,0.0,11.05,completed,no
TX-501704,2026-05-26,2026-05,11,CUST-00020,mass,Moscow,card_purchase,online,groceries,DailyFood,no_promo,999.58,0.0,0.0,8.0,completed,no
TX-501705,2026-05-26,2026-05,3,CUST-00426,small_business,Moscow,card_purchase,online,electronics,TechStore,no_promo,57880.06,0.0,0.0,926.08,completed,no
TX-501706,2026-05-26,2026-05,13,CUST-00122,mass,Saint Petersburg,cash_withdrawal,atm,atm,PartnerATM,no_promo,12575.21,188.63,0.0,188.63,completed,no
TX-501707,2026-05-26,2026-05,15,CUST-00487,mass,Moscow,card_purchase,card_pos,groceries,CityGrocery,EVERYDAY2,1258.83,0.0,25.18,-15.11,completed,no
TX-501708,2026-05-26,2026-05,2,CUST-00574,mass,Kazan,cash_withdrawal,atm,atm,OwnATM,no_promo,15779.17,0,0.0,0.0,completed,no
TX-501709,2026-05-26,2026-05,12,CUST-00612,premium,Saint Petersburg,card_purchase,mobile_app,groceries,CityGrocery,EVERYDAY2,2161.56,0.0,43.23,-25.94,completed,no
TX-501710,2026-05-27,2026-05,19,CUST-00317,mass,Moscow,service_payment,mobile_app,utilities,UtilityPay,no_promo,4335.3,17.34,0.0,69.36,completed,no
TX-501711,2026-05-27,2026-05,14,CUST-00096,premium,Saint Petersburg,cash_withdrawal,atm,atm,PartnerATM,no_promo,59128.97,886.93,0.0,886.93,completed,no
TX-501712,2026-05-27,2026-05,19,CUST-00305,mass,Kazan,card_purchase,card_pos,online_services,GameMarket,no_promo,1164.36,0.0,0.0,18.63,completed,no
TX-501713,2026-05-27,2026-05,15,CUST-00241,mass,Moscow,card_purchase,online,travel,RailTrip,no_promo,7904.8,0.0,0.0,126.48,completed,no
TX-501714,2026-05-27,2026-05,15,CUST-00402,mass,Moscow,transfer,mobile_app,p2p,P2P Transfer,no_promo,20312.42,0.0,0.0,0.0,declined,no
TX-501715,2026-05-27,2026-05,11,CUST-00099,mass,Yekaterinburg,cash_withdrawal,atm,atm,OwnATM,no_promo,1418.45,0,0.0,0.0,completed,no
TX-501716,2026-05-27,2026-05,11,CUST-00343,mass,Kazan,card_purchase,mobile_app,electronics,GadgetPro,no_promo,9167.46,0.0,0.0,146.68,completed,no
TX-501717,2026-05-27,2026-05,12,CUST-00412,mass,Moscow,card_purchase,online,electronics,ElectroMall,no_promo,40696.19,0.0,0.0,651.14,completed,yes
TX-501718,2026-05-27,2026-05,3,CUST-00429,small_business,Moscow,card_purchase,card_pos,groceries,CityGrocery,no_promo,4675.51,0.0,0.0,37.4,completed,no
TX-501719,2026-05-27,2026-05,11,CUST-00193,premium,Moscow,card_purchase,online,online_services,StreamBox,no_promo,885.02,0.0,13.28,0.89,completed,no
TX-501720,2026-05-27,2026-05,18,CUST-00242,mass,Moscow,cash_withdrawal,atm,atm,OwnATM,no_promo,4344.9,0,0.0,0.0,reversed,no
TX-501721,2026-05-27,2026-05,20,CUST-00152,mass,Saint Petersburg,card_purchase,card_pos,groceries,FreshMarket,no_promo,1440.42,0.0,0.0,11.52,completed,no
TX-501722,2026-05-28,2026-05,17,CUST-00047,premium,Moscow,cash_withdrawal,atm,atm,PartnerATM,no_promo,8642.79,129.64,0.0,129.64,completed,no
TX-501723,2026-05-28,2026-05,1,CUST-00473,mass,Kazan,card_purchase,online,cafe,UrbanCafe,no_promo,964.5,0.0,0.0,11.57,completed,no
TX-501724,2026-05-28,2026-05,9,CUST-00583,new,Saint Petersburg,card_purchase,card_pos,fuel,RoadOil,no_promo,3591.42,0.0,0.0,28.73,completed,no
TX-501725,2026-05-28,2026-05,17,CUST-00236,mass,Kazan,service_payment,mobile_app,utilities,MobileTopUp,no_promo,992.53,3.97,0.0,15.88,completed,no
TX-501726,2026-05-28,2026-05,11,CUST-00023,new,Nizhny Novgorod,transfer,mobile_app,p2p,P2P Transfer,no_promo,11632.56,69.8,0.0,69.8,completed,no
TX-501727,2026-05-28,2026-05,14,CUST-00313,mass,Yekaterinburg,card_purchase,card_pos,cafe,CoffeePoint,no_promo,351.99,0.0,0.0,4.22,completed,no
TX-501728,2026-05-28,2026-05,16,CUST-00587,mass,Moscow,card_purchase,card_pos,travel,FlyNow,no_promo,25040.06,0.0,0.0,400.64,completed,no
TX-501729,2026-05-28,2026-05,17,CUST-00669,mass,Kazan,card_purchase,online,groceries,CityGrocery,EVERYDAY2,1483.37,0.0,29.67,-17.8,completed,no
TX-501730,2026-05-28,2026-05,15,CUST-00428,mass,Saint Petersburg,transfer,mobile_app,p2p,P2P Transfer,no_promo,16537.4,99.22,0.0,99.22,completed,no
TX-501731,2026-05-28,2026-05,11,CUST-00589,mass,Nizhny Novgorod,service_payment,mobile_app,utilities,UtilityPay,no_promo,6365.75,25.46,0.0,101.85,completed,no
TX-501732,2026-05-28,2026-05,12,CUST-00388,mass,Moscow,card_purchase,card_pos,groceries,CityGrocery,no_promo,915.55,0.0,0.0,7.32,completed,no
TX-501733,2026-05-29,2026-05,6,CUST-00298,new,Moscow,card_purchase,online,groceries,FreshMarket,no_promo,752.36,0.0,0.0,6.02,completed,no
TX-501734,2026-05-29,2026-05,23,CUST-00060,mass,Saint Petersburg,card_purchase,online,cafe,CoffeePoint,no_promo,372.85,0.0,0.0,4.47,completed,no
TX-501735,2026-05-29,2026-05,16,CUST-00014,mass,Saint Petersburg,cash_withdrawal,atm,atm,PartnerATM,no_promo,8529.5,127.94,0.0,127.94,completed,no
TX-501736,2026-05-29,2026-05,12,CUST-00185,mass,Yekaterinburg,card_purchase,online,electronics,GadgetPro,no_promo,49531.63,0.0,0.0,792.51,completed,no
TX-501737,2026-05-29,2026-05,20,CUST-00349,new,Moscow,card_purchase,online,groceries,DailyFood,no_promo,977.09,0.0,0.0,7.82,completed,no
TX-501738,2026-05-29,2026-05,7,CUST-00696,small_business,Yekaterinburg,card_purchase,card_pos,cafe,CoffeePoint,no_promo,643.12,0.0,0.0,7.72,completed,no
TX-501739,2026-05-29,2026-05,8,CUST-00418,small_business,Moscow,cash_withdrawal,atm,atm,OwnATM,no_promo,33535.39,0,0.0,0.0,completed,no
TX-501740,2026-05-29,2026-05,18,CUST-00286,mass,Moscow,card_purchase,online,groceries,FreshMarket,EVERYDAY2,1485.62,0.0,29.71,-17.83,completed,no
TX-501741,2026-05-29,2026-05,12,CUST-00432,small_business,Kazan,card_purchase,card_pos,online_services,CloudPlus,no_promo,598.4,0.0,0.0,9.57,completed,no
TX-501742,2026-05-29,2026-05,19,CUST-00315,mass,Kazan,card_purchase,online,electronics,GadgetPro,no_promo,20737.37,0.0,0.0,331.8,completed,no
TX-501743,2026-05-29,2026-05,19,CUST-00747,small_business,Kazan,service_payment,mobile_app,utilities,UtilityPay,no_promo,14975.24,59.9,0.0,239.6,completed,no
TX-501744,2026-05-29,2026-05,22,CUST-00674,mass,Nizhny Novgorod,card_purchase,card_pos,fuel,RoadOil,EVERYDAY2,3221.22,0.0,64.42,-38.65,completed,no
TX-501745,2026-05-29,2026-05,9,CUST-00339,mass,Nizhny Novgorod,transfer,branch,p2p,P2P Transfer,no_promo,34625.67,207.75,0.0,207.75,completed,no
TX-501746,2026-05-29,2026-05,22,CUST-00299,new,Saint Petersburg,card_purchase,card_pos,groceries,FreshMarket,no_promo,1147.09,0.0,0.0,9.18,completed,no
TX-501747,2026-05-29,2026-05,9,CUST-00713,premium,Moscow,service_payment,mobile_app,utilities,MobileTopUp,no_promo,1687.64,6.75,0.0,27.0,completed,no
TX-501748,2026-05-29,2026-05,22,CUST-00747,mass,Moscow,card_purchase,card_pos,groceries,FreshMarket,no_promo,1982.11,0.0,0.0,15.86,completed,no
TX-501749,2026-05-30,2026-05,8,CUST-00304,mass,Yekaterinburg,transfer,mobile_app,p2p,P2P Transfer,no_promo,19860.67,119.16,0.0,119.16,completed,no
TX-501750,2026-05-30,2026-05,9,CUST-00728,mass,Saint Petersburg,card_purchase,card_pos,cafe,UrbanCafe,no_promo,1001.28,0.0,0.0,12.02,completed,no
TX-501751,2026-05-30,2026-05,13,CUST-00626,new,Nizhny Novgorod,card_purchase,card_pos,cafe,UrbanCafe,no_promo,531.24,0.0,0.0,6.37,completed,no
TX-501752,2026-05-30,2026-05,15,CUST-00379,mass,Yekaterinburg,service_payment,mobile_app,utilities,MobileTopUp,no_promo,311.34,1.25,0.0,4.98,completed,yes
TX-501753,2026-05-30,2026-05,7,CUST-00672,mass,Saint Petersburg,card_purchase,card_pos,groceries,CityGrocery,no_promo,1480.75,0.0,0.0,11.85,completed,no
TX-501754,2026-05-30,2026-05,4,CUST-00614,premium,Saint Petersburg,card_purchase,card_pos,online_services,StreamBox,no_promo,682.79,0.0,10.24,0.68,completed,no
TX-501755,2026-05-30,2026-05,10,CUST-00064,premium,Saint Petersburg,card_purchase,online,groceries,DailyFood,EVERYDAY2,2814.3,0.0,56.29,-33.77,completed,no
TX-501756,2026-05-30,2026-05,20,CUST-00649,new,Saint Petersburg,card_purchase,mobile_app,online_services,CloudPlus,no_promo,389.65,0.0,0.0,6.23,completed,no
TX-501757,2026-05-30,2026-05,13,CUST-00351,mass,Kazan,card_purchase,online,groceries,CityGrocery,no_promo,1252.01,0.0,0.0,10.02,completed,no
TX-501758,2026-05-30,2026-05,13,CUST-00779,mass,Moscow,service_payment,branch,utilities,MobileTopUp,no_promo,444.37,1.78,0.0,7.11,completed,no
TX-501759,2026-05-30,2026-05,22,CUST-00614,premium,Moscow,card_purchase,card_pos,cafe,CoffeePoint,no_promo,450.29,0.0,6.75,-1.35,completed,no
TX-501760,2026-05-30,2026-05,7,CUST-00007,mass,Saint Petersburg,card_purchase,card_pos,groceries,CityGrocery,EVERYDAY2,938.89,0.0,18.78,-11.27,completed,no
TX-501761,2026-05-30,2026-05,17,CUST-00127,new,Yekaterinburg,card_purchase,online,online_services,StreamBox,no_promo,396.47,0.0,0.0,6.34,completed,no
TX-501762,2026-05-31,2026-05,21,CUST-00304,mass,Nizhny Novgorod,cash_withdrawal,atm,atm,OwnATM,no_promo,6681.03,0,0.0,0.0,completed,no
TX-501763,2026-05-31,2026-05,20,CUST-00321,mass,Kazan,service_payment,mobile_app,utilities,UtilityPay,no_promo,3969.19,15.88,0.0,63.51,completed,no
TX-501764,2026-05-31,2026-05,10,CUST-00376,mass,Saint Petersburg,card_purchase,card_pos,cafe,CoffeePoint,no_promo,770.88,0.0,0.0,9.25,completed,no
TX-501765,2026-05-31,2026-05,7,CUST-00106,mass,Nizhny Novgorod,card_purchase,card_pos,groceries,CityGrocery,no_promo,1061.1,0.0,0.0,8.49,completed,no
TX-501766,2026-05-31,2026-05,20,CUST-00492,mass,Moscow,card_purchase,card_pos,groceries,CityGrocery,no_promo,1119.59,0.0,0.0,8.96,completed,no
TX-501767,2026-05-31,2026-05,7,CUST-00190,small_business,Saint Petersburg,cash_withdrawal,atm,atm,PartnerATM,no_promo,42810.13,642.15,0.0,642.15,completed,no
TX-501768,2026-05-31,2026-05,14,CUST-00363,new,Moscow,cash_withdrawal,atm,atm,OwnATM,no_promo,1446.13,0,0.0,0.0,completed,no
TX-501769,2026-05-31,2026-05,22,CUST-00371,new,Moscow,card_purchase,online,cafe,UrbanCafe,no_promo,514.61,0.0,0.0,6.18,completed,no
TX-501770,2026-05-31,2026-05,18,CUST-00344,mass,Kazan,card_purchase,online,electronics,GadgetPro,no_promo,36220.31,0.0,0.0,579.52,completed,no
TX-501771,2026-05-31,2026-05,14,CUST-00080,mass,Moscow,card_purchase,online,online_services,StreamBox,no_promo,317.85,0.0,0.0,5.09,completed,no
TX-501772,2026-05-31,2026-05,16,CUST-00281,small_business,Saint Petersburg,card_purchase,card_pos,travel,RailTrip,no_promo,9184.95,0.0,0.0,146.96,completed,no
